Eesnimi;Perenimi;Sünniaeg;Sugu;Isikukood;Asukoht
Gloria;Solovjov;01.09.2008;N;60809018198;Tartu, Tartumaa
Reigo;Kaljurand;24.04.2001;M;50104240774;Lohusuu, Ida-Virumaa
Raul;Kirs;04.01.2000;M;50001043925;Kohila, Raplamaa
Sophia;Kont;30.07.1990;N;49007309676;Hulja, Lääne-Virumaa
Mailiis;Saks;09.08.1963;N;46308092988;Viimsi, Harjumaa
Alar;Õunapuu;25.12.1971;M;37112252882;Sindi, Pärnumaa
Keiti;Liblik;18.04.1968;N;46804183171;Tõravere, Tartumaa
Karl Martin;Kont;03.04.1989;M;38904036173;Keila, Harjumaa
Jaana;Tamm;12.11.1998;N;49811128702;Järva-Jaani, Järvamaa
Lembit;Käär;19.11.1977;M;37711192648;Loo, Harjumaa
Anthony;Komarov;01.01.2005;M;50501015357;Kolga-Jaani, Viljandimaa
Diana;Hoffmann;10.01.1989;N;48901105239;Sonda, Ida-Virumaa
Karl-Eerik;Lepp;20.07.1981;M;38107206478;Kose-Uuemõisa, Harjumaa
Paul;Siim;22.05.1987;M;38705220972;Laagri, Harjumaa
Laura;Sillaots;19.01.2005;N;60501194324;Märjamaa, Raplamaa
Mailis;Post;30.01.2008;N;60801303678;Jõgeva, Jõgevamaa
Anastasiya;Kadak;20.10.1993;N;49310209674;Mustvee, Jõgevamaa
Emma;Sild;01.09.2008;N;60809010879;Aegviidu, Harjumaa
Meeri;Novikov;12.10.1981;N;48110124068;Kohila, Raplamaa
Riko;Kolesnik;15.05.1979;M;37905150749;Vana-Antsla, Võrumaa
Deivid;Kiis;29.04.1977;M;37704295018;Kohtla-Järve, Ida-Virumaa
Veroonika;Teearu;02.07.2004;N;60407020755;Äksi, Tartumaa
Taniel;Rosin;13.12.1965;M;36512139948;Juuru, Raplamaa
Gerdo;Vaht;05.03.2005;M;50503056634;Tihemetsa, Pärnumaa
Dario;Hunt;02.03.2008;M;50803021972;Simuna, Lääne-Virumaa
Eva Maria;Malõšev;19.01.2007;N;60701193297;Paralepa, Läänemaa
Ketrin;Uustalu;20.12.1986;N;48612206959;Roosna-Alliku, Järvamaa
Vladimir;Frolov;17.12.1994;M;39412179682;Keava, Raplamaa
Christopher;Veski;02.09.1961;M;36109020005;Kiiu, Harjumaa
Kaupo;Kangur;13.10.2008;M;50810139542;Vändra, Pärnumaa
Reti;Kalmus;27.01.1978;N;47801271213;Lähte, Tartumaa
Epp;Hallik;01.03.1963;N;46303012621;Sonda, Ida-Virumaa
Ronald;Piirsalu;15.03.1987;M;38703156838;Laatre, Valgamaa
Aveli;Mark;08.11.2006;N;60611084316;Lepna, Lääne-Virumaa
Liliana;Lotman;29.06.1997;N;49706290616;Roela, Lääne-Virumaa
Hendrik;Liiv;28.11.1983;M;38311288889;Kohila, Raplamaa
Antti;Raadik;17.03.1979;M;37903175673;Nasva, Saaremaa
Marion;Fedorov;26.09.1979;N;47909266125;Sadala, Jõgevamaa
Kristopher;Sutt;13.03.1985;M;38503130599;Avinurme, Ida-Virumaa
Kalvi;Kaljula;04.05.1987;M;38705048520;Hageri, Raplamaa
Kaia;Klaas;16.11.1999;N;49911167051;Ramsi, Viljandimaa
Lukas;Dmitriev;31.10.1982;M;38210311864;Häädemeeste, Pärnumaa
Meeli;Nurk;04.08.1964;N;46408041999;Puhja, Tartumaa
Ljudmila;Kurvits;19.11.2001;N;60111190546;Erra, Ida-Virumaa
Gertrud;Jõgi;30.11.1981;N;48111307014;Särevere, Järvamaa
Kati;Leht;08.09.1966;N;46609086929;Sõmeru, Lääne-Virumaa
Jennifer;Viks;07.11.1960;N;46011079096;Tudulinna, Ida-Virumaa
Juliana;Markus;10.03.1974;N;47403105383;Varstu, Võrumaa
Thomas;Markus;03.07.1977;M;37707034949;Salme, Saaremaa
Rico;Remmel;26.06.2005;M;50506265078;Viiratsi, Viljandimaa
Peep;Grigorieva;29.09.1966;M;36609297781;Võiste, Pärnumaa
Karoli;Arula;16.03.1993;N;49303165994;Kiisa, Harjumaa
Thomas;Jaanson;07.01.1966;M;36601074842;Tallinn, Harjumaa
Kennet;Kink;04.09.2008;M;50809045332;Helme, Valgamaa
Valdur;Kant;14.07.2007;M;50707144573;Mehikoorma, Tartumaa
Cathy;Kiik;01.07.1965;N;46507015573;Palivere, Läänemaa
Monika;Kaljuste;10.01.1999;N;49901107951;Palamuse, Jõgevamaa
Aile;Kaasik;01.08.1987;N;48708015114;Varnja, Tartumaa
Roman;Gontšarov;22.06.1990;M;39006229061;Varnja, Tartumaa
Daria;Jaanson;04.03.1984;N;48403040391;Äksi, Tartumaa
Voldemar;Kostin;04.06.1979;M;37906047756;Kudjape, Saaremaa
Kärolin;Tamme;25.05.1990;N;49005254808;Värska, Põlvamaa
Argo;Kink;20.07.1995;M;39507207914;Põlva, Põlvamaa
Elvis;Kirs;05.09.1976;M;37609050597;Vinni, Lääne-Virumaa
Helina;Afanasjev;12.04.1976;N;47604122438;Kuusiku, Raplamaa
Gustav;Kangur;29.11.1993;M;39311297644;Võsu, Lääne-Virumaa
Nele-Liis;Liiva;30.11.1980;N;48011304737;Sangaste, Valgamaa
Jarko;Danilov;12.08.1983;M;38308129291;Valga, Valgamaa
Karl Johan;Loginov;03.02.1965;M;36502030435;Kanepi, Põlvamaa
Joel;Rumjantsev;26.10.2000;M;50010267122;Virtsu, Läänemaa
Kaarel;Saul;13.09.1989;M;38909134041;Viiratsi, Viljandimaa
Boriss;Allik;25.02.1986;M;38602259818;Aruküla, Harjumaa
Koit;Kuusik;01.12.1983;M;38312014998;Virtsu, Läänemaa
Renata;Prikk;11.04.1983;N;48304112851;Viimsi, Harjumaa
Margus;Leis;14.12.1980;M;38012141605;Kärla, Saaremaa
Alondra;Zaitsev;30.12.1985;N;48512309612;Loo, Harjumaa
Kelvin;Loorits;04.12.1990;M;39012049995;Kiili, Harjumaa
Gea;Silm;11.04.1969;N;46904116281;Keila-Joa, Harjumaa
Koit;Lokk;20.09.1990;M;39009208785;Rapla, Raplamaa
Annaliisa;Hunt;01.02.1969;N;46902015679;Avinurme, Ida-Virumaa
Liisa-Maria;Rosin;05.01.1992;N;49201057278;Antsla, Võrumaa
Heleri;Herodes;13.06.1978;N;47806130433;Lähte, Tartumaa
Leana;Toome;21.09.1964;N;46409219835;Laagri, Harjumaa
Karl Marten;Fedotov;02.12.1973;M;37312029472;Kangru, Harjumaa
Melany;Sarv;27.08.1999;N;49908271044;Kambja, Tartumaa
Ksenia;Kaljula;12.04.1960;N;46004125852;Võru, Võrumaa
Taavet;Kurvits;15.03.1961;M;36103153925;Tõravere, Tartumaa
Kärolin;Kisseljov;22.08.1990;N;49008228222;Luunja, Tartumaa
Eerika;Marksoo;22.09.1970;N;47009224780;Pajusti, Lääne-Virumaa
Matti;Rosin;02.03.1992;M;39203026774;Tootsi, Pärnumaa
Raiko;Lumiste;09.02.1967;M;36702093111;Laatre, Valgamaa
Alika;Korol;07.01.1970;N;47001076902;Tartu, Tartumaa
Rünno;Ojaste;27.08.1978;M;37808276210;Häädemeeste, Pärnumaa
Ketrin;Liivak;13.10.1991;N;49110135598;Laatre, Valgamaa
Sulev;Lokk;19.07.1963;M;36307194025;Roela, Lääne-Virumaa
Hannah;Frolov;26.06.1975;N;47506268321;Puurmani, Jõgevamaa
Katri;Aasmäe;19.03.2002;N;60203193118;Salme, Saaremaa
Raimo;Sander;22.12.2006;M;50612221890;Alu, Raplamaa
Keijo;Männik;17.06.1972;M;37206177596;Kamari, Jõgevamaa
Jonas;Hunt;31.10.1984;M;38410317392;Laatre, Valgamaa
Riho;Green;09.08.1973;M;37308093309;Võsu, Lääne-Virumaa
Raul;Säde;28.08.2002;M;50208280480;Kuressaare, Saaremaa
Meril;Lääne;04.07.1995;N;49507049251;Veriora, Põlvamaa
Mikael;Lebedev;16.04.2006;M;50604168297;Järvakandi, Raplamaa
Aap;Abel;07.10.1961;M;36110072155;Alu, Raplamaa
Keven;Mänd;09.11.1990;M;39011091268;Simuna, Lääne-Virumaa
Karoliina;Korol;28.03.1981;N;48103283717;Roosna-Alliku, Järvamaa
Katarina;Järve;13.05.1977;N;47705130453;Tamsalu, Lääne-Virumaa
Loore;Hunt;26.07.2007;N;60707266852;Ämari, Harjumaa
Pille-Riin;Panov;05.07.1983;N;48307057918;Karksi-Nuia, Viljandimaa
Lisete;Heinsalu;06.10.1993;N;49310067874;Alu, Raplamaa
Kairo;Lotman;08.02.2003;M;50302086238;Laatre, Valgamaa
Kristiina;Põdra;14.04.2002;N;60204140733;Mooste, Põlvamaa
Isabel;Nikitin;09.08.2006;N;60608093930;Sinimäe, Ida-Virumaa
Janelle;Kapp;30.12.1960;N;46012306011;Lehtse, Lääne-Virumaa
Jasper;Sarv;19.01.1977;M;37701193737;Võnnu, Tartumaa
Sille;Kattai;03.05.1982;N;48205037565;Tabivere, Jõgevamaa
Kai;Püvi;14.06.2007;N;60706149697;Jüri, Harjumaa
Getter;Jürgens;11.09.1968;N;46809113299;Rõngu, Tartumaa
Evelyn;Kiik;03.02.1967;N;46702030183;Türi, Järvamaa
Karl-Gustav;Soon;24.09.1981;M;38109240223;Keava, Raplamaa
Kerly;Lehiste;10.05.1998;N;49805107334;Narva, Ida-Virumaa
Matti;Rohtla;22.05.1970;M;37005223913;Kehtna, Raplamaa
Nicole;Luik;16.04.1987;N;48704164904;Juuru, Raplamaa
Rünno;Kull;24.04.1961;M;36104245654;Saku, Harjumaa
Gendra;Kaljuste;24.07.1960;N;46007244714;Olustvere, Viljandimaa
Heidy;Sarv;31.01.2005;N;60501316317;Parksepa, Võrumaa
Trevor;Leis;24.06.1979;M;37906249831;Kambja, Tartumaa
Karl Johannes;Ploom;29.03.1993;M;39303293514;Simuna, Lääne-Virumaa
Maiu;Poljakov;30.01.1999;N;49901305950;Roela, Lääne-Virumaa
Cevin;Põldma;09.12.1970;M;37012095785;Viru-Jaagupi, Lääne-Virumaa
Aet;Gross;21.07.1979;N;47907212908;Sauga, Pärnumaa
Artyom;Laks;07.01.1973;M;37301072257;Viljandi, Viljandimaa
Aleksandra;Pruul;06.10.1960;N;46010069872;Äksi, Tartumaa
Xenia;Vill;11.12.1995;N;49512115620;Hulja, Lääne-Virumaa
Viljar;Lang;01.03.2000;M;50003012708;Rakke, Lääne-Virumaa
Sten-Markus;Suvorov;17.09.2001;M;50109172790;Vastse-Kuuste, Põlvamaa
Gerttu;Raid;24.03.1994;N;49403246637;Kunda, Lääne-Virumaa
Jegor;Tammik;20.08.1979;M;37908205537;Sonda, Ida-Virumaa
Viktorija;Teearu;02.06.1961;N;46106028943;Risti, Läänemaa
Martha;Silm;20.11.1987;N;48711202442;Lihula, Läänemaa
Jaanek;Valge;15.05.2006;M;50605151621;Harku, Harjumaa
Lidia;Maripuu;25.08.1982;N;48208252087;Puka, Valgamaa
Jargo;Kask;15.04.2003;M;50304159383;Vana-Antsla, Võrumaa
Sigrit;Klein;05.07.1996;N;49607051377;Roosna-Alliku, Järvamaa
Mari-Ann;Põld;30.07.1969;N;46907303739;Toila, Ida-Virumaa
Raina;Susi;11.04.2003;N;60304119273;Kohtla-Nõmme, Ida-Virumaa
Ronald;Raag;29.01.1978;M;37801297137;Juuru, Raplamaa
Adrian;Kikkas;25.07.1998;M;39807254331;Tudu, Lääne-Virumaa
Kairit;Lõhmus;21.03.1992;N;49203216800;Saku, Harjumaa
Jaanus;Kotkas;21.12.1967;M;36712218944;Viljandi, Viljandimaa
Elizabeth;Kruglov;07.11.1981;N;48111070744;Koeru, Järvamaa
Yana;Post;02.04.1971;N;47104028313;Tsirguliina, Valgamaa
Laur;Alekseev;07.04.1964;M;36404073934;Põlva, Põlvamaa
Hendrik;Koort;23.01.1963;M;36301235856;Mehikoorma, Tartumaa
Eike;Lukk;02.07.1987;N;48707022473;Olustvere, Viljandimaa
Terje;Kirsipuu;01.07.1982;N;48207019748;Luunja, Tartumaa
Tenno;Sild;04.10.1970;M;37010048102;Hulja, Lääne-Virumaa
Sirli;Raag;27.05.1984;N;48405279588;Keila-Joa, Harjumaa
Uljana;Puusepp;03.10.1992;N;49210033388;Hagudi, Raplamaa
Heigo;Klavan;25.05.1992;M;39205259013;Põltsamaa, Jõgevamaa
Ellen;Gromov;06.07.1984;N;48407065002;Virtsu, Läänemaa
Mariell;Kont;22.08.1966;N;46608227504;Ravila, Harjumaa
Jevgenia;Pärn;13.02.1997;N;49702130065;Narva, Ida-Virumaa
Ekaterina;Kaljurand;30.08.1983;N;48308304562;Laiuse, Jõgevamaa
Klim;Tuulik;24.03.1973;M;37303243022;Prillimäe, Raplamaa
Mehis;Mänd;26.04.2004;M;50404262936;Tallinn, Harjumaa
Birgit;Sokk;09.05.2002;N;60205094652;Vana-Antsla, Võrumaa
Harri;Tarassov;16.04.1991;M;39104168518;Aste, Saaremaa
Martha;Soon;04.03.1964;N;46403048385;Laagri, Harjumaa
Andro;Maack;27.11.1990;M;39011278380;Viiratsi, Viljandimaa
Kenert;Naumov;03.09.1987;M;38709038273;Vana-Antsla, Võrumaa
Elizaveta;Suur;10.11.1967;N;46711106378;Veriora, Põlvamaa
Cassandra;Tarassov;02.06.1968;N;46806022556;Sangaste, Valgamaa
Ronaldo;Lill;01.04.1981;M;38104013597;Haapsalu, Läänemaa
Meriliis;Gavrilov;21.01.1977;N;47701214174;Õisu, Viljandimaa
Kai;Teras;03.03.1969;N;46903034806;Eidapere, Raplamaa
Harri;Fomin;26.12.1985;M;38512262626;Mäetaguse, Ida-Virumaa
Ester;Põld;17.09.1992;N;49209178252;Sääse, Lääne-Virumaa
Reigo;Kallas;24.10.1999;M;39910243385;Ulila, Tartumaa
Ilja;Koppel;26.10.2000;M;50010269574;Jõhvi, Ida-Virumaa
Joosep;Kissa;30.01.1993;M;39301304226;Tudu, Lääne-Virumaa
David;Soo;11.03.1983;M;38303112462;Võsu, Lääne-Virumaa
Toomas;Kriisa;22.05.1966;M;36605229720;Kasepää, Tartumaa
Reet;Konstantinov;17.05.1991;N;49105176707;Sadala, Jõgevamaa
David;Teras;06.03.2004;M;50403065363;Kaiu, Raplamaa
Anastasiya;Männik;12.01.2000;N;60001127200;Käravete, Järvamaa
Auli;Kotov;18.01.1967;N;46701182176;Viru-Nigula, Lääne-Virumaa
Amina;Arrak;08.12.1993;N;49312088134;Otepää, Valgamaa
Karoline;Truu;08.05.1991;N;49105087520;Kambja, Tartumaa
Karl Kristjan;Stepanov;28.11.1974;M;37411283704;Ilmatsalu, Tartumaa
Vjatšeslav;Lauri;29.01.1985;M;38501292972;Lepna, Lääne-Virumaa
Madis;Kokk;23.07.1968;M;36807238189;Tapa, Lääne-Virumaa
Ingrit;Treial;14.02.1967;N;46702144146;Loksa, Harjumaa
Inge;Käär;10.08.1982;N;48208100320;Kose, Harjumaa
Jelizaveta;Männiste;14.09.1988;N;48809142856;Tabivere, Jõgevamaa
Renate;Suits;25.10.1977;N;47710252566;Ahja, Põlvamaa
Andi;Fomin;15.05.2000;M;50005150789;Kuremaa, Jõgevamaa
Anna;Bell;17.07.1971;N;47107174990;Voka, Ida-Virumaa
Karoliine;Koit;15.04.1994;N;49404151316;Taebla, Läänemaa
Minna;Soosalu;07.11.1977;N;47711074572;Viru-Jaagupi, Lääne-Virumaa
Enely;Kolberg;11.04.1963;N;46304112947;Taebla, Läänemaa
Simone;Viks;13.09.1975;N;47509134269;Iisaku, Ida-Virumaa
Ralf;Sarapuu;21.10.1991;M;39110210255;Näpi, Lääne-Virumaa
Eva;Lass;02.11.1997;N;49711026633;Viimsi, Harjumaa
Nikita;Aun;10.03.1972;M;37203104234;Äksi, Tartumaa
Liisbet;Solovjov;20.07.1966;N;46607201084;Kiviõli, Ida-Virumaa
Hardi;Anton;03.05.1972;M;37205036334;Jõhvi, Ida-Virumaa
Raivo;Männiste;28.05.1968;M;36805289785;Iisaku, Ida-Virumaa
Elisabeth;Mikk;01.04.1996;N;49604015787;Aruküla, Harjumaa
Evgeniya;Mann;02.08.1986;N;48608024089;Luige, Harjumaa
Helina;Vlassov;04.10.1969;N;46910047118;Rakke, Lääne-Virumaa
Alari;Koppel;09.12.2001;M;50112099489;Õisu, Viljandimaa
Kadri;Lebedev;08.04.1969;N;46904088355;Viiratsi, Viljandimaa
Karin;Baskin;19.02.1982;N;48202192051;Märjamaa, Raplamaa
Ele;Laane;13.09.2006;N;60609135937;Kasepää, Tartumaa
Cristina;Mitt;29.11.1963;N;46311297279;Hummuli, Valgamaa
Stenver;Sokolov;31.12.1965;M;36512311031;Kuressaare, Saaremaa
Gleb;Põld;08.09.1980;M;38009086984;Äksi, Tartumaa
Annabel;Pikk;10.06.1990;N;49006104952;Kiltsi, Lääne-Virumaa
Artemi;Sobolev;06.07.2002;M;50207067164;Õisu, Viljandimaa
Alina;Kiil;08.04.1979;N;47904085931;Põlva, Põlvamaa
Marje;Järvesaar;27.08.1994;N;49408272872;Vana-Antsla, Võrumaa
Anfissa;Roosileht;23.03.1981;N;48103232672;Kihelkonna, Saaremaa
Triin;Nikolaev;21.06.1973;N;47306219735;Vasalemma, Harjumaa
Marek;Toom;03.08.1980;M;38008035024;Tootsi, Pärnumaa
Ene;Paas;18.07.2001;N;60107182025;Tammiku, Ida-Virumaa
Liisa-Maria;Arula;17.01.2007;N;60701176267;Kolga-Jaani, Viljandimaa
Kärolin;Novikov;06.11.1978;N;47811066274;Saku, Harjumaa
Raino;Kivimäe;04.01.1960;M;36001046011;Salme, Saaremaa
Annaliis;Kilk;20.07.1996;N;49607201094;Kilingi-Nõmme, Pärnumaa
Rait;Sikk;30.10.1964;M;36410304738;Uuemõisa, Läänemaa
Simon;Väli;24.07.1985;M;38507248339;Laagri, Harjumaa
Jüri;Powell;25.10.1984;M;38410253912;Jõgeva, Jõgevamaa
Anne-Mari;Jõe;04.04.1971;N;47104045723;Rakvere, Lääne-Virumaa
Viktoriya;Lepik;14.09.1968;N;46809140042;Virtsu, Läänemaa
Maiken;Kivimäe;09.02.1981;N;48102096153;Kallaste, Tartumaa
Marily;Härm;08.05.2008;N;60805087070;Tallinn, Harjumaa
Valeriya;Kuzmin;25.06.1964;N;46406256768;Kamari, Jõgevamaa
Reio;Kuuse;27.11.1969;M;36911278312;Salme, Saaremaa
Reivo;Kadak;02.09.1984;M;38409029727;Sinimäe, Ida-Virumaa
Aleks;Hanson;27.03.1985;M;38503271957;Lüganuse, Ida-Virumaa
Aile;Jaanson;15.02.1972;N;47202153165;Järvakandi, Raplamaa
Eliise;Valge;30.06.1996;N;49606300371;Tudulinna, Ida-Virumaa
Bruno;Pikk;29.07.1985;M;38507298224;Rõuge, Võrumaa
Aare;Must;26.07.1982;M;38207269903;Ämari, Harjumaa
Marco;Suvorov;23.04.2000;M;50004232147;Uuemõisa, Läänemaa
Andrey;Kivimäe;07.04.1969;M;36904072567;Audru, Pärnumaa
Kaili;Paas;04.04.1994;N;49404040018;Vana-Antsla, Võrumaa
Cristopher;Tomson;03.12.1999;M;39912031945;Aseri, Ida-Virumaa
Kätriin;Egorov;29.08.1960;N;46008298103;Püssi, Ida-Virumaa
Juhan;Jakobson;17.08.1992;M;39208177405;Assaku, Harjumaa
Laura-Liisa;Uibo;26.07.1986;N;48607265383;Mooste, Põlvamaa
Anfissa;Kase;03.07.1986;N;48607036737;Lavassaare, Pärnumaa
Carolyn;Lass;22.10.2003;N;60310227856;Tartu, Tartumaa
Roland;Treier;01.07.1970;M;37007018657;Kiisa, Harjumaa
Kenet;Ader;04.01.1994;M;39401048836;Kose, Harjumaa
Patrik;Adamson;06.04.1966;M;36604061070;Kamari, Jõgevamaa
Arabella;Jürgens;07.07.2002;N;60207070387;Käärdi, Tartumaa
Alexey;Kriisa;30.11.1988;M;38811308645;Rakvere, Lääne-Virumaa
Juliana;Moroz;16.01.1998;N;49801161350;Pärnu, Pärnumaa
Merle;Viira;01.12.1999;N;49912017074;Palivere, Läänemaa
Regina;Suvorov;20.01.1963;N;46301202543;Lehtse, Lääne-Virumaa
Sven Erik;Klavan;27.01.1966;M;36601273309;Tammiku, Ida-Virumaa
Raivo;Käär;16.01.1995;M;39501163631;Vastseliina, Võrumaa
Georg;Aus;01.08.1970;M;37008017044;Uuemõisa, Läänemaa
Natali;Pukk;16.07.1998;N;49807169835;Kolkja, Tartumaa
Sebastian;Sarv;18.09.1986;M;38609189295;Viru-Nigula, Lääne-Virumaa
Laura-Liisa;Arula;05.10.1977;N;47710059445;Vändra, Pärnumaa
Rasmus;Kala;04.09.1960;M;36009047482;Jõgeva, Jõgevamaa
Eliis;Mikelsaar;05.02.1978;N;47802054831;Sonda, Ida-Virumaa
Timur;Luik;07.11.1976;M;37611072150;Iisaku, Ida-Virumaa
Eliise;Orlov;16.08.2004;N;60408163195;Tapa, Lääne-Virumaa
Karlis;Talts;24.04.1999;M;39904244447;Siimusti, Jõgevamaa
Aare;Johanson;25.05.2004;M;50405250084;Vastse-Kuuste, Põlvamaa
Christina;Karpova;14.02.2007;N;60702141901;Salme, Saaremaa
Keijo;Vinogradov;04.03.1975;M;37503040098;Uuemõisa, Läänemaa
Markko;Kesküla;09.04.2000;M;50004099688;Aseri, Ida-Virumaa
Marite;Allas;21.11.1969;N;46911215886;Viljandi, Viljandimaa
Tuuli;Jürgenson;22.09.1973;N;47309223065;Sõmerpalu, Võrumaa
Aivar;Matvejev;19.05.2008;M;50805198217;Antsla, Võrumaa
Annette;Nikitin;04.02.2008;N;60802040174;Märjamaa, Raplamaa
Hanna-Liina;Salumets;12.10.1968;N;46810124248;Aravete, Järvamaa
Liisbeth;Kallaste;30.11.2001;N;60111303145;Rakke, Lääne-Virumaa
Sten-Markus;Mõttus;04.05.1999;M;39905044283;Aegviidu, Harjumaa
Agne;Jürgenson;02.09.1976;N;47609021761;Särevere, Järvamaa
Marge;Põder;20.11.1998;N;49811203926;Vinni, Lääne-Virumaa
Kreete;Lepik;02.12.1973;N;47312028955;Kanepi, Põlvamaa
Mairi;Liivamägi;07.12.2001;N;60112072954;Nõo, Tartumaa
Loora;Vaher;10.07.2001;N;60107103042;Tihemetsa, Pärnumaa
Caspar;Soosaar;19.03.1964;M;36403190727;Taebla, Läänemaa
Carmen;Roots;15.09.1981;N;48109157707;Alatskivi, Tartumaa
Angelina;Tomson;15.07.1981;N;48107152153;Lähte, Tartumaa
Cärolin;Kudrjavtsev;06.06.1986;N;48606062300;Kiiu, Harjumaa
Hannah;Sorokin;31.12.1991;N;49112310088;Kambja, Tartumaa
Gregori;Andreev;09.10.2003;M;50310092154;Siimusti, Jõgevamaa
Carl;Mann;03.08.1984;M;38408035964;Tammiku, Ida-Virumaa
Gretel;Koval;27.03.1989;N;48903272904;Tabivere, Jõgevamaa
Tairo;Mägi;02.08.1966;M;36608026940;Laagri, Harjumaa
Raino;Jarvis;24.04.1973;M;37304244659;Väätsa, Järvamaa
Ester;Nurk;11.07.1960;N;46007116189;Haabneeme, Harjumaa
Riin;Mandel;15.04.1989;N;48904152668;Ambla, Järvamaa
Kalmer;Markson;21.01.1977;M;37701217319;Siimusti, Jõgevamaa
Aimar;Remmel;30.08.2008;M;50808305351;Laatre, Valgamaa
Kaja;Madisson;30.01.1983;N;48301309178;Karksi-Nuia, Viljandimaa
Karl-Erik;Maidla;12.06.1960;M;36006123173;Puka, Valgamaa
Merle;Maslov;14.05.2007;N;60705141423;Sauga, Pärnumaa
Ines;Püvi;27.06.1984;N;48406274417;Suure-Jaani, Viljandimaa
Vladislava;Kuusk;14.08.2007;N;60708140023;Siimusti, Jõgevamaa
Jaanis;Nurm;26.11.1997;M;39711269224;Kärdla, Hiiumaa
Eleonora;Tiits;01.12.2000;N;60012015406;Sõmeru, Lääne-Virumaa
Elerin;Baranov;04.07.1968;N;46807047775;Koeru, Järvamaa
Dmitry;Vähi;24.07.1978;M;37807247859;Võõpsu, Põlvamaa
Keily;Bell;20.09.1977;N;47709202735;Kiili, Harjumaa
Danel;Ivask;12.01.1999;M;39901124455;Sadala, Jõgevamaa
Johanna;Gromov;10.08.1961;N;46108108787;Laatre, Valgamaa
Mirjam;Pavlov;08.03.1981;N;48103083406;Karksi-Nuia, Viljandimaa
Mariel;Lehtmets;01.07.1988;N;48807017721;Paikuse, Pärnumaa
Sergey;Žuravljov;25.03.1993;M;39303259335;Kõrveküla, Tartumaa
Evelin;Maripuu;24.07.1967;N;46707244132;Kuremaa, Jõgevamaa
Henri;Laur;19.01.1971;M;37101190677;Häädemeeste, Pärnumaa
Maili;Reinsalu;19.10.1990;N;49010196025;Risti, Läänemaa
Ruben;Timofejev;30.06.2000;M;50006307933;Kõrveküla, Tartumaa
Karolin;Liiva;17.10.1979;N;47910172262;Mäetaguse, Ida-Virumaa
Grete-Liis;Žuravljov;01.07.1974;N;47407013481;Lüganuse, Ida-Virumaa
Jarko;Piirsalu;27.05.2001;M;50105275844;Toila, Ida-Virumaa
Roomet;Smirnov;03.05.1989;M;38905034103;Kiltsi, Lääne-Virumaa
Anastasia;Trei;20.11.1962;N;46211203238;Aruküla, Harjumaa
Marge;Meier;05.01.1975;N;47501058917;Kasepää, Tartumaa
Caroly;Kisseljov;28.05.1989;N;48905281505;Ramsi, Viljandimaa
Merlin;Titov;04.02.1963;N;46302045237;Mooste, Põlvamaa
Triini;Kaasik;16.03.1974;N;47403164608;Kilingi-Nõmme, Pärnumaa
Alina;Aru;15.09.1975;N;47509159505;Rõngu, Tartumaa
Heleri;Nikolaev;16.04.1967;N;46704161178;Tallinn, Harjumaa
Ants;Aas;27.08.1965;M;36508278943;Äksi, Tartumaa
Ott;Laan;22.02.1987;M;38702229428;Põlva, Põlvamaa
Ermo;Muru;11.07.1998;M;39807119464;Karksi-Nuia, Viljandimaa
Kelvin;Pruul;28.12.2007;M;50712280830;Avinurme, Ida-Virumaa
Nelli;Zaitsev;31.01.1999;N;49901313698;Luunja, Tartumaa
Ksenija;Luik;02.01.1997;N;49701025517;Võiste, Pärnumaa
Carol;Friedman;30.03.1981;N;48103305093;Laatre, Valgamaa
Janek;Teesalu;02.05.2005;M;50505029034;Vastseliina, Võrumaa
Svjatoslav;Must;15.02.1995;M;39502151989;Audru, Pärnumaa
Rico;Kuningas;07.01.1976;M;37601072167;Keava, Raplamaa
Liisu;Kazakov;12.05.1982;N;48205128147;Mäetaguse, Ida-Virumaa
Liise;Kruus;18.05.1989;N;48905184039;Kunda, Lääne-Virumaa
Elari;Stepanov;10.08.2008;M;50808107547;Türi, Järvamaa
Lisa;Muru;01.07.1998;N;49807015445;Torma, Jõgevamaa
Karl-Markus;Baskin;02.03.1967;M;36703027979;Hummuli, Valgamaa
Egert;Naumov;05.08.1995;M;39508059066;Are, Pärnumaa
Rodion;Sepp;03.11.1981;M;38111037262;Roela, Lääne-Virumaa
Ege;Allas;06.07.1988;N;48807067890;Tammiku, Ida-Virumaa
Markel;Rohtla;08.12.1985;M;38512084050;Olgina, Ida-Virumaa
Nicole;Vahter;23.06.1997;N;49706230077;Mooste, Põlvamaa
Harri;Suvi;17.03.2002;M;50203174692;Simuna, Lääne-Virumaa
Karl Oskar;Põdra;08.11.1967;M;36711086360;Lavassaare, Pärnumaa
Betti;Suvorov;17.03.1979;N;47903172633;Aravete, Järvamaa
Klaarika;Luht;04.06.1975;N;47506046639;Paldiski, Harjumaa
Kunnar;Maksimov;01.11.2001;M;50111017061;Kärla, Saaremaa
Armo;Uibo;01.07.1963;M;36307015462;Kose, Võrumaa
Kendra;Poljakov;23.05.2000;N;60005236903;Rõuge, Võrumaa
Iti;Remmel;24.08.1972;N;47208244802;Hagudi, Raplamaa
Tobias;Toome;16.11.1969;M;36911164083;Jõgeva, Jõgevamaa
Liisbeth;Nõmmik;10.10.1979;N;47910104625;Kudjape, Saaremaa
Aleksandra;Raamat;28.01.1989;N;48901283093;Puhja, Tartumaa
Mariann;Männik;19.02.1966;N;46602191592;Lepna, Lääne-Virumaa
Ilmar;Martin;13.05.1994;M;39405131582;Sangaste, Valgamaa
Maia;Rebane;01.03.1971;N;47103013019;Adavere, Jõgevamaa
Ako;Tamberg;14.12.1970;M;37012147124;Kõrgessaare, Hiiumaa
Aleksei;Antonov;28.04.1972;M;37204286257;Puka, Valgamaa
Stina;Anderson;04.12.1980;N;48012047780;Varnja, Tartumaa
Rostislav;Jefimov;07.06.1991;M;39106076001;Õisu, Viljandimaa
Remo;Tõnisson;31.01.1991;M;39101317282;Tamsalu, Lääne-Virumaa
Markel;Õun;07.07.1996;M;39607079243;Alu, Raplamaa
Remo;Väli;03.01.1995;M;39501037373;Käravete, Järvamaa
Vivian;Arro;26.05.1968;N;46805269487;Viimsi, Harjumaa
Ly;Tammik;08.10.1999;N;49910082157;Koeru, Järvamaa
Mare;Safronov;27.08.1995;N;49508272244;Peetri, Järvamaa
Taivo;Paju;13.10.1974;M;37410137940;Näpi, Lääne-Virumaa
Kaileen;Iljin;16.10.1969;N;46910163655;Mehikoorma, Tartumaa
Eliisa;Mikelsaar;28.07.1997;N;49707285335;Valjala, Saaremaa
Mailis;Kesküla;30.12.2000;N;60012305834;Luunja, Tartumaa
Riina;Kroon;06.05.1976;N;47605065025;Torma, Jõgevamaa
Elery;Fomin;30.03.1982;N;48203301219;Tallinn, Harjumaa
Brigita;Kokk;27.07.2000;N;60007274285;Lavassaare, Pärnumaa
Johann;Varik;21.07.1978;M;37807217281;Käina, Hiiumaa
Karl Johan;Koitla;06.09.2007;M;50709066229;Ilmatsalu, Tartumaa
Karl-Kristjan;Villemson;16.05.1978;M;37805162257;Lagedi, Harjumaa
Reino;Pärnpuu;27.10.2008;M;50810272705;Leisi, Saaremaa
Chris;Kask;30.12.2006;M;50612302064;Varstu, Võrumaa
Peep;Baskin;27.03.1994;M;39403273509;Misso, Võrumaa
Mariell;Lapin;23.02.1978;N;47802231135;Äksi, Tartumaa
Brigitta;Õunapuu;16.06.1961;N;46106165562;Rõngu, Tartumaa
Ago;Rumjantsev;25.03.1995;M;39503254797;Kambja, Tartumaa
Markko;Aasmäe;19.06.1968;M;36806193846;Sauga, Pärnumaa
Nataly;Laur;24.11.1963;N;46311247074;Aste, Saaremaa
Melani;Gross;18.11.1968;N;46811182963;Suure-Jaani, Viljandimaa
Artem;Vorobjov;02.07.1965;M;36507021944;Voka, Ida-Virumaa
Tuuli;Trei;30.06.2005;N;60506306034;Roela, Lääne-Virumaa
Keijo;Laur;28.09.1966;M;36609282836;Maardu, Harjumaa
Marit;Krõlov;02.07.1989;N;48907026430;Erra, Ida-Virumaa
Ronan;Kurm;21.05.1990;M;39005214060;Klooga, Harjumaa
Rahel;Lätt;28.08.2003;N;60308289770;Luige, Harjumaa
Anneli;Aasa;04.10.1994;N;49410041772;Olgina, Ida-Virumaa
Krete;Lill;19.04.1971;N;47104198210;Keila-Joa, Harjumaa
Rihard;Jakovlev;25.04.2001;M;50104250192;Oisu, Järvamaa
Veronika;Kalmus;20.01.2002;N;60201202935;Valjala, Saaremaa
Helen;Vill;13.04.1972;N;47204136978;Käina, Hiiumaa
Karl Mihkel;Kesküla;03.06.1970;M;37006037052;Väätsa, Järvamaa
Evelin;Kroon;17.06.2005;N;60506171620;Raasiku, Harjumaa
Janar;Soo;18.05.1995;M;39505187517;Aravete, Järvamaa
Veljo;Oja;29.03.1969;M;36903299687;Rakvere, Lääne-Virumaa
Elizabet;Soon;01.05.1983;N;48305011061;Rapla, Raplamaa
Raido;Vlassov;21.02.1962;M;36202219040;Lelle, Raplamaa
Ave-Marleen;Timofejev;06.05.1981;N;48105060412;Vana-Antsla, Võrumaa
Lisbeth;Uibo;28.09.1962;N;46209281311;Kolga, Harjumaa
Gerdi;Abderhalden;19.09.2001;N;60109198523;Mustla, Viljandimaa
Saskia;Soo;25.01.2004;N;60401250519;Võsu, Lääne-Virumaa
Airi;Aleksandrov;29.07.1989;N;48907290944;Lehtse, Lääne-Virumaa
Triinu;Moroz;27.09.1977;N;47709270446;Parksepa, Võrumaa
Reio;Kuusik;25.09.1962;M;36209251176;Värska, Põlvamaa
Vjatšeslav;Tuulik;26.02.1964;M;36402264176;Särevere, Järvamaa
Stiina;Egorov;03.05.1974;N;47405033947;Võsu, Lääne-Virumaa
Greta;Erik;15.09.1991;N;49109156860;Kiviõli, Ida-Virumaa
Valdur;Järvesaar;24.02.1988;M;38802243608;Viljandi, Viljandimaa
Jörgen;Põldmaa;23.09.1984;M;38409235040;Tõrva, Valgamaa
Karl Mihkel;Hoffmann;14.01.1965;M;36501142109;Tõrva, Valgamaa
Mari-Liis;Lehtmets;21.04.1998;N;49804214544;Õisu, Viljandimaa
Kaire;Makarov;01.05.1977;N;47705014448;Uhtna, Lääne-Virumaa
Keiro;Semenov;15.11.1977;M;37711156174;Pärnu, Pärnumaa
Nora;Kotkas;05.03.1962;N;46203053294;Uuemõisa, Läänemaa
Laura;Õun;14.06.1976;N;47606141846;Elva, Tartumaa
Karolin;Kohv;23.10.2002;N;60210231115;Helme, Valgamaa
Karl-Martin;Makarov;23.04.1969;M;36904232210;Puka, Valgamaa
Nikol;Paas;23.06.1999;N;49906239738;Võõpsu, Põlvamaa
Agnes;Lepp;27.02.1974;N;47402272537;Vastse-Kuuste, Põlvamaa
Keity;Piir;15.03.2006;N;60603157452;Avinurme, Ida-Virumaa
Annela;Oks;19.01.1987;N;48701192227;Harku, Harjumaa
Julia;Lepik;17.01.2000;N;60001172957;Mustvee, Jõgevamaa
Andry;Käsper;19.11.1976;M;37611198007;Laekvere, Lääne-Virumaa
Koit;Erm;14.01.2008;M;50801149662;Kiiu, Harjumaa
Egert;Sikorski;27.07.1994;M;39407274816;Kose, Harjumaa
Merilyn;Vain;30.11.1993;N;49311301263;Misso, Võrumaa
Mark;Muru;05.09.1979;M;37909056183;Kunda, Lääne-Virumaa
Taivo;Dmitriev;12.12.1991;M;39112120922;Puurmani, Jõgevamaa
Külli;Green;16.10.1985;N;48510162647;Kose, Harjumaa
Hanna-Liisa;Müürsepp;08.07.2008;N;60807085296;Kallaste, Tartumaa
Mehis;Afanasjev;29.11.1986;M;38611290759;Tudu, Lääne-Virumaa
Eva;Erik;08.12.1978;N;47812082518;Misso, Võrumaa
Marta;Moroz;28.08.1972;N;47208288628;Mooste, Põlvamaa
Katerina;Kirsipuu;19.05.1976;N;47605191807;Jõhvi, Ida-Virumaa
Andres;Mironov;25.02.2003;M;50302252235;Prillimäe, Raplamaa
Ott;Powell;24.09.2000;M;50009248713;Virtsu, Läänemaa
Arvo;Tuulik;09.12.1990;M;39012093580;Aravete, Järvamaa
Martti;Vinogradov;03.03.1967;M;36703033437;Kose, Harjumaa
Ave;Kirs;04.12.1994;N;49412049262;Võsu, Lääne-Virumaa
Elen;Raud;08.06.1969;N;46906089101;Riisipere, Harjumaa
Ingel;Lõhmus;07.08.1988;N;48808070705;Valjala, Saaremaa
Pilleriin;Ernits;16.06.1989;N;48906166450;Assaku, Harjumaa
Harri;Unt;29.10.2006;M;50610293845;Põlva, Põlvamaa
Kardo;Vain;26.05.1967;M;36705269491;Rakvere, Lääne-Virumaa
Taivo;Mikk;25.04.1997;M;39704259198;Tallinn, Harjumaa
Helina;Nõmme;21.01.1976;N;47601219054;Tõravere, Tartumaa
Tomas;Martinson;03.10.1979;M;37910039777;Kanepi, Põlvamaa
Lisa;Säde;20.12.1974;N;47412204056;Simuna, Lääne-Virumaa
Fred;Salumäe;06.11.1964;M;36411063327;Sääse, Lääne-Virumaa
Pille;Sibul;15.06.1998;N;49806157494;Loksa, Harjumaa
Gendra;Ruus;24.09.2006;N;60609246514;Märjamaa, Raplamaa
Andero;Hallik;05.10.1973;M;37310053631;Tabivere, Jõgevamaa
Ian;Danilov;21.08.1973;M;37308214538;Kolkja, Tartumaa
Rebeca;Kool;14.12.1975;N;47512143264;Tapa, Lääne-Virumaa
Lisell;Saare;28.10.1975;N;47510289230;Hagudi, Raplamaa
Meeri;Mandel;08.09.2007;N;60709084160;Kunda, Lääne-Virumaa
Piret;Lapin;01.06.1973;N;47306015010;Tori, Pärnumaa
Edward;Safronov;27.01.1960;M;36001275236;Oisu, Järvamaa
Tormi;Holm;23.12.2003;M;50312237930;Lavassaare, Pärnumaa
Karoliine;Kukk;17.09.1994;N;49409175861;Kiiu, Harjumaa
Ronja;Rumjantsev;30.11.1961;N;46111302074;Sindi, Pärnumaa
Anne-Ly;Tamm;25.12.1981;N;48112253136;Ämari, Harjumaa
Ivar;Villemson;02.04.1969;M;36904028562;Õisu, Viljandimaa
Marlon;Põllu;27.07.1996;M;39607279814;Halliste, Viljandimaa
Elise;Jürisson;10.08.1969;N;46908103312;Alu, Raplamaa
Enrico;Suvi;31.12.1989;M;38912315081;Simuna, Lääne-Virumaa
Anne-Mari;Väli;18.09.1963;N;46309185649;Sõmerpalu, Võrumaa
Keijo;Nazarov;01.09.1983;M;38309014639;Kohila, Raplamaa
Elise;Laane;12.08.2000;N;60008128408;Lelle, Raplamaa
Merlyn;Kask;20.07.1989;N;48907209829;Misso, Võrumaa
Rico;Komarov;16.03.1963;M;36303168108;Õru, Valgamaa
Gretel;Laht;20.09.1994;N;49409207097;Kaerepere, Raplamaa
Anna-Liis;Nuut;12.07.1961;N;46107125000;Hageri, Raplamaa
Dimitri;Borissov;07.06.1975;M;37506074755;Lepna, Lääne-Virumaa
Michael;Müürsepp;23.01.2001;M;50101239336;Sauga, Pärnumaa
Ekaterina;Drozdov;17.09.1985;N;48509179678;Lagedi, Harjumaa
Lisa;Truu;20.09.1975;N;47509209864;Antsla, Võrumaa
Artur;Kukk;18.08.1981;M;38108185740;Väätsa, Järvamaa
Laura-Liisa;Põdra;24.09.1968;N;46809246355;Simuna, Lääne-Virumaa
Janelle;Nurk;17.11.1999;N;49911174113;Vastse-Kuuste, Põlvamaa
Ken;Borissov;18.06.1981;M;38106182349;Mäetaguse, Ida-Virumaa
Kardo;Oks;03.10.1998;M;39810039602;Püssi, Ida-Virumaa
Merlyn;Trei;16.10.1998;N;49810164982;Avinurme, Ida-Virumaa
Ruth;Kissa;30.03.1964;N;46403305923;Mooste, Põlvamaa
Gunnar;Reinsalu;20.11.1991;M;39111208065;Kiili, Harjumaa
Violeta;Tamme;29.09.1974;N;47409299810;Voka, Ida-Virumaa
Liisi;Kadak;14.01.1986;N;48601149214;Veriora, Põlvamaa
Irena;Juhanson;03.12.1990;N;49012031537;Tabasalu, Harjumaa
Varvara;Suits;25.07.2003;N;60307254411;Kõrgessaare, Hiiumaa
Helerin;Mercklin;10.02.1980;N;48002105499;Väimela, Võrumaa
Aliis;Lõhmus;29.01.1981;N;48101299169;Käina, Hiiumaa
Stanislav;Oras;12.09.1999;M;39909125899;Lähte, Tartumaa
Laura-Liis;Koit;08.05.1998;N;49805080946;Valjala, Saaremaa
Aare;Lunin;04.04.1990;M;39004046673;Jõgeva, Jõgevamaa
Alexey;Holm;12.04.1980;M;38004123773;Kolga-Jaani, Viljandimaa
Anu;Ader;22.12.1973;N;47312229948;Lihula, Läänemaa
Maret;Liivak;17.11.1989;N;48911178526;Tihemetsa, Pärnumaa
Xenia;Pikk;24.08.1985;N;48508249979;Tallinn, Harjumaa
Laureen;Käärik;12.06.1967;N;46706129577;Vinni, Lääne-Virumaa
Jonas;Grigorieva;30.07.1982;M;38207306697;Kiltsi, Lääne-Virumaa
Ekaterina;Raamat;23.04.2005;N;60504232751;Palamuse, Jõgevamaa
Liise;Kütt;22.10.1983;N;48310224308;Maardu, Harjumaa
Voldemar;Varik;03.06.1981;M;38106036400;Mäetaguse, Ida-Virumaa
Vladimir;Liblik;22.05.1978;M;37805223528;Mehikoorma, Tartumaa
Marika;Vares;07.08.1967;N;46708077600;Põlva, Põlvamaa
Krislin;Martin;30.09.1966;N;46609304911;Vastse-Kuuste, Põlvamaa
Gretel;Krõlov;24.01.1974;N;47401243279;Kihelkonna, Saaremaa
Raigo;Vasiliev;13.04.1997;M;39704138257;Adavere, Jõgevamaa
Samuel;Paas;01.03.1999;M;39903013545;Värska, Põlvamaa
Jaanis;Rosin;17.03.1966;M;36603176092;Puurmani, Jõgevamaa
Carolina;Kask;22.07.1989;N;48907223295;Kose, Võrumaa
Allar;Viks;11.03.1967;M;36703116772;Otepää, Valgamaa
Juhan;Paas;09.06.1986;M;38606090020;Lavassaare, Pärnumaa
Lisanna;Muru;09.10.1965;N;46510095453;Alu, Raplamaa
Agnessa;Beljajev;13.12.1999;N;49912138575;Kadrina, Lääne-Virumaa
Nataly;Ernits;28.03.2008;N;60803280628;Antsla, Võrumaa
Tarmo;Teras;25.10.1986;M;38610258725;Kose, Võrumaa
Kärol;Koger;16.12.1970;N;47012160971;Tsirguliina, Valgamaa
Merilyn;Lumiste;01.08.2005;N;60508015535;Kiviõli, Ida-Virumaa
Mona;Baskin;01.11.1968;N;46811017542;Kaerepere, Raplamaa
Cevin;Laks;14.03.1997;M;39703140860;Varnja, Tartumaa
Rico;Ivask;09.01.1985;M;38501097749;Ilmatsalu, Tartumaa
Jargo;Andreev;31.08.1970;M;37008313491;Võhma, Viljandimaa
Eva Lotta;Tamberg;14.11.1984;N;48411142050;Kose, Võrumaa
Raili;Markus;20.01.1964;N;46401201511;Kolga-Jaani, Viljandimaa
Älis;Lumiste;02.03.1974;N;47403020834;Käru, Raplamaa
Tormi;Piirsalu;11.07.1965;M;36507115085;Kudjape, Saaremaa
Saveli;Meier;01.11.1989;M;38911017598;Kärdla, Hiiumaa
Jaanek;Õun;17.06.1999;M;39906178842;Simuna, Lääne-Virumaa
Tamara;Kaljurand;03.10.1970;N;47010037245;Märjamaa, Raplamaa
Olari;Sergejev;22.11.1986;M;38611226161;Olgina, Ida-Virumaa
Gerttu;Viira;09.11.1960;N;46011094235;Kohtla-Nõmme, Ida-Virumaa
Marcos;Rein;23.11.2005;M;50511236254;Rakke, Lääne-Virumaa
Henrik;Trofimov;23.03.1997;M;39703238923;Kärdla, Hiiumaa
Elis;Sarv;29.08.1968;N;46808293667;Kiisa, Harjumaa
Elizaveta;Soo;07.07.2005;N;60507071846;Puka, Valgamaa
Hans-Kristjan;Koort;27.09.1960;M;36009278238;Vastse-Kuuste, Põlvamaa
Cristopher;Arrak;24.10.1988;M;38810241238;Pärnu-Jaagupi, Pärnumaa
Meribel;Klaas;17.11.1976;N;47611175887;Olgina, Ida-Virumaa
Hedi;Ignatjev;25.05.1967;N;46705258467;Otepää, Valgamaa
Adriana;Green;29.12.2002;N;60212290131;Ambla, Järvamaa
Christina;Salumäe;01.05.1983;N;48305011886;Helme, Valgamaa
Maarja;Kool;13.11.1991;N;49111133820;Misso, Võrumaa
Danil;Ots;06.11.1962;M;36211062297;Paralepa, Läänemaa
Herman;Kase;14.04.1998;M;39804141505;Tudulinna, Ida-Virumaa
Britt;Malõšev;03.12.1987;N;48712031343;Kose, Võrumaa
Mariete;Koit;13.10.1972;N;47210135110;Nõo, Tartumaa
Pjotr;Heinsalu;01.07.1995;M;39507015982;Võhma, Viljandimaa
Kardo;Kaljuvee;04.09.1961;M;36109040734;Nõo, Tartumaa
Elizabeth;Niit;23.07.1994;N;49407234853;Puurmani, Jõgevamaa
Kairi;Gorbunov;26.10.1990;N;49010269158;Kihelkonna, Saaremaa
Karita;Filatov;20.06.1971;N;47106204658;Haapsalu, Läänemaa
Ann;Org;01.07.1976;N;47607013006;Tapa, Lääne-Virumaa
Sergei;Leht;02.12.1980;M;38012021316;Siimusti, Jõgevamaa
Angeelika;Sisask;27.09.2001;N;60109275133;Aravete, Järvamaa
Armand;Kaasik;01.05.1968;M;36805012676;Tabivere, Jõgevamaa
Pjotr;Aru;11.02.1999;M;39902119466;Kolga-Jaani, Viljandimaa
Ketrin;Aus;29.01.1999;N;49901295474;Kose, Harjumaa
Marek;Maripuu;11.11.1980;M;38011115153;Laatre, Valgamaa
Adele;Kivi;11.05.1971;N;47105117743;Türi, Järvamaa
Reno;Palm;02.03.2004;M;50403029534;Tudulinna, Ida-Virumaa
Virko;Remmel;28.05.1993;M;39305286837;Vasalemma, Harjumaa
Sulev;Laan;29.05.1977;M;37705292754;Räpina, Põlvamaa
Maik;Kotkas;26.03.2002;M;50203265907;Suure-Jaani, Viljandimaa
Tatiana;Tuulik;20.07.1972;N;47207205733;Lihula, Läänemaa
Jan;Maidla;09.06.2008;M;50806095524;Kaiu, Raplamaa
Raino;Säde;18.09.1994;M;39409184025;Tudulinna, Ida-Virumaa
Vanessa;Kisseljov;13.08.1985;N;48508132934;Lagedi, Harjumaa
Pilleriin;Link;04.01.2007;N;60701048708;Viljandi, Viljandimaa
Germo;Jaanson;21.03.1972;M;37203219485;Jõhvi, Ida-Virumaa
Mikhail;Kruglov;22.05.1966;M;36605226316;Laagri, Harjumaa
Keidi;Dmitriev;06.10.1962;N;46210067867;Kadrina, Lääne-Virumaa
Pjotr;Borissov;27.09.1998;M;39809276321;Käravete, Järvamaa
Lisett;Sokolov;28.07.1989;N;48907289460;Haljala, Lääne-Virumaa
Filipp;Vasiliev;20.05.1981;M;38105206634;Vändra, Pärnumaa
Karl-Kevin;Tamm;04.04.1993;M;39304041497;Rakvere, Lääne-Virumaa
Jaanek;Meier;19.11.1989;M;38911197825;Räpina, Põlvamaa
Gerda;Kivilo;16.08.1968;N;46808169472;Luige, Harjumaa
Dana;Ader;01.03.2002;N;60203012242;Sääse, Lääne-Virumaa
Arlet;Kangro;10.04.1989;M;38904102167;Kureküla, Tartumaa
Krista;Teearu;25.08.1995;N;49508251286;Turba, Harjumaa
Hannabel;Aasa;01.05.1965;N;46505018746;Keava, Raplamaa
Anne-Liis;Semenov;22.04.1963;N;46304229985;Hageri, Raplamaa
Enn;Kissa;14.10.1984;M;38410140649;Harku, Harjumaa
Vladislava;Saveljev;19.03.1998;N;49803194480;Ambla, Järvamaa
Maarjo;Kilk;14.04.1988;M;38804148691;Keava, Raplamaa
Kelli;Allas;30.04.1998;N;49804304274;Sauga, Pärnumaa
Merle;Kuusk;10.09.1969;N;46909100367;Tabivere, Jõgevamaa
Andreas;Jaakson;29.03.1967;M;36703297422;Paide, Järvamaa
Karen;Nurk;30.01.1986;N;48601300092;Kose, Võrumaa
Anžela;Sobolev;19.04.1969;N;46904198936;Olgina, Ida-Virumaa
Valeri;Orav;24.10.2004;M;50410240600;Kõrgessaare, Hiiumaa
Karolina;Jänes;09.03.1962;N;46203099583;Roela, Lääne-Virumaa
Katharina;Kuus;19.10.1977;N;47710197518;Väimela, Võrumaa
Henry;Gromov;16.05.1973;M;37305169669;Mäetaguse, Ida-Virumaa
Jaanis;Jegorov;05.07.1996;M;39607050389;Roela, Lääne-Virumaa
Heleri;Aasa;20.02.1962;N;46202206591;Risti, Läänemaa
Lilija;Tilk;17.05.2008;N;60805176835;Hummuli, Valgamaa
Jako;Kroon;19.07.2006;M;50607190365;Ilmatsalu, Tartumaa
Helena;Palm;30.08.1982;N;48208304610;Vasalemma, Harjumaa
Marius;Aavik;15.12.1961;M;36112155470;Kõrgessaare, Hiiumaa
Elena;Gromov;30.03.1968;N;46803302277;Palamuse, Jõgevamaa
Enriko;Adamson;07.01.1973;M;37301071987;Märjamaa, Raplamaa
Artemi;Õunapuu;27.03.1971;M;37103277347;Kolga-Jaani, Viljandimaa
Ekke;Kallas;22.04.1999;M;39904223709;Kunda, Lääne-Virumaa
Ellen;Timofejev;18.04.1968;N;46804185812;Rakke, Lääne-Virumaa
Miia;Kattai;13.04.1967;N;46704132443;Vaida, Harjumaa
Kärolin;Järve;01.10.2003;N;60310015383;Prillimäe, Raplamaa
Johanna;Tiits;09.02.1966;N;46602094324;Maardu, Harjumaa
Karen;Herodes;02.01.1981;N;48101020158;Peetri, Järvamaa
Minna;Jürgens;04.05.1981;N;48105043491;Sonda, Ida-Virumaa
Jarko;Tamme;28.03.2008;M;50803285138;Luunja, Tartumaa
Karl Marten;Jõe;21.09.1962;M;36209212964;Võsu, Lääne-Virumaa
Enar;Laks;14.10.1991;M;39110140587;Äksi, Tartumaa
Stina;Baranov;14.07.1962;N;46207147007;Sinimäe, Ida-Virumaa
Ander;Martin;08.11.2007;M;50711087197;Märjamaa, Raplamaa
Taavi;Säde;14.01.1982;M;38201147449;Pärnu, Pärnumaa
Liisa Maria;Lepp;07.06.2001;N;60106074274;Tori, Pärnumaa
Karolin;Drozdov;13.08.1969;N;46908132400;Püssi, Ida-Virumaa
Kregor;Prikk;04.10.1966;M;36610042623;Väätsa, Järvamaa
Maiken;Nõmme;10.11.1960;N;46011103398;Jõhvi, Ida-Virumaa
Madli;Pärtel;11.01.2008;N;60801114214;Kangru, Harjumaa
Oskar;Kivistik;02.09.1998;M;39809025596;Viiratsi, Viljandimaa
Olivia;Siim;28.12.1961;N;46112286220;Rapla, Raplamaa
Arthur;Jarvis;20.04.2001;M;50104201039;Abja-Paluoja, Viljandimaa
Aare;Toom;06.11.1964;M;36411065648;Hagudi, Raplamaa
Reelika;Borissov;10.08.1977;N;47708103083;Ambla, Järvamaa
Victoria;Sander;29.08.1999;N;49908298435;Ämari, Harjumaa
Aimar;Mäe;29.08.1969;M;36908293070;Luige, Harjumaa
Morten;Jaanus;19.06.1965;M;36506193436;Ülenurme, Tartumaa
Jelizaveta;Järvesaar;12.02.1976;N;47602120210;Hummuli, Valgamaa
Heikki;Allas;25.03.1999;M;39903254670;Kasepää, Tartumaa
Ken-Martin;Võsu;12.07.2003;M;50307123147;Loo, Harjumaa
Kaur;Sikorski;22.03.1970;M;37003226193;Kasepää, Tartumaa
Semjon;Kattai;27.11.1996;M;39611276965;Tootsi, Pärnumaa
Taniel;Toomsalu;05.07.1971;M;37107051575;Eidapere, Raplamaa
Margot;Fomin;04.11.2005;N;60511040358;Harku, Harjumaa
Uljana;Vähi;16.09.1980;N;48009160415;Paralepa, Läänemaa
Denis;Alas;06.04.2008;M;50804061057;Käru, Raplamaa
Rudolf;Kuznetsov;07.05.1998;M;39805070381;Tõrva, Valgamaa
Sille;Kalinin;23.07.1969;N;46907237806;Püssi, Ida-Virumaa
Tiiu;Tali;06.07.1977;N;47707068909;Palivere, Läänemaa
Jaagup;Müür;24.05.2007;M;50705245365;Järva-Jaani, Järvamaa
Rebeca;Ojala;23.09.1985;N;48509239471;Ilmatsalu, Tartumaa
Karmo;Smirnov;27.12.1969;M;36912272376;Kureküla, Tartumaa
Boriss;Lumi;16.12.2002;M;50212168287;Kohtla-Nõmme, Ida-Virumaa
Rasmus;Mandel;23.03.1970;M;37003231559;Tori, Pärnumaa
Kädi;Oras;05.08.2006;N;60608058048;Vastseliina, Võrumaa
Lisanna;Suits;24.05.1974;N;47405241202;Mäetaguse, Ida-Virumaa
Heigo;Siim;27.02.1979;M;37902274153;Uuemõisa, Läänemaa
Getriin;Lind;29.08.1967;N;46708299903;Keila, Harjumaa
Aleksander;Koit;08.07.1969;M;36907080340;Ilmatsalu, Tartumaa
Diana;Teesalu;29.10.2003;N;60310296557;Keila, Harjumaa
Andres;Treial;17.10.2000;M;50010177620;Kaerepere, Raplamaa
Aaron;Ignatjev;11.07.1961;M;36107112704;Aseri, Ida-Virumaa
Virgo;Sikk;10.05.1986;M;38605101947;Järvakandi, Raplamaa
Reivo;Kont;27.01.1995;M;39501277889;Varnja, Tartumaa
Margit;Borissov;07.04.2006;N;60604074464;Viru-Nigula, Lääne-Virumaa
Eliise;Oras;15.10.1964;N;46410153499;Helme, Valgamaa
Karli;Mänd;28.09.1991;M;39109283674;Viimsi, Harjumaa
Marcus;Teder;02.10.1990;M;39010020591;Misso, Võrumaa
Anna Liisa;Kasemets;09.09.1970;N;47009092793;Laatre, Valgamaa
Kristine;Tuulik;08.10.1989;N;48910088513;Vaida, Harjumaa
Mailiis;Vahtra;18.08.1962;N;46208188624;Lavassaare, Pärnumaa
Viljar;Lindgren;12.07.2004;M;50407127678;Abja-Paluoja, Viljandimaa
Jarek;Miller;08.04.1999;M;39904083464;Tõrvandi, Tartumaa
Anti;Romanov;25.02.1968;M;36802251314;Avinurme, Ida-Virumaa
Maret;Alekseev;10.07.1991;N;49107109673;Hagudi, Raplamaa
Liilia;Muru;26.04.1967;N;46704264338;Paldiski, Harjumaa
Karl Martin;Karpova;13.06.1965;M;36506131679;Kolga-Jaani, Viljandimaa
Gregori;Sidorov;03.02.1968;M;36802036261;Kehtna, Raplamaa
Angelina;Bogdanov;27.05.1994;N;49405270048;Elva, Tartumaa
Martin;Baranov;16.07.1962;M;36207168117;Jõgeva, Jõgevamaa
Leana;Anissimov;24.12.2006;N;60612247268;Haapsalu, Läänemaa
Brita;Saul;20.10.1973;N;47310208383;Tudulinna, Ida-Virumaa
Angela;Loginov;01.05.1977;N;47705017633;Aseri, Ida-Virumaa
Edgar;Taal;24.01.1971;M;37101249795;Loksa, Harjumaa
Albert;Kõiv;07.05.1983;M;38305079208;Torma, Jõgevamaa
Olari;Soon;29.07.2007;M;50707292596;Kureküla, Tartumaa
Kristiina;Hunt;13.07.2002;N;60207130306;Iisaku, Ida-Virumaa
Helle;Mägi;03.08.1981;N;48108034747;Laatre, Valgamaa
Jürgen;Kurvits;18.12.1982;M;38212187558;Ambla, Järvamaa
Erle;Zujev;27.06.2003;N;60306277049;Rapla, Raplamaa
Grete-Liis;Holm;23.04.1988;N;48804239844;Käravete, Järvamaa
Eeva;Konstantinov;28.12.1991;N;49112285550;Kunda, Lääne-Virumaa
Meelis;Mikelsaar;04.07.1986;M;38607041524;Parksepa, Võrumaa
Marge;Gromov;26.01.1977;N;47701261331;Kärdla, Hiiumaa
Artyom;Markson;26.05.2002;M;50205264632;Risti, Läänemaa
Anastasiya;Oks;08.05.1973;N;47305082641;Loksa, Harjumaa
Airi;Konstantinov;11.12.1967;N;46712119697;Uuemõisa, Läänemaa
Dariya;Belov;06.04.1999;N;49904060031;Saue, Harjumaa
Erik;Lõhmus;23.09.1985;M;38509230735;Vasalemma, Harjumaa
Sanna;Jalakas;24.12.1967;N;46712247525;Kõpu, Viljandimaa
Evelina;Karpova;11.12.1994;N;49412111504;Oisu, Järvamaa
Henrik;Kalinin;20.12.1995;M;39512203078;Alu, Raplamaa
Rainis;Tilk;08.01.1991;M;39101084019;Aruküla, Harjumaa
Mihhail;Kivi;15.02.2000;M;50002156568;Keila-Joa, Harjumaa
Erko;Belov;09.03.1966;M;36603090517;Aegviidu, Harjumaa
Arseni;Reimann;24.04.1982;M;38204243414;Kohtla-Nõmme, Ida-Virumaa
Brit;Marksoo;13.08.1995;N;49508135274;Kuremaa, Jõgevamaa
Keitlin;Palu;25.11.1997;N;49711251161;Roosna-Alliku, Järvamaa
Raimond;Olesk;11.08.1965;M;36508113309;Lelle, Raplamaa
Anne-Mari;Tooming;05.07.1981;N;48107057509;Kadrina, Lääne-Virumaa
Uku;Palu;06.10.1978;M;37810067781;Haapsalu, Läänemaa
Maarjo;Aleksandrov;01.07.1982;M;38207012144;Rummu, Harjumaa
Viktor;Sutt;24.03.1969;M;36903246618;Alu, Raplamaa
Jelena;Gerassimov;28.07.2005;N;60507286744;Tihemetsa, Pärnumaa
Albert;Koit;02.04.1985;M;38504021303;Kiltsi, Lääne-Virumaa
Karl-Martin;Vasiliev;23.08.1974;M;37408230964;Võiste, Pärnumaa
Tairo;Sobolev;01.05.1989;M;38905016071;Mustvee, Jõgevamaa
Anet;Lauri;11.08.1968;N;46808114810;Järva-Jaani, Järvamaa
Liina;Ivask;09.11.1985;N;48511095946;Olustvere, Viljandimaa
Maria;Kaljurand;13.03.1999;N;49903137800;Ilmatsalu, Tartumaa
Evgeny;Kiisk;09.12.1967;M;36712097335;Aegviidu, Harjumaa
Mairon;Korol;10.11.1994;M;39411106977;Kiviõli, Ida-Virumaa
Rainer;Pajula;12.09.2008;M;50809129462;Peetri, Järvamaa
Kirsti;Loginov;01.02.1992;N;49202011431;Lohusuu, Ida-Virumaa
Allan;Luts;27.09.1988;M;38809274226;Vasalemma, Harjumaa
Alika;Muru;29.08.1984;N;48408292216;Käru, Raplamaa
Kaire;Nazarov;10.04.2007;N;60704105404;Tabivere, Jõgevamaa
Hugo;Nõmm;18.03.1995;M;39503188947;Are, Pärnumaa
Viktoriya;Kaljuste;15.11.1968;N;46811152280;Varnja, Tartumaa
Aliise;Kondratjev;13.01.1960;N;46001132632;Kunda, Lääne-Virumaa
Tomas;Nikolaev;31.01.1973;M;37301318844;Kolga, Harjumaa
Sofia;Mürk;24.02.2001;N;60102246668;Lihula, Läänemaa
Andri;Anderson;07.04.2001;M;50104071125;Narva, Ida-Virumaa
Ian;Pikk;17.11.1983;M;38311172815;Kohila, Raplamaa
Anabell;Mets;04.07.2004;N;60407041085;Kadrina, Lääne-Virumaa
Annabella;Bõstrov;08.12.1966;N;46612085601;Karksi-Nuia, Viljandimaa
Aire;Mürk;23.12.2005;N;60512231732;Sõmerpalu, Võrumaa
Maido;Fomin;14.01.1972;M;37201149713;Tabivere, Jõgevamaa
Mairo;Martinson;27.12.1994;M;39412279215;Lehtse, Lääne-Virumaa
Andrias;Kaur;23.01.1971;M;37101231015;Häädemeeste, Pärnumaa
Andris;Pärn;15.05.1980;M;38005150847;Paide, Järvamaa
Kirsika;Gusev;20.12.1966;N;46612200959;Viru-Jaagupi, Lääne-Virumaa
Elis;Salumets;29.05.2006;N;60605296293;Puhja, Tartumaa
German;Solovjov;22.02.1989;M;38902226053;Olgina, Ida-Virumaa
Isabel;Naumov;10.10.2001;N;60110102802;Püssi, Ida-Virumaa
Johanna;Makarov;02.07.2003;N;60307027527;Hummuli, Valgamaa
Stiina;Lomp;22.08.1961;N;46108226188;Eidapere, Raplamaa
Simo;Lass;14.07.1976;M;37607145155;Palamuse, Jõgevamaa
Daisi;Lang;11.10.1984;N;48410114389;Pärnu-Jaagupi, Pärnumaa
Tomas;Kask;31.12.1960;M;36012319994;Kallaste, Tartumaa
Evgeny;Kallaste;07.07.2001;M;50107071042;Riisipere, Harjumaa
Steven;Luik;07.11.1985;M;38511076077;Loksa, Harjumaa
Ege;Tooming;24.09.1990;N;49009248923;Risti, Läänemaa
Adele;Moor;20.07.1999;N;49907203103;Ravila, Harjumaa
Reio;Järvesaar;27.04.2003;M;50304277809;Vasalemma, Harjumaa
Ruth;Fedotov;04.10.1980;N;48010041162;Aravete, Järvamaa
Ken-Martin;Powell;25.10.1971;M;37110254454;Roela, Lääne-Virumaa
Ingmar;Säde;14.02.1964;M;36402148878;Tamsalu, Lääne-Virumaa
Ljudmila;Tiits;20.10.1999;N;49910206932;Ülenurme, Tartumaa
Andrus;Mihhailov;01.05.1977;M;37705019948;Põlva, Põlvamaa
Marika;Sarapuu;06.11.1989;N;48911061318;Paikuse, Pärnumaa
Käti;Raidma;04.12.1971;N;47112041136;Võhma, Viljandimaa
Priit;Vahter;07.06.2000;M;50006078896;Palivere, Läänemaa
Ken-Martin;Rohtla;19.12.1976;M;37612193842;Toila, Ida-Virumaa
Kelly;Taal;19.01.1985;N;48501195818;Salme, Saaremaa
Indrek;Fjodorov;26.06.1998;M;39806262812;Kolga, Harjumaa
Aaron;Lind;30.09.1964;M;36409302554;Tsirguliina, Valgamaa
Keven;Baranov;26.03.1976;M;37603267897;Elva, Tartumaa
Artur;Siim;03.09.1963;M;36309033711;Lihula, Läänemaa
Sophia;Teearu;06.11.1997;N;49711067542;Olustvere, Viljandimaa
Rinat;Poljakov;30.05.2008;M;50805307243;Roosna-Alliku, Järvamaa
Kristel;Koit;18.05.2005;N;60505185184;Sõmerpalu, Võrumaa
Karl Kevin;Kiisk;09.04.1971;M;37104094839;Kaerepere, Raplamaa
Art;Kasak;06.06.1993;M;39306061043;Karjaküla, Harjumaa
Kristiina;Kozlov;06.02.1981;N;48102066557;Risti, Läänemaa
Karli;Kirillov;11.09.2001;M;50109114076;Nõo, Tartumaa
Carolyn;Hein;16.11.1991;N;49111167739;Kaerepere, Raplamaa
Leelo;Tsvetkov;20.08.1976;N;47608200746;Hagudi, Raplamaa
Hannes;Salumäe;14.04.2003;M;50304149263;Orissaare, Saaremaa
Tormi;Toom;09.09.1999;M;39909098882;Väimela, Võrumaa
Airika;Kisseljov;09.11.2000;N;60011094367;Keila, Harjumaa
Karl Kristjan;Ivask;16.04.1962;M;36204168248;Lihula, Läänemaa
Vanessa;Ruus;01.12.1966;N;46612018751;Orissaare, Saaremaa
Marvin;Fedotov;27.07.2000;M;50007272381;Jüri, Harjumaa
Karlis;Beljajev;16.06.1991;M;39106165128;Keila-Joa, Harjumaa
Sergei;Trei;02.07.2004;M;50407028673;Tori, Pärnumaa
Merily;Gavrilov;13.03.1966;N;46603139318;Jõhvi, Ida-Virumaa
Renee;Kuus;23.04.1979;M;37904235716;Paralepa, Läänemaa
Laura;Kalamees;11.05.1978;N;47805115443;Haapsalu, Läänemaa
Riin;Toome;03.12.1967;N;46712036185;Aste, Saaremaa
Elena;Kikas;07.10.1981;N;48110072443;Haapsalu, Läänemaa
Janis;Käsper;03.02.1989;M;38902031895;Tõrvandi, Tartumaa
Amanda;Aasmäe;18.08.1983;N;48308180844;Aste, Saaremaa
Anna Maria;Krõlov;22.11.2006;N;60611221700;Hagudi, Raplamaa
Eva Maria;Toomsalu;31.03.2001;N;60103318469;Palamuse, Jõgevamaa
Aleksandr;Vain;14.02.1972;M;37202142334;Peetri, Järvamaa
Lennart;Maidla;10.07.1999;M;39907101740;Aste, Saaremaa
Violeta;Liiva;13.11.1978;N;47811131705;Otepää, Valgamaa
Tairo;Kesküla;01.03.1969;M;36903015853;Näpi, Lääne-Virumaa
Kalvi;Aasmäe;01.03.2004;M;50403018353;Suure-Jaani, Viljandimaa
Vladimir;Ernits;04.01.2002;M;50201049447;Kõrgessaare, Hiiumaa
Danel;Toots;19.04.1971;M;37104190919;Kolga-Jaani, Viljandimaa
Mario;Talts;21.11.1995;M;39511219161;Väike-Maarja, Lääne-Virumaa
Mirtel;Liiv;18.11.1978;N;47811184615;Sindi, Pärnumaa
Bruno;Kalda;18.01.1974;M;37401187280;Mäetaguse, Ida-Virumaa
Sebastian;Oja;12.10.1968;M;36810126946;Lähte, Tartumaa
Kärolin;Vain;13.04.1964;N;46404131040;Karjaküla, Harjumaa
Sigrid;Erik;24.06.1984;N;48406243705;Tõstamaa, Pärnumaa
Ilona;Leppik;31.01.1985;N;48501310367;Tapa, Lääne-Virumaa
Eliisa;Simson;15.07.1981;N;48107155850;Püssi, Ida-Virumaa
Viktor;Jeršov;05.03.2002;M;50203053775;Rõngu, Tartumaa
Amina;Kink;22.01.2001;N;60101229872;Kiili, Harjumaa
Tony;Kelder;06.11.2008;M;50811062367;Laekvere, Lääne-Virumaa
Karli;Rätsep;17.09.1963;M;36309172471;Kuremaa, Jõgevamaa
Eve;Tuul;24.03.1999;N;49903240095;Vinni, Lääne-Virumaa
Elo;Hõbe;12.09.1995;N;49509121887;Paralepa, Läänemaa
Ethel;Novikov;02.05.1967;N;46705022918;Luunja, Tartumaa
Brita;Link;13.02.1981;N;48102135531;Raasiku, Harjumaa
Laur;Jürisson;24.02.1986;M;38602245149;Kihelkonna, Saaremaa
Riina;Saul;05.05.1987;N;48705050634;Ülenurme, Tartumaa
Aron;Sild;06.08.2004;M;50408062691;Simuna, Lääne-Virumaa
Janne;Kolesnik;10.12.1988;N;48812101045;Kolga, Harjumaa
Marcos;Kaljuvee;05.12.1988;M;38812051565;Võnnu, Tartumaa
Ivar;Vaher;05.11.2001;M;50111055381;Jõgeva, Jõgevamaa
Kaire;Hanson;13.08.1984;N;48408133852;Veriora, Põlvamaa
Jekaterina;Aun;11.03.1983;N;48303110888;Varnja, Tartumaa
Anni;Karro;07.07.1964;N;46407079504;Jõgeva, Jõgevamaa
Daisi;Trofimov;15.06.2003;N;60306152867;Tamsalu, Lääne-Virumaa
Gendra;Naumov;22.06.1960;N;46006221748;Aseri, Ida-Virumaa
Cärolin;Dmitriev;02.02.1970;N;47002020419;Õisu, Viljandimaa
Taavi;Luik;24.11.2001;M;50111248460;Palamuse, Jõgevamaa
Hanna Maria;Sobolev;17.03.1996;N;49603177559;Põltsamaa, Jõgevamaa
Kristine;Štšerbakov;05.12.1964;N;46412053507;Mäetaguse, Ida-Virumaa
Matti;Komarov;01.05.1972;M;37205014910;Lihula, Läänemaa
Elsa;Sarap;09.01.1964;N;46401099037;Varnja, Tartumaa
Eva Lotta;Sillaste;03.01.1961;N;46101034865;Rapla, Raplamaa
Keiro;Golubev;06.09.1993;M;39309068925;Risti, Läänemaa
Janek;Bogdanov;28.05.1991;M;39105287973;Ambla, Järvamaa
Kristian;Karpov;06.04.1964;M;36404063008;Kose-Uuemõisa, Harjumaa
Svjatoslav;Laanemets;29.11.1973;M;37311291624;Õisu, Viljandimaa
Deniss;Hanson;13.02.2006;M;50602130830;Viimsi, Harjumaa
Hanna-Liisa;Markus;05.05.1987;N;48705057396;Roela, Lääne-Virumaa
Elsa;Markus;21.02.1991;N;49102214360;Leisi, Saaremaa
Leelo;Reinsalu;02.05.1974;N;47405028866;Õru, Valgamaa
Anne-Mai;Ivanov;07.10.2001;N;60110072354;Erra, Ida-Virumaa
Rainar;Petrov;11.04.1982;M;38204110806;Toila, Ida-Virumaa
Marlon;Kruglov;02.10.1969;M;36910020747;Virtsu, Läänemaa
Rudolf;Kaljula;20.05.1991;M;39105201463;Helme, Valgamaa
Isabel;Frolov;14.10.1961;N;46110147097;Õisu, Viljandimaa
Daria;Vlassov;17.08.1992;N;49208178384;Vasalemma, Harjumaa
Annaliis;Rüütel;22.03.2007;N;60703221529;Lehtse, Lääne-Virumaa
Magnus;Aru;03.03.2002;M;50203030029;Haabneeme, Harjumaa
Aliise;Nikolaev;17.09.2000;N;60009176594;Väimela, Võrumaa
Mario;Raudsepp;09.08.1999;M;39908095095;Kambja, Tartumaa
Arlet;Soosalu;07.07.1965;M;36507076213;Vaida, Harjumaa
Kristjan;Nõmm;02.05.1980;M;38005022559;Rakke, Lääne-Virumaa
Ingrit;Oja;16.02.1991;N;49102167453;Puhja, Tartumaa
Elmar;Puusepp;16.04.2000;M;50004169231;Kõrgessaare, Hiiumaa
Norman;Lill;15.08.1965;M;36508150377;Taebla, Läänemaa
Ian;Sokk;10.11.1992;M;39211101849;Mustvee, Jõgevamaa
Remi;Timofejev;01.10.1982;M;38210012237;Lehtse, Lääne-Virumaa
Nicole;Treial;02.03.1982;N;48203021071;Tallinn, Harjumaa
Karmen;Siim;10.07.1971;N;47107106353;Keila, Harjumaa
Ken;Gromov;21.08.1997;M;39708211718;Tabivere, Jõgevamaa
Eliise;Leht;23.12.2005;N;60512234155;Veriora, Põlvamaa
Janeli;Pettai;19.11.1990;N;49011192257;Aravete, Järvamaa
Hugo;Paju;22.07.1977;M;37707224541;Laekvere, Lääne-Virumaa
Stella;Kangur;24.09.1993;N;49309248704;Adavere, Jõgevamaa
Anne-Liis;Kurg;24.04.2006;N;60604244335;Rannu, Tartumaa
Herman;Gorbunov;02.02.1960;M;36002024945;Rannu, Tartumaa
Elisa;Drozdov;09.01.1990;N;49001090151;Haabneeme, Harjumaa
Meribel;Salu;22.08.2007;N;60708225036;Kuressaare, Saaremaa
Emilie;Koger;18.08.2006;N;60608185013;Ramsi, Viljandimaa
Edgar;Kala;04.10.1991;M;39110040658;Virtsu, Läänemaa
Sten-Markus;Zahharov;01.07.2006;M;50607010954;Kõpu, Viljandimaa
Raina;Liblik;17.11.1999;N;49911171903;Abja-Paluoja, Viljandimaa
Ksenija;Kolk;01.07.1981;N;48107018212;Võsu, Lääne-Virumaa
Dana;Arro;20.02.1980;N;48002206851;Rapla, Raplamaa
Taavet;Sepp;23.12.1996;M;39612236886;Narva-Jõesuu, Ida-Virumaa
Karl-Kristjan;Gross;27.06.1977;M;37706276971;Nõo, Tartumaa
Polina;Jalakas;19.12.1969;N;46912198430;Tapa, Lääne-Virumaa
Raivo;Pent;23.09.1976;M;37609233255;Narva, Ida-Virumaa
Anette;Randmaa;26.08.1978;N;47808268848;Kärla, Saaremaa
Karoliine;Õunapuu;15.10.1969;N;46910159008;Järvakandi, Raplamaa
Keili;Lehiste;18.08.1979;N;47908182386;Sindi, Pärnumaa
Aet;Toots;16.08.1990;N;49008160826;Siimusti, Jõgevamaa
Marita;Valge;02.11.2006;N;60611027992;Jüri, Harjumaa
Dominik;Põldma;19.04.2001;M;50104192691;Sillamäe, Ida-Virumaa
Andro;Raamat;01.06.1993;M;39306010923;Kose-Uuemõisa, Harjumaa
Marta;Järv;25.02.1963;N;46302250726;Valga, Valgamaa
Beatrice;Kaljula;30.01.2007;N;60701305491;Sõmeru, Lääne-Virumaa
Enriko;Õispuu;28.09.1998;M;39809282504;Tallinn, Harjumaa
Timmo;Ivanov;15.04.1982;M;38204154856;Parksepa, Võrumaa
Brenda;Bõstrov;31.01.2005;N;60501318794;Ämari, Harjumaa
Antti;Jeršov;08.02.1993;M;39302084333;Sonda, Ida-Virumaa
Aap;Safronov;03.06.2008;M;50806035640;Jüri, Harjumaa
Gregor;Sepp;08.12.1963;M;36312085501;Kiili, Harjumaa
Sören;Laas;23.10.2007;M;50710236614;Narva-Jõesuu, Ida-Virumaa
Killu;Liblik;26.03.1969;N;46903262879;Assaku, Harjumaa
Marleen;Jegorov;22.03.2008;N;60803223443;Are, Pärnumaa
Marilyn;Soon;11.09.1978;N;47809110353;Virtsu, Läänemaa
Matis;Kangur;02.09.1979;M;37909024731;Keava, Raplamaa
Toomas;Ott;13.01.1991;M;39101136478;Pajusti, Lääne-Virumaa
Randar;Mürk;29.01.2004;M;50401292948;Mehikoorma, Tartumaa
Kermo;Kohv;28.03.1979;M;37903280712;Paikuse, Pärnumaa
Aare;Kalinin;14.08.1979;M;37908144139;Alatskivi, Tartumaa
Caspar;Meister;03.12.1996;M;39612031262;Kose, Harjumaa
Ranar;Golubev;17.04.1997;M;39704170417;Leisi, Saaremaa
Deivid;Mihhailov;10.04.1963;M;36304103561;Lehtse, Lääne-Virumaa
Krete;Mägi;24.05.1976;N;47605243032;Mehikoorma, Tartumaa
Eleanora;Medvedev;05.06.1994;N;49406056492;Sääse, Lääne-Virumaa
Siret;Lepp;03.09.1985;N;48509037716;Kõrveküla, Tartumaa
Katariina;Aakre;17.09.2000;N;60009170501;Oisu, Järvamaa
Jörgen;Golubev;25.06.1996;M;39606250790;Alu, Raplamaa
Marvin;Vaino;21.10.2003;M;50310211823;Paide, Järvamaa
Victor;Alas;12.11.1990;M;39011121446;Kadrina, Lääne-Virumaa
Egle;Nikiforov;24.03.1962;N;46203247572;Põltsamaa, Jõgevamaa
Jan-Erik;Timofejev;11.06.1985;M;38506111193;Kuusalu, Harjumaa
Cristofer;Jakovlev;28.10.1993;M;39310288797;Vastseliina, Võrumaa
Caroline;Davõdov;29.05.1988;N;48805297600;Simuna, Lääne-Virumaa
Veronika;Jõgi;11.04.1960;N;46004119987;Salme, Saaremaa
Nikolay;Rebane;13.10.1995;M;39510137713;Häädemeeste, Pärnumaa
Evgeniya;Kalamees;03.01.1996;N;49601031155;Kose, Võrumaa
Sebastian;Õispuu;25.08.1976;M;37608255338;Karjaküla, Harjumaa
Deivid;Makarov;20.08.1963;M;36308209558;Sonda, Ida-Virumaa
Svjatoslav;Rätsep;10.08.1990;M;39008101403;Kangru, Harjumaa
Keijo;Juhkam;25.12.1996;M;39612253570;Märjamaa, Raplamaa
Mari;Sobolev;29.06.2008;N;60806290396;Loo, Harjumaa
Xenia;Anissimov;19.04.2001;N;60104190035;Kõpu, Viljandimaa
Elvira;Novikov;05.04.1970;N;47004056288;Jõhvi, Ida-Virumaa
Eleriin;Fedotov;18.10.1969;N;46910183864;Märjamaa, Raplamaa
Tiiu;Suvi;25.10.1970;N;47010251759;Kuusalu, Harjumaa
Emeri;Markus;10.03.1985;N;48503105674;Puurmani, Jõgevamaa
Jane-Ly;Toome;01.07.1987;N;48707010822;Vändra, Pärnumaa
Mariana;Klein;17.08.1971;N;47108174919;Kilingi-Nõmme, Pärnumaa
Sven Erik;Lomp;06.12.2001;M;50112062205;Loo, Harjumaa
Gennadi;Raidma;07.06.1994;M;39406077717;Võiste, Pärnumaa
Sylvia;Õunapuu;04.06.1999;N;49906042766;Võru, Võrumaa
Heinrich;Laur;12.05.1994;M;39405128051;Juuru, Raplamaa
Sven;Jürisson;11.07.2007;M;50707111507;Kiiu, Harjumaa
Kristian;Mironov;20.10.2008;M;50810206859;Kolga, Harjumaa
Tauno;Jürgenson;24.08.1972;M;37208244827;Kõrgessaare, Hiiumaa
Kärolin;Rohtla;18.07.1975;N;47507187701;Eidapere, Raplamaa
Eliise;Iljin;07.09.1967;N;46709074360;Halliste, Viljandimaa
Karoliina;Sild;01.04.2000;N;60004014273;Maardu, Harjumaa
Kreete;Maack;04.07.1963;N;46307047877;Toila, Ida-Virumaa
Merli;Jänes;26.04.1960;N;46004269508;Käravete, Järvamaa
Cassandra;Poljakov;19.04.1999;N;49904192549;Aegviidu, Harjumaa
Mariell;Mann;05.10.1979;N;47910055275;Türi, Järvamaa
Kregor;Mänd;17.03.2004;M;50403171054;Põltsamaa, Jõgevamaa
Valeria;Härm;08.12.1979;N;47912080184;Alu, Raplamaa
Maarit;Jõgi;08.04.1982;N;48204081599;Rõuge, Võrumaa
Sten-Markus;Luiga;26.10.1967;M;36710264401;Paikuse, Pärnumaa
Regina;Alekseev;24.04.1982;N;48204243919;Tori, Pärnumaa
Ergo;Maack;28.04.2006;M;50604287486;Valga, Valgamaa
Janek;Leis;05.02.2008;M;50802058341;Kaiu, Raplamaa
Inge;Ader;09.01.1967;N;46701090934;Järvakandi, Raplamaa
Andry;Korol;12.03.1986;M;38603122253;Torma, Jõgevamaa
Keit;Lotman;25.12.1991;M;39112251843;Käärdi, Tartumaa
Vadim;Gross;07.05.1965;M;36505077602;Kõrgessaare, Hiiumaa
Marta;Tali;19.09.1973;N;47309195977;Sauga, Pärnumaa
Taivo;Karpov;12.08.1978;M;37808121242;Keava, Raplamaa
Annaliis;Hanson;01.09.1994;N;49409017266;Mõisaküla, Viljandimaa
Brigitta;Põder;04.06.1965;N;46506044303;Helme, Valgamaa
Sten-Markus;Sutt;22.05.1978;M;37805223726;Tabivere, Jõgevamaa
Fjodor;Hõbe;25.05.1981;M;38105258833;Harku, Harjumaa
Eric;Kiisk;02.04.1989;M;38904029966;Juuru, Raplamaa
Armand;Mõttus;10.04.1977;M;37704103862;Simuna, Lääne-Virumaa
Žanna;Fedotov;03.06.1987;N;48706033534;Sinimäe, Ida-Virumaa
Anni;Kokk;28.06.1976;N;47606287423;Roiu, Tartumaa
Meeri;Nikolaev;11.03.1994;N;49403119595;Kiiu, Harjumaa
Nadežda;Lehiste;02.05.1971;N;47105028714;Alu, Raplamaa
Hedvig;Gavrilov;30.06.2007;N;60706305480;Kiiu, Harjumaa
Karoli;Kaljula;09.01.1981;N;48101096052;Roiu, Tartumaa
Kärt;Põder;07.04.1990;N;49004070337;Valjala, Saaremaa
Kristel;Post;26.01.2002;N;60201264078;Erra, Ida-Virumaa
Lennart;Karu;27.01.2006;M;50601274875;Sindi, Pärnumaa
Markko;Tuulik;09.01.1994;M;39401098680;Kõpu, Viljandimaa
Krete;Lauri;12.04.1992;N;49204126254;Ulila, Tartumaa
Kairi;Vlassov;13.12.1967;N;46712131370;Alatskivi, Tartumaa
Armo;Tammik;16.12.2004;M;50412160947;Ülenurme, Tartumaa
Katharina;Nurk;20.06.1990;N;49006208801;Kuremaa, Jõgevamaa
Gerdi;Lepp;01.09.1981;N;48109015120;Jõgeva, Jõgevamaa
Stiina;Vlassov;21.10.1979;N;47910219148;Viiratsi, Viljandimaa
Elena;Laht;15.10.1995;N;49510151481;Räpina, Põlvamaa
Kariina;Kirsipuu;28.11.1965;N;46511283706;Jõhvi, Ida-Virumaa
Marko;Võsu;15.02.1969;M;36902157404;Prillimäe, Raplamaa
Egle;Rebane;27.11.2008;N;60811271361;Kanepi, Põlvamaa
Inger;Miller;07.06.1967;N;46706073548;Uuemõisa, Läänemaa
Jaanek;Stepanov;13.05.1977;M;37705133939;Tõrva, Valgamaa
Joonatan;Konstantinov;20.12.1967;M;36712207519;Juuru, Raplamaa
Simo;Kasak;02.02.2002;M;50202024477;Võõpsu, Põlvamaa
Karl Robert;Kadak;10.01.1982;M;38201100753;Kiltsi, Lääne-Virumaa
Romet;Rebane;23.07.1997;M;39707234929;Orissaare, Saaremaa
Maarika;Loginov;16.02.1998;N;49802162936;Kudjape, Saaremaa
Fredy;Treial;14.09.1988;M;38809145400;Lagedi, Harjumaa
Heiko;Vahter;26.07.1962;M;36207268553;Lavassaare, Pärnumaa
Rudolf;Valge;08.07.1986;M;38607089125;Vaida, Harjumaa
Veroonika;Pihlak;10.04.2002;N;60204102509;Võru, Võrumaa
Keiro;Kull;09.10.1978;M;37810098395;Juuru, Raplamaa
Marelle;Lumiste;18.10.2007;N;60710182334;Prillimäe, Raplamaa
Randar;Link;19.12.1975;M;37512192948;Sõmerpalu, Võrumaa
Anfissa;Alas;09.06.1997;N;49706091054;Olgina, Ida-Virumaa
Johann;Teder;19.06.1972;M;37206193587;Kärla, Saaremaa
Mike;Raidma;17.08.1993;M;39308176938;Rakke, Lääne-Virumaa
Kendra;Moor;01.03.1971;N;47103013288;Alatskivi, Tartumaa
Margo;Titov;01.11.1990;M;39011013425;Saku, Harjumaa
Tarvi;Treier;27.05.1968;M;36805276518;Tabivere, Jõgevamaa
Marianna;Soosaar;07.06.1962;N;46206073609;Kolkja, Tartumaa
Eva Maria;Vähi;27.03.1967;N;46703275721;Varstu, Võrumaa
Hannabel;Nõmmik;04.12.1974;N;47412041144;Käru, Raplamaa
Georg;Kangur;22.07.1982;M;38207225080;Tihemetsa, Pärnumaa
Airi;Silm;11.06.1960;N;46006119454;Roiu, Tartumaa
Carl;Nõmme;22.03.1984;M;38403220321;Kudjape, Saaremaa
Sulev;Toom;14.01.1983;M;38301142895;Lavassaare, Pärnumaa
Jan;Aavik;20.01.1995;M;39501207720;Kolga, Harjumaa
Jaagup;Sibul;13.01.1989;M;38901131586;Vändra, Pärnumaa
Fjodor;Fedorov;02.12.1965;M;36512021413;Narva, Ida-Virumaa
Markko;Kurg;30.05.1985;M;38505307628;Ilmatsalu, Tartumaa
Lii;Panov;10.09.1960;N;46009104833;Laekvere, Lääne-Virumaa
Tiina;Unt;19.05.1965;N;46505190477;Käina, Hiiumaa
Ellen;Koitla;18.12.1996;N;49612184566;Tsirguliina, Valgamaa
Keven;Kaur;13.05.1986;M;38605130246;Loo, Harjumaa
Ilja;Koger;28.03.1960;M;36003284003;Rõuge, Võrumaa
Silver;Friedman;18.07.2006;M;50607186787;Kolkja, Tartumaa
Anatoli;Kalda;29.06.1969;M;36906298873;Tartu, Tartumaa
Sylvia;Timofejev;01.12.1983;N;48312011829;Käru, Raplamaa
Sandra;Konovalov;09.12.1994;N;49412092355;Narva-Jõesuu, Ida-Virumaa
Anne-Liis;Safronov;09.03.2004;N;60403091501;Puurmani, Jõgevamaa
Pille-Riin;Varik;01.08.1987;N;48708015933;Kohtla-Nõmme, Ida-Virumaa
Anna Liisa;Tamm;07.09.1967;N;46709077749;Järvakandi, Raplamaa
Verner;Põldma;23.11.1997;M;39711231582;Paide, Järvamaa
Maiu;Põldma;04.04.2005;N;60504049269;Lagedi, Harjumaa
Olev;Tomson;03.01.1990;M;39001033615;Torma, Jõgevamaa
Annett;Tammet;31.10.1965;N;46510314119;Sillamäe, Ida-Virumaa
Taavo;Mark;05.02.1965;M;36502056141;Rapla, Raplamaa
Indra;Sibul;07.06.1994;N;49406078502;Viru-Jaagupi, Lääne-Virumaa
Aleksei;Järvekülg;14.01.1982;M;38201148653;Kangru, Harjumaa
Heiki;Medvedev;05.08.1988;M;38808053019;Kilingi-Nõmme, Pärnumaa
Egle;Järv;16.10.1994;N;49410163621;Tõstamaa, Pärnumaa
Karl Oskar;Org;17.11.2007;M;50711170368;Kamari, Jõgevamaa
Ernst;Anton;04.07.1984;M;38407041920;Narva-Jõesuu, Ida-Virumaa
Ailen;Lepp;24.02.1974;N;47402246976;Tõstamaa, Pärnumaa
Trevor;Soon;10.02.1962;M;36202105434;Kohtla-Nõmme, Ida-Virumaa
Randar;Tali;17.09.1973;M;37309176901;Tartu, Tartumaa
Arina;Laan;18.07.1968;N;46807181166;Kõpu, Viljandimaa
Auli;Bondarenko;02.10.1998;N;49810023801;Aseri, Ida-Virumaa
Merit;Susi;03.01.1974;N;47401038403;Lavassaare, Pärnumaa
Mariliis;Kirillov;26.10.1970;N;47010260088;Palivere, Läänemaa
Sandro;Leht;16.11.1973;M;37311165494;Väike-Maarja, Lääne-Virumaa
Marlon;Meister;17.09.1984;M;38409176987;Vasalemma, Harjumaa
Karl Marten;Renoir;15.10.1995;M;39510153090;Kunda, Lääne-Virumaa
Günther;Fomin;27.09.1961;M;36109273083;Taebla, Läänemaa
Julia;Oras;17.06.1978;N;47806178585;Võõpsu, Põlvamaa
Triin;Sirel;30.11.1962;N;46211300045;Uhtna, Lääne-Virumaa
Gennadi;Romanov;01.05.1960;M;36005013068;Räpina, Põlvamaa
Ahti;Madisson;18.03.1985;M;38503189968;Kanepi, Põlvamaa
Rebeca;Hansen;02.09.1960;N;46009024309;Jüri, Harjumaa
Gerdi;Sarapuu;25.01.1980;N;48001256237;Taebla, Läänemaa
Rain;Timofejev;22.09.1986;M;38609221055;Keila-Joa, Harjumaa
Ako;Schmidt;28.06.1987;M;38706286362;Paide, Järvamaa
Alondra;Link;06.09.1967;N;46709060170;Assaku, Harjumaa
Elin;Mercklin;30.03.1981;N;48103303421;Aravete, Järvamaa
Ave-Marleen;Lang;20.08.1967;N;46708203218;Maardu, Harjumaa
Daniella;Raudsepp;26.10.1998;N;49810266729;Valjala, Saaremaa
Janari;Kroon;12.11.1967;M;36711126226;Sinimäe, Ida-Virumaa
Ahti;Pruul;20.02.1976;M;37602201008;Räpina, Põlvamaa
Elvis;Anton;06.07.1972;M;37207068492;Vastse-Kuuste, Põlvamaa
Sten Martin;Oks;11.10.1985;M;38510115657;Sonda, Ida-Virumaa
Kreete;Luik;30.06.1962;N;46206306101;Tartu, Tartumaa
Pilleriin;Must;01.10.1981;N;48110019040;Ahja, Põlvamaa
Taago;Kallas;15.11.1994;M;39411151400;Kiltsi, Lääne-Virumaa
Elena;Konstantinov;09.03.1983;N;48303094144;Häädemeeste, Pärnumaa
Ethel;Aasa;11.10.1970;N;47010118643;Puurmani, Jõgevamaa
Georgi;Gerassimov;23.04.1988;M;38804238564;Koeru, Järvamaa
Dagmar;Konovalov;22.06.1973;N;47306225206;Ravila, Harjumaa
Marju;Tuulik;22.11.1962;N;46211223017;Näpi, Lääne-Virumaa
Mati;Vinogradov;31.07.2006;M;50607311152;Olgina, Ida-Virumaa
Maria;Simson;06.08.1999;N;49908062246;Veriora, Põlvamaa
Merili;Kukk;30.05.2008;N;60805304662;Salme, Saaremaa
Raiko;Kapp;22.11.2002;M;50211220397;Lohusuu, Ida-Virumaa
Tormi;Lapin;28.11.1995;M;39511280942;Nasva, Saaremaa
Rebeka;Lotman;19.09.1992;N;49209194752;Valga, Valgamaa
Raino;Võsu;07.02.1971;M;37102075928;Loksa, Harjumaa
Lisandra;Liiva;27.09.2003;N;60309275483;Rõngu, Tartumaa
Jürgen;Saar;29.10.1983;M;38310292683;Kaiu, Raplamaa
Uku;Rand;23.05.1998;M;39805230220;Are, Pärnumaa
Gloria;Oks;12.03.1963;N;46303125941;Sinimäe, Ida-Virumaa
Mariin;Kivilo;26.01.2007;N;60701269072;Kohtla-Järve, Ida-Virumaa
Ronald;Kask;21.01.1975;M;37501210495;Risti, Läänemaa
Koit;Põldma;28.06.2001;M;50106288375;Käina, Hiiumaa
Anneli;Rebane;06.11.1982;N;48211066507;Uuemõisa, Läänemaa
Hendri;Valk;06.05.1998;M;39805069527;Hulja, Lääne-Virumaa
Reeli;Bogdanov;20.09.1994;N;49409201190;Järva-Jaani, Järvamaa
Kristo;Grigorieva;17.03.1982;M;38203178275;Kiviõli, Ida-Virumaa
Helle;Vaht;30.10.1999;N;49910306473;Rapla, Raplamaa
Karli;Powell;05.11.1975;M;37511051109;Hagudi, Raplamaa
Dajana;Randoja;11.01.1979;N;47901111253;Tori, Pärnumaa
Ingel;Tsvetkov;25.08.1973;N;47308252289;Sääse, Lääne-Virumaa
Egle;Liiva;22.12.1993;N;49312221784;Kiisa, Harjumaa
Tomas;Ševtšenko;23.03.1973;M;37303231019;Kohtla-Järve, Ida-Virumaa
Ian;Lepp;13.05.1975;M;37505137810;Kilingi-Nõmme, Pärnumaa
Maire;Heinsalu;01.08.1988;N;48808018733;Karksi-Nuia, Viljandimaa
Beatrice;Jänes;05.02.1993;N;49302055089;Häädemeeste, Pärnumaa
Kärol;Orav;09.11.1991;N;49111096486;Rakvere, Lääne-Virumaa
Alexandre;Nurk;22.06.2003;M;50306223403;Tammiku, Ida-Virumaa
Argo;Säde;30.05.1993;M;39305309381;Tallinn, Harjumaa
Kaja;Kuuse;10.12.2006;N;60612100550;Mustvee, Jõgevamaa
Alo;Sander;15.01.1962;M;36201157045;Suure-Jaani, Viljandimaa
Annaliis;Žuravljov;27.12.1983;N;48312276413;Kudjape, Saaremaa
Keit;Ojala;14.09.1993;M;39309143537;Palivere, Läänemaa
Kätlyn;Rein;26.11.2001;N;60111269881;Alatskivi, Tartumaa
Marco;Hein;17.07.1987;M;38707179286;Tudu, Lääne-Virumaa
Heigo;Lääne;03.03.1981;M;38103035244;Lepna, Lääne-Virumaa
Natalia;Klavan;27.06.1995;N;49506275602;Mustla, Viljandimaa
Sten;Viik;05.11.1969;M;36911057074;Ravila, Harjumaa
Aurelia;Friedman;19.02.1970;N;47002190412;Rummu, Harjumaa
Kati;Lotman;04.10.1991;N;49110048074;Halliste, Viljandimaa
Gerdo;Kurg;12.04.2003;M;50304125897;Kohila, Raplamaa
Hannah;Koppel;21.10.1990;N;49010215122;Parksepa, Võrumaa
Karoli;Kikkas;12.01.1986;N;48601128055;Keila, Harjumaa
Tamara;Kool;21.10.1991;N;49110215789;Varstu, Võrumaa
Laura-Liis;Liivamägi;13.02.1980;N;48002135608;Kaiu, Raplamaa
Kadi;Kolesnik;09.01.1993;N;49301099905;Sõmerpalu, Võrumaa
Marlen;Kant;13.08.1997;N;49708137259;Hageri, Raplamaa
Rainis;Kalda;03.03.2005;M;50503031527;Kobela, Võrumaa
Nora;Lillemets;04.05.1977;N;47705043378;Väätsa, Järvamaa
Mihhail;Vaher;25.11.1985;M;38511255896;Assaku, Harjumaa
Anders;Pajula;02.04.2001;M;50104026129;Kostivere, Harjumaa
Kärolin;Rätsep;17.05.1962;N;46205178644;Karksi-Nuia, Viljandimaa
Ayrton;Miller;11.05.1982;M;38205115282;Sõmerpalu, Võrumaa
Egle;Võsu;29.08.1994;N;49408296448;Nasva, Saaremaa
Annett;Klimov;07.08.1998;N;49808077935;Tõrvandi, Tartumaa
Jan-Erik;Mandel;13.11.1983;M;38311132955;Tõrva, Valgamaa
Lembit;Vähi;26.10.1966;M;36610266828;Mooste, Põlvamaa
Heiko;Krõlov;21.01.2002;M;50201214620;Leisi, Saaremaa
Hans;Link;14.02.1989;M;38902148827;Kiltsi, Lääne-Virumaa
Karin;Kõiv;01.02.1985;N;48502019413;Väimela, Võrumaa
Anfissa;Golubev;25.12.1996;N;49612257473;Juuru, Raplamaa
Timo;Lunin;15.10.1988;M;38810157345;Alu, Raplamaa
Nikol;Kõiv;31.05.1994;N;49405312809;Harku, Harjumaa
Markel;Liiva;30.06.1981;M;38106307768;Särevere, Järvamaa
Talis;Paap;05.09.1995;M;39509058918;Palamuse, Jõgevamaa
Kärol;Mäesalu;08.02.1965;N;46502089748;Laiuse, Jõgevamaa
Veniamin;Kazakov;28.02.1960;M;36002287026;Käravete, Järvamaa
Jorgen;Puusepp;26.08.1995;M;39508265383;Puurmani, Jõgevamaa
Sanna;Kalm;14.06.2004;N;60406145930;Palivere, Läänemaa
Anželika;Saks;02.07.1980;N;48007027734;Lüganuse, Ida-Virumaa
Kädi;Jefimov;23.01.1971;N;47101236004;Elva, Tartumaa
Deniel;Bõstrov;15.10.1965;M;36510157714;Viru-Jaagupi, Lääne-Virumaa
Merje;Kroon;26.05.1968;N;46805261141;Kuusalu, Harjumaa
Annabel;Mäesalu;26.01.1968;N;46801260626;Roosna-Alliku, Järvamaa
Renno;Romanov;03.02.1974;M;37402035877;Rakvere, Lääne-Virumaa
Teili;Treier;13.07.1975;N;47507132302;Kihelkonna, Saaremaa
Artyom;Lass;11.04.1979;M;37904117570;Rummu, Harjumaa
Jegor;Tilk;06.08.1982;M;38208060203;Kehra, Harjumaa
Hans;Jalakas;12.09.1978;M;37809124649;Järvakandi, Raplamaa
Albina;Mitt;17.02.1983;N;48302170150;Äksi, Tartumaa
Simon;Tihhomirov;26.05.1983;M;38305263581;Lüganuse, Ida-Virumaa
Katarina;Pavlov;19.10.1998;N;49810198817;Haapsalu, Läänemaa
Kreete;Davõdov;22.10.1976;N;47610222573;Nasva, Saaremaa
Veiko;Kivistik;18.09.1997;M;39709186502;Rõuge, Võrumaa
Krister;Aus;19.01.1978;M;37801197574;Sillamäe, Ida-Virumaa
Merle;Kaur;18.12.1963;N;46312182580;Vaida, Harjumaa
Evita;Fedotov;14.05.1973;N;47305140686;Assaku, Harjumaa
Gert;Kasak;09.09.1995;M;39509093546;Jõhvi, Ida-Virumaa
Jan-Erik;Kulikov;23.01.1961;M;36101232890;Tihemetsa, Pärnumaa
Rein;Mironov;16.04.2007;M;50704161193;Uhtna, Lääne-Virumaa
Dario;Tuulik;26.10.1993;M;39310263823;Haljala, Lääne-Virumaa
Evgeniya;Maslov;20.06.1961;N;46106201238;Vändra, Pärnumaa
Emily;Vahtra;03.08.1976;N;47608033475;Sääse, Lääne-Virumaa
Kait;Allas;27.03.1979;M;37903271311;Laiuse, Jõgevamaa
Richard;Erik;17.06.1976;M;37606174659;Turba, Harjumaa
Marili;Kirs;07.07.2003;N;60307071577;Kambja, Tartumaa
Gertrud;Aleksandrov;26.12.1969;N;46912264638;Puhja, Tartumaa
Mia;Meier;05.05.2004;N;60405050661;Prillimäe, Raplamaa
Stanislav;Vorobjov;15.12.1998;M;39812155829;Laagri, Harjumaa
Krislin;Kallas;27.11.1968;N;46811275055;Sindi, Pärnumaa
Reno;Saks;24.10.1987;M;38710242334;Turba, Harjumaa
Elin;Lotman;26.09.1988;N;48809262486;Jüri, Harjumaa
Evelyn;Pihlak;11.01.1964;N;46401119535;Märjamaa, Raplamaa
Age;Belov;02.09.1960;N;46009025512;Raasiku, Harjumaa
Meelika;Kivilo;16.04.1967;N;46704165083;Voka, Ida-Virumaa
Sabrina;Egorov;02.09.1960;N;46009029308;Kärla, Saaremaa
Tarvo;Aleksandrov;02.03.1972;M;37203024997;Kolga, Harjumaa
Valdo;Vähi;07.05.1996;M;39605072266;Kuusiku, Raplamaa
Marili;Sööt;21.09.1988;N;48809216338;Roosna-Alliku, Järvamaa
Helene;Koppel;13.01.1980;N;48001137884;Kuremaa, Jõgevamaa
Amina;Raadik;15.10.2002;N;60210154441;Märja, Tartumaa
Riko;Roos;11.03.1997;M;39703112808;Näpi, Lääne-Virumaa
Laura;Müürsepp;26.03.1987;N;48703266527;Lelle, Raplamaa
Triinu-Liis;Allik;25.02.1981;N;48102259356;Veriora, Põlvamaa
Kaimar;Mihhailov;02.09.1987;M;38709027357;Häädemeeste, Pärnumaa
Marianne;Rohtla;27.07.1992;N;49207278204;Hummuli, Valgamaa
Valdur;Semenov;15.06.1965;M;36506153862;Põlva, Põlvamaa
Roomet;Vinogradov;07.12.1976;M;37612071969;Siimusti, Jõgevamaa
Sophia;Konstantinov;11.11.1986;N;48611114514;Oisu, Järvamaa
Keiro;Kolk;04.11.1976;M;37611043967;Kuusalu, Harjumaa
Tim;Krõlov;16.02.2007;M;50702163806;Võhma, Viljandimaa
Marianne;Salu;16.12.1990;N;49012168011;Türi, Järvamaa
Helle;Lipp;07.11.2003;N;60311074051;Assaku, Harjumaa
Kätriin;Remmel;06.06.1969;N;46906061537;Lüganuse, Ida-Virumaa
Kendra;Sepp;16.09.1974;N;47409162706;Kehtna, Raplamaa
Kaido;Abel;05.09.2006;M;50609056504;Tabasalu, Harjumaa
Marina;Müür;22.08.2002;N;60208227200;Laiuse, Jõgevamaa
Oleg;Vahter;30.03.1967;M;36703307135;Leisi, Saaremaa
Miia;Jermakov;08.04.1977;N;47704086503;Tõravere, Tartumaa
Raili;Tuulik;29.07.1999;N;49907292269;Kolga-Jaani, Viljandimaa
Mariete;Smirnov;15.05.1975;N;47505154249;Parksepa, Võrumaa
Dmitry;Juhkam;07.08.1967;M;36708072670;Lihula, Läänemaa
Pille-Riin;Raud;08.03.1964;N;46403083908;Mehikoorma, Tartumaa
Ragne;Juhanson;08.09.1999;N;49909085631;Aruküla, Harjumaa
Eret;Vasiliev;22.05.1989;N;48905220713;Uhtna, Lääne-Virumaa
Fredy;Sikorski;01.10.2000;M;50010011147;Lepna, Lääne-Virumaa
Hanno;Arula;04.06.1967;M;36706043217;Sääse, Lääne-Virumaa
Jasper;Liivak;18.03.1964;M;36403186477;Peetri, Järvamaa
Gregori;Semenov;16.07.1985;M;38507164534;Eidapere, Raplamaa
Arvo;Hunt;07.04.1987;M;38704073753;Kehtna, Raplamaa
Regina;Fedorov;10.09.2001;N;60109109297;Mustla, Viljandimaa
Svjatoslav;Kink;08.08.1971;M;37108086461;Tudulinna, Ida-Virumaa
Kristella;Teras;21.05.1993;N;49305219991;Avinurme, Ida-Virumaa
Georg;Bõstrov;08.04.2008;M;50804089229;Mõisaküla, Viljandimaa
Maik;Kirillov;24.02.1965;M;36502245700;Suure-Jaani, Viljandimaa
Laura Liisa;Smirnov;07.04.1968;N;46804075924;Kamari, Jõgevamaa
Sirje;Bell;25.07.1989;N;48907253093;Vastseliina, Võrumaa
Ingel;Lass;11.09.1971;N;47109112471;Tallinn, Harjumaa
Tiiu;Post;16.12.1961;N;46112160283;Käina, Hiiumaa
Annela;Nurm;02.07.1966;N;46607027863;Ulila, Tartumaa
Valeria;Niit;21.06.1966;N;46606215396;Väike-Maarja, Lääne-Virumaa
Vitali;Viks;20.12.1983;M;38312207663;Tudu, Lääne-Virumaa
Gerttu;Stepanov;02.02.1986;N;48602021738;Are, Pärnumaa
Vlad;Soosalu;24.03.2007;M;50703248380;Risti, Läänemaa
Anneliis;Kissa;17.09.1970;N;47009174479;Püssi, Ida-Virumaa
Valentin;Poljakov;11.09.1985;M;38509113265;Veriora, Põlvamaa
Marta;Kont;11.10.1995;N;49510114690;Järvakandi, Raplamaa
Reno;Kasemaa;08.01.1968;M;36801084928;Uuemõisa, Läänemaa
Ermo;Kuus;15.05.1995;M;39505156112;Hulja, Lääne-Virumaa
Astrid;Kallas;01.10.1986;N;48610016216;Võnnu, Tartumaa
Marily;Lipp;29.06.1981;N;48106298891;Mooste, Põlvamaa
Rebeca;Kaur;21.05.1991;N;49105213014;Kihelkonna, Saaremaa
Dagne;Kirss;24.06.1962;N;46206243036;Torma, Jõgevamaa
Evelina;Liivamägi;31.03.1980;N;48003319519;Kuressaare, Saaremaa
Marie;Kuus;12.08.2000;N;60008123372;Vinni, Lääne-Virumaa
Taago;Lehtmets;13.04.1993;M;39304132391;Jüri, Harjumaa
Katariina;Lillemets;20.07.1977;N;47707209727;Risti, Läänemaa
Ljubov;Randmaa;26.05.1991;N;49105265145;Tammiku, Ida-Virumaa
Nicole;Ševtšenko;26.02.1984;N;48402264390;Ravila, Harjumaa
Sander;Sild;09.10.1968;M;36810092740;Salme, Saaremaa
Heikki;Abel;27.01.1994;M;39401276087;Viiratsi, Viljandimaa
Juliana;Kazakov;03.01.2002;N;60201032852;Lohusuu, Ida-Virumaa
Kelvin;Kiisk;16.07.1997;M;39707162258;Kilingi-Nõmme, Pärnumaa
Evely;Jürgens;08.11.1975;N;47511083659;Kasepää, Tartumaa
Iti;Koit;27.11.1990;N;49011279956;Rapla, Raplamaa
Mehis;Lokk;11.07.1976;M;37607112272;Orissaare, Saaremaa
Katre;Uibo;16.06.2005;N;60506164886;Halliste, Viljandimaa
Maxim;Rebane;25.12.2006;M;50612256274;Tõravere, Tartumaa
Lennart;Rüütel;17.03.1974;M;37403178828;Torma, Jõgevamaa
Margus;Oks;07.08.1962;M;36208077265;Tudu, Lääne-Virumaa
Erki;Viik;01.03.1977;M;37703017701;Tõravere, Tartumaa
Alice;Arula;24.12.1998;N;49812241944;Viljandi, Viljandimaa
Ursula;Laane;20.09.1966;N;46609205600;Ravila, Harjumaa
Marleen;Klaas;29.11.1990;N;49011299491;Õru, Valgamaa
Villu;Piirsalu;27.04.1973;M;37304278001;Mustla, Viljandimaa
Jan Erik;Lillemets;05.09.1991;M;39109058606;Lihula, Läänemaa
Trevor;Salumäe;17.12.2001;M;50112179837;Paikuse, Pärnumaa
Mattis;Zahharov;21.01.1969;M;36901212818;Lepna, Lääne-Virumaa
Heiko;Luht;15.05.2004;M;50405155369;Keila-Joa, Harjumaa
Sandro;Mäeots;18.11.1984;M;38411180984;Alu, Raplamaa
Moonika;Talts;31.03.2001;N;60103315153;Kureküla, Tartumaa
Tristan;Lääts;01.09.1962;M;36209016786;Alatskivi, Tartumaa
Teili;Loginov;01.11.1964;N;46411011200;Põlva, Põlvamaa
Valeriya;Taal;01.04.2008;N;60804017673;Tootsi, Pärnumaa
Revo;Uus;10.11.1993;M;39311105439;Haapsalu, Läänemaa
Michael;Mägi;23.06.1966;M;36606235840;Sangaste, Valgamaa
Karl Johan;Toom;06.06.1997;M;39706067167;Rõngu, Tartumaa
Berit;Rätsep;07.09.1983;N;48309073345;Juuru, Raplamaa
Märten;Vähi;05.02.2000;M;50002055528;Adavere, Jõgevamaa
Renno;Muru;17.08.1985;M;38508178230;Kangru, Harjumaa
Oleg;Jermakov;13.04.1975;M;37504134218;Turba, Harjumaa
Kadi-Liis;Paal;16.02.2001;N;60102160674;Iisaku, Ida-Virumaa
Margareth;Powell;30.08.1972;N;47208309932;Kanepi, Põlvamaa
Kasper;Green;25.08.1992;M;39208252449;Suure-Jaani, Viljandimaa
Timmo;Lepp;07.12.2004;M;50412074697;Torma, Jõgevamaa
Daniil;Vähi;08.10.1972;M;37210085042;Väimela, Võrumaa
Kariina;Tuul;05.06.1992;N;49206057196;Tudulinna, Ida-Virumaa
Enn;Rebane;05.11.1990;M;39011052247;Salme, Saaremaa
Saskia;Kurg;23.12.1978;N;47812237163;Kobela, Võrumaa
Jaagup;Hansen;03.07.2005;M;50507034545;Jõhvi, Ida-Virumaa
Edgar;Pulk;08.04.1977;M;37704083474;Laatre, Valgamaa
Mona;Belov;22.03.2004;N;60403222485;Kadrina, Lääne-Virumaa
Lisanne;Paap;27.11.1997;N;49711276037;Tihemetsa, Pärnumaa
Sören;Kask;07.06.1986;M;38606076871;Viljandi, Viljandimaa
Britt;Renoir;11.02.1983;N;48302116210;Kuremaa, Jõgevamaa
Grete;Puusepp;02.08.1981;N;48108020019;Ulila, Tartumaa
Elizabeth;Antonov;07.10.1989;N;48910079741;Kuremaa, Jõgevamaa
Viktoriya;Kalinin;05.07.2006;N;60607052441;Õru, Valgamaa
Agris;Markson;05.09.1969;M;36909054321;Kiiu, Harjumaa
Juliana;Link;12.03.1997;N;49703126978;Keila, Harjumaa
Rudolf;Hallik;26.05.1961;M;36105264865;Laiuse, Jõgevamaa
Agne;Oja;30.11.1987;N;48711309900;Rõuge, Võrumaa
Gertu;Arro;22.06.1972;N;47206223938;Tabasalu, Harjumaa
Kristiin;Saks;19.09.1993;N;49309192286;Olustvere, Viljandimaa
Gloria;Toots;28.05.1981;N;48105282996;Võsu, Lääne-Virumaa
Maarit;Talts;08.03.1995;N;49503086029;Kureküla, Tartumaa
Keijo;Maripuu;10.02.1994;M;39402108089;Harku, Harjumaa
Danil;Kask;11.12.1982;M;38212117217;Põltsamaa, Jõgevamaa
Kris;Kirs;13.08.1962;M;36208131278;Paikuse, Pärnumaa
Remy;Kivistik;28.01.1976;M;37601285163;Sõmeru, Lääne-Virumaa
Nadezda;Medvedev;20.04.1997;N;49704201391;Ravila, Harjumaa
Kadri;Makarov;11.11.1967;N;46711113357;Tammiku, Ida-Virumaa
Urmet;Miller;01.12.1986;M;38612018627;Sõmerpalu, Võrumaa
Nikolay;Kazakov;13.05.1969;M;36905134848;Antsla, Võrumaa
Maiken;Männiste;30.03.1986;N;48603302615;Kihelkonna, Saaremaa
Kätlin;Uus;24.03.1964;N;46403249437;Virtsu, Läänemaa
Yana;Klein;22.03.1978;N;47803223875;Pajusti, Lääne-Virumaa
Andrea;Trei;10.09.1967;N;46709103683;Äksi, Tartumaa
Mattias;Luik;03.04.1985;M;38504031966;Alatskivi, Tartumaa
Eliisabet;Roots;13.04.1974;N;47404134666;Kaiu, Raplamaa
Allan;Stepanov;24.03.2003;M;50303241984;Kuremaa, Jõgevamaa
Aleksander;Palm;29.03.1978;M;37803297814;Käärdi, Tartumaa
Vjatšeslav;Martin;03.11.1996;M;39611039337;Jõhvi, Ida-Virumaa
Ailen;Loorits;11.11.1987;N;48711112578;Kostivere, Harjumaa
Rainis;Järvekülg;12.02.1979;M;37902128723;Halliste, Viljandimaa
Gregory;Mets;02.10.1962;M;36210021917;Toila, Ida-Virumaa
Erle;Jänes;08.01.1990;N;49001088852;Taebla, Läänemaa
Andero;Baskin;21.02.1965;M;36502219470;Salme, Saaremaa
Albert;Maripuu;19.05.1975;M;37505190403;Kudjape, Saaremaa
Bogdan;Simm;24.05.1997;M;39705245031;Jõgeva, Jõgevamaa
Juri;Simson;15.12.1961;M;36112153678;Kostivere, Harjumaa
Bruno;Kokk;21.11.1965;M;36511212527;Kiili, Harjumaa
Jana;Frolov;10.12.1986;N;48612102667;Kõrveküla, Tartumaa
Arvi;Pärna;03.12.2001;M;50112038560;Kaerepere, Raplamaa
Anu;Lehtmets;10.09.1971;N;47109109704;Siimusti, Jõgevamaa
Liisa-Maria;Kiik;11.03.1966;N;46603117302;Tootsi, Pärnumaa
Tuuli;Järvekülg;08.12.1981;N;48112083698;Kolga, Harjumaa
Leonard;Luiga;18.07.1979;M;37907185906;Taebla, Läänemaa
Ingmar;Marksoo;18.10.1973;M;37310180117;Käärdi, Tartumaa
Eret;Maidla;30.01.1973;N;47301307709;Loksa, Harjumaa
Andree;Egorov;12.04.2008;M;50804123746;Aegviidu, Harjumaa
Lisette;Palm;10.04.1978;N;47804103248;Ambla, Järvamaa
Heiko;Käär;16.02.1972;M;37202168090;Väike-Maarja, Lääne-Virumaa
Kuldar;Kärner;25.03.1967;M;36703251291;Tõrva, Valgamaa
Rihard;Tuulik;07.07.1983;M;38307078043;Tsirguliina, Valgamaa
Jaak;Sidorov;09.02.1972;M;37202096623;Raasiku, Harjumaa
Üllar;Nikiforov;24.07.1992;M;39207240569;Karksi-Nuia, Viljandimaa
Kristi;Poljakov;23.01.1972;N;47201232408;Rõngu, Tartumaa
Kalev;Kuus;27.06.1964;M;36406270091;Kiviõli, Ida-Virumaa
Kadi-Liis;Lukin;13.11.2003;N;60311134393;Lüganuse, Ida-Virumaa
David;Põldmaa;15.11.1995;M;39511159423;Loksa, Harjumaa
Raimo;Kärner;10.03.1971;M;37103105795;Tapa, Lääne-Virumaa
Mihkel;Vaino;31.07.1966;M;36607314008;Keila, Harjumaa
Leonard;Luiga;17.08.1989;M;38908174396;Alatskivi, Tartumaa
Paul;Salu;19.07.2007;M;50707197987;Saku, Harjumaa
Sirli;Kuzmin;04.06.1966;N;46606045314;Värska, Põlvamaa
Valeriya;Teesalu;30.04.1989;N;48904301520;Paide, Järvamaa
Eva;Bondarenko;11.01.1994;N;49401112706;Kuremaa, Jõgevamaa
Helen;Raudsepp;28.02.1992;N;49202286099;Kobela, Võrumaa
Keity;Raamat;27.10.1961;N;46110272988;Tudulinna, Ida-Virumaa
Marie;Põldma;22.11.2000;N;60011226343;Kudjape, Saaremaa
Deivi;Link;02.04.2008;N;60804027196;Kudjape, Saaremaa
Ragnar;Kutsar;22.12.1962;M;36212225079;Riisipere, Harjumaa
Günther;Mäeots;05.06.1992;M;39206056683;Kaiu, Raplamaa
Anu;Bõstrov;11.03.1965;N;46503114882;Ilmatsalu, Tartumaa
Peeter;Hoffmann;15.01.1994;M;39401151067;Haljala, Lääne-Virumaa
Juss;Õunapuu;04.12.1997;M;39712049170;Ahja, Põlvamaa
Karli;Kärner;14.08.1976;M;37608140626;Viimsi, Harjumaa
Karina;Soon;08.03.1997;N;49703085912;Tapa, Lääne-Virumaa
Diana;Varik;08.03.1967;N;46703087235;Maardu, Harjumaa
Gabriela;Dmitriev;07.02.1969;N;46902074610;Tammiku, Ida-Virumaa
Maris;Männiste;16.07.1986;N;48607166460;Jõhvi, Ida-Virumaa
Inga;Koger;03.05.2005;N;60505031052;Lähte, Tartumaa
Meeli;Viira;13.09.1995;N;49509135019;Kanepi, Põlvamaa
Anni;Vinogradov;16.08.2003;N;60308167227;Mooste, Põlvamaa
Violeta;Truu;02.04.2008;N;60804024183;Kärla, Saaremaa
Stanislav;Suvi;20.11.1987;M;38711209965;Loo, Harjumaa
Lidia;Lapin;08.09.1994;N;49409086207;Luige, Harjumaa
Simone;Tammet;17.12.1996;N;49612178565;Mehikoorma, Tartumaa
Even;Makarov;12.07.1982;M;38207128814;Roiu, Tartumaa
Renno;Drozdov;27.10.1966;M;36610271265;Paralepa, Läänemaa
Anastassija;Rätsep;24.02.1982;N;48202242595;Roosna-Alliku, Järvamaa
Tarvi;Sikorski;14.10.1991;M;39110143200;Palamuse, Jõgevamaa
Keiri;Truu;02.01.1976;N;47601027284;Rakke, Lääne-Virumaa
Tiia;Lõhmus;07.06.2003;N;60306071772;Paralepa, Läänemaa
Keiti;Mercklin;10.03.1976;N;47603105284;Vinni, Lääne-Virumaa
Anatoli;Vasiliev;25.01.2006;M;50601250435;Võiste, Pärnumaa
Anželika;Aakre;22.02.2001;N;60102222892;Käärdi, Tartumaa
Tenno;Nikolaev;27.05.1999;M;39905276359;Käru, Raplamaa
Rainis;Alas;20.06.1982;M;38206207020;Kobela, Võrumaa
Maido;Tihhomirov;27.11.2007;M;50711279975;Kehtna, Raplamaa
Maikel;Saks;25.09.2008;M;50809256648;Võhma, Viljandimaa
Martin;Powell;25.05.1994;M;39405257672;Rakvere, Lääne-Virumaa
Margot;Moroz;28.02.1994;N;49402289237;Risti, Läänemaa
Signe;Tooming;16.08.2008;N;60808162191;Kuusiku, Raplamaa
Feliks;Žukov;15.01.1968;M;36801157343;Kasepää, Tartumaa
Lisandra;Mandel;12.04.1987;N;48704122014;Tallinn, Harjumaa
Mailis;Kostin;08.02.1975;N;47502086255;Vinni, Lääne-Virumaa
Hedi;Maasik;07.10.1988;N;48810073369;Äksi, Tartumaa
Pärtel;Simm;14.08.1973;M;37308142230;Tsirguliina, Valgamaa
Aimar;Tiits;04.08.1977;M;37708048243;Sauga, Pärnumaa
Signe;Melnik;25.10.1961;N;46110259588;Häädemeeste, Pärnumaa
Marleen;Kirs;06.10.1967;N;46710061528;Vana-Antsla, Võrumaa
Katriin;Jänes;23.03.1970;N;47003239198;Oisu, Järvamaa
Elizabet;Raag;23.12.1973;N;47312237362;Kose-Uuemõisa, Harjumaa
Ekaterina;Põllu;22.08.1987;N;48708221332;Misso, Võrumaa
Feliks;Rein;24.05.1965;M;36505244974;Alu, Raplamaa
Maarja-Liisa;Tomson;05.07.1998;N;49807052838;Tõrvandi, Tartumaa
Veniamin;Alas;27.04.1983;M;38304274212;Palivere, Läänemaa
Jekaterina;Lumiste;12.05.2003;N;60305123642;Sääse, Lääne-Virumaa
Jan;Komarov;16.08.1988;M;38808169189;Riisipere, Harjumaa
Margus;Põdra;29.04.1986;M;38604296626;Kolga-Jaani, Viljandimaa
Keit;Medvedev;25.12.1975;M;37512256967;Keila, Harjumaa
Kadri;Uibo;12.02.2008;N;60802121120;Kose-Uuemõisa, Harjumaa
Keidi;Sutt;26.05.2003;N;60305264268;Hagudi, Raplamaa
Beatrice;Hallik;27.11.1985;N;48511274492;Rõngu, Tartumaa
Frederik;Kutsar;01.12.1999;M;39912014726;Otepää, Valgamaa
Elsa;Kuznetsov;25.04.1970;N;47004257822;Kuusiku, Raplamaa
Angeelika;Paal;13.06.1983;N;48306139691;Sinimäe, Ida-Virumaa
Stiina;Kull;22.06.1986;N;48606221003;Rannu, Tartumaa
Ayrton;Belov;26.06.1965;M;36506260886;Mõisaküla, Viljandimaa
Ketter;Uibo;31.08.1975;N;47508313821;Viru-Jaagupi, Lääne-Virumaa
Teele;Kant;11.04.1968;N;46804119727;Nasva, Saaremaa
Sonja;Viik;03.10.1968;N;46810038069;Kureküla, Tartumaa
Marili;Nazarov;19.11.1994;N;49411192193;Kuusiku, Raplamaa
Marek;Kont;17.02.1981;M;38102178153;Lagedi, Harjumaa
Merilin;Lass;07.10.1995;N;49510073736;Värska, Põlvamaa
Adele;Klimov;30.06.1986;N;48606301093;Jõhvi, Ida-Virumaa
Aron;Kaljuste;11.04.1979;M;37904116231;Kostivere, Harjumaa
Ingrid;Salu;23.03.2001;N;60103238519;Vana-Antsla, Võrumaa
Elin;Malõšev;23.03.1998;N;49803236102;Saku, Harjumaa
Rebeka;Simson;15.02.2007;N;60702156781;Võru, Võrumaa
Julija;Kant;22.01.1961;N;46101220280;Kangru, Harjumaa
Gerdi;Mets;14.02.2002;N;60202146394;Toila, Ida-Virumaa
Heleri;Tomingas;01.04.1994;N;49404015566;Lähte, Tartumaa
Caroly;Tamme;02.04.1991;N;49104020486;Kallaste, Tartumaa
Patricia;Korol;24.06.1993;N;49306247262;Antsla, Võrumaa
Anneliis;Põldmaa;16.11.2004;N;60411163375;Viljandi, Viljandimaa
Lauren;Filatov;02.05.1998;N;49805023299;Audru, Pärnumaa
Peeter;Õun;05.05.1998;M;39805057359;Klooga, Harjumaa
Nils;Aleksandrov;20.09.1962;M;36209206176;Jõgeva, Jõgevamaa
Jesper;Drozdov;02.10.1984;M;38410023065;Alu, Raplamaa
Lisanna;Pettai;09.11.1966;N;46611094524;Viru-Nigula, Lääne-Virumaa
Lisete;Kolk;02.03.1992;N;49203023930;Lavassaare, Pärnumaa
Gertu;Mironov;25.11.1976;N;47611256938;Loksa, Harjumaa
Nils;Gross;14.02.1974;M;37402147431;Uhtna, Lääne-Virumaa
Sigmar;Kolesnik;01.05.1998;M;39805016045;Laekvere, Lääne-Virumaa
Eduard;Visnapuu;23.08.1978;M;37808237941;Karksi-Nuia, Viljandimaa
Kenet;Väli;17.10.1969;M;36910177539;Ilmatsalu, Tartumaa
Artyom;Rohtla;08.07.1991;M;39107086851;Hagudi, Raplamaa
Stella;Pärnpuu;09.12.1998;N;49812099770;Kiviõli, Ida-Virumaa
Triinu;Saar;31.08.1972;N;47208318630;Roiu, Tartumaa
Alisa;Liivak;01.05.1973;N;47305018889;Sonda, Ida-Virumaa
Jan;Rumjantsev;09.05.1988;M;38805094593;Väike-Maarja, Lääne-Virumaa
Elisa;Sobolev;18.07.1974;N;47407187819;Olustvere, Viljandimaa
Risto;Titov;15.09.1998;M;39809150336;Kohtla-Järve, Ida-Virumaa
Aaron;Karu;31.01.2006;M;50601311520;Hagudi, Raplamaa
Gregor;Denissov;05.03.1970;M;37003053308;Kohila, Raplamaa
Külli;Raja;25.06.1960;N;46006254529;Kureküla, Tartumaa
Anatoli;Vares;09.03.1988;M;38803094591;Loksa, Harjumaa
Jaanus;Tali;07.08.1960;M;36008077944;Antsla, Võrumaa
Armin;Voronin;16.12.1984;M;38412169803;Mäetaguse, Ida-Virumaa
Gendra;Lebedev;25.05.1990;N;49005257604;Kose-Uuemõisa, Harjumaa
Tomas;Merisaar;26.08.2000;M;50008265035;Tamsalu, Lääne-Virumaa
Ants;Aavik;19.09.1970;M;37009195518;Kiili, Harjumaa
Leon;Õispuu;01.01.1979;M;37901013516;Parksepa, Võrumaa
Andry;Volkov;14.08.2006;M;50608143607;Palamuse, Jõgevamaa
Õnnela;Gusev;19.03.1998;N;49803195432;Viljandi, Viljandimaa
Liis;Kass;27.06.1997;N;49706277778;Uhtna, Lääne-Virumaa
Regiina;Beljajev;10.08.1967;N;46708107957;Suure-Jaani, Viljandimaa
Angelina;Popov;20.11.1987;N;48711207428;Puurmani, Jõgevamaa
Alo;Pikk;05.09.2000;M;50009057904;Lavassaare, Pärnumaa
Aliise;Kont;27.09.1984;N;48409274791;Karksi-Nuia, Viljandimaa
Grethel;Raadik;15.12.1991;N;49112150252;Narva, Ida-Virumaa
Tarvo;Hoffmann;12.09.1967;M;36709120862;Sõmeru, Lääne-Virumaa
Heli;Hunt;09.07.1961;N;46107094864;Laagri, Harjumaa
Kristo;Nõmmik;11.11.1985;M;38511117285;Viru-Jaagupi, Lääne-Virumaa
Evelin;Loorits;14.03.1993;N;49303146851;Turba, Harjumaa
Feliks;Sikorski;29.01.1961;M;36101294570;Sangaste, Valgamaa
Sten-Markus;Ott;09.09.1990;M;39009099929;Raasiku, Harjumaa
Terje;Markus;10.08.1997;N;49708104410;Mooste, Põlvamaa
Julija;Lotman;09.09.1978;N;47809095028;Salme, Saaremaa
Marit;Green;11.08.2006;N;60608113032;Tartu, Tartumaa
Roger;Liblik;25.11.2004;M;50411258758;Tudulinna, Ida-Virumaa
Enn;Kalda;25.04.1981;M;38104259726;Varnja, Tartumaa
Erik;Simson;22.09.1996;M;39609221306;Tihemetsa, Pärnumaa
Inna;Varik;14.11.1977;N;47711149448;Sindi, Pärnumaa
Anfissa;Jõe;21.04.1979;N;47904219287;Kolkja, Tartumaa
Emeri;Põllu;18.06.2002;N;60206184058;Siimusti, Jõgevamaa
Marius;Laht;04.10.1974;M;37410040820;Mõisaküla, Viljandimaa
Karlis;Kuusik;01.03.1967;M;36703016692;Tõravere, Tartumaa
Kaili;Kaljuvee;31.08.1964;N;46408315161;Roosna-Alliku, Järvamaa
Grigori;Nõmm;11.11.2004;M;50411115594;Mustvee, Jõgevamaa
Maarja-Liisa;Suur;27.02.1993;N;49302273677;Misso, Võrumaa
Anželika;Soosaar;10.11.1979;N;47911106992;Aseri, Ida-Virumaa
Kairi;Kikkas;31.03.2002;N;60203317775;Keila-Joa, Harjumaa
Evelyn;Powell;11.11.1994;N;49411113997;Võnnu, Tartumaa
Caspar;Gross;13.12.2007;M;50712136430;Roosna-Alliku, Järvamaa
Daniel;Lätt;02.01.1985;M;38501020438;Paralepa, Läänemaa
Enar;Trofimov;31.08.1982;M;38208317471;Sääse, Lääne-Virumaa
Erkki;Klaas;29.03.1961;M;36103292085;Raasiku, Harjumaa
Ave;Kuus;20.02.1985;N;48502200227;Jõhvi, Ida-Virumaa
Valentina;Kuus;11.07.1973;N;47307111323;Palivere, Läänemaa
Agnessa;Silm;24.08.1975;N;47508243777;Kuusiku, Raplamaa
Saamuel;Tiik;31.03.2008;M;50803319304;Lohusuu, Ida-Virumaa
Olivia;Alekseev;02.08.2005;N;60508025711;Jõhvi, Ida-Virumaa
Sarah;Rosenberg;10.02.2008;N;60802106804;Iisaku, Ida-Virumaa
Lembit;Mihhailov;03.02.1997;M;39702037390;Kadrina, Lääne-Virumaa
Jaroslav;Tali;23.11.1994;M;39411230884;Ahja, Põlvamaa
Rünno;Maslov;15.03.1987;M;38703154302;Häädemeeste, Pärnumaa
Reili;Pärn;11.04.1983;N;48304112403;Risti, Läänemaa
Jarno;Baranov;26.11.1982;M;38211260025;Vändra, Pärnumaa
Kristi;Palm;13.05.2008;N;60805134298;Mehikoorma, Tartumaa
Aet;Bõstrov;23.09.1990;N;49009235222;Kamari, Jõgevamaa
Karl;Raud;16.06.1995;M;39506160247;Võhma, Viljandimaa
Liilia;Lipp;09.10.1967;N;46710090023;Veriora, Põlvamaa
Janelle;Soosalu;09.03.1987;N;48703092185;Võhma, Viljandimaa
Anastasija;Lind;13.10.1966;N;46610131993;Pärnu, Pärnumaa
Anu;Pavlov;30.03.1964;N;46403305479;Kamari, Jõgevamaa
Kaia;Parts;14.01.1985;N;48501143743;Mustla, Viljandimaa
Liia;Filatov;07.03.1970;N;47003070701;Tabivere, Jõgevamaa
Anastasia;Nuut;30.08.1972;N;47208304338;Vaida, Harjumaa
Angelika;Kozlov;16.07.1977;N;47707160910;Lagedi, Harjumaa
Tony;Aas;29.06.2002;M;50206297147;Olustvere, Viljandimaa
Verner;Meister;07.07.1982;M;38207075048;Audru, Pärnumaa
Keit;Roos;16.11.1983;M;38311167037;Helme, Valgamaa
Meril;Lass;18.05.1991;N;49105186287;Äksi, Tartumaa
Ingrid;Laine;01.07.1987;N;48707012094;Sõmeru, Lääne-Virumaa
Toni;Kask;01.10.1985;M;38510012501;Märja, Tartumaa
Maikel;Lillemets;18.04.1992;M;39204185196;Otepää, Valgamaa
Sirli;Salumäe;06.01.1962;N;46201066231;Rõngu, Tartumaa
Bogdan;Mikelsaar;02.03.1970;M;37003027449;Lavassaare, Pärnumaa
Airiin;Kudrjavtsev;24.06.1960;N;46006241684;Roosna-Alliku, Järvamaa
Allar;Kaljurand;27.01.1991;M;39101270365;Väätsa, Järvamaa
Kerli;Anissimov;15.06.1988;N;48806158654;Tudu, Lääne-Virumaa
Boris;Tuul;28.04.1991;M;39104286799;Vinni, Lääne-Virumaa
Stefan;Raadik;23.04.1997;M;39704237877;Kõpu, Viljandimaa
Gregori;Nikolaev;11.12.1999;M;39912115044;Kudjape, Saaremaa
Mona;Kivilo;18.10.2000;N;60010188375;Simuna, Lääne-Virumaa
Caspar;Kool;10.03.1987;M;38703107398;Lüganuse, Ida-Virumaa
Simmo;Rätsep;21.05.1989;M;38905218002;Kuremaa, Jõgevamaa
Simone;Karro;22.02.1960;N;46002229378;Klooga, Harjumaa
Rudolf;Rohtla;02.01.1974;M;37401023827;Palamuse, Jõgevamaa
Klim;Sirel;04.10.1990;M;39010045936;Oisu, Järvamaa
Helery;Tamm;04.07.1972;N;47207047220;Uuemõisa, Läänemaa
Pille-Riin;Martin;01.05.1960;N;46005010017;Lohusuu, Ida-Virumaa
Keven;Friedman;09.05.1965;M;36505096527;Kureküla, Tartumaa
Emily;Hein;03.12.1986;N;48612035776;Viru-Jaagupi, Lääne-Virumaa
Keili;Põder;13.06.2006;N;60606135906;Kohtla-Nõmme, Ida-Virumaa
Elsa;Saar;22.07.1997;N;49707226232;Alu, Raplamaa
Veljo;Viik;16.01.1998;M;39801167695;Kihelkonna, Saaremaa
Tobias;Egorov;16.04.1960;M;36004160889;Väimela, Võrumaa
Raili;Filippov;04.01.2002;N;60201043426;Vastse-Kuuste, Põlvamaa
Merily;Võsu;18.11.1976;N;47611183031;Lavassaare, Pärnumaa
Hanna-Liina;Lebedev;13.06.1960;N;46006131752;Paralepa, Läänemaa
Olev;Konstantinov;13.04.1998;M;39804133013;Lagedi, Harjumaa
Aleksandr;Kasemaa;23.06.2008;M;50806230513;Virtsu, Läänemaa
Carolin;Kelder;11.12.1969;N;46912117831;Mooste, Põlvamaa
Ave-Marleen;Kuus;01.05.2002;N;60205010422;Võru, Võrumaa
Caroly;Kondratjev;21.07.1985;N;48507215730;Viru-Nigula, Lääne-Virumaa
Kunnar;Abbt;28.04.2005;M;50504284862;Luunja, Tartumaa
Karl Marten;Gerassimov;23.07.1990;M;39007238275;Võhma, Viljandimaa
Anastassia;Lehiste;07.01.1984;N;48401077644;Paide, Järvamaa
Ingmar;Sokolov;24.04.1994;M;39404241118;Kiili, Harjumaa
Rebecca;Toots;16.06.2002;N;60206163552;Sõmerpalu, Võrumaa
Karmel;Maack;23.11.1976;N;47611237967;Vändra, Pärnumaa
Keven;Raamat;26.03.1983;M;38303261317;Kärdla, Hiiumaa
Aare;Luiga;04.11.1994;M;39411043904;Ambla, Järvamaa
Merli;Simson;20.03.1966;N;46603205747;Võnnu, Tartumaa
Cristofer;Kostin;07.04.1973;M;37304070410;Sindi, Pärnumaa
Heiko;Kruus;08.09.2005;M;50509089018;Võõpsu, Põlvamaa
Jasper;Kuus;29.12.1976;M;37612291394;Paikuse, Pärnumaa
Jaagup;Hansen;16.12.1999;M;39912162548;Torma, Jõgevamaa
Reti;Ševtšenko;04.03.2003;N;60303040636;Haljala, Lääne-Virumaa
Elisabeth;Kaljuvee;11.11.1993;N;49311116707;Jõgeva, Jõgevamaa
Marlen;Jarvis;29.12.1961;N;46112292497;Alatskivi, Tartumaa
Sten-Erik;Härm;09.06.1972;M;37206092844;Palamuse, Jõgevamaa
Kristin;Ott;11.07.1994;N;49407114146;Häädemeeste, Pärnumaa
Annaliisa;Markus;02.04.1991;N;49104021004;Rakke, Lääne-Virumaa
Evelyn;Schmidt;19.10.1971;N;47110198580;Kihelkonna, Saaremaa
Hans Erik;Lill;27.04.1996;M;39604271825;Kose, Võrumaa
Svjatoslav;Piho;28.03.1992;M;39203280803;Tudu, Lääne-Virumaa
Ranar;Randmaa;04.07.1963;M;36307040274;Kolkja, Tartumaa
Marlen;Kivistik;31.07.1997;N;49707315397;Kureküla, Tartumaa
Aare;Simm;08.09.1980;M;38009083777;Kadrina, Lääne-Virumaa
Andra;Maasik;02.12.1987;N;48712021942;Pärnu, Pärnumaa
Karel;Kuuse;23.04.2007;M;50704230104;Hummuli, Valgamaa
Elmar;Kutsar;30.10.1999;M;39910309457;Kohila, Raplamaa
Renno;Adamson;14.04.1974;M;37404146017;Särevere, Järvamaa
Leanika;Jefimov;11.01.1970;N;47001119528;Toila, Ida-Virumaa
Armin;Dmitriev;01.11.1968;M;36811015999;Võiste, Pärnumaa
Aivar;Nurk;04.06.1990;M;39006049639;Kose, Harjumaa
Denis;Liivamägi;18.01.1975;M;37501183583;Ambla, Järvamaa
Milena;Mõttus;11.04.1981;N;48104111947;Ämari, Harjumaa
Ott;Toots;06.10.2002;M;50210068244;Kõpu, Viljandimaa
Õnnela;Bogdanov;15.06.1966;N;46606158937;Kõrveküla, Tartumaa
Anne;Naumov;23.11.1967;N;46711236632;Vastse-Kuuste, Põlvamaa
Jaanek;Aru;17.09.1999;M;39909170603;Mäetaguse, Ida-Virumaa
Robert;Sepp;12.10.1990;M;39010125447;Puurmani, Jõgevamaa
Sören;Tsvetkov;30.12.1974;M;37412305062;Kose-Uuemõisa, Harjumaa
Markos;Zujev;23.12.1973;M;37312233339;Tamsalu, Lääne-Virumaa
Madli;Saare;31.05.1982;N;48205319735;Kuusiku, Raplamaa
Boriss;Voronin;16.04.1970;M;37004163173;Karjaküla, Harjumaa
Merlin;Muru;12.01.1970;N;47001128888;Väike-Maarja, Lääne-Virumaa
Liisa-Maria;Pärn;20.05.2005;N;60505202750;Uhtna, Lääne-Virumaa
Edvin;Mann;16.03.1983;M;38303164106;Kohila, Raplamaa
Harry;Drozdov;19.08.1979;M;37908195644;Voka, Ida-Virumaa
Joel;Baranov;24.01.1982;M;38201241323;Nasva, Saaremaa
Juhan;Naumov;03.03.1964;M;36403030996;Kangru, Harjumaa
Aveli;Sillaots;04.02.1971;N;47102045711;Ulila, Tartumaa
Jakob;Pettai;26.11.1998;M;39811263694;Hagudi, Raplamaa
Rainis;Kodres;25.07.2001;M;50107259868;Karksi-Nuia, Viljandimaa
Tobias;Romanov;04.08.1992;M;39208040087;Õru, Valgamaa
Egor;Lunin;08.06.1977;M;37706087068;Kehtna, Raplamaa
Maris;Miller;24.12.1971;N;47112249225;Laatre, Valgamaa
Kaidi;Suur;03.01.1966;N;46601036844;Riisipere, Harjumaa
Claudia;Komarov;22.07.1971;N;47107227089;Rakke, Lääne-Virumaa
Joel;Väli;08.09.2003;M;50309081013;Sonda, Ida-Virumaa
Triinu-Liis;Ploom;10.01.2002;N;60201102044;Orissaare, Saaremaa
Maxim;Timofejev;04.04.1963;M;36304049923;Ulila, Tartumaa
Anželika;Aavik;06.03.1966;N;46603060651;Voka, Ida-Virumaa
Astrid;Rätsep;27.11.1999;N;49911270129;Käru, Raplamaa
Harri;Erik;23.02.1982;M;38202231734;Mehikoorma, Tartumaa
Madli;Pukk;23.12.2007;N;60712232219;Vändra, Pärnumaa
Magnus;Filippov;04.03.1991;M;39103045484;Tori, Pärnumaa
Pjotr;Arrak;19.03.1974;M;37403192121;Väätsa, Järvamaa
Taago;Naumov;05.03.1988;M;38803052238;Ravila, Harjumaa
Milena;Nõmme;05.04.1973;N;47304051162;Toila, Ida-Virumaa
Ago;Luik;18.05.1986;M;38605187803;Sauga, Pärnumaa
Marian;Vahtra;05.02.1985;N;48502053117;Näpi, Lääne-Virumaa
Sarah;Tihhomirov;08.03.1979;N;47903080649;Parksepa, Võrumaa
Aliis;Kadak;29.06.1968;N;46806290141;Harku, Harjumaa
Keith;Kissa;16.06.2007;M;50706160518;Eidapere, Raplamaa
Andrey;Ader;04.02.1991;M;39102049526;Põltsamaa, Jõgevamaa
Tarvi;Laht;21.04.1985;M;38504210486;Hulja, Lääne-Virumaa
Karoli;Kiik;08.02.1970;N;47002086503;Mustla, Viljandimaa
Tamara;Müürsepp;24.05.1995;N;49505248339;Tõrvandi, Tartumaa
Moonika;Uustalu;18.06.1971;N;47106183858;Veriora, Põlvamaa
Janelle;Tali;25.09.1970;N;47009257660;Saku, Harjumaa
Moonika;Pärtel;17.04.1975;N;47504179116;Torma, Jõgevamaa
Enar;Anissimov;10.01.1980;M;38001108121;Järvakandi, Raplamaa
Laureen;Oras;15.01.1995;N;49501152567;Kaiu, Raplamaa
Elena;Toome;29.10.1988;N;48810290613;Keila, Harjumaa
Armo;Kont;08.02.1969;M;36902087994;Lagedi, Harjumaa
Caspar;Raja;26.08.1968;M;36808261301;Tudu, Lääne-Virumaa
Karen;Orlov;14.12.1996;N;49612147757;Vastse-Kuuste, Põlvamaa
Oliivia;Kuuse;14.03.2003;N;60303143006;Peetri, Järvamaa
Stenver;Vlassov;01.03.1968;M;36803019253;Audru, Pärnumaa
Harri;Konovalov;23.11.1975;M;37511233192;Aseri, Ida-Virumaa
Brita;Kurvits;25.05.1972;N;47205256893;Äksi, Tartumaa
Melany;Danilov;04.12.2007;N;60712047757;Hagudi, Raplamaa
Hendrik;Laks;09.09.2000;M;50009097305;Rannu, Tartumaa
Kreete;Kalinin;02.10.1994;N;49410026216;Haabneeme, Harjumaa
Merlin;Kalm;06.11.2006;N;60611062435;Võnnu, Tartumaa
Alika;Pukk;31.08.1971;N;47108319450;Vasalemma, Harjumaa
Reiko;Maksimov;16.05.1970;M;37005164645;Misso, Võrumaa
Leana;Herodes;27.09.1971;N;47109271004;Võiste, Pärnumaa
Anabell;Jõgi;06.11.1995;N;49511060184;Olgina, Ida-Virumaa
Julia;Vähi;14.05.1984;N;48405144000;Tõrvandi, Tartumaa
Aimar;Hanson;29.09.1997;M;39709296073;Väike-Maarja, Lääne-Virumaa
Marili;Melnik;28.12.1998;N;49812287651;Kilingi-Nõmme, Pärnumaa
Cristofer;Maksimov;21.01.1970;M;37001216262;Halliste, Viljandimaa
Priit;Prikk;11.11.1980;M;38011113932;Räpina, Põlvamaa
Andrea;Kuznetsov;20.03.1997;N;49703201814;Kamari, Jõgevamaa
Kerttu;Aavik;27.10.1975;N;47510278490;Väike-Maarja, Lääne-Virumaa
Kätlyn;Kaljuste;16.02.1968;N;46802164611;Avinurme, Ida-Virumaa
Kaili;Unt;22.07.1980;N;48007225550;Kureküla, Tartumaa
Romek;Baranov;30.12.1967;M;36712301897;Hummuli, Valgamaa
Karola;Palu;14.09.1997;N;49709145143;Riisipere, Harjumaa
Anatoli;Jeršov;21.08.1975;M;37508219086;Lepna, Lääne-Virumaa
Helle;Niit;04.09.2000;N;60009040277;Harku, Harjumaa
Cätlin;Härm;09.07.1994;N;49407091891;Ambla, Järvamaa
Liisbeth;Valk;22.04.1998;N;49804229178;Kärdla, Hiiumaa
Markus;Kondratjev;20.09.1963;M;36309209144;Tori, Pärnumaa
Mait;Õun;09.01.1999;M;39901091933;Võsu, Lääne-Virumaa
Ranno;Gontšarov;16.06.1995;M;39506169302;Kallaste, Tartumaa
Karina;Nikitin;11.08.1982;N;48208118096;Põlva, Põlvamaa
Anžela;Teearu;18.02.1978;N;47802182223;Aste, Saaremaa
Marilin;Kallaste;26.05.1961;N;46105268518;Kose-Uuemõisa, Harjumaa
Marje;Lipp;19.12.1981;N;48112193789;Tootsi, Pärnumaa
Annabel;Fomin;18.09.1968;N;46809182976;Helme, Valgamaa
Jaak;Vähi;06.10.2001;M;50110067016;Rapla, Raplamaa
Aleksandra;Soosalu;25.09.2004;N;60409253774;Vastse-Kuuste, Põlvamaa
Hanna;Käär;18.04.1976;N;47604182957;Saue, Harjumaa
Leonard;Petrov;24.10.1992;M;39210241828;Põltsamaa, Jõgevamaa
Silja;Erik;25.04.1974;N;47404253970;Salme, Saaremaa
Meriliis;Abderhalden;23.09.1960;N;46009236015;Pärnu, Pärnumaa
Janek;Lass;06.09.1960;M;36009069223;Oisu, Järvamaa
Johanna Maria;Vahtra;10.09.1992;N;49209105816;Otepää, Valgamaa
Brita;Rätsep;04.02.1962;N;46202040824;Aseri, Ida-Virumaa
Vahur;Poom;11.01.1975;M;37501113738;Palamuse, Jõgevamaa
Boris;Järve;12.09.1974;M;37409122190;Luunja, Tartumaa
Ellen;Lõhmus;18.04.1970;N;47004181409;Tõrva, Valgamaa
Keven;Heinsalu;07.01.1963;M;36301073345;Roiu, Tartumaa
Lisbeth;Ott;19.10.2004;N;60410191555;Haapsalu, Läänemaa
Artyom;Oras;25.11.1967;M;36711257745;Lihula, Läänemaa
Katja;Jaanson;30.04.1976;N;47604306583;Elva, Tartumaa
Cassandra;Põldma;24.01.1990;N;49001245148;Sõmeru, Lääne-Virumaa
Henrik;Arro;05.05.1994;M;39405057739;Rapla, Raplamaa
Sven Erik;Bondarenko;23.09.1981;M;38109234284;Tõrvandi, Tartumaa
Dana;Villemson;27.02.2008;N;60802271050;Aegviidu, Harjumaa
Anu;Käär;17.11.1991;N;49111172591;Värska, Põlvamaa
Elise;Väli;14.11.1988;N;48811141596;Keila-Joa, Harjumaa
Jan;Püvi;20.05.1997;M;39705209010;Nõo, Tartumaa
Simon;Paas;02.02.1979;M;37902025952;Puka, Valgamaa
Christer;Kaljuvee;18.09.1996;M;39609184901;Palivere, Läänemaa
Isabel;Adamson;08.06.1982;N;48206085544;Sinimäe, Ida-Virumaa
Innar;Kapp;16.07.1986;M;38607161316;Tabasalu, Harjumaa
Nicole;Teras;23.05.1986;N;48605238160;Sadala, Jõgevamaa
Cärol;Sepp;19.02.1974;N;47402191260;Ämari, Harjumaa
Roberta;Grigorieva;14.12.1977;N;47712143709;Ambla, Järvamaa
Raneli;Egorov;15.03.1967;N;46703157168;Viimsi, Harjumaa
Airi;Vaino;30.09.1983;N;48309304736;Märja, Tartumaa
Jegor;Lill;01.03.1964;M;36403012437;Kohila, Raplamaa
Ethel;Laht;22.02.1982;N;48202225204;Abja-Paluoja, Viljandimaa
Marelle;Lätt;05.08.1963;N;46308054940;Jõhvi, Ida-Virumaa
Anneliis;Lumiste;08.07.2008;N;60807089905;Koeru, Järvamaa
Emilia;Liivak;11.04.1971;N;47104117614;Assaku, Harjumaa
Merli;Panov;14.07.1988;N;48807143162;Viljandi, Viljandimaa
Andra;Saks;27.06.2000;N;60006274688;Hagudi, Raplamaa
Silvar;Pruul;14.02.1999;M;39902149790;Tõrvandi, Tartumaa
Karl-Hendrik;Kotov;12.01.1987;M;38701125789;Keila, Harjumaa
Ragne;Jõe;23.04.1974;N;47404235305;Lepna, Lääne-Virumaa
Heleriin;Lauri;05.11.1988;N;48811055361;Rakvere, Lääne-Virumaa
Anti;Baskin;04.12.2002;M;50212047032;Jõhvi, Ida-Virumaa
Krista;Kass;03.03.2006;N;60603036489;Haapsalu, Läänemaa
Veronica;Varik;20.06.2003;N;60306208264;Laatre, Valgamaa
Grigori;Sööt;04.09.1963;M;36309049490;Tori, Pärnumaa
Getter;Piho;27.07.1983;N;48307277155;Sangaste, Valgamaa
Keidi;Titov;22.10.2006;N;60610224873;Kobela, Võrumaa
Nelli;Dmitriev;10.10.1988;N;48810106151;Ämari, Harjumaa
Maik;Sokolov;24.06.1968;M;36806249384;Kuressaare, Saaremaa
Ilmar;Mann;03.03.1978;M;37803038946;Erra, Ida-Virumaa
Valdur;Anderson;31.01.1972;M;37201317800;Äksi, Tartumaa
Elsa;Teesalu;23.11.1965;N;46511237132;Elva, Tartumaa
Mairon;Nazarov;14.01.1990;M;39001146164;Tapa, Lääne-Virumaa
Tõnu;Kapp;06.04.1993;M;39304067626;Mustla, Viljandimaa
Valeri;Koit;30.12.1970;M;37012306896;Kehra, Harjumaa
Galina;Paap;22.03.1989;N;48903221335;Kehtna, Raplamaa
Keiri;Melnik;15.04.1974;N;47404159022;Haapsalu, Läänemaa
Viktor;Kallas;10.11.1999;M;39911100002;Kiiu, Harjumaa
Kerdo;Sulg;07.02.1987;M;38702071398;Ambla, Järvamaa
Natalia;Suvorov;25.05.2006;N;60605252507;Karjaküla, Harjumaa
Karl Erik;Hoffmann;05.11.2007;M;50711059315;Olgina, Ida-Virumaa
Ly;Ignatjev;26.04.1999;N;49904269545;Kõpu, Viljandimaa
Maris;Filippov;07.07.1965;N;46507079399;Harku, Harjumaa
Liana;Tomson;28.01.1978;N;47801285117;Lepna, Lääne-Virumaa
Juulia;Maripuu;18.02.1994;N;49402183350;Sinimäe, Ida-Virumaa
Mario;Holm;06.09.2003;M;50309069162;Orissaare, Saaremaa
Karl Johan;Klimov;01.12.1969;M;36912011450;Abja-Paluoja, Viljandimaa
Holger;Õun;26.07.1962;M;36207265583;Kiiu, Harjumaa
Ainar;Lang;01.09.1996;M;39609019358;Türi, Järvamaa
Alisa;Järve;01.08.1996;N;49608019395;Juuru, Raplamaa
German;Rumjantsev;13.10.1962;M;36210133470;Lavassaare, Pärnumaa
Hanna-Maria;Lill;01.01.1979;N;47901015764;Simuna, Lääne-Virumaa
Marii;Allas;02.08.1998;N;49808024008;Kaerepere, Raplamaa
Peeter;Vasiliev;22.07.1962;M;36207225530;Mustvee, Jõgevamaa
Matti;Powell;24.06.2000;M;50006245681;Kasepää, Tartumaa
Renno;Vain;24.10.2003;M;50310241851;Elva, Tartumaa
Klaarika;Abel;15.10.1985;N;48510155979;Rakke, Lääne-Virumaa
Liisu;Soo;16.06.1990;N;49006162290;Õru, Valgamaa
Linda;Kukk;27.04.1980;N;48004273834;Laatre, Valgamaa
Ants;Mäesalu;12.05.1965;M;36505127878;Kangru, Harjumaa
Lisanne;Paas;09.01.1994;N;49401096935;Tõstamaa, Pärnumaa
Tiit;Männiste;28.10.1995;M;39510286221;Õisu, Viljandimaa
Marit;Lumi;21.08.1962;N;46208215423;Tõrva, Valgamaa
Heikki;Treier;17.12.1986;M;38612179842;Rannu, Tartumaa
Ruth;Vahtra;27.11.1966;N;46611277554;Õisu, Viljandimaa
Elisabet;Muru;19.07.1980;N;48007195090;Voka, Ida-Virumaa
Karina;Parts;28.06.1972;N;47206288091;Are, Pärnumaa
Kairi;Sepp;06.12.1995;N;49512069007;Iisaku, Ida-Virumaa
Heleriin;Tali;09.04.1986;N;48604091266;Kiisa, Harjumaa
Remy;Marksoo;06.10.2008;M;50810068670;Vasalemma, Harjumaa
Kasper;Raadik;23.11.1967;M;36711239381;Kamari, Jõgevamaa
Kristopher;Kelder;25.02.1993;M;39302250219;Roosna-Alliku, Järvamaa
Victor;Nazarov;27.08.1978;M;37808278932;Orissaare, Saaremaa
Melany;Kalmus;15.05.1969;N;46905153947;Riisipere, Harjumaa
Ly;Kirss;02.02.1988;N;48802025144;Lavassaare, Pärnumaa
Janek;Paas;08.11.1976;M;37611087897;Kostivere, Harjumaa
Jevgenia;Siim;19.06.2003;N;60306190420;Torma, Jõgevamaa
Taago;Teesalu;12.01.1996;M;39601120662;Antsla, Võrumaa
Eva;Holm;01.04.1968;N;46804017103;Kohtla-Järve, Ida-Virumaa
Caroline;Gross;22.10.1966;N;46610229089;Helme, Valgamaa
Roomet;Uus;10.07.1960;M;36007104241;Toila, Ida-Virumaa
Ardi;Annus;03.11.1977;M;37711038721;Tudulinna, Ida-Virumaa
Hannabel;Rumjantsev;01.03.1983;N;48303014064;Põltsamaa, Jõgevamaa
Leonard;Kaljuvee;07.11.1964;M;36411076509;Risti, Läänemaa
Renee;Vinogradov;12.03.1974;M;37403128440;Võõpsu, Põlvamaa
Eeva;Sirel;13.01.1968;N;46801135055;Aegviidu, Harjumaa
Kadi;Veski;07.08.2003;N;60308071887;Alu, Raplamaa
Lidia;Nuut;04.05.2006;N;60605048981;Riisipere, Harjumaa
Maiu;Erik;26.08.1969;N;46908262085;Viru-Nigula, Lääne-Virumaa
Marian;Juhkam;25.12.1995;N;49512252003;Käru, Raplamaa
Siim;Miller;13.04.1984;M;38404139036;Varnja, Tartumaa
Angelina;Konstantinov;11.08.1997;N;49708118111;Ramsi, Viljandimaa
Natalia;Kuuse;24.10.1993;N;49310248967;Antsla, Võrumaa
Ranno;Ivanov;05.07.1986;M;38607050433;Narva, Ida-Virumaa
Vjatšeslav;Lindgren;29.07.2005;M;50507297561;Tõrvandi, Tartumaa
Kadri;Nikolaev;16.01.1999;N;49901169082;Risti, Läänemaa
Elar;Petrov;09.02.1969;M;36902090795;Järvakandi, Raplamaa
Koit;Rohtla;01.12.2001;M;50112011700;Are, Pärnumaa
Kaur;Tammik;10.05.2000;M;50005109555;Põltsamaa, Jõgevamaa
Nelli;Mäe;07.06.2008;N;60806075565;Alatskivi, Tartumaa
Deily;Heinsoo;22.05.1966;N;46605226337;Tihemetsa, Pärnumaa
Mihail;Orlov;11.06.1980;M;38006112739;Tudulinna, Ida-Virumaa
Stefan;Kalda;31.12.1962;M;36212319133;Ämari, Harjumaa
Rita;Tooming;05.05.1983;N;48305057927;Pajusti, Lääne-Virumaa
Artjom;Marksoo;05.05.1994;M;39405052446;Puhja, Tartumaa
Inge;Iljin;09.08.2003;N;60308096382;Valjala, Saaremaa
Sigrit;Laas;18.06.1988;N;48806187492;Võru, Võrumaa
Tamara;Soosaar;08.08.1978;N;47808089046;Peetri, Järvamaa
Villem;Unt;05.07.2000;M;50007057401;Käina, Hiiumaa
Kersti;Mölder;25.11.1996;N;49611253981;Kolkja, Tartumaa
Merilyn;Bondarenko;25.09.1961;N;46109256313;Helme, Valgamaa
Uljana;Tõnisson;07.08.1978;N;47808072438;Vana-Antsla, Võrumaa
Elmar;Martinson;24.05.1995;M;39505248093;Tammiku, Ida-Virumaa
Helle;Must;29.09.1972;N;47209294378;Erra, Ida-Virumaa
Jesper;Kodres;12.06.1964;M;36406127939;Roiu, Tartumaa
Taavet;Solovjov;28.08.2002;M;50208283325;Kaerepere, Raplamaa
Taavi;Siim;14.10.1995;M;39510142705;Vastse-Kuuste, Põlvamaa
Reio;Abel;08.06.2007;M;50706087840;Maardu, Harjumaa
Krislin;Teesalu;23.07.1998;N;49807232893;Roosna-Alliku, Järvamaa
Külli;Kurvits;05.03.1983;N;48303059071;Sillamäe, Ida-Virumaa
Andrey;Järv;28.05.1960;M;36005280996;Kiiu, Harjumaa
Tristan;Allas;02.02.1983;M;38302020181;Varstu, Võrumaa
Sirly;Fedorov;09.11.1961;N;46111092322;Tõrvandi, Tartumaa
Jane-Ly;Vain;08.10.1979;N;47910087917;Märjamaa, Raplamaa
Alika;Romanov;20.02.1991;N;49102207128;Erra, Ida-Virumaa
Leonid;Grigorieva;29.04.1983;M;38304298726;Misso, Võrumaa
Heiki;Aavik;22.08.1962;M;36208224516;Audru, Pärnumaa
Ave;Juhkam;12.07.1995;N;49507129898;Lehtse, Lääne-Virumaa
Anastasija;Matvejev;29.11.1990;N;49011296905;Sõmeru, Lääne-Virumaa
Sarah;Liiv;12.12.1969;N;46912126688;Nõo, Tartumaa
Mailis;Denissov;08.12.1966;N;46612087210;Narva, Ida-Virumaa
Annett;Oja;16.01.1974;N;47401167569;Kudjape, Saaremaa
Maret;Väli;14.08.2008;N;60808144347;Olgina, Ida-Virumaa
Kertu;Erik;07.08.2002;N;60208070131;Oisu, Järvamaa
Jelena;Abbt;17.08.1965;N;46508174685;Sillamäe, Ida-Virumaa
Niina;Ojaste;05.10.1998;N;49810057069;Tsirguliina, Valgamaa
Thomas;Koitla;07.12.1987;M;38712073595;Hummuli, Valgamaa
Helerin;Karu;09.11.1977;N;47711096615;Karjaküla, Harjumaa
Jelizaveta;Ruus;01.04.1969;N;46904012095;Lavassaare, Pärnumaa
Kertu;Mäeots;09.08.2007;N;60708099419;Sillamäe, Ida-Virumaa
Maarit;Lepp;02.07.1990;N;49007028945;Tsirguliina, Valgamaa
Kadi;Kokk;26.10.1971;N;47110261977;Kõrveküla, Tartumaa
Airika;Kuznetsov;06.11.1980;N;48011061903;Risti, Läänemaa
Karl-Markus;Heinsalu;24.05.2005;M;50505247467;Nõo, Tartumaa
Taaniel;Kroon;26.05.1979;M;37905266531;Suure-Jaani, Viljandimaa
Hanna-Maria;Gerassimov;02.07.1985;N;48507027766;Lepna, Lääne-Virumaa
Evelina;Aleksandrov;23.07.1981;N;48107231967;Vana-Antsla, Võrumaa
Kaimar;Pruul;15.04.1974;M;37404154839;Kiltsi, Lääne-Virumaa
Sigmar;Stepanov;17.01.1963;M;36301175824;Maardu, Harjumaa
Ralf;Ots;15.02.1960;M;36002153007;Võru, Võrumaa
Rauno;Jänes;21.12.2002;M;50212217059;Saku, Harjumaa
Lev;Filatov;08.08.1965;M;36508088114;Turba, Harjumaa
Kirke;Saks;19.03.1973;N;47303196026;Kõrveküla, Tartumaa
Helin;Rein;14.06.1971;N;47106149752;Jõgeva, Jõgevamaa
Juss;Kärner;27.07.1983;M;38307273839;Vana-Antsla, Võrumaa
Arabella;Hallik;14.05.1985;N;48505147344;Roiu, Tartumaa
Ingvar;Borissov;08.05.1980;M;38005084023;Sadala, Jõgevamaa
Elen;Sorokin;09.05.2002;N;60205094186;Jõhvi, Ida-Virumaa
Agris;Toom;09.01.1963;M;36301094942;Jõgeva, Jõgevamaa
Deily;Oja;23.10.1975;N;47510236130;Vasalemma, Harjumaa
Yana;Pukk;23.06.2008;N;60806239825;Kiviõli, Ida-Virumaa
Boris;Raudsepp;29.11.2000;M;50011293268;Peetri, Järvamaa
Kristin;Aru;26.04.1969;N;46904264028;Sonda, Ida-Virumaa
Nils;Käärik;25.05.1979;M;37905254995;Sõmerpalu, Võrumaa
Maili;Parts;19.06.2001;N;60106195625;Võnnu, Tartumaa
Reigo;Treial;02.03.2008;M;50803022461;Märjamaa, Raplamaa
Maiko;Kask;24.09.2007;M;50709248406;Tamsalu, Lääne-Virumaa
Angeelika;Kaljuvee;19.09.1980;N;48009190851;Taebla, Läänemaa
Liina;Lepik;29.03.2003;N;60303295461;Paldiski, Harjumaa
Siret;Pent;07.12.1995;N;49512071599;Kaerepere, Raplamaa
Rait;Nõmm;08.04.1986;M;38604080457;Tudulinna, Ida-Virumaa
Maarek;Koppel;28.12.1960;M;36012288642;Kuressaare, Saaremaa
Olivia;Kalinin;28.02.2006;N;60602281206;Karjaküla, Harjumaa
Martti;Meier;29.03.1985;M;38503295547;Märja, Tartumaa
Margaret;Bondarenko;25.09.1985;N;48509259225;Palamuse, Jõgevamaa
Elery;Härm;18.09.1988;N;48809187734;Olgina, Ida-Virumaa
Kert;Männik;15.05.1997;M;39705152735;Kose-Uuemõisa, Harjumaa
Johanna;Rüütel;12.02.2003;N;60302124757;Hageri, Raplamaa
Aliise;Aun;30.12.1980;N;48012309720;Alu, Raplamaa
Karel;Unt;14.02.1977;M;37702140688;Eidapere, Raplamaa
Sirle;Toom;01.03.1968;N;46803015230;Orissaare, Saaremaa
Arti;Rand;01.05.2005;M;50505017171;Harku, Harjumaa
Aurelia;Viira;06.04.1976;N;47604063683;Pärnu, Pärnumaa
Uku;Kant;01.02.1987;M;38702015593;Lehtse, Lääne-Virumaa
Anders;Allas;27.08.1999;M;39908270378;Kaerepere, Raplamaa
Maie;Nõmm;23.05.1960;N;46005232851;Keava, Raplamaa
Rainis;Kukk;01.10.2005;M;50510014210;Oisu, Järvamaa
Krete;Lehtmets;29.03.1989;N;48903296310;Tartu, Tartumaa
Markus;Sepp;14.06.1967;M;36706140101;Tudulinna, Ida-Virumaa
Valeri;Hunt;27.05.1986;M;38605274696;Tootsi, Pärnumaa
Jaan;Tomson;26.11.2008;M;50811262151;Aravete, Järvamaa
Laureen;Treial;24.12.1984;N;48412245304;Kangru, Harjumaa
Jevgenia;Hõbe;07.06.1977;N;47706072918;Peetri, Järvamaa
Inge;Annus;05.09.1985;N;48509050265;Õru, Valgamaa
Melany;Laane;09.06.1992;N;49206092589;Haljala, Lääne-Virumaa
Marvin;Aru;09.03.1980;M;38003098678;Viru-Nigula, Lääne-Virumaa
Saskia;Taal;21.11.1963;N;46311219056;Avinurme, Ida-Virumaa
Maarja-Liisa;Lindgren;25.06.1981;N;48106250395;Kobela, Võrumaa
Karl-Martin;Müürsepp;17.05.1997;M;39705170483;Narva-Jõesuu, Ida-Virumaa
Ülari;Ploom;14.06.1987;M;38706145255;Vastseliina, Võrumaa
Kaia;Nuut;18.12.1994;N;49412181263;Lepna, Lääne-Virumaa
Andre;Maack;23.12.1998;M;39812230013;Väike-Maarja, Lääne-Virumaa
Inna;Paju;22.12.1967;N;46712228954;Virtsu, Läänemaa
Veronica;Renoir;09.09.1977;N;47709092621;Puka, Valgamaa
Jevgenija;Kase;25.08.1981;N;48108256149;Iisaku, Ida-Virumaa
Eduard;Raudsepp;08.12.2003;M;50312083330;Nasva, Saaremaa
Viljar;Klein;01.01.1993;M;39301017560;Maardu, Harjumaa
Aigar;Gross;09.05.1967;M;36705092261;Kiiu, Harjumaa
Uljana;Lumi;04.04.1967;N;46704044509;Suure-Jaani, Viljandimaa
Jekaterina;Loginov;12.07.1974;N;47407129470;Roosna-Alliku, Järvamaa
Taavo;Gerassimov;18.09.1998;M;39809186279;Keava, Raplamaa
Tuuli;Kaur;21.02.1990;N;49002211343;Pajusti, Lääne-Virumaa
Rünno;Käär;04.11.1998;M;39811046277;Tartu, Tartumaa
Maxim;Aakre;28.01.1986;M;38601288391;Hageri, Raplamaa
Viktor;Tarassov;02.03.1961;M;36103025184;Vastseliina, Võrumaa
Uku;Truu;25.11.1983;M;38311252172;Kilingi-Nõmme, Pärnumaa
Rünno;Kaljuste;05.08.2005;M;50508050982;Ulila, Tartumaa
Christina;Tuul;25.01.1975;N;47501255410;Veriora, Põlvamaa
Devid;Kotov;21.11.1978;M;37811214154;Tõravere, Tartumaa
Angela;Jaanus;17.03.2008;N;60803171188;Lepna, Lääne-Virumaa
Alina;Hansen;08.10.2000;N;60010084904;Tõrva, Valgamaa
Eliise;Sergejev;11.04.1982;N;48204112953;Parksepa, Võrumaa
Cätlin;Arula;16.02.1979;N;47902162052;Antsla, Võrumaa
Milana;Härm;11.01.1990;N;49001116030;Juuru, Raplamaa
Grethel;Poljakov;06.03.2004;N;60403062625;Pärnu, Pärnumaa
Marilin;Mäesalu;18.08.1963;N;46308187772;Särevere, Järvamaa
Semjon;Green;15.10.1964;M;36410152207;Mustvee, Jõgevamaa
Otto;Allas;17.11.1969;M;36911179373;Käina, Hiiumaa
Mairo;Ojala;27.06.1982;M;38206273683;Tootsi, Pärnumaa
Rasmus;Hanson;22.10.1973;M;37310220196;Vastse-Kuuste, Põlvamaa
Dimitri;Toots;10.01.1982;M;38201101340;Adavere, Jõgevamaa
Aleks;Semenov;10.10.1989;M;38910109244;Mehikoorma, Tartumaa
Kenno;Martinson;06.10.1975;M;37510067176;Türi, Järvamaa
Antti;Tamme;02.10.1992;M;39210028079;Salme, Saaremaa
Robi;Sarapuu;12.03.1972;M;37203123928;Laiuse, Jõgevamaa
Robin;Jalakas;03.04.1980;M;38004031960;Võsu, Lääne-Virumaa
Svetlana;Heinsalu;26.08.1970;N;47008264475;Rakke, Lääne-Virumaa
Gennadi;Holm;22.08.1984;M;38408225175;Kudjape, Saaremaa
Liana;Nõmmik;25.12.1999;N;49912250738;Vinni, Lääne-Virumaa
Karl Gustav;Andreev;09.09.1987;M;38709091751;Lehtse, Lääne-Virumaa
Märt;Pukk;11.09.1960;M;36009118516;Laiuse, Jõgevamaa
Maire;Luht;18.01.1999;N;49901180533;Kangru, Harjumaa
Sofija;Lätt;24.11.1997;N;49711240973;Uuemõisa, Läänemaa
Robi;Kikas;13.06.2002;M;50206139546;Kunda, Lääne-Virumaa
Janis;Aasmäe;14.11.1973;M;37311142327;Kunda, Lääne-Virumaa
Rebekka;Kuzmin;12.07.1969;N;46907128980;Jüri, Harjumaa
Oskar;Kuzmin;08.04.2002;M;50204085271;Misso, Võrumaa
Allar;Rätsep;16.06.1993;M;39306166955;Kostivere, Harjumaa
Eduard;Lunin;13.10.1981;M;38110131585;Kohila, Raplamaa
Andris;Schmidt;14.05.1991;M;39105142874;Võsu, Lääne-Virumaa
Tanel;Vinogradov;17.08.1995;M;39508177145;Orissaare, Saaremaa
Taimar;Sergejev;19.11.2006;M;50611190450;Näpi, Lääne-Virumaa
Artem;Sobolev;17.05.2003;M;50305175370;Lüganuse, Ida-Virumaa
Sergey;Ivanov;19.05.2003;M;50305198003;Vaida, Harjumaa
Kristin;Sillaste;19.10.2002;N;60210199525;Tartu, Tartumaa
Lilija;Sild;28.04.1985;N;48504280154;Vaida, Harjumaa
Hendrik;Remmel;07.01.1969;M;36901073372;Püssi, Ida-Virumaa
Eric;Jürgens;10.08.1975;M;37508101494;Rõuge, Võrumaa
Juliana;Sander;27.04.1976;N;47604276848;Kiviõli, Ida-Virumaa
Viktoria;Poljakov;24.03.1970;N;47003249630;Pärnu-Jaagupi, Pärnumaa
Maribel;Kostin;28.06.2001;N;60106287495;Olustvere, Viljandimaa
Epp;Sillaste;04.02.1977;N;47702049634;Väike-Maarja, Lääne-Virumaa
Rico;Tomson;18.09.1975;M;37509184234;Eidapere, Raplamaa
Heiki;Pärtel;03.10.1967;M;36710038586;Rummu, Harjumaa
Keili;Mürk;06.10.1987;N;48710066629;Kasepää, Tartumaa
Margo;Kikas;17.11.1990;M;39011174292;Võnnu, Tartumaa
Aire;Aun;16.03.1997;N;49703165837;Särevere, Järvamaa
Julija;Kallas;03.05.1974;N;47405035082;Jõgeva, Jõgevamaa
Ako;Vares;18.01.2003;M;50301182683;Nõo, Tartumaa
Kaidi;Simm;13.03.1992;N;49203133479;Ahja, Põlvamaa
Marcus;Koger;07.05.1993;M;39305070763;Räpina, Põlvamaa
Rait;Martinson;29.03.1963;M;36303298089;Orissaare, Saaremaa
Karoli;Kask;03.06.1987;N;48706031539;Varstu, Võrumaa
Mihkel;Palu;07.05.1972;M;37205071051;Vändra, Pärnumaa
Rein;Nõmmik;18.12.1961;M;36112189911;Ahja, Põlvamaa
Emilia;Link;22.05.1990;N;49005225248;Uhtna, Lääne-Virumaa
Mehis;Kivilo;20.04.1989;M;38904209947;Kose, Harjumaa
Marianna;Tilk;18.10.1996;N;49610181852;Keava, Raplamaa
Magnar;Kalda;13.09.1990;M;39009131166;Sadala, Jõgevamaa
Olivia;Kaur;01.09.1980;N;48009018908;Eidapere, Raplamaa
Kersti;Peterson;02.03.1968;N;46803021134;Varstu, Võrumaa
Heleri;Klein;01.10.1975;N;47510013277;Kärla, Saaremaa
Simon;Valge;19.11.2004;M;50411197618;Lagedi, Harjumaa
Taimar;Kasak;06.02.1981;M;38102067480;Paide, Järvamaa
Maidu;Niit;25.05.1971;M;37105259326;Käina, Hiiumaa
Kadi;Iljin;20.02.1993;N;49302206933;Aste, Saaremaa
Elisa;Järvesaar;05.09.1986;N;48609055906;Tudu, Lääne-Virumaa
Egor;Pulk;01.03.1979;M;37903017192;Riisipere, Harjumaa
Mikhail;Annus;11.08.1982;M;38208115851;Toila, Ida-Virumaa
Pilleriin;Sutt;07.11.1977;N;47711074603;Orissaare, Saaremaa
Reio;Kokk;21.08.2006;M;50608211922;Rõngu, Tartumaa
Germo;Karu;26.05.1969;M;36905261156;Ülenurme, Tartumaa
Saveli;Raid;15.04.1962;M;36204154251;Kiisa, Harjumaa
Jarno;Kolk;16.02.1994;M;39402160724;Tootsi, Pärnumaa
Rico;Kaljula;15.06.1962;M;36206158485;Kobela, Võrumaa
Aivar;Moor;18.03.1968;M;36803186996;Jüri, Harjumaa
Max;Rüütel;24.04.2003;M;50304242851;Rõuge, Võrumaa
Karoliine;Ploom;03.06.1977;N;47706038638;Rõuge, Võrumaa
Stina;Põldma;26.02.1983;N;48302269109;Sindi, Pärnumaa
Mailiis;Suvorov;06.04.1961;N;46104069399;Kõrgessaare, Hiiumaa
Veroonika;Gontšarov;14.04.1961;N;46104146782;Pärnu-Jaagupi, Pärnumaa
Ksenja;Käär;03.02.2007;N;60702031361;Uuemõisa, Läänemaa
Hendri;Štšerbakov;28.07.1988;M;38807289612;Kuusiku, Raplamaa
Karli;Sirel;19.06.1973;M;37306193399;Riisipere, Harjumaa
Jesper;Taal;24.08.2008;M;50808248460;Häädemeeste, Pärnumaa
Patrick;Koitla;27.07.1986;M;38607273489;Lepna, Lääne-Virumaa
Karl Marten;Nurk;25.07.1986;M;38607250340;Kangru, Harjumaa
Nils;Fedotov;26.06.1987;M;38706263144;Äksi, Tartumaa
Vsevolod;Taal;23.02.1966;M;36602234861;Tõstamaa, Pärnumaa
Roberta;Raadik;09.02.1974;N;47402093826;Valga, Valgamaa
Sophia;Karu;02.11.1986;N;48611025919;Are, Pärnumaa
Ailen;Kuusik;13.11.1967;N;46711130357;Lelle, Raplamaa
Adele;Danilov;10.01.1965;N;46501105855;Rõuge, Võrumaa
Gregori;Hanson;08.02.1979;M;37902082717;Antsla, Võrumaa
Janeli;Kodres;29.01.1987;N;48701291828;Veriora, Põlvamaa
Kenet;Sokolov;03.11.1983;M;38311037876;Riisipere, Harjumaa
Gregor;Jürisson;21.02.1980;M;38002213313;Tihemetsa, Pärnumaa
Arkadi;Friedman;09.06.2005;M;50506098874;Sonda, Ida-Virumaa
Krete;Reimann;31.10.1966;N;46610319212;Kasepää, Tartumaa
Marken;Jakobson;02.05.2005;M;50505026348;Olustvere, Viljandimaa
Markkus;Liivamägi;10.03.2005;M;50503107289;Toila, Ida-Virumaa
Stenver;Õunapuu;18.12.1966;M;36612184621;Lähte, Tartumaa
Karmel;Lauri;01.09.1979;N;47909015471;Alu, Raplamaa
Deniss;Klavan;29.06.1995;M;39506291617;Kangru, Harjumaa
Inga;Trofimov;17.08.1996;N;49608170295;Varnja, Tartumaa
Lotta;Volkov;05.06.1966;N;46606056076;Saue, Harjumaa
Sirle;Jõgi;26.10.1992;N;49210267014;Sonda, Ida-Virumaa
Reino;Gusev;01.05.2007;M;50705017473;Rummu, Harjumaa
Arvo;Laas;21.12.1968;M;36812216426;Väätsa, Järvamaa
Jelena;Kilk;10.10.1972;N;47210109500;Käru, Raplamaa
Merili;Laanemets;27.11.1998;N;49811271030;Kaiu, Raplamaa
Koit;Kudrjavtsev;18.09.1992;M;39209182900;Paide, Järvamaa
Sofija;Roos;18.08.1969;N;46908183397;Paide, Järvamaa
Nikol;Bondarenko;11.02.1960;N;46002113973;Virtsu, Läänemaa
Auli;Säde;27.07.1984;N;48407271440;Jõgeva, Jõgevamaa
Thomas;Lauri;28.11.1965;M;36511282652;Rõngu, Tartumaa
Tarvi;Zujev;12.07.1991;M;39107128175;Keila, Harjumaa
Vivian;Kalinin;29.11.1960;N;46011298168;Kehtna, Raplamaa
Laura;Soosaar;04.09.1998;N;49809042911;Sääse, Lääne-Virumaa
Robi;Rätsep;03.07.1969;M;36907039222;Mustvee, Jõgevamaa
Aljona;Roosileht;27.04.1995;N;49504279582;Luige, Harjumaa
Arina;Pikk;16.04.1970;N;47004166574;Kaiu, Raplamaa
Ramon;Liblik;28.10.1982;M;38210287689;Lehtse, Lääne-Virumaa
Merle;Liivak;05.06.1971;N;47106056307;Toila, Ida-Virumaa
Hannes;Kiik;14.11.1979;M;37911143199;Juuru, Raplamaa
Vlada;Lõhmus;03.12.2003;N;60312037938;Märja, Tartumaa
Urmet;Merisaar;03.03.1979;M;37903038018;Märjamaa, Raplamaa
Vahur;Koval;12.12.1963;M;36312125669;Hulja, Lääne-Virumaa
Günther;Beljajev;13.08.1978;M;37808130965;Olgina, Ida-Virumaa
Robert;Lõhmus;18.02.1980;M;38002182058;Kuremaa, Jõgevamaa
Andry;Kuusk;14.04.2005;M;50504148086;Lihula, Läänemaa
Ago;Loginov;20.08.1974;M;37408208216;Risti, Läänemaa
Merit;Lõhmus;22.10.1982;N;48210224700;Palivere, Läänemaa
Raigo;Kazakov;18.03.1974;M;37403188393;Märjamaa, Raplamaa
Elise;Jõgi;01.04.2003;N;60304015423;Keila-Joa, Harjumaa
Üllar;Paas;26.01.2002;M;50201268267;Märja, Tartumaa
Moonika;Piir;11.09.1983;N;48309110100;Otepää, Valgamaa
Yana;Jürgenson;28.10.1984;N;48410284982;Kuressaare, Saaremaa
Beatrice;Simm;03.10.1998;N;49810034778;Võiste, Pärnumaa
Rahel;Jõgi;09.01.1961;N;46101096036;Haljala, Lääne-Virumaa
Mariana;Sarap;09.09.1980;N;48009099855;Saue, Harjumaa
Kristlin;Piir;03.06.1989;N;48906033374;Kiili, Harjumaa
Stiina;Post;01.07.1993;N;49307014012;Jüri, Harjumaa
Kelvin;Kilk;05.03.1967;M;36703058242;Pärnu, Pärnumaa
Eliisabeth;Palm;26.01.1967;N;46701269958;Järvakandi, Raplamaa
Tõnis;Teras;24.05.1962;M;36205241157;Keila, Harjumaa
Pärtel;Borissov;16.09.1992;M;39209164847;Räpina, Põlvamaa
Ivan;Ruus;08.06.1988;M;38806084009;Ravila, Harjumaa
Õnnela;Powell;17.06.1977;N;47706174034;Kudjape, Saaremaa
Georg;Erm;08.09.1978;M;37809085636;Kehra, Harjumaa
Brita;Kuusk;12.01.1991;N;49101124330;Puka, Valgamaa
Erko;Teearu;28.04.1991;M;39104286289;Kose, Harjumaa
Jana;Tuul;18.06.1984;N;48406182038;Märjamaa, Raplamaa
Norman;Sutt;29.12.1979;M;37912294148;Tootsi, Pärnumaa
Ines;Fedorov;13.07.1981;N;48107135836;Risti, Läänemaa
Renar;Lepik;29.04.2004;M;50404299098;Tõrva, Valgamaa
Dimitri;Kikas;19.11.1969;M;36911197051;Kehra, Harjumaa
Verner;Martinson;29.12.2002;M;50212295415;Viru-Jaagupi, Lääne-Virumaa
Bogdan;Susi;20.02.1960;M;36002202721;Saku, Harjumaa
Carolina;Maslov;20.05.1991;N;49105201391;Prillimäe, Raplamaa
Anna-Liisa;Raid;28.09.2003;N;60309281936;Keava, Raplamaa
Ago;Ploom;16.10.1969;M;36910160161;Sauga, Pärnumaa
Evgeny;Piir;01.05.1975;M;37505019634;Roosna-Alliku, Järvamaa
Maarek;Antonov;30.08.2008;M;50808304517;Hageri, Raplamaa
Ingel;Meier;21.02.2000;N;60002210395;Türi, Järvamaa
Tomi;Ignatjev;19.11.1990;M;39011198744;Kuremaa, Jõgevamaa
Karola;Reinke;09.04.1987;N;48704097097;Sõmerpalu, Võrumaa
Stina;Liivamägi;24.04.1972;N;47204245956;Hageri, Raplamaa
Kadi-Liis;Lapin;21.03.1995;N;49503213698;Puhja, Tartumaa
Kristofer;Jõgi;01.11.2006;M;50611019477;Palivere, Läänemaa
Juhan;Oras;24.08.1988;M;38808243137;Ravila, Harjumaa
Mikk;Adamson;21.07.1975;M;37507219865;Narva-Jõesuu, Ida-Virumaa
Helene;Pärtel;02.05.1993;N;49305022117;Kangru, Harjumaa
Joel;Tooming;12.09.1961;M;36109124505;Tori, Pärnumaa
Kaspar;Kutsar;27.12.1970;M;37012272918;Võõpsu, Põlvamaa
Kerdo;Aakre;21.10.2002;M;50210215091;Kiili, Harjumaa
Kärt;Jarvis;31.10.1974;N;47410319155;Tihemetsa, Pärnumaa
Mirelle;Laane;07.11.1973;N;47311075038;Leisi, Saaremaa
Eliisa;Väli;05.01.1966;N;46601058778;Väike-Maarja, Lääne-Virumaa
Natalija;Sorokin;14.05.1996;N;49605144374;Klooga, Harjumaa
Eduard;Täht;25.12.1971;M;37112259929;Vastse-Kuuste, Põlvamaa
Natalia;Kalmus;24.06.2006;N;60606244004;Ülenurme, Tartumaa
Arabella;Lember;11.04.1963;N;46304112074;Karjaküla, Harjumaa
Alisa;Klimov;15.05.1970;N;47005150830;Lehtse, Lääne-Virumaa
Kristofer;Järve;21.09.1964;M;36409215493;Lohusuu, Ida-Virumaa
Sigmar;Anissimov;26.10.1962;M;36210269599;Sillamäe, Ida-Virumaa
Kenert;Malõšev;24.02.1995;M;39502243248;Kiiu, Harjumaa
Trinity;Liivamägi;05.02.1991;N;49102051980;Tõrva, Valgamaa
Lada;Pruul;22.06.1966;N;46606222441;Abja-Paluoja, Viljandimaa
Jarl;Nikitin;11.07.2008;M;50807119244;Kuremaa, Jõgevamaa
Matthias;Allik;20.04.1975;M;37504201875;Simuna, Lääne-Virumaa
Siret;Arula;23.08.1979;N;47908230923;Õisu, Viljandimaa
Ranar;Sarv;04.10.1999;M;39910046890;Torma, Jõgevamaa
Elvis;Kisseljov;29.10.1980;M;38010297747;Juuru, Raplamaa
Gerttu;Õun;19.05.1982;N;48205192884;Tabivere, Jõgevamaa
Ketlin;Malõšev;15.04.1984;N;48404153115;Räpina, Põlvamaa
Enrico;Uustalu;28.02.2000;M;50002288413;Ülenurme, Tartumaa
Merili;Võsu;30.12.1996;N;49612302329;Ramsi, Viljandimaa
Ingvar;Ossipov;17.04.1996;M;39604174857;Sadala, Jõgevamaa
Dominik;Laine;02.03.1990;M;39003022572;Kõrgessaare, Hiiumaa
Mariann;Kasemets;16.02.2003;N;60302166305;Halliste, Viljandimaa
Cätlin;Kaljuvee;26.06.1967;N;46706269108;Puhja, Tartumaa
Markel;Hanson;19.10.1987;M;38710198444;Tõrvandi, Tartumaa
Külli;Heinsoo;28.06.1996;N;49606287141;Aste, Saaremaa
Ksenija;Kasemaa;03.10.1976;N;47610035971;Kallaste, Tartumaa
Albert;Tuisk;30.04.1997;M;39704303573;Kohila, Raplamaa
Aaron;Lind;13.06.2008;M;50806133893;Sangaste, Valgamaa
Mirell;Friedman;07.12.2007;N;60712075385;Tudulinna, Ida-Virumaa
Karl Marten;Krõlov;01.05.1967;M;36705016361;Saku, Harjumaa
Andrea;Sarv;28.03.1964;N;46403280841;Kiviõli, Ida-Virumaa
Katri;Vaher;10.07.1969;N;46907102130;Kuusalu, Harjumaa
Gabriel;Nikitin;13.02.1994;M;39402131264;Turba, Harjumaa
Alex;Tihhomirov;02.02.1972;M;37202025993;Harku, Harjumaa
Claudia;Nikitin;06.07.2004;N;60407067335;Virtsu, Läänemaa
Lars;Simm;02.08.2005;M;50508025465;Parksepa, Võrumaa
Elizabet;Mõttus;17.07.1973;N;47307176383;Tallinn, Harjumaa
Silva;Aakre;11.10.2007;N;60710114229;Tudulinna, Ida-Virumaa
Kadi-Liis;Aun;26.08.1970;N;47008266884;Käravete, Järvamaa
Ralf;Kool;12.12.1969;M;36912128770;Vana-Antsla, Võrumaa
Daniella;Kalmus;08.08.1969;N;46908083155;Haabneeme, Harjumaa
Andres;Sorokin;13.12.1979;M;37912132870;Lohusuu, Ida-Virumaa
Marius;Holm;28.12.2001;M;50112284158;Käina, Hiiumaa
Stina;Kant;24.01.1967;N;46701241868;Keava, Raplamaa
Hanna-Maria;Soosalu;11.03.1983;N;48303112787;Rõuge, Võrumaa
Elsa;Saar;12.11.1971;N;47111120135;Antsla, Võrumaa
Adeele;Pulk;08.08.1986;N;48608088997;Kaerepere, Raplamaa
Jarek;Kurvits;06.09.1980;M;38009069306;Puhja, Tartumaa
Yury;Must;19.11.2003;M;50311191048;Tudu, Lääne-Virumaa
Karita;Bell;09.11.1960;N;46011092661;Pärnu-Jaagupi, Pärnumaa
Mihail;Oks;09.06.2000;M;50006095976;Laiuse, Jõgevamaa
Janely;Kissa;24.10.2003;N;60310240949;Kanepi, Põlvamaa
Harri;Žuravljov;29.11.1983;M;38311299350;Audru, Pärnumaa
Ats;Aru;19.03.1995;M;39503193198;Väike-Maarja, Lääne-Virumaa
Jevgenija;Käär;25.12.1988;N;48812257093;Aegviidu, Harjumaa
Sirli;Kalamees;30.09.1998;N;49809301197;Rummu, Harjumaa
Rasmus;Taal;07.10.1987;M;38710074347;Narva-Jõesuu, Ida-Virumaa
Deivi;Kivistik;28.11.1974;N;47411283083;Võõpsu, Põlvamaa
Jessica;Kapp;01.03.1962;N;46203016547;Kangru, Harjumaa
Lija;Eller;16.11.1995;N;49511161993;Püssi, Ida-Virumaa
Stanislav;Tihhomirov;27.12.1974;M;37412279614;Tõrva, Valgamaa
Daaniel;Kala;07.09.2003;M;50309073750;Erra, Ida-Virumaa
Jevgenia;Sidorov;03.02.1973;N;47302030237;Ambla, Järvamaa
Jelena;Kink;25.06.1980;N;48006258071;Kamari, Jõgevamaa
Kristel;Gontšarov;20.12.1973;N;47312200656;Mustvee, Jõgevamaa
Ardo;Jaanus;23.03.1986;M;38603237368;Siimusti, Jõgevamaa
Elin;Roosileht;23.07.2004;N;60407230401;Olgina, Ida-Virumaa
Hanna;Sobolev;28.07.2007;N;60707287105;Kolga-Jaani, Viljandimaa
Hanna-Liina;Kuningas;15.11.1994;N;49411151942;Kuusalu, Harjumaa
Lidia;Luik;03.09.1966;N;46609035240;Sõmerpalu, Võrumaa
Heinrich;Raja;03.12.1986;M;38612036889;Laagri, Harjumaa
Kaire;Paju;27.03.1989;N;48903273960;Roela, Lääne-Virumaa
Olari;Koitla;09.08.1970;M;37008097415;Viru-Nigula, Lääne-Virumaa
Stella;Pikk;06.06.1992;N;49206065270;Tudulinna, Ida-Virumaa
Fredy;Heinsoo;31.08.1986;M;38608319878;Karksi-Nuia, Viljandimaa
Heili;Bõstrov;02.12.1973;N;47312022217;Sõmeru, Lääne-Virumaa
Vivian;Kurm;05.07.1993;N;49307052626;Paikuse, Pärnumaa
Avely;Pruul;10.05.1982;N;48205103406;Tootsi, Pärnumaa
Brandon;Bell;09.08.1964;M;36408091805;Vana-Antsla, Võrumaa
Patrik;Erik;22.11.1991;M;39111224004;Järva-Jaani, Järvamaa
Mike;Hein;23.11.1977;M;37711239158;Rõngu, Tartumaa
Jana;Abbt;10.05.1964;N;46405104962;Tihemetsa, Pärnumaa
Aliis;Kroon;15.06.1963;N;46306156434;Aseri, Ida-Virumaa
Anna Liisa;Ivask;26.04.1998;N;49804265995;Käina, Hiiumaa
Karmen;Lipp;16.12.1995;N;49512166969;Laekvere, Lääne-Virumaa
Caspar;Maasik;11.01.1986;M;38601114079;Uhtna, Lääne-Virumaa
Mikhail;Korol;12.10.1998;M;39810126131;Näpi, Lääne-Virumaa
Leonid;Kütt;22.10.2002;M;50210223251;Adavere, Jõgevamaa
Tarmo;Juhanson;29.04.2000;M;50004290713;Hagudi, Raplamaa
Helar;Kroon;24.08.1965;M;36508247039;Viru-Nigula, Lääne-Virumaa
Timur;Sillaste;04.09.1977;M;37709040304;Viiratsi, Viljandimaa
Jan Markus;Fjodorov;01.07.1969;M;36907018572;Elva, Tartumaa
Nadežda;Lember;29.04.1999;N;49904294567;Väike-Maarja, Lääne-Virumaa
Krister;Sorokin;01.05.1992;M;39205018212;Roela, Lääne-Virumaa
Jasper;Teras;13.03.1963;M;36303131261;Eidapere, Raplamaa
Juliana;Luts;15.10.1991;N;49110157085;Särevere, Järvamaa
Katja;Mäe;18.08.1987;N;48708182329;Kiiu, Harjumaa
Lisell;Kasak;17.02.1988;N;48802177352;Lihula, Läänemaa
Maret;Suits;03.10.1985;N;48510035309;Olgina, Ida-Virumaa
Jaroslav;Matvejev;09.03.1969;M;36903092440;Audru, Pärnumaa
Anneliis;Merisaar;02.10.1960;N;46010023465;Luige, Harjumaa
Reti;Saul;06.09.2001;N;60109064218;Kanepi, Põlvamaa
Jaagup;Kotov;06.01.1995;M;39501062976;Jõhvi, Ida-Virumaa
Reti;Vares;30.09.1964;N;46409306577;Uuemõisa, Läänemaa
Krista;Remmel;16.12.1969;N;46912161677;Peetri, Järvamaa
Brit;Lumi;11.09.2000;N;60009118784;Loo, Harjumaa
Moonika;Püvi;22.05.1972;N;47205228585;Puurmani, Jõgevamaa
Kristine;Mandel;31.03.2007;N;60703318552;Võsu, Lääne-Virumaa
Ain;Jänes;14.11.1982;M;38211144227;Kaiu, Raplamaa
Christian;Liblik;14.11.1968;M;36811144860;Tõrvandi, Tartumaa
Margus;Piho;01.12.2001;M;50112011711;Kiisa, Harjumaa
Gerttu;Kasak;11.10.1969;N;46910112793;Viljandi, Viljandimaa
Eva-Liisa;Jakobson;05.07.2002;N;60207050752;Vastseliina, Võrumaa
Raul;Bondarenko;06.05.1980;M;38005061809;Viljandi, Viljandimaa
Kerly;Kiis;12.08.1978;N;47808124755;Tihemetsa, Pärnumaa
Arkadi;Jürgenson;15.08.1968;M;36808150002;Iisaku, Ida-Virumaa
Reimo;Prikk;20.06.1975;M;37506206567;Sadala, Jõgevamaa
Ljudmila;Jürgens;22.11.1962;N;46211224992;Viljandi, Viljandimaa
Jane;Merisaar;12.10.1991;N;49110127753;Kangru, Harjumaa
Aliis;Truu;29.02.1972;N;47202293428;Sadala, Jõgevamaa
Maarja-Liisa;Aus;27.01.1983;N;48301276134;Kõrveküla, Tartumaa
Roberta;Allas;27.06.2002;N;60206278635;Häädemeeste, Pärnumaa
Mirtel;Nuut;28.07.1967;N;46707286001;Põltsamaa, Jõgevamaa
Jasper;Koger;03.04.1999;M;39904037867;Vaida, Harjumaa
Karoline;Liiv;03.04.1987;N;48704038792;Kambja, Tartumaa
Melany;Randoja;30.12.1989;N;48912300488;Lohusuu, Ida-Virumaa
Eleanora;Laanemets;13.02.1999;N;49902133550;Tõrva, Valgamaa
Brit;Kuznetsov;07.08.1971;N;47108079214;Tõravere, Tartumaa
Raina;Tuul;18.02.1976;N;47602188793;Vastse-Kuuste, Põlvamaa
Sofia;Jaanson;13.08.1965;N;46508137471;Kolga, Harjumaa
Karl Joonas;Ruus;06.05.1979;M;37905067267;Aravete, Järvamaa
Aleksander;Lomp;19.09.1997;M;39709194117;Vasalemma, Harjumaa
Edgar;Rumjantsev;19.09.2007;M;50709195182;Viru-Jaagupi, Lääne-Virumaa
Alar;Mann;06.08.2000;M;50008061071;Saku, Harjumaa
Signe;Lass;28.08.1986;N;48608287498;Haljala, Lääne-Virumaa
Jarek;Rüütel;28.04.1988;M;38804280138;Kose-Uuemõisa, Harjumaa
Heidy;Kiisk;24.09.1974;N;47409244604;Põlva, Põlvamaa
Sirli;Sirel;29.09.1983;N;48309297597;Hageri, Raplamaa
Marius;Kull;14.11.1994;M;39411143768;Käravete, Järvamaa
Vladimir;Roos;24.10.2001;M;50110249248;Taebla, Läänemaa
Sophia;Vasiliev;05.11.1981;N;48111056783;Sõmerpalu, Võrumaa
Karl Markus;Sisask;01.07.1969;M;36907013265;Olustvere, Viljandimaa
Marta;Meister;29.10.2002;N;60210293250;Kambja, Tartumaa
Kaur;Meier;27.11.1997;M;39711277174;Tamsalu, Lääne-Virumaa
Maiken;Gromov;13.12.1966;N;46612135147;Värska, Põlvamaa
Carl;Kolberg;15.08.1993;M;39308159958;Viru-Jaagupi, Lääne-Virumaa
Ruslan;Kadak;19.09.1985;M;38509193533;Türi, Järvamaa
Lily;Pärnpuu;10.02.2002;N;60202103089;Lavassaare, Pärnumaa
Tõnu;Salu;23.10.1961;M;36110233005;Kallaste, Tartumaa
Martin;Sikorski;05.02.1998;M;39802057458;Käina, Hiiumaa
Anastassija;Kass;05.03.1993;N;49303054109;Alu, Raplamaa
Iiris;Saar;17.05.1980;N;48005175465;Klooga, Harjumaa
Nadezda;Egorov;05.02.1962;N;46202056144;Tsirguliina, Valgamaa
Liia;Nikitin;11.05.1979;N;47905113308;Lepna, Lääne-Virumaa
Agris;Mironov;24.01.1972;M;37201241512;Sõmeru, Lääne-Virumaa
Melani;Järvesaar;16.01.2000;N;60001168540;Aseri, Ida-Virumaa
Sofia;Visnapuu;19.12.1991;N;49112194936;Haljala, Lääne-Virumaa
Adele;Smirnov;19.08.1981;N;48108199235;Sääse, Lääne-Virumaa
Tuuli;Jermakov;04.03.1968;N;46803045197;Iisaku, Ida-Virumaa
Kristen;Martin;28.08.1966;M;36608280697;Rannu, Tartumaa
Marta;Gavrilov;20.10.2001;N;60110201522;Võiste, Pärnumaa
Sigrit;Bõstrov;15.10.1989;N;48910158262;Saue, Harjumaa
Alika;Saks;10.03.1993;N;49303105252;Kilingi-Nõmme, Pärnumaa
Ave-Marleen;Valk;30.07.2002;N;60207304674;Ulila, Tartumaa
Maiko;Põdra;24.06.2007;M;50706245646;Laagri, Harjumaa
Mathias;Afanasjev;11.01.1991;M;39101118370;Kolga-Jaani, Viljandimaa
Alo;Volkov;03.06.1967;M;36706038776;Keila-Joa, Harjumaa
Kaidar;Fedotov;21.11.1984;M;38411218065;Loksa, Harjumaa
Renate;Eller;04.10.1973;N;47310045405;Viru-Nigula, Lääne-Virumaa
Karl Oskar;Kudrjavtsev;01.03.1978;M;37803016249;Kangru, Harjumaa
Karoline;Pulk;08.12.1992;N;49212089354;Lähte, Tartumaa
Max;Ots;21.10.1974;M;37410211609;Otepää, Valgamaa
Geili;Pihelgas;05.10.1981;N;48110052299;Kunda, Lääne-Virumaa
Samanta;Zahharov;28.08.2007;N;60708283959;Orissaare, Saaremaa
Gea;Raidma;12.05.1970;N;47005125916;Kuressaare, Saaremaa
Mihkel;Toome;13.11.1982;M;38211139024;Võiste, Pärnumaa
Helis;Sander;13.01.1975;N;47501139416;Puhja, Tartumaa
Adele;Põldmaa;25.07.1965;N;46507256316;Olustvere, Viljandimaa
Anfissa;Anton;09.10.1976;N;47610094272;Rannu, Tartumaa
Raul;Lember;20.02.1999;M;39902200776;Hageri, Raplamaa
Asko;Andreev;10.11.1985;M;38511104333;Narva, Ida-Virumaa
Harry;Kuusk;08.04.1967;M;36704089148;Lüganuse, Ida-Virumaa
Helena;Lang;14.01.1996;N;49601146392;Palamuse, Jõgevamaa
Rustam;Ojaste;27.11.2002;M;50211277433;Lehtse, Lääne-Virumaa
Arvi;Vorobjov;16.06.1981;M;38106161976;Varnja, Tartumaa
Kirsti;Kohv;14.01.1980;N;48001148825;Lepna, Lääne-Virumaa
Heleri;Muru;20.11.1962;N;46211201415;Kostivere, Harjumaa
Kaidar;Koppel;20.01.2007;M;50701208167;Risti, Läänemaa
Helene;Kirss;08.10.1961;N;46110082361;Pärnu-Jaagupi, Pärnumaa
Elis;Grigorieva;02.06.2000;N;60006024297;Kambja, Tartumaa
Marili;Vares;18.11.1966;N;46611187821;Tõravere, Tartumaa
Ester;Kasak;24.05.1967;N;46705249943;Iisaku, Ida-Virumaa
Madis;Dmitriev;10.05.1977;M;37705106544;Kasepää, Tartumaa
Emeri;Teder;02.07.1977;N;47707027731;Tapa, Lääne-Virumaa
Kätrin;Oja;09.02.1988;N;48802094169;Kuusalu, Harjumaa
Norman;Pärna;11.03.1973;M;37303119153;Kiiu, Harjumaa
Kert;Tihhomirov;15.12.2000;M;50012159721;Ulila, Tartumaa
Merili;Toome;03.11.2006;N;60611037015;Särevere, Järvamaa
Taavo;Täht;16.05.1972;M;37205165898;Õru, Valgamaa
Keily;Org;12.03.1966;N;46603124372;Risti, Läänemaa
Enrico;Vähi;20.12.1960;M;36012200232;Märja, Tartumaa
Katerina;Ivask;10.09.1962;N;46209107190;Aruküla, Harjumaa
Leana;Poljakov;03.03.1978;N;47803033959;Lagedi, Harjumaa
Alina;Abbt;01.02.1965;N;46502010069;Rummu, Harjumaa
Gerly;Liiv;30.06.2008;N;60806301648;Laiuse, Jõgevamaa
Einar;Vain;12.11.1988;M;38811123426;Tori, Pärnumaa
Heiko;Lumiste;20.04.1971;M;37104202804;Mäetaguse, Ida-Virumaa
Dagne;Paas;19.07.1976;N;47607197493;Häädemeeste, Pärnumaa
Kait;Sarap;17.10.1974;M;37410173051;Kose, Harjumaa
Natalja;Gerassimov;05.06.1985;N;48506051152;Narva-Jõesuu, Ida-Virumaa
Kristina;Davõdov;29.07.1995;N;49507294369;Lohusuu, Ida-Virumaa
Indra;Pärna;13.11.2005;N;60511135410;Kamari, Jõgevamaa
Jevgeni;Kask;28.06.1991;M;39106286847;Olgina, Ida-Virumaa
Gertrud;Kolesnik;30.04.1967;N;46704308944;Kihelkonna, Saaremaa
Helene;Maksimov;02.01.1964;N;46401028836;Virtsu, Läänemaa
Marelle;Kiisk;03.10.2007;N;60710031125;Sangaste, Valgamaa
Piret;Baranov;19.09.1974;N;47409192754;Palivere, Läänemaa
Randar;Belov;29.04.1994;M;39404294769;Orissaare, Saaremaa
Arles;Teder;02.07.1981;M;38107027244;Narva, Ida-Virumaa
Mario;Mõttus;16.02.1997;M;39702166269;Alatskivi, Tartumaa
Daniela;Mikk;23.07.1992;N;49207238434;Leisi, Saaremaa
Margareth;Tihhomirov;18.03.1969;N;46903183540;Põltsamaa, Jõgevamaa
Anastassija;Pärnpuu;26.09.2007;N;60709260875;Hagudi, Raplamaa
Marii;Koger;16.04.1970;N;47004168709;Nasva, Saaremaa
Tobias;Kalm;11.05.2007;M;50705112900;Mäetaguse, Ida-Virumaa
Sandro;Koger;23.05.1960;M;36005238228;Varstu, Võrumaa
Killu;Härm;24.10.1960;N;46010243484;Kambja, Tartumaa
Emil;Mihhailov;13.03.2006;M;50603136209;Käravete, Järvamaa
Johanna Maria;Smirnov;14.04.1982;N;48204146520;Laiuse, Jõgevamaa
Magnar;Aleksandrov;20.10.2003;M;50310209436;Orissaare, Saaremaa
Mariell;Allas;07.10.1979;N;47910079682;Tartu, Tartumaa
Markko;Zujev;28.07.1989;M;38907285095;Oisu, Järvamaa
Merit;Green;13.07.1995;N;49507139474;Hagudi, Raplamaa
Alexandre;Nõmm;28.11.1997;M;39711289024;Käravete, Järvamaa
Dan;Tali;20.02.1968;M;36802207048;Veriora, Põlvamaa
Elar;Rüütel;08.07.1988;M;38807083664;Rapla, Raplamaa
Keiti;Truu;15.09.1998;N;49809158994;Rõngu, Tartumaa
Heiko;Kelder;21.05.1980;M;38005215310;Pajusti, Lääne-Virumaa
Germo;Kuuse;20.03.1970;M;37003201186;Kärla, Saaremaa
Eliisabet;Klaas;16.11.1969;N;46911164973;Kiiu, Harjumaa
Matthias;Kattai;23.04.1999;M;39904238989;Nasva, Saaremaa
Ants;Sobolev;02.04.1999;M;39904028193;Aravete, Järvamaa
Ekaterina;Titov;13.05.1979;N;47905136990;Tudu, Lääne-Virumaa
Ilja;Gavrilov;28.08.1982;M;38208289478;Roiu, Tartumaa
Hanna Maria;Iljin;15.08.1992;N;49208152762;Kiisa, Harjumaa
Erko;Raudsepp;12.09.2006;M;50609127969;Tõrva, Valgamaa
Antti;Rumjantsev;16.10.1961;M;36110164576;Lohusuu, Ida-Virumaa
Uku;Gerassimov;12.08.2005;M;50508121662;Tabasalu, Harjumaa
Eleriin;Mark;08.12.1980;N;48012081863;Palivere, Läänemaa
Loore;Gavrilov;07.01.1977;N;47701071731;Karjaküla, Harjumaa
Hanna Maria;Kask;16.11.1985;N;48511165019;Puka, Valgamaa
Stefan;Kalinin;04.09.1963;M;36309048212;Audru, Pärnumaa
Mattis;Mölder;27.12.1997;M;39712272448;Türi, Järvamaa
Kadri-Ann;Tali;20.02.1969;N;46902208341;Rakke, Lääne-Virumaa
Veniamin;Pärtel;24.10.1991;M;39110244095;Keila-Joa, Harjumaa
Tamara;Nõmmik;17.11.1967;N;46711179058;Vinni, Lääne-Virumaa
Brittany;Härm;25.07.2006;N;60607257172;Kohila, Raplamaa
Brandon;Oja;08.05.2003;M;50305087907;Alu, Raplamaa
Valeri;Luik;25.07.1981;M;38107257028;Helme, Valgamaa
Karli;Johanson;27.03.1968;M;36803278874;Kostivere, Harjumaa
Maido;Kaljuste;13.04.2007;M;50704136228;Tudulinna, Ida-Virumaa
Raili;Mädamürk;09.05.1996;N;49605097572;Loo, Harjumaa
Taaniel;Mürk;12.09.2001;M;50109129506;Haabneeme, Harjumaa
Ander;Põdra;28.02.1967;M;36702286100;Häädemeeste, Pärnumaa
Joosep;Rumjantsev;13.10.2001;M;50110137020;Kureküla, Tartumaa
Karina;Bõstrov;25.02.1999;N;49902257397;Kohila, Raplamaa
Mia;Gorbunov;23.08.1981;N;48108234687;Kose, Võrumaa
Reena;Sillaste;01.08.1975;N;47508017002;Tõstamaa, Pärnumaa
Hans;Kivimäe;14.01.1972;M;37201141937;Veriora, Põlvamaa
Marin;Konovalov;15.02.1999;N;49902157383;Kehtna, Raplamaa
Johann;Fjodorov;28.08.2004;M;50408285181;Tudulinna, Ida-Virumaa
Arseni;Pärn;24.04.1969;M;36904248829;Riisipere, Harjumaa
Alice;Makarov;08.12.2008;N;60812084516;Torma, Jõgevamaa
Jevgenija;Kostin;10.11.2004;N;60411102658;Sauga, Pärnumaa
Ako;Müürsepp;25.11.1989;M;38911259661;Kanepi, Põlvamaa
Karl-Markus;Fedorov;17.08.1963;M;36308176089;Aegviidu, Harjumaa
Janeli;Makarov;15.04.1985;N;48504159997;Olgina, Ida-Virumaa
Aksel;Vaino;01.08.1991;M;39108017235;Juuru, Raplamaa
Karl;Hanson;05.11.2006;M;50611053046;Võru, Võrumaa
Olga;Püvi;19.12.1980;N;48012197930;Luige, Harjumaa
Gerlin;Rosenberg;04.11.2003;N;60311044136;Mehikoorma, Tartumaa
Stiina;Pukk;08.08.1976;N;47608087573;Mustvee, Jõgevamaa
Mairon;Sokolov;11.11.1967;M;36711117210;Kose, Harjumaa
Dagmar;Kalda;06.10.1995;N;49510069762;Paralepa, Läänemaa
Ragne;Kapp;09.11.1970;N;47011097969;Paikuse, Pärnumaa
Argo;Roos;04.03.1989;M;38903048127;Simuna, Lääne-Virumaa
Helle;Ossipov;10.08.2000;N;60008106524;Kolga-Jaani, Viljandimaa
Jorgen;Kokk;08.07.1995;M;39507087912;Kiltsi, Lääne-Virumaa
Joosep;Kondratjev;04.06.2008;M;50806044663;Orissaare, Saaremaa
Ave-Marleen;Dmitriev;13.11.2007;N;60711135864;Sääse, Lääne-Virumaa
Cevin;Mürk;23.12.2002;M;50212238161;Uhtna, Lääne-Virumaa
Viktoriya;Säde;30.06.2006;N;60606309815;Kärdla, Hiiumaa
Anastasija;Lauri;11.04.1990;N;49004112867;Kobela, Võrumaa
Hannah;Sulg;27.10.1979;N;47910277336;Puka, Valgamaa
Reio;Visnapuu;25.01.1969;M;36901251401;Kõpu, Viljandimaa
Anastasija;Ott;15.04.1989;N;48904158480;Valjala, Saaremaa
Lisa;Laine;06.05.1993;N;49305064606;Kuressaare, Saaremaa
Natalja;Kirs;22.05.2001;N;60105220310;Helme, Valgamaa
Andero;Egorov;13.06.1971;M;37106136985;Türi, Järvamaa
Taisi;Ader;19.09.1993;N;49309198586;Kehtna, Raplamaa
Ellen;Saare;01.10.1992;N;49210018083;Jõgeva, Jõgevamaa
Valerija;Kikas;03.12.1982;N;48212037878;Juuru, Raplamaa
Janeli;Maslov;13.08.1991;N;49108134278;Kiili, Harjumaa
Armo;Aasa;04.03.2001;M;50103041260;Aste, Saaremaa
Maido;Pärtel;09.03.1981;M;38103099399;Mooste, Põlvamaa
Pärtel;Eller;25.12.1984;M;38412259662;Pärnu-Jaagupi, Pärnumaa
Cristopher;Kukk;11.06.2008;M;50806115765;Kaerepere, Raplamaa
Jarmo;Kull;14.10.1983;M;38310147441;Aravete, Järvamaa
Dagmar;Karu;05.06.1971;N;47106053951;Suure-Jaani, Viljandimaa
Roberta;Hoffmann;27.11.1961;N;46111278214;Märjamaa, Raplamaa
Krete;Liivak;27.10.1962;N;46210273016;Roiu, Tartumaa
Isabella;Kirss;11.01.1984;N;48401113527;Kostivere, Harjumaa
Ron;Reimann;21.08.1977;M;37708214145;Ulila, Tartumaa
Patrik;Mikelsaar;11.07.1980;M;38007113683;Kudjape, Saaremaa
Katarina;Sööt;20.01.1962;N;46201209250;Kadrina, Lääne-Virumaa
Aivo;Davõdov;31.07.2000;M;50007315047;Käina, Hiiumaa
Marie;Kool;28.08.1977;N;47708289293;Tudu, Lääne-Virumaa
Krista;Egorov;05.06.1997;N;49706059967;Sadala, Jõgevamaa
Elar;Kikkas;15.03.1997;M;39703152236;Haabneeme, Harjumaa
Harri;Lehtla;12.07.1999;M;39907123224;Kehtna, Raplamaa
Loore;Sild;20.10.1996;N;49610207706;Koeru, Järvamaa
Karmo;Parts;27.03.1991;M;39103277118;Valga, Valgamaa
Mariann;Visnapuu;19.07.1969;N;46907194052;Kärdla, Hiiumaa
Nadezhda;Ploom;25.08.2008;N;60808259197;Helme, Valgamaa
Anneli;Lukin;13.07.1975;N;47507139539;Keava, Raplamaa
Vjatšeslav;Lehtla;16.05.1977;M;37705167846;Kilingi-Nõmme, Pärnumaa
Vladislav;Täht;15.04.1962;M;36204150927;Olgina, Ida-Virumaa
Nadezda;Safronov;26.03.1992;N;49203264785;Palivere, Läänemaa
Meelika;Lepp;06.02.1965;N;46502063316;Elva, Tartumaa
Vitali;Meister;27.04.2003;M;50304276187;Võnnu, Tartumaa
Herman;Lunin;20.02.1974;M;37402200950;Varnja, Tartumaa
Helene;Kuzmin;30.09.1985;N;48509308684;Parksepa, Võrumaa
Meril;Soots;24.10.1987;N;48710242353;Ramsi, Viljandimaa
Mart;Ploom;12.04.1977;M;37704125283;Valga, Valgamaa
Mirell;Popov;27.09.1960;N;46009278450;Tõstamaa, Pärnumaa
Mihkel;Johanson;30.07.1979;M;37907309432;Väätsa, Järvamaa
Rainar;Ivanov;20.01.1992;M;39201202410;Lelle, Raplamaa
Mia;Lukin;14.11.1972;N;47211140684;Loksa, Harjumaa
Arlet;Sepp;04.08.1969;M;36908047107;Märja, Tartumaa
Evelyn;Remmel;26.01.1987;N;48701267537;Lüganuse, Ida-Virumaa
Carol;Kull;07.04.1968;N;46804073915;Misso, Võrumaa
Helari;Hanson;28.12.1976;M;37612285385;Võõpsu, Põlvamaa
Tiia;Aakre;25.08.1976;N;47608250158;Narva, Ida-Virumaa
Kristel;Tamme;03.03.1996;N;49603032188;Laagri, Harjumaa
Kaarel;Matvejev;01.04.2000;M;50004012829;Püssi, Ida-Virumaa
Rainer;Olesk;18.08.1998;M;39808182634;Palamuse, Jõgevamaa
Katerina;Ilves;16.04.2007;N;60704166673;Kose, Harjumaa
Ranno;Filippov;25.03.1998;M;39803251844;Kostivere, Harjumaa
Sandro;Aleksandrov;22.05.1970;M;37005220804;Alu, Raplamaa
Oscar;Sobolev;01.05.1981;M;38105018960;Orissaare, Saaremaa
Raina;Saar;05.04.1968;N;46804055965;Lepna, Lääne-Virumaa
Gennadi;Sulg;28.10.1975;M;37510287101;Valga, Valgamaa
Gerli;Green;11.11.1976;N;47611117514;Võru, Võrumaa
Kairit;Green;05.03.1963;N;46303059065;Vinni, Lääne-Virumaa
Helery;Kallaste;15.07.1960;N;46007151609;Sangaste, Valgamaa
Ketlin;Poom;12.03.1995;N;49503120629;Tõravere, Tartumaa
Kersti;Kelder;23.11.2005;N;60511238789;Olustvere, Viljandimaa
Valerija;Kivistik;21.08.1987;N;48708215513;Kose, Harjumaa
Darina;Juhanson;28.11.2006;N;60611286854;Sillamäe, Ida-Virumaa
Kristopher;Sirel;01.01.1982;M;38201011513;Kehra, Harjumaa
Madli;Korol;04.09.1967;N;46709044586;Parksepa, Võrumaa
Kristjan;Fomin;18.01.1987;M;38701188140;Hulja, Lääne-Virumaa
Carolyn;Voronin;08.09.1991;N;49109081149;Keila-Joa, Harjumaa
Hanna-Liisa;Jaanus;16.06.2004;N;60406160803;Kehtna, Raplamaa
Tomi;Loorits;03.03.1965;M;36503038962;Kuusalu, Harjumaa
Frank;Kisseljov;19.12.1987;M;38712194345;Sääse, Lääne-Virumaa
Erle;Must;24.02.2007;N;60702247706;Kallaste, Tartumaa
Veera;Maksimov;31.01.1980;N;48001318296;Kuressaare, Saaremaa
Anastassia;Tsvetkov;09.04.2003;N;60304093808;Suure-Jaani, Viljandimaa
Elisabeth;Rand;03.03.1960;N;46003031378;Puhja, Tartumaa
Indrek;Toome;19.06.1974;M;37406199244;Voka, Ida-Virumaa
Viljar;Põld;20.09.1987;M;38709200949;Sonda, Ida-Virumaa
Magnus;Mändla;18.08.1984;M;38408186049;Kehra, Harjumaa
Teet;Laane;09.12.1966;M;36612099668;Kureküla, Tartumaa
Liisi;Ignatjev;03.05.1977;N;47705039677;Koeru, Järvamaa
Ivo;Koppel;13.09.1985;M;38509137678;Mehikoorma, Tartumaa
Karita;Konstantinov;17.10.2002;N;60210175576;Käina, Hiiumaa
Sirli;Kaljuvee;15.10.1968;N;46810151138;Tallinn, Harjumaa
Iti;Unt;30.12.1981;N;48112308786;Uhtna, Lääne-Virumaa
Keiu;Suvi;28.01.2002;N;60201280578;Kamari, Jõgevamaa
Janelle;Arrak;07.08.1975;N;47508077687;Kunda, Lääne-Virumaa
Adeele;Paap;30.10.1983;N;48310306531;Ämari, Harjumaa
Marcus;Luts;04.01.1968;M;36801047363;Audru, Pärnumaa
Arko;Rosenberg;09.12.2002;M;50212090552;Kuressaare, Saaremaa
Anabel;Holm;14.11.1976;N;47611140848;Oisu, Järvamaa
Anabell;Paal;18.03.2004;N;60403187595;Lähte, Tartumaa
Margareth;Kaljurand;08.01.1977;N;47701082319;Halliste, Viljandimaa
Eliise;Jermakov;26.01.1991;N;49101263895;Sadala, Jõgevamaa
Maxim;Vaino;08.05.1975;M;37505087407;Misso, Võrumaa
Ronald;Täht;22.02.1982;M;38202224159;Sauga, Pärnumaa
Marika;Mironov;21.01.1998;N;49801213083;Peetri, Järvamaa
Sofja;Solovjov;30.12.2007;N;60712307176;Elva, Tartumaa
Uljana;Melnik;20.06.1987;N;48706205102;Karksi-Nuia, Viljandimaa
Beatrice;Kallaste;13.11.2004;N;60411136791;Audru, Pärnumaa
Janek;Kruus;14.02.1976;M;37602147536;Eidapere, Raplamaa
Alondra;Leis;12.04.1971;N;47104129693;Kose-Uuemõisa, Harjumaa
Reti;Rebane;27.02.1980;N;48002270281;Abja-Paluoja, Viljandimaa
Edgar;Tuul;01.10.1998;M;39810016233;Rapla, Raplamaa
Eliise;Allik;07.11.2003;N;60311072771;Elva, Tartumaa
Kalmer;Põldma;15.02.1980;M;38002156606;Rakvere, Lääne-Virumaa
Janika;Kirs;03.01.1963;N;46301039589;Palivere, Läänemaa
Rainer;Egorov;12.05.1977;M;37705129453;Suure-Jaani, Viljandimaa
Ranel;Kroon;21.09.1967;M;36709210800;Aseri, Ida-Virumaa
Aksel;Mölder;31.12.1984;M;38412315875;Ramsi, Viljandimaa
Loore;Anton;01.10.1977;N;47710015339;Käru, Raplamaa
Marius;Kala;10.02.1983;M;38302109341;Mooste, Põlvamaa
Artyom;Muru;03.09.1961;M;36109035769;Rõngu, Tartumaa
Lii;Salu;21.05.1968;N;46805212531;Laatre, Valgamaa
Viola;Tuulik;16.10.1964;N;46410160340;Rakvere, Lääne-Virumaa
Airika;Alekseev;14.06.2002;N;60206148251;Kambja, Tartumaa
Birgit;Raud;07.02.1974;N;47402078615;Haapsalu, Läänemaa
Meriliis;Kool;25.07.1991;N;49107256190;Uhtna, Lääne-Virumaa
Juri;Juhkam;19.12.1967;M;36712190715;Roiu, Tartumaa
Heigo;Sibul;10.01.1990;M;39001106256;Lehtse, Lääne-Virumaa
Nikolay;Tamme;29.05.2004;M;50405291313;Lavassaare, Pärnumaa
Marco;Silm;17.04.1974;M;37404176312;Järvakandi, Raplamaa
Rainer;Lepp;22.04.1979;M;37904224949;Viiratsi, Viljandimaa
Helina;Teearu;04.09.1964;N;46409042260;Lüganuse, Ida-Virumaa
Andrei;Piho;05.01.2000;M;50001051060;Viru-Jaagupi, Lääne-Virumaa
Anna-Maria;Mändla;04.04.1972;N;47204046664;Eidapere, Raplamaa
Mikk;Pavlov;30.03.2003;M;50303300120;Alu, Raplamaa
Brit;Lind;07.09.1991;N;49109077434;Sääse, Lääne-Virumaa
Mait;Konstantinov;01.09.1989;M;38909010058;Mäetaguse, Ida-Virumaa
Janika;Tomson;11.04.2007;N;60704119229;Sauga, Pärnumaa
Urmet;Lillemets;01.10.2002;M;50210012901;Kiiu, Harjumaa
Ethel;Jefimov;11.11.1974;N;47411116350;Ülenurme, Tartumaa
Stefani;Õispuu;12.08.2007;N;60708128779;Puhja, Tartumaa
Jesper;Kikkas;27.01.1969;M;36901278957;Tõrva, Valgamaa
Renate;Kalm;14.08.1980;N;48008142729;Kobela, Võrumaa
Nika;Bell;05.09.1998;N;49809058231;Laatre, Valgamaa
Joel;Teearu;02.06.1969;M;36906021708;Tapa, Lääne-Virumaa
Edith;Kurvits;04.11.1989;N;48911042601;Kärla, Saaremaa
Saveli;Kalamees;04.07.1968;M;36807047331;Räpina, Põlvamaa
Arvo;Kaljuste;06.04.1987;M;38704069468;Lihula, Läänemaa
Gustav;Kroon;09.08.1994;M;39408096833;Tabasalu, Harjumaa
Angelina;Vahter;17.05.1980;N;48005177652;Loo, Harjumaa
Johan;Treial;27.12.1990;M;39012270235;Vana-Antsla, Võrumaa
Deniel;Luiga;16.01.2000;M;50001163345;Kiltsi, Lääne-Virumaa
Marken;Lepik;09.09.1997;M;39709094936;Jõhvi, Ida-Virumaa
Laura;Saar;19.05.1982;N;48205199518;Kehra, Harjumaa
Ahti;Toome;27.09.2005;M;50509278826;Kehra, Harjumaa
Sabina;Kutsar;05.12.1974;N;47412054295;Eidapere, Raplamaa
Silvar;Sidorov;12.06.1976;M;37606123835;Hulja, Lääne-Virumaa
Arina;Markus;02.08.1964;N;46408026780;Pajusti, Lääne-Virumaa
Moonika;Mitt;17.09.2008;N;60809176686;Hageri, Raplamaa
Valentina;Sepp;05.05.1966;N;46605059791;Nasva, Saaremaa
Patrick;Laan;19.02.1974;M;37402198143;Saue, Harjumaa
Meribel;Aakre;01.07.1976;N;47607017474;Tabasalu, Harjumaa
Taavi;Kazakov;15.08.1993;M;39308151299;Kolkja, Tartumaa
Arabella;Sidorov;22.10.1990;N;49010224613;Paldiski, Harjumaa
Airika;Trei;05.06.1986;N;48606056019;Haabneeme, Harjumaa
Kerttu;Mõttus;19.12.1976;N;47612198478;Tõrvandi, Tartumaa
Piret;Kink;29.12.2001;N;60112299127;Kureküla, Tartumaa
Getrin;Mikk;15.12.1990;N;49012153911;Kaiu, Raplamaa
Uljana;Konovalov;01.12.1964;N;46412015463;Võnnu, Tartumaa
Marion;Müürsepp;01.08.1980;N;48008015159;Kärla, Saaremaa
Armin;Marksoo;11.06.2001;M;50106110549;Mehikoorma, Tartumaa
Janek;Adamson;11.07.2002;M;50207117241;Hummuli, Valgamaa
Anita;Allas;24.10.1981;N;48110244517;Viru-Jaagupi, Lääne-Virumaa
Triinu-Liis;Sutt;02.09.1988;N;48809024331;Ulila, Tartumaa
Sirje;Unt;10.07.1965;N;46507109430;Pärnu, Pärnumaa
Anna Liisa;Vinogradov;10.03.1980;N;48003103594;Kasepää, Tartumaa
Vera;Maslov;28.09.1997;N;49709284274;Sääse, Lääne-Virumaa
Carl;Lääne;30.07.1967;M;36707307445;Uuemõisa, Läänemaa
Uku;Oja;21.09.1990;M;39009217409;Alu, Raplamaa
Jekaterina;Urb;13.11.1962;N;46211133727;Puurmani, Jõgevamaa
Reiko;Toots;20.01.1999;M;39901208305;Paralepa, Läänemaa
Tobias;Kivistik;18.03.2008;M;50803184737;Keila-Joa, Harjumaa
Eve;Trofimov;02.12.2001;N;60112029370;Tabivere, Jõgevamaa
Valter;Denissov;30.05.1977;M;37705301804;Kaerepere, Raplamaa
Astrid;Komarov;12.12.1979;N;47912120882;Juuru, Raplamaa
Anne;Põldma;06.09.1976;N;47609062967;Sõmerpalu, Võrumaa
Kairi;Suur;14.05.1960;N;46005148176;Paralepa, Läänemaa
Remi;Kuus;28.03.1980;M;38003288314;Puhja, Tartumaa
Dajana;Pärnpuu;11.02.1991;N;49102114202;Lavassaare, Pärnumaa
Adriana;Fjodorov;22.01.1983;N;48301225084;Audru, Pärnumaa
Sten-Erik;Danilov;09.09.1968;M;36809097804;Aegviidu, Harjumaa
Carolyn;Mädamürk;28.09.1961;N;46109286562;Uuemõisa, Läänemaa
Olesja;Laine;04.02.1982;N;48202044140;Tartu, Tartumaa
Trevor;Adamson;14.06.1971;M;37106148994;Kureküla, Tartumaa
Maik;Truu;07.09.1986;M;38609078111;Kuremaa, Jõgevamaa
Heino;Vinogradov;28.08.1987;M;38708286396;Saku, Harjumaa
Asko;Kirillov;02.05.2005;M;50505025138;Viimsi, Harjumaa
Victor;Maasik;29.10.1970;M;37010298465;Väike-Maarja, Lääne-Virumaa
Ekke;Vaht;20.03.2001;M;50103209197;Otepää, Valgamaa
Ann;Vasiliev;25.03.2001;N;60103258336;Lihula, Läänemaa
Lisanne;Palm;16.08.1997;N;49708161841;Vasalemma, Harjumaa
Anatoli;Petrov;06.02.1981;M;38102064761;Sadala, Jõgevamaa
Katarina;Klaas;24.10.1996;N;49610241744;Misso, Võrumaa
Helena;Järv;28.01.1988;N;48801282740;Võnnu, Tartumaa
Irena;Lebedev;09.10.1980;N;48010099806;Väimela, Võrumaa
Tim;Gontšarov;07.02.1982;M;38202070104;Oisu, Järvamaa
Lisanne;Kalm;23.01.1960;N;46001238630;Paikuse, Pärnumaa
Pille;Sikk;17.08.2001;N;60108174973;Risti, Läänemaa
Kairit;Ots;10.11.1983;N;48311105781;Puka, Valgamaa
Juss;Kissa;19.10.1992;M;39210197448;Pärnu-Jaagupi, Pärnumaa
Lisanne;Uustalu;30.05.1975;N;47505309791;Orissaare, Saaremaa
Ralf;Makarov;25.09.1976;M;37609257600;Roosna-Alliku, Järvamaa
Heiko;Aasmäe;26.10.1991;M;39110269167;Juuru, Raplamaa
Carmel;Mõttus;30.11.1988;N;48811302637;Haljala, Lääne-Virumaa
Saara;Matvejev;06.07.1962;N;46207063729;Kaiu, Raplamaa
Filipp;Kodres;09.02.2000;M;50002095718;Paikuse, Pärnumaa
Gea;Kalm;30.10.2007;N;60710300004;Adavere, Jõgevamaa
Leonid;Luik;26.08.1971;M;37108266190;Õisu, Viljandimaa
Triinu-Liis;Härm;29.06.2004;N;60406299445;Kadrina, Lääne-Virumaa
Rudolf;Kivilo;12.05.1978;M;37805128084;Laiuse, Jõgevamaa
Deivi;Kurvits;12.11.1986;N;48611125136;Mustvee, Jõgevamaa
Elsa;Maidla;14.07.1979;N;47907140089;Riisipere, Harjumaa
Toni;Pavlov;07.12.1990;M;39012077521;Kolga-Jaani, Viljandimaa
Oliver;Prikk;12.07.1984;M;38407127382;Kolga-Jaani, Viljandimaa
Anna-Liis;Filippov;14.10.2006;N;60610145879;Kaerepere, Raplamaa
Gerda;Ivanov;14.06.1962;N;46206142613;Kobela, Võrumaa
Kirill;Romanov;04.04.1980;M;38004046842;Varnja, Tartumaa
Betti;Põldmaa;11.07.2008;N;60807119002;Are, Pärnumaa
Felix;Ignatjev;13.09.1973;M;37309135659;Aseri, Ida-Virumaa
Vahur;Rosin;22.11.2007;M;50711225874;Väätsa, Järvamaa
Alika;Lang;31.12.1965;N;46512312220;Vändra, Pärnumaa
Keiro;Vahtra;13.01.1966;M;36601135320;Siimusti, Jõgevamaa
Peeter;Raag;18.02.1999;M;39902187112;Tõrva, Valgamaa
Kalvi;Toom;16.07.1988;M;38807161519;Suure-Jaani, Viljandimaa
Eve;Täht;16.04.1962;N;46204164747;Are, Pärnumaa
Julia;Roosileht;14.02.1979;N;47902149709;Mõisaküla, Viljandimaa
Ele;Kaasik;28.09.1964;N;46409285618;Sääse, Lääne-Virumaa
Annabel;Kukk;22.05.1996;N;49605224791;Järva-Jaani, Järvamaa
Merle;Uus;03.06.1981;N;48106030515;Karksi-Nuia, Viljandimaa
Andree;Kurm;01.12.1992;M;39212010505;Laekvere, Lääne-Virumaa
Elina;Abramov;26.05.1961;N;46105260999;Värska, Põlvamaa
Rebekka;Kütt;12.04.1979;N;47904126219;Lagedi, Harjumaa
Andre;Gromov;14.02.2005;M;50502147566;Kose-Uuemõisa, Harjumaa
Alexey;Leht;17.11.1987;M;38711174375;Kangru, Harjumaa
Janeli;Kärner;21.11.1969;N;46911217673;Kose, Võrumaa
Kennet;Sillaots;24.07.1995;M;39507240976;Orissaare, Saaremaa
Kristofer;Lääne;26.01.1969;M;36901263715;Pärnu, Pärnumaa
Ako;Klaas;23.05.1987;M;38705232935;Lüganuse, Ida-Virumaa
Karolina;Heinsoo;16.06.2002;N;60206169969;Järvakandi, Raplamaa
Andrey;Raud;27.10.1985;M;38510279367;Veriora, Põlvamaa
Mirell;Jaakson;07.01.1968;N;46801075342;Roiu, Tartumaa
Mariliis;Mõttus;18.05.1973;N;47305181082;Kobela, Võrumaa
Kaari;Aleksandrov;08.01.1974;N;47401082184;Laatre, Valgamaa
Yulia;Maripuu;07.04.1981;N;48104073724;Riisipere, Harjumaa
Kerttu;Martinson;13.08.1998;N;49808138250;Tihemetsa, Pärnumaa
Nadezda;Karu;08.02.1994;N;49402083133;Märjamaa, Raplamaa
Jasper;Lebedev;14.07.1968;M;36807146204;Uuemõisa, Läänemaa
Romek;Link;20.04.1998;M;39804200823;Aegviidu, Harjumaa
Gendra;Tammik;12.06.2003;N;60306122478;Kiviõli, Ida-Virumaa
Anita;Jürgens;04.06.1973;N;47306049352;Käärdi, Tartumaa
Nils;Tarassov;05.06.1960;M;36006058247;Olgina, Ida-Virumaa
Samanta;Liivak;27.01.1977;N;47701275056;Olgina, Ida-Virumaa
Elisa;Õunapuu;24.12.1985;N;48512243509;Kostivere, Harjumaa
Nika;Kadak;20.07.1987;N;48707209549;Ravila, Harjumaa
Kristian;Sokk;23.08.1966;M;36608236054;Võnnu, Tartumaa
Ayrton;Randoja;15.06.1961;M;36106157699;Puurmani, Jõgevamaa
Elery;Kondratjev;06.04.1964;N;46404061372;Hulja, Lääne-Virumaa
Stella;Jeršov;12.12.1982;N;48212122862;Tammiku, Ida-Virumaa
Karl-Martin;Visnapuu;08.04.1965;M;36504082000;Misso, Võrumaa
Angelika;Tihhomirov;21.11.1965;N;46511211098;Viljandi, Viljandimaa
Violeta;Pettai;08.10.1998;N;49810082812;Valjala, Saaremaa
Meeri;Kask;16.01.1966;N;46601167728;Valjala, Saaremaa
Katre;Karpova;05.05.2003;N;60305058486;Luunja, Tartumaa
Ruslan;Kalamees;18.09.1969;M;36909186711;Järva-Jaani, Järvamaa
Armin;Jürgenson;02.09.1990;M;39009026237;Haapsalu, Läänemaa
Andrias;Vorobjov;30.05.1961;M;36105304236;Avinurme, Ida-Virumaa
Elerin;Laine;28.12.2001;N;60112280730;Palamuse, Jõgevamaa
Jesper;Kikas;17.11.1996;M;39611176749;Näpi, Lääne-Virumaa
Kerti;Karu;28.05.1985;N;48505289498;Kose, Harjumaa
Alo;Tsvetkov;16.08.1974;M;37408160753;Elva, Tartumaa
Juliana;Soo;13.03.1991;N;49103135134;Ilmatsalu, Tartumaa
Age;Heinsoo;12.06.2003;N;60306124301;Palamuse, Jõgevamaa
Arti;Pärtel;13.01.1966;M;36601134326;Kobela, Võrumaa
Kaja;Marksoo;19.05.1968;N;46805193682;Are, Pärnumaa
Vanessa;Erik;28.08.1971;N;47108285568;Mooste, Põlvamaa
Olivia;Kalamees;25.04.1973;N;47304252281;Türi, Järvamaa
Keity;Põldma;06.08.2008;N;60808068618;Varnja, Tartumaa
Agnessa;Hunt;22.09.1988;N;48809220293;Sangaste, Valgamaa
Janek;Piirsalu;24.09.1992;M;39209248652;Särevere, Järvamaa
Erlend;Uustalu;18.08.2008;M;50808186434;Jõgeva, Jõgevamaa
Evita;Toots;24.12.1979;N;47912242729;Misso, Võrumaa
Tenno;Unt;13.12.1961;M;36112134994;Kose-Uuemõisa, Harjumaa
Ardo;Kangur;25.10.1999;M;39910254571;Lepna, Lääne-Virumaa
Freddy;Baranov;19.04.1979;M;37904191009;Keava, Raplamaa
Helle;Tilk;14.07.1989;N;48907142712;Sangaste, Valgamaa
Alexander;Valge;05.03.1977;M;37703053527;Taebla, Läänemaa
Riko;Kaasik;18.02.1967;M;36702181542;Lohusuu, Ida-Virumaa
Trinity;Abramov;21.09.1979;N;47909210635;Nõo, Tartumaa
Nils;Egorov;05.11.1999;M;39911053960;Varstu, Võrumaa
Miikael;Teesalu;04.06.1981;M;38106041495;Võhma, Viljandimaa
Tiiu;Juhanson;28.05.1969;N;46905283689;Virtsu, Läänemaa
Arabella;Roos;29.06.2007;N;60706296055;Jüri, Harjumaa
Denis;Kazakov;18.04.2007;M;50704186147;Assaku, Harjumaa
Mairon;Mägi;29.09.1964;M;36409294926;Tudu, Lääne-Virumaa
Kris;Kisseljov;21.02.1986;M;38602218932;Ämari, Harjumaa
Kädi;Miller;02.06.1998;N;49806025713;Lagedi, Harjumaa
Maiu;Sisask;21.04.1983;N;48304211239;Käina, Hiiumaa
Eduard;Kivistik;29.12.1988;M;38812293848;Saue, Harjumaa
Nadezhda;Kondratjev;02.02.1997;N;49702022330;Sonda, Ida-Virumaa
Aile;Sorokin;27.03.1975;N;47503275852;Räpina, Põlvamaa
Vladimir;Kalmus;03.03.1980;M;38003038633;Näpi, Lääne-Virumaa
Eva Lotta;Tomson;28.06.1989;N;48906287703;Virtsu, Läänemaa
Marta;Kull;18.10.2001;N;60110189120;Roiu, Tartumaa
Margaret;Leht;28.03.1978;N;47803289632;Järva-Jaani, Järvamaa
Juhan;Mölder;28.02.1976;M;37602288480;Veriora, Põlvamaa
Jekaterina;Roosileht;24.03.1979;N;47903241127;Kaiu, Raplamaa
Vallo;Reinke;09.05.1996;M;39605099068;Abja-Paluoja, Viljandimaa
Cristina;Ruus;15.11.1986;N;48611150389;Simuna, Lääne-Virumaa
Kristjan;Sillaste;16.11.1985;M;38511168742;Laagri, Harjumaa
Rait;Käärik;05.10.1992;M;39210052876;Saue, Harjumaa
Ott;Männik;13.09.1978;M;37809130201;Elva, Tartumaa
Ailen;Filatov;15.08.1964;N;46408156249;Uhtna, Lääne-Virumaa
Getriin;Ševtšenko;01.04.1979;N;47904018315;Lüganuse, Ida-Virumaa
Ken-Martin;Mänd;28.03.1993;M;39303285359;Kuressaare, Saaremaa
Marelle;Sild;12.02.1993;N;49302122515;Rummu, Harjumaa
Liia;Raadik;28.10.1993;N;49310280100;Are, Pärnumaa
Kaia;Orav;25.03.1990;N;49003251907;Hagudi, Raplamaa
Danel;Mürk;30.12.1977;M;37712307731;Märjamaa, Raplamaa
Timo;Toome;13.02.1993;M;39302139001;Luige, Harjumaa
Gabriel;Maslov;31.12.1979;M;37912318684;Laiuse, Jõgevamaa
Andreas;Ernits;29.03.1970;M;37003293478;Alatskivi, Tartumaa
Johannes;Link;03.08.1984;M;38408033381;Helme, Valgamaa
Anete;Jõgi;02.07.2002;N;60207028497;Kärla, Saaremaa
Ilona;Sulg;19.05.1974;N;47405197424;Särevere, Järvamaa
Kärolin;Rein;26.02.1982;N;48202261499;Elva, Tartumaa
Taavet;Peterson;21.03.1972;M;37203219843;Roiu, Tartumaa
Mirelle;Pärna;20.02.1975;N;47502208093;Luige, Harjumaa
Karoline;Kolberg;16.06.1985;N;48506160643;Hageri, Raplamaa
Miko;Nazarov;06.05.1990;M;39005061964;Hagudi, Raplamaa
Mathias;Tilk;04.11.1996;M;39611045376;Saue, Harjumaa
Alexey;Kuzmin;03.11.1960;M;36011031078;Karksi-Nuia, Viljandimaa
Meriliis;Ivanov;09.08.1995;N;49508095014;Sõmerpalu, Võrumaa
Ander;Randoja;17.12.2005;M;50512171997;Väimela, Võrumaa
Katja;Säde;02.03.2006;N;60603026828;Ämari, Harjumaa
Ott;Solovjov;05.08.1990;M;39008057209;Orissaare, Saaremaa
Ülari;Reinke;16.01.2002;M;50201160427;Järva-Jaani, Järvamaa
Romek;Mann;14.06.1963;M;36306147517;Rapla, Raplamaa
Heiki;Valge;07.03.1982;M;38203073324;Lüganuse, Ida-Virumaa
Eva-Liisa;Romanov;21.10.1980;N;48010213576;Ämari, Harjumaa
Ines;Laas;15.06.1996;N;49606156796;Kehtna, Raplamaa
Jarl;Remmel;07.03.1996;M;39603074115;Sadala, Jõgevamaa
Kairi;Maasik;11.06.1997;N;49706110922;Ramsi, Viljandimaa
Liivi;Suvorov;14.05.1976;N;47605146478;Kiisa, Harjumaa
Nele;Korol;13.04.1975;N;47504134849;Mooste, Põlvamaa
Maidu;Baranov;31.07.1963;M;36307312603;Aruküla, Harjumaa
Trevor;Merisaar;25.11.1986;M;38611256775;Halliste, Viljandimaa
Karmo;Viik;05.03.2007;M;50703053478;Ülenurme, Tartumaa
Jegor;Suits;14.01.1992;M;39201141985;Abja-Paluoja, Viljandimaa
Saskia;Kapp;15.08.1963;N;46308159640;Simuna, Lääne-Virumaa
Tom;Visnapuu;16.07.1991;M;39107163785;Rannu, Tartumaa
Vsevolod;Egorov;30.12.1981;M;38112302633;Jõhvi, Ida-Virumaa
Lukas;Sarapuu;09.06.1963;M;36306099517;Kiviõli, Ida-Virumaa
Valdur;Markson;01.12.1992;M;39212011811;Are, Pärnumaa
Valdo;Pärn;05.01.1978;M;37801054544;Ahja, Põlvamaa
Dario;Raidma;27.03.2008;M;50803279592;Järvakandi, Raplamaa
Ethel;Tamme;20.03.1976;N;47603206110;Suure-Jaani, Viljandimaa
Sten-Markus;Parts;24.04.1973;M;37304242205;Paikuse, Pärnumaa
Annette;Mihhailov;26.04.1971;N;47104263545;Mehikoorma, Tartumaa
Jane;Kolberg;10.07.2005;N;60507107598;Pajusti, Lääne-Virumaa
Karli;Hoffmann;01.06.2000;M;50006010001;Koeru, Järvamaa
Anton;Randmaa;14.03.1986;M;38603140194;Käina, Hiiumaa
Martin;Iljin;21.04.1968;M;36804215752;Kiisa, Harjumaa
Ingrit;Raja;13.08.1985;N;48508130106;Vinni, Lääne-Virumaa
Pärtel;Karpova;30.11.1975;M;37511309552;Turba, Harjumaa
Vanessa;Toome;29.12.1960;N;46012298080;Kudjape, Saaremaa
Mattis;Saar;31.05.1961;M;36105314558;Vasalemma, Harjumaa
Evgeny;Sulg;02.03.1988;M;38803020531;Väike-Maarja, Lääne-Virumaa
Reiko;Tsvetkov;30.07.1977;M;37707304597;Häädemeeste, Pärnumaa
Gloria;Vorobjov;20.04.1973;N;47304208302;Audru, Pärnumaa
Arno;Mändla;23.03.1969;M;36903236112;Vaida, Harjumaa
Helena;Kurvits;03.06.1965;N;46506032042;Käärdi, Tartumaa
Ranel;Jänes;11.11.1996;M;39611115294;Luunja, Tartumaa
Margaret;Danilov;22.06.1971;N;47106225401;Märja, Tartumaa
Kaileen;Palu;27.05.1984;N;48405277722;Kose, Harjumaa
Reimo;Maasik;22.11.1985;M;38511229811;Kangru, Harjumaa
Caroline;Volkov;08.09.1989;N;48909089789;Värska, Põlvamaa
Harri;Denissov;05.09.1993;M;39309056656;Vana-Antsla, Võrumaa
Terje;Pärtel;25.02.1965;N;46502254317;Kuremaa, Jõgevamaa
Kardo;Vaino;16.11.1965;M;36511168667;Oisu, Järvamaa
Marcus;Maidla;06.04.1978;M;37804062557;Riisipere, Harjumaa
Virgo;Danilov;30.03.1973;M;37303302251;Kunda, Lääne-Virumaa
Lija;Luts;17.11.1977;N;47711174732;Kose, Võrumaa
Tiia;Hunt;29.09.1975;N;47509294483;Palamuse, Jõgevamaa
Grete;Sarapuu;11.01.1961;N;46101112084;Loksa, Harjumaa
Kait;Käär;18.07.1996;M;39607181079;Kiili, Harjumaa
Kaja;Viik;02.04.1998;N;49804020779;Karksi-Nuia, Viljandimaa
Tatjana;Suits;14.05.1967;N;46705147317;Tõravere, Tartumaa
Markkus;Kurvits;10.03.1961;M;36103106048;Türi, Järvamaa
Kristiin;Sidorov;05.08.1978;N;47808055465;Tallinn, Harjumaa
Urmet;Baskin;08.05.1960;M;36005080442;Ambla, Järvamaa
Even;Kikas;10.10.2002;M;50210100901;Käru, Raplamaa
Valentina;Liiv;10.12.2000;N;60012101417;Mustla, Viljandimaa
Andres;Pikk;24.02.1969;M;36902246696;Ambla, Järvamaa
Pilleriin;Sobolev;15.04.1984;N;48404150516;Kose, Võrumaa
Peep;Parts;30.11.2008;M;50811303418;Tõravere, Tartumaa
Ken-Martin;Mändla;08.02.1991;M;39102088400;Prillimäe, Raplamaa
Nadezhda;Järve;02.07.1992;N;49207027758;Rummu, Harjumaa
Aile;Suits;01.04.1966;N;46604013195;Aravete, Järvamaa
Ruben;Silm;12.04.1989;M;38904123044;Varstu, Võrumaa
Piia;Titov;17.12.1979;N;47912175336;Varstu, Võrumaa
August;Bell;08.09.1984;M;38409085212;Roosna-Alliku, Järvamaa
Jaanis;Matvejev;10.05.1964;M;36405109563;Võnnu, Tartumaa
Adrian;Grigorieva;18.09.1990;M;39009180676;Viljandi, Viljandimaa
Cassandra;Orav;28.11.1970;N;47011283111;Vastseliina, Võrumaa
Kersti;Liiva;08.03.1968;N;46803081668;Kunda, Lääne-Virumaa
Helin;Mõttus;10.06.1994;N;49406106795;Varstu, Võrumaa
Krete;Kurm;15.11.1972;N;47211159072;Rummu, Harjumaa
Sergey;Saare;11.08.1984;M;38408117205;Kohtla-Järve, Ida-Virumaa
Ken;Käärik;14.10.1995;M;39510144284;Väimela, Võrumaa
Erle;Nõmme;04.06.2008;N;60806049770;Laatre, Valgamaa
Rahel;Tihhomirov;05.06.1980;N;48006051287;Tõrvandi, Tartumaa
Anabell;Mäe;13.08.1960;N;46008132080;Räpina, Põlvamaa
Urmas;Fedotov;17.04.1975;M;37504179761;Viru-Jaagupi, Lääne-Virumaa
Samanta;Kirillov;17.01.1974;N;47401175434;Vana-Antsla, Võrumaa
Frederik;Nikiforov;18.07.1988;M;38807188827;Uhtna, Lääne-Virumaa
Carol;Mann;24.12.1970;N;47012247360;Eidapere, Raplamaa
Eliisabet;Poljakov;09.01.1969;N;46901091817;Aseri, Ida-Virumaa
Ksenia;Kõiv;10.12.1977;N;47712108183;Lähte, Tartumaa
Kersti;Mark;30.03.1994;N;49403304376;Sangaste, Valgamaa
Urmo;Liivamägi;05.09.1985;M;38509057737;Erra, Ida-Virumaa
Jaanek;Teearu;16.01.1971;M;37101161997;Kihelkonna, Saaremaa
Enn;Maslov;02.09.1980;M;38009026733;Nasva, Saaremaa
Hedi;Kärner;04.11.1961;N;46111047424;Kohtla-Järve, Ida-Virumaa
Alex;Leht;09.07.1994;M;39407093049;Kehtna, Raplamaa
Annely;Moroz;15.11.2002;N;60211158425;Järva-Jaani, Järvamaa
Eric;Täht;28.04.1982;M;38204286343;Paide, Järvamaa
Maie;Paap;24.01.2001;N;60101246983;Antsla, Võrumaa
Valter;Lang;04.08.1993;M;39308048703;Kasepää, Tartumaa
Anželika;Lääts;14.12.1968;N;46812147753;Kärla, Saaremaa
Keiri;Semenov;26.08.1964;N;46408261755;Pajusti, Lääne-Virumaa
Aivar;Ots;20.10.1992;M;39210209474;Raasiku, Harjumaa
Harri;Villemson;22.03.1967;M;36703226578;Haljala, Lääne-Virumaa
Caroline;Palm;25.09.1974;N;47409252382;Puurmani, Jõgevamaa
Arina;Soo;17.01.1992;N;49201174217;Haabneeme, Harjumaa
Marin;Aasa;28.03.1986;N;48603286260;Uuemõisa, Läänemaa
Maido;Valge;19.07.1990;M;39007191462;Palivere, Läänemaa
Karl Martin;Liivak;07.10.1998;M;39810070261;Rannu, Tartumaa
Aet;Lehtmets;18.08.1980;N;48008189218;Assaku, Harjumaa
Sylvia;Saar;07.08.1966;N;46608079288;Varnja, Tartumaa
Gerdi;Lätt;12.08.2008;N;60808121689;Harku, Harjumaa
Kerli;Romanov;17.04.2007;N;60704174560;Sinimäe, Ida-Virumaa
Marten;Maripuu;14.10.1978;M;37810146181;Hageri, Raplamaa
Caspar;Laine;22.02.1965;M;36502223349;Parksepa, Võrumaa
Tormi;Kuuse;02.04.1988;M;38804029740;Hummuli, Valgamaa
Helle;Mikelsaar;20.05.1968;N;46805202880;Paldiski, Harjumaa
Emil;Tiits;26.07.2008;M;50807263339;Ulila, Tartumaa
Tauri;Paju;08.06.1976;M;37606082793;Laekvere, Lääne-Virumaa
Jarmo;Aasa;20.10.1977;M;37710200650;Adavere, Jõgevamaa
Jane;Aasa;25.07.1994;N;49407255050;Väätsa, Järvamaa
Birgit;Kutsar;30.06.1980;N;48006309635;Kiili, Harjumaa
Arno;Belov;12.03.1988;M;38803125083;Harku, Harjumaa
Anastassija;Kink;30.03.1978;N;47803301290;Viiratsi, Viljandimaa
Anne-Ly;Kalinin;07.03.2008;N;60803079481;Kiisa, Harjumaa
Hannela;Soo;06.05.1996;N;49605060850;Kuusiku, Raplamaa
Anu;Ploom;24.05.1964;N;46405249242;Veriora, Põlvamaa
Anne-Liis;Lepik;07.02.1992;N;49202073206;Mõisaküla, Viljandimaa
Hans;Mänd;18.05.1963;M;36305188412;Toila, Ida-Virumaa
Karin;Liblik;13.08.1997;N;49708134308;Abja-Paluoja, Viljandimaa
Urmas;Säde;24.03.1988;M;38803245835;Mäetaguse, Ida-Virumaa
Lii;Aru;14.12.1970;N;47012145895;Tihemetsa, Pärnumaa
Tom;Simson;29.06.2008;M;50806293232;Saku, Harjumaa
Ljudmila;Kokk;15.06.1981;N;48106157529;Voka, Ida-Virumaa
Imre;Solovjov;01.12.1984;M;38412016649;Õisu, Viljandimaa
Kaari;Sidorov;09.09.2001;N;60109092654;Kilingi-Nõmme, Pärnumaa
Kaja;Kivimäe;28.02.2002;N;60202283695;Lepna, Lääne-Virumaa
Raiko;Kangro;16.04.1999;M;39904168280;Põltsamaa, Jõgevamaa
Annemari;Lotman;22.12.1994;N;49412225154;Avinurme, Ida-Virumaa
Karina;Vaher;14.06.1986;N;48606142140;Saku, Harjumaa
Daaniel;Pettai;16.07.1990;M;39007163394;Orissaare, Saaremaa
Daniil;Kostin;15.04.1989;M;38904155444;Suure-Jaani, Viljandimaa
Jarek;Mann;02.09.1991;M;39109021690;Mäetaguse, Ida-Virumaa
Liisbet;Vain;18.01.1980;N;48001181023;Kiisa, Harjumaa
Tauno;Pukk;30.01.1964;M;36401307218;Suure-Jaani, Viljandimaa
Iris;Hansen;07.03.1964;N;46403072657;Erra, Ida-Virumaa
Minna;Jermakov;23.10.1997;N;49710231507;Parksepa, Võrumaa
Laura Maria;Sergejev;14.01.1993;N;49301142580;Kuressaare, Saaremaa
Stella;Smirnov;21.08.1966;N;46608212125;Karjaküla, Harjumaa
Rita;Kask;20.01.2005;N;60501204252;Kamari, Jõgevamaa
Steve;Gross;16.03.2000;M;50003160323;Mustvee, Jõgevamaa
Mehis;Mürk;06.06.1989;M;38906061526;Märja, Tartumaa
Rasmus;Soosaar;11.11.1990;M;39011112641;Lavassaare, Pärnumaa
Janis;Õunapuu;14.01.1964;M;36401145440;Kohila, Raplamaa
Kirke;Järv;28.06.2000;N;60006281652;Kose, Võrumaa
Juri;Põldmaa;13.01.1970;M;37001137746;Räpina, Põlvamaa
Bogdan;Püvi;14.07.1967;M;36707143445;Parksepa, Võrumaa
Jennifer;Heinsoo;05.06.1984;N;48406058151;Kilingi-Nõmme, Pärnumaa
Janek;Tomingas;28.05.1968;M;36805280130;Antsla, Võrumaa
Angeelika;Kärner;12.09.2002;N;60209127906;Lepna, Lääne-Virumaa
Dario;Aavik;18.01.1987;M;38701184410;Harku, Harjumaa
Mattias;Ignatjev;15.05.1986;M;38605159124;Harku, Harjumaa
Loore;Kivi;30.11.1970;N;47011306993;Järva-Jaani, Järvamaa
Emil;Remmel;11.02.2000;M;50002112650;Paldiski, Harjumaa
Veiko;Kutsar;08.12.2001;M;50112088104;Püssi, Ida-Virumaa
Liisi;Tamm;20.04.1989;N;48904208614;Orissaare, Saaremaa
Ivika;Ploom;24.09.1999;N;49909242905;Risti, Läänemaa
Katre;Sild;27.12.1984;N;48412272988;Siimusti, Jõgevamaa
Tom;Susi;01.07.2007;M;50707015436;Avinurme, Ida-Virumaa
Žanna;Allas;10.08.1976;N;47608106806;Tõravere, Tartumaa
Karl Kevin;Jalakas;09.04.2003;M;50304097292;Kärdla, Hiiumaa
Frederik;Lääne;06.08.2001;M;50108067349;Püssi, Ida-Virumaa
Revo;Kostin;24.11.1968;M;36811243453;Tõrva, Valgamaa
Viivika;Aus;04.09.2000;N;60009044252;Rannu, Tartumaa
Alvar;Mõttus;17.04.2005;M;50504177041;Kudjape, Saaremaa
Rainis;Roots;12.01.1975;M;37501128119;Püssi, Ida-Virumaa
Olesja;Simson;15.01.1981;N;48101155891;Palivere, Läänemaa
Ain;Nurk;27.01.1993;M;39301270357;Raasiku, Harjumaa
Anne-Liis;Lindgren;19.08.1996;N;49608190586;Kuusiku, Raplamaa
Hanna Maria;Ots;19.06.1976;N;47606190712;Koeru, Järvamaa
Johan;Danilov;30.03.1974;M;37403304684;Tallinn, Harjumaa
Jüri;Volkov;25.04.1991;M;39104252349;Türi, Järvamaa
Kädi;Jürgens;27.11.1993;N;49311273117;Puka, Valgamaa
Deivi;Jõe;16.07.1994;N;49407162399;Tõrvandi, Tartumaa
Eeva;Kirillov;15.08.1979;N;47908157404;Ülenurme, Tartumaa
Kuldar;Kasemets;27.12.1976;M;37612279677;Risti, Läänemaa
Natali;Olesk;24.01.1991;N;49101242513;Mäetaguse, Ida-Virumaa
Hanna-Liisa;Raidma;06.08.1979;N;47908069294;Kunda, Lääne-Virumaa
Christofer;Lill;05.03.1976;M;37603050042;Kuusalu, Harjumaa
Raino;Salumets;05.12.1972;M;37212059735;Rannu, Tartumaa
Edvard;Hõbe;23.07.1968;M;36807230538;Are, Pärnumaa
Romek;Kallaste;23.01.1976;M;37601234318;Eidapere, Raplamaa
Brenda;Kulikov;29.06.1982;N;48206293672;Roosna-Alliku, Järvamaa
Mikk;Vain;22.06.2006;M;50606222974;Tudulinna, Ida-Virumaa
Mathias;Titov;27.06.1962;M;36206275670;Ilmatsalu, Tartumaa
Toomas;Anissimov;27.01.1997;M;39701274489;Kehtna, Raplamaa
Riho;Belov;12.09.1988;M;38809126473;Vasalemma, Harjumaa
Steven;Valge;11.03.1995;M;39503118759;Sääse, Lääne-Virumaa
Kaari;Rein;22.01.1961;N;46101221472;Väätsa, Järvamaa
Ekke;Tsvetkov;22.02.1993;M;39302224425;Sindi, Pärnumaa
Miko;Malõšev;12.02.2001;M;50102121614;Kudjape, Saaremaa
Ruslan;Volkov;07.10.1965;M;36510075234;Juuru, Raplamaa
Magnar;Laine;26.01.1991;M;39101264150;Käru, Raplamaa
Uljana;Klimov;02.11.1981;N;48111022336;Kiltsi, Lääne-Virumaa
Erlend;Jaakson;02.11.1998;M;39811023608;Haabneeme, Harjumaa
Beatrice;Toom;25.02.2000;N;60002252787;Uuemõisa, Läänemaa
Magnus;Nikiforov;08.05.1985;M;38505081853;Alu, Raplamaa
Airi;Novikov;10.04.2001;N;60104109940;Mooste, Põlvamaa
Alari;Fjodorov;31.10.2005;M;50510319625;Võru, Võrumaa
Laura;Raidma;07.07.1992;N;49207076686;Maardu, Harjumaa
Kaileen;Raud;22.08.1977;N;47708224998;Torma, Jõgevamaa
Evita;Nuut;11.03.1970;N;47003114903;Vändra, Pärnumaa
Tiit;Mironov;09.11.1985;M;38511099443;Lohusuu, Ida-Virumaa
Getriin;Safronov;31.03.1986;N;48603310791;Loo, Harjumaa
Elvira;Vähi;17.09.1990;N;49009177038;Kõrveküla, Tartumaa
Vassili;Kisseljov;17.07.1968;M;36807175086;Ambla, Järvamaa
Veljo;Laks;24.09.1971;M;37109245431;Mooste, Põlvamaa
Vlada;Kruus;20.09.1966;N;46609206966;Valjala, Saaremaa
Kaire;Karu;30.06.1967;N;46706300276;Keila, Harjumaa
Maxim;Kolberg;30.09.1983;M;38309307496;Toila, Ida-Virumaa
Liina;Trofimov;01.01.1982;N;48201018595;Vasalemma, Harjumaa
Karel;Fomin;16.05.1960;M;36005160130;Õru, Valgamaa
Margo;Kodres;17.01.1967;M;36701176633;Kiviõli, Ida-Virumaa
Veljo;Liiva;18.07.1967;M;36707185770;Tammiku, Ida-Virumaa
Kristi;Kisseljov;19.01.1988;N;48801199953;Rõngu, Tartumaa
Martti;Tamm;20.12.2000;M;50012208125;Palivere, Läänemaa
Karl Johan;Hein;10.01.1975;M;37501100043;Prillimäe, Raplamaa
Hedi;Sikorski;16.05.1995;N;49505167068;Kamari, Jõgevamaa
Lisanne;Unt;25.12.1984;N;48412250614;Kallaste, Tartumaa
Antti;Ossipov;04.02.1964;M;36402047875;Lelle, Raplamaa
Ahti;Kallaste;01.02.1993;M;39302016711;Sauga, Pärnumaa
Heidy;Kapp;28.10.1971;N;47110288297;Püssi, Ida-Virumaa
Meribel;Paap;20.03.2006;N;60603204745;Loo, Harjumaa
Kaia;Sööt;05.04.2002;N;60204053400;Suure-Jaani, Viljandimaa
Katri;Karpov;23.08.1966;N;46608230307;Tallinn, Harjumaa
Inna;Salu;30.09.1988;N;48809300521;Sääse, Lääne-Virumaa
Getrin;Tuul;30.09.1976;N;47609304077;Tartu, Tartumaa
Rudolf;Vasiliev;31.01.1996;M;39601311408;Mustla, Viljandimaa
Rivo;Dmitriev;28.09.1973;M;37309282305;Käina, Hiiumaa
Adrian;Teesalu;03.09.1999;M;39909034718;Mäetaguse, Ida-Virumaa
Marite;Liblik;24.02.2004;N;60402247887;Kuusiku, Raplamaa
Eero;Alas;17.08.1985;M;38508170717;Räpina, Põlvamaa
Ants;Lokk;27.03.1995;M;39503277984;Ulila, Tartumaa
Ainar;Mandel;23.03.2002;M;50203238338;Vastseliina, Võrumaa
Signe;Viks;24.08.1994;N;49408247142;Aste, Saaremaa
Arvo;Mõttus;29.08.2000;M;50008298756;Orissaare, Saaremaa
Kati;Palm;01.01.1973;N;47301013976;Laatre, Valgamaa
Kalmer;Kink;06.12.1989;M;38912063412;Kuusiku, Raplamaa
Tatjana;Allas;25.06.1982;N;48206250037;Simuna, Lääne-Virumaa
Sirly;Sibul;09.05.2001;N;60105099203;Loksa, Harjumaa
Karoli;Rosin;20.07.1988;N;48807202287;Rõngu, Tartumaa
Trevor;Laks;19.01.1961;M;36101194386;Sinimäe, Ida-Virumaa
Enar;Rätsep;02.05.1975;M;37505027607;Kuusalu, Harjumaa
Kristofer;Komarov;07.08.1965;M;36508079892;Kuressaare, Saaremaa
Joosep;Suur;01.02.1970;M;37002016745;Palamuse, Jõgevamaa
Bruno;Kukk;04.09.1968;M;36809040737;Salme, Saaremaa
Ketter;Aas;18.01.2000;N;60001181042;Lihula, Läänemaa
Iti;Roots;12.06.1986;N;48606128737;Olgina, Ida-Virumaa
Karl Markus;Maack;11.09.2008;M;50809115206;Kärdla, Hiiumaa
Ruth;Uustalu;08.10.1993;N;49310080232;Märjamaa, Raplamaa
Danel;Juhkam;11.10.1963;M;36310116803;Sonda, Ida-Virumaa
Reiko;Kukk;12.06.1993;M;39306122624;Mäetaguse, Ida-Virumaa
Kaia;Kink;26.05.1990;N;49005269608;Elva, Tartumaa
Reelika;Sibul;20.10.1964;N;46410200881;Valjala, Saaremaa
Tobias;Lehtla;28.02.2002;M;50202285730;Võõpsu, Põlvamaa
Olivia;Lääne;20.07.1997;N;49707208896;Ilmatsalu, Tartumaa
Vladislava;Karu;25.03.2005;N;60503250720;Rapla, Raplamaa
Gerlin;Maasik;11.08.1993;N;49308111734;Toila, Ida-Virumaa
Carolyn;Kool;24.08.1994;N;49408241007;Rannu, Tartumaa
Nils;Raadik;29.07.2002;M;50207298227;Käravete, Järvamaa
Rebeka;Aru;05.09.1969;N;46909054222;Põlva, Põlvamaa
Nikolai;Parts;21.08.1986;M;38608211387;Aseri, Ida-Virumaa
Mari-Ann;Schmidt;16.05.2008;N;60805163158;Assaku, Harjumaa
Boris;Urb;31.03.1962;M;36203313882;Kolga, Harjumaa
Jegor;Kukk;15.05.1970;M;37005157940;Tõravere, Tartumaa
Laura-Liisa;Gerassimov;19.03.1983;N;48303198207;Pärnu, Pärnumaa
Aili;Hein;08.03.1994;N;49403088011;Kohtla-Nõmme, Ida-Virumaa
Matthias;Karro;29.05.2006;M;50605294820;Häädemeeste, Pärnumaa
Dan;Oras;14.07.1975;M;37507140118;Kiiu, Harjumaa
Karl Johannes;Jalakas;20.11.1981;M;38111209594;Viljandi, Viljandimaa
Emeri;Sillaots;21.02.1985;N;48502217483;Lihula, Läänemaa
Günther;Laur;21.10.1961;M;36110215406;Tallinn, Harjumaa
Reijo;Krõlov;06.01.1976;M;37601060373;Sõmeru, Lääne-Virumaa
Lii;Parts;10.03.2004;N;60403106152;Rapla, Raplamaa
Anthony;Jõe;23.10.1994;M;39410237488;Tõstamaa, Pärnumaa
Ranno;Konstantinov;19.05.1978;M;37805193178;Lüganuse, Ida-Virumaa
Jessica;Maasik;25.12.2008;N;60812255715;Võiste, Pärnumaa
Sireli;Varik;08.06.1966;N;46606088899;Võru, Võrumaa
Natalija;Roosileht;27.12.1997;N;49712277789;Aseri, Ida-Virumaa
Marius;Kikas;25.01.1996;M;39601256656;Kehra, Harjumaa
Ege;Mäesalu;31.05.1964;N;46405313509;Luige, Harjumaa
Christofer;Lill;12.09.1980;M;38009126666;Tori, Pärnumaa
Nicole;Soon;15.08.1978;N;47808159198;Luunja, Tartumaa
Georgi;Matvejev;19.08.1961;M;36108193324;Nõo, Tartumaa
Keili;Salumets;15.05.1979;N;47905153393;Nasva, Saaremaa
Caspar;Aas;15.02.1975;M;37502155755;Olgina, Ida-Virumaa
Melani;Teesalu;08.05.1970;N;47005087894;Kiili, Harjumaa
Maido;Paap;28.04.1981;M;38104286577;Paikuse, Pärnumaa
Ivo;Lindgren;14.11.1999;M;39911145500;Väätsa, Järvamaa
Lauri;Jõesaar;25.09.2004;M;50409257551;Suure-Jaani, Viljandimaa
Hanno;Pärn;12.07.2000;M;50007124614;Kuressaare, Saaremaa
Meril;Sarv;30.03.2002;N;60203309839;Saku, Harjumaa
Sören;Novikov;28.11.1995;M;39511282344;Kõrgessaare, Hiiumaa
Eleriin;Heinsoo;11.09.1977;N;47709110366;Ramsi, Viljandimaa
Gertu;Beljajev;07.11.1977;N;47711072901;Iisaku, Ida-Virumaa
Jalmar;Männiste;03.12.1961;M;36112038826;Varnja, Tartumaa
Christer;Vill;15.07.1995;M;39507158581;Märjamaa, Raplamaa
Hanna;Soosaar;27.12.1990;N;49012274224;Paide, Järvamaa
Vivian;Käärik;29.01.1967;N;46701291697;Vinni, Lääne-Virumaa
Eva Maria;Kasemets;15.04.1986;N;48604157791;Võsu, Lääne-Virumaa
Siret;Drozdov;07.07.1998;N;49807072527;Vasalemma, Harjumaa
Reeli;Lapin;14.12.1981;N;48112141293;Märjamaa, Raplamaa
Arabella;Martin;21.10.1977;N;47710210981;Kiltsi, Lääne-Virumaa
Aljona;Tõnisson;04.01.2006;N;60601047130;Siimusti, Jõgevamaa
Beatrice;Laks;02.10.1967;N;46710022935;Sõmeru, Lääne-Virumaa
Marje;Põldma;24.02.1991;N;49102242476;Lagedi, Harjumaa
Kai;Väli;01.12.1999;N;49912019180;Vastse-Kuuste, Põlvamaa
Ülari;Lepp;20.02.1970;M;37002206693;Saue, Harjumaa
Kersti;Frolov;27.09.1996;N;49609273436;Aseri, Ida-Virumaa
Inger;Kask;17.12.1997;N;49712178280;Loksa, Harjumaa
Maarit;Vinogradov;12.12.1975;N;47512120319;Tõstamaa, Pärnumaa
Eva-Maria;Põdra;01.03.1973;N;47303012041;Kiviõli, Ida-Virumaa
Jarno;Viira;13.11.1973;M;37311131214;Keava, Raplamaa
Annette;Väli;11.10.1995;N;49510111059;Tamsalu, Lääne-Virumaa
Taago;Säde;07.10.1970;M;37010070501;Aseri, Ida-Virumaa
Maxim;Hein;31.12.1980;M;38012319677;Rakke, Lääne-Virumaa
Janelle;Kull;10.07.1995;N;49507103241;Luunja, Tartumaa
Karl-Hendrik;Soots;17.03.1996;M;39603172085;Karksi-Nuia, Viljandimaa
Carina;Roos;13.03.1991;N;49103136262;Vastse-Kuuste, Põlvamaa
Inna;Kikkas;04.11.1988;N;48811046525;Viru-Jaagupi, Lääne-Virumaa
Kristiine;Kasemets;19.01.1988;N;48801191437;Kärla, Saaremaa
Maiken;Markus;27.08.1989;N;48908271617;Lüganuse, Ida-Virumaa
Janete;Trei;19.10.1986;N;48610199882;Kärdla, Hiiumaa
Merlin;Pihelgas;07.12.1992;N;49212077619;Uuemõisa, Läänemaa
Edgar;Paas;22.03.2001;M;50103225914;Õru, Valgamaa
Lotta;Oras;05.04.2003;N;60304051147;Hagudi, Raplamaa
Raneli;Abel;22.03.1977;N;47703222292;Hageri, Raplamaa
Hans;Väli;27.07.1982;M;38207277414;Tallinn, Harjumaa
Andry;Gerassimov;14.04.1991;M;39104147178;Võnnu, Tartumaa
Jane;Oks;27.05.1978;N;47805277269;Ilmatsalu, Tartumaa
Erlend;Sild;07.03.2001;M;50103073325;Sääse, Lääne-Virumaa
Marilin;Annus;06.05.1990;N;49005063177;Rapla, Raplamaa
Kerli;Nõmm;08.12.1967;N;46712080125;Türi, Järvamaa
Semjon;Tamberg;26.10.1977;M;37710263744;Aste, Saaremaa
Aet;Lebedev;30.04.1971;N;47104302894;Tartu, Tartumaa
Kaarel;Post;24.03.2007;M;50703243187;Mäetaguse, Ida-Virumaa
Nils;Kaljuvee;03.06.2008;M;50806032483;Kambja, Tartumaa
Meril;Kask;16.01.2003;N;60301166609;Kose-Uuemõisa, Harjumaa
Ernst;Matvejev;05.03.1979;M;37903057025;Alatskivi, Tartumaa
Art;Toome;29.02.2008;M;50802295133;Karksi-Nuia, Viljandimaa
Mariliis;Tali;01.03.1983;N;48303014757;Paide, Järvamaa
Ele;Sild;28.11.2006;N;60611286335;Näpi, Lääne-Virumaa
Andri;Voronin;02.02.1972;M;37202024484;Hummuli, Valgamaa
Indrek;Laan;07.07.1986;M;38607076881;Kärla, Saaremaa
Maarek;Kuusik;29.01.1978;M;37801294196;Haapsalu, Läänemaa
Helene;Pruul;29.05.2006;N;60605296365;Hageri, Raplamaa
Maarja;Soo;19.09.1983;N;48309199717;Roiu, Tartumaa
Rostislav;Kulikov;24.09.1968;M;36809246958;Salme, Saaremaa
Dario;Markus;20.10.1964;M;36410200406;Parksepa, Võrumaa
Simmo;Kroon;14.09.2001;M;50109141509;Hageri, Raplamaa
Ako;Nõmmik;28.06.1971;M;37106284828;Sääse, Lääne-Virumaa
Jana;Ivask;09.11.1990;N;49011095946;Tamsalu, Lääne-Virumaa
Melany;Klimov;20.08.1988;N;48808204901;Kiili, Harjumaa
Patricia;Kuusik;19.09.1996;N;49609191273;Roiu, Tartumaa
Innar;Raidma;12.08.2006;M;50608124013;Keila-Joa, Harjumaa
Taniel;Soo;01.03.1972;M;37203016321;Mustvee, Jõgevamaa
German;Danilov;29.11.1979;M;37911292572;Kose, Harjumaa
Cärolin;Konstantinov;04.06.1963;N;46306045378;Kihelkonna, Saaremaa
Feliks;Orav;26.09.1996;M;39609264628;Varnja, Tartumaa
Sven Erik;Uibo;04.10.1993;M;39310045306;Elva, Tartumaa
Lisanna;Pukk;08.02.1984;N;48402085877;Vastse-Kuuste, Põlvamaa
Annette;Põldma;27.08.2007;N;60708277539;Saue, Harjumaa
Markko;Soosalu;01.12.1975;M;37512012050;Laatre, Valgamaa
Maili;Powell;29.12.1982;N;48212298757;Loo, Harjumaa
Magnar;Herodes;03.10.1978;M;37810030490;Roela, Lääne-Virumaa
Jakob;Palu;29.08.1960;M;36008299619;Kihelkonna, Saaremaa
Matthias;Žukov;26.02.1978;M;37802261259;Kudjape, Saaremaa
Joosep;Suits;17.11.1993;M;39311177071;Helme, Valgamaa
Steve;Allas;03.11.1972;M;37211034505;Kiiu, Harjumaa
Sten-Erik;Lindgren;20.01.1974;M;37401200675;Alatskivi, Tartumaa
Iris;Arula;16.02.1969;N;46902169278;Misso, Võrumaa
Viktorija;Raamat;04.12.1993;N;49312049049;Erra, Ida-Virumaa
Lisell;Lang;10.05.1974;N;47405106461;Sillamäe, Ida-Virumaa
Ivika;Ojaste;10.07.1965;N;46507108894;Ülenurme, Tartumaa
Kairi;Salu;10.06.1993;N;49306102167;Olustvere, Viljandimaa
Matti;Kuusk;30.01.1981;M;38101304049;Orissaare, Saaremaa
Saveli;Kasemaa;14.11.2000;M;50011147813;Voka, Ida-Virumaa
Jane;Nikiforov;10.10.2005;N;60510105786;Kärla, Saaremaa
Gabriel;Kallaste;28.12.1964;M;36412280389;Kose, Võrumaa
Virko;Kalda;12.04.1990;M;39004128487;Klooga, Harjumaa
Konstantin;Piho;01.04.1971;M;37104016124;Rannu, Tartumaa
Rait;Markson;27.01.2001;M;50101275941;Vaida, Harjumaa
Tarvi;Nikolaev;24.03.1963;M;36303248115;Are, Pärnumaa
Andres;Pärtel;09.10.1982;M;38210098368;Kehtna, Raplamaa
Keidi;Kotov;06.01.2002;N;60201064278;Kose, Võrumaa
Helari;Kutsar;16.12.1976;M;37612161570;Järvakandi, Raplamaa
Alexander;Lepp;21.10.2007;M;50710213883;Toila, Ida-Virumaa
Timo;Lumiste;13.01.1998;M;39801133563;Ulila, Tartumaa
Liliana;Peterson;07.10.1966;N;46610076867;Kuusiku, Raplamaa
Amanda;Abel;31.07.1983;N;48307315299;Võiste, Pärnumaa
Keidy;Sööt;02.02.1983;N;48302020872;Haabneeme, Harjumaa
Artjom;Loorits;22.05.1993;M;39305228170;Keila-Joa, Harjumaa
Maili;Friedman;01.10.1964;N;46410010736;Haapsalu, Läänemaa
Jaanek;Jeršov;14.11.1970;M;37011144435;Kose, Võrumaa
Taavet;Toots;19.11.1962;M;36211196380;Toila, Ida-Virumaa
Sergey;Kurm;22.10.1997;M;39710228720;Kärdla, Hiiumaa
Loora;Kütt;26.03.1998;N;49803268046;Torma, Jõgevamaa
Helen;Müür;09.01.1979;N;47901098930;Veriora, Põlvamaa
Gregory;Zujev;29.10.1992;M;39210297620;Harku, Harjumaa
Erich;Mark;04.06.2001;M;50106048742;Kanepi, Põlvamaa
Janari;Kozlov;10.03.1989;M;38903105184;Eidapere, Raplamaa
Andry;Tiits;23.12.1967;M;36712236075;Karksi-Nuia, Viljandimaa
Ketrin;Medvedev;12.02.1979;N;47902126001;Kaiu, Raplamaa
Ege;Borissov;15.10.1973;N;47310158121;Jõhvi, Ida-Virumaa
Getrin;Dmitriev;25.08.2004;N;60408252065;Avinurme, Ida-Virumaa
Sofja;Markus;27.02.2000;N;60002271297;Eidapere, Raplamaa
Kenet;Suur;22.06.1978;M;37806229919;Tudulinna, Ida-Virumaa
Mona;Sikorski;22.11.1963;N;46311227517;Ülenurme, Tartumaa
Elizabeth;Jürgenson;18.09.1988;N;48809183542;Mõisaküla, Viljandimaa
Nele;Mikk;14.02.1996;N;49602142556;Ambla, Järvamaa
Stiina;Bell;03.01.1963;N;46301038630;Turba, Harjumaa
Andre;Loginov;12.12.1996;M;39612124048;Käärdi, Tartumaa
Katriin;Erm;15.02.1965;N;46502158414;Lehtse, Lääne-Virumaa
Yana;Kalm;12.08.1960;N;46008126218;Näpi, Lääne-Virumaa
Eliisabeth;Kask;05.06.1992;N;49206052013;Aegviidu, Harjumaa
Timo;Bõstrov;22.05.1987;M;38705228777;Ülenurme, Tartumaa
Klaarika;Hein;08.02.1994;N;49402087798;Käravete, Järvamaa
Stella;Lomp;25.04.1976;N;47604256330;Kolkja, Tartumaa
Janis;Visnapuu;03.09.1999;M;39909035957;Lähte, Tartumaa
Ly;Sutt;13.02.1971;N;47102134969;Võru, Võrumaa
Valdur;Stepanov;02.03.1960;M;36003028395;Avinurme, Ida-Virumaa
Valentin;Silm;25.12.1961;M;36112256620;Uuemõisa, Läänemaa
Riho;Hõbe;22.04.2001;M;50104228659;Kiiu, Harjumaa
Albina;Aavik;02.10.1991;N;49110026711;Viru-Nigula, Lääne-Virumaa
Kaur;Tuulik;05.12.1979;M;37912055943;Haabneeme, Harjumaa
Helin;Pulk;28.08.1964;N;46408280751;Oisu, Järvamaa
Fredi;Heinsoo;25.02.1999;M;39902257468;Ülenurme, Tartumaa
Arno;Toom;02.02.2003;M;50302021622;Viru-Nigula, Lääne-Virumaa
Veera;Nikitin;29.09.1977;N;47709290151;Misso, Võrumaa
Kelvin;Lätt;16.05.1995;M;39505166732;Ahja, Põlvamaa
Xenia;Ossipov;27.11.1997;N;49711279837;Jüri, Harjumaa
Merle;Aas;03.04.1981;N;48104037466;Tori, Pärnumaa
Mare;Tsvetkov;06.10.2008;N;60810069071;Luige, Harjumaa
Annett;Kolesnik;01.10.1995;N;49510016429;Tõrvandi, Tartumaa
Mariete;Paas;29.09.1985;N;48509295092;Raasiku, Harjumaa
Elo;Randoja;06.07.1975;N;47507063547;Kuressaare, Saaremaa
Tairo;Toom;13.09.1980;M;38009135430;Türi, Järvamaa
Luisa;Mann;18.02.1999;N;49902189183;Rakvere, Lääne-Virumaa
Kenneth;Tarassov;13.05.2003;M;50305138417;Hageri, Raplamaa
Kermo;Mets;30.04.1960;M;36004300329;Audru, Pärnumaa
Karli;Filippov;19.01.1972;M;37201197663;Viru-Nigula, Lääne-Virumaa
Kaire;Teearu;30.11.1975;N;47511300651;Rakke, Lääne-Virumaa
Kaimo;Vorobjov;13.12.1998;M;39812135743;Kudjape, Saaremaa
Gerli;Ilves;05.09.1995;N;49509054922;Turba, Harjumaa
Tomas;Luiga;11.07.1974;M;37407116701;Lohusuu, Ida-Virumaa
Elvira;Vähi;09.10.1976;N;47610096856;Puurmani, Jõgevamaa
Adrian;Sutt;04.02.1970;M;37002040077;Tõrvandi, Tartumaa
Cristopher;Dmitriev;05.01.1987;M;38701053248;Keila, Harjumaa
Saveli;Härm;20.07.1960;M;36007206633;Kose, Võrumaa
Pille;Bell;17.07.1968;N;46807179358;Kuremaa, Jõgevamaa
Mihkel;Pärna;16.08.1973;M;37308168792;Kiisa, Harjumaa
Christina;Susi;01.04.1967;N;46704011236;Virtsu, Läänemaa
Sten;Kruus;15.11.1975;M;37511156574;Mustvee, Jõgevamaa
Kätlyn;Sibul;12.10.1970;N;47010121361;Kiili, Harjumaa
Vjatšeslav;Tiits;14.03.1993;M;39303145971;Sindi, Pärnumaa
Oleg;Kuzmin;07.10.1963;M;36310072983;Erra, Ida-Virumaa
Teili;Kotov;01.11.2003;N;60311015455;Pajusti, Lääne-Virumaa
Anastasia;Visnapuu;26.12.2002;N;60212269196;Oisu, Järvamaa
Ingrid;Liivamägi;19.05.1988;N;48805198832;Peetri, Järvamaa
Denis;Hallik;28.01.1997;M;39701288705;Ahja, Põlvamaa
Cristofer;Leht;15.03.2004;M;50403154161;Kangru, Harjumaa
Timmo;Mäe;25.11.1996;M;39611256558;Risti, Läänemaa
Juulia;Meister;27.10.1963;N;46310278422;Viiratsi, Viljandimaa
Mikk;Jeršov;18.09.2005;M;50509186074;Tamsalu, Lääne-Virumaa
Karita;Titov;28.05.1993;N;49305287718;Sauga, Pärnumaa
Kreete;Sirel;01.11.1965;N;46511013321;Kärla, Saaremaa
Kärolin;Sirel;24.01.1984;N;48401243314;Tootsi, Pärnumaa
Jarek;Bõstrov;29.04.1986;M;38604294700;Loo, Harjumaa
Brittany;Sepp;12.04.2001;N;60104129472;Kallaste, Tartumaa
Renno;Heinsalu;21.12.1994;M;39412210352;Adavere, Jõgevamaa
Eeva;Muru;02.10.1991;N;49110023661;Rõngu, Tartumaa
Rainar;Jakovlev;18.01.1974;M;37401185144;Rõngu, Tartumaa
Karl-Gustav;Vahter;28.10.1965;M;36510284974;Rummu, Harjumaa
Ksenija;Tamberg;12.08.1960;N;46008124835;Kureküla, Tartumaa
Mariana;Pärn;19.03.2003;N;60303198116;Kõrveküla, Tartumaa
Tiina;Kangur;12.09.1970;N;47009123263;Koeru, Järvamaa
Adriana;Mäesalu;31.12.1999;N;49912310007;Kuusalu, Harjumaa
Andri;Moroz;16.03.1981;M;38103160211;Sõmerpalu, Võrumaa
Egert;Antonov;04.10.1961;M;36110049039;Laatre, Valgamaa
Karen;Lääne;22.01.1977;N;47701228087;Püssi, Ida-Virumaa
Trevor;Soo;28.04.1963;M;36304284539;Keava, Raplamaa
Danel;Sulg;19.03.1998;M;39803197209;Paide, Järvamaa
Sabrina;Jänes;25.09.1978;N;47809258371;Kudjape, Saaremaa
Janis;Mändla;20.06.1979;M;37906205949;Viiratsi, Viljandimaa
Geili;Kivilo;19.06.1972;N;47206196738;Nasva, Saaremaa
Annemari;Piir;10.10.1961;N;46110105578;Kiltsi, Lääne-Virumaa
Verner;Jõesaar;08.07.1968;M;36807089902;Viru-Jaagupi, Lääne-Virumaa
Taavi;Sirel;26.08.1975;M;37508263033;Kõpu, Viljandimaa
Kristine;Sööt;01.10.1971;N;47110013813;Järva-Jaani, Järvamaa
Meelika;Jaanus;28.07.1976;N;47607282359;Kehra, Harjumaa
Artjom;Põld;14.10.1979;M;37910148748;Are, Pärnumaa
Auli;Vaher;15.10.1991;N;49110150524;Vastse-Kuuste, Põlvamaa
Mariana;Lukk;15.11.1984;N;48411154554;Halliste, Viljandimaa
Kevin;Heinsoo;08.05.1991;M;39105081406;Värska, Põlvamaa
Anne-Ly;Salu;04.03.1964;N;46403042379;Raasiku, Harjumaa
Mare;Nikiforov;06.04.1960;N;46004066867;Tõstamaa, Pärnumaa
Älis;Siim;12.08.1984;N;48408126067;Tapa, Lääne-Virumaa
Stiven;Kont;25.03.1967;M;36703258144;Eidapere, Raplamaa
Olari;Bell;07.04.1966;M;36604078814;Iisaku, Ida-Virumaa
Mirko;Pukk;08.11.2005;M;50511082377;Kaiu, Raplamaa
Helis;Laanemets;19.11.1975;N;47511190679;Tudulinna, Ida-Virumaa
Violeta;Sillaots;23.12.1975;N;47512233801;Kuusalu, Harjumaa
Vjatšeslav;Taal;15.06.2000;M;50006154202;Eidapere, Raplamaa
Greete;Hanson;15.05.2006;N;60605154945;Klooga, Harjumaa
Maarek;Gromov;28.04.2002;M;50204287389;Väätsa, Järvamaa
Maili;Kirillov;08.12.2006;N;60612088304;Vaida, Harjumaa
Ronaldo;Aru;21.03.1999;M;39903217554;Sillamäe, Ida-Virumaa
Kristiin;Kalmus;10.08.1971;N;47108107488;Tõravere, Tartumaa
Piia;Parts;17.10.1996;N;49610179126;Aseri, Ida-Virumaa
Elina;Lehtmets;13.08.1964;N;46408138369;Lelle, Raplamaa
Vlada;Kadak;21.06.1961;N;46106211477;Toila, Ida-Virumaa
Marielle;Dmitriev;05.03.1997;N;49703051476;Lehtse, Lääne-Virumaa
Annaliis;Aasa;22.10.1997;N;49710220005;Kaerepere, Raplamaa
Karl Johannes;Konstantinov;15.06.1982;M;38206157251;Võhma, Viljandimaa
Eva;Abbt;02.10.1984;N;48410026538;Ambla, Järvamaa
Lily;Alekseev;04.02.1968;N;46802041020;Orissaare, Saaremaa
Hanna-Liina;Kallas;22.12.1971;N;47112229880;Sääse, Lääne-Virumaa
Natalija;Meister;03.06.1986;N;48606038961;Tsirguliina, Valgamaa
Robin;Antonov;08.07.1972;M;37207081270;Pajusti, Lääne-Virumaa
Nikolay;Drozdov;30.04.2003;M;50304309436;Võiste, Pärnumaa
Kädi;Kriisa;17.12.1964;N;46412176268;Võru, Võrumaa
Ketlin;Raid;05.10.1992;N;49210052129;Roela, Lääne-Virumaa
Henri;Friedman;07.08.1985;M;38508078527;Helme, Valgamaa
Lii;Mölder;29.01.1961;N;46101290575;Kiiu, Harjumaa
Mari-Ann;Valge;30.04.1978;N;47804308008;Virtsu, Läänemaa
Pavel;Tomingas;19.10.1993;M;39310194601;Harku, Harjumaa
Meeri;Kiik;17.01.1964;N;46401172251;Kohila, Raplamaa
Annemari;Roos;07.02.1976;N;47602075087;Juuru, Raplamaa
Veiko;Solovjov;04.01.1961;M;36101043681;Loksa, Harjumaa
Gerdi;Raag;17.08.1966;N;46608179285;Kangru, Harjumaa
Mihkel;Lukk;01.10.1983;M;38310012232;Väätsa, Järvamaa
Nadezda;Raudsepp;12.05.1993;N;49305129143;Kihelkonna, Saaremaa
Leanika;Tiits;16.11.1973;N;47311160617;Kohtla-Järve, Ida-Virumaa
Karl Johannes;Kruglov;10.05.2004;M;50405101803;Saku, Harjumaa
Maiu;Põldmaa;25.09.1961;N;46109253762;Mehikoorma, Tartumaa
Andi;Kelder;19.10.1965;M;36510197918;Sonda, Ida-Virumaa
Lada;Pärnpuu;27.04.1963;N;46304278025;Tamsalu, Lääne-Virumaa
Alex;Green;26.07.1977;M;37707263448;Väike-Maarja, Lääne-Virumaa
Silvia;Lomp;18.12.1982;N;48212182462;Puurmani, Jõgevamaa
Karoline;Kütt;25.09.1974;N;47409254320;Mäetaguse, Ida-Virumaa
Geir;Kutsar;25.04.1963;M;36304259096;Keila-Joa, Harjumaa
Liana;Oks;12.09.2006;N;60609129062;Nasva, Saaremaa
Lukas;Martin;16.08.2003;M;50308168980;Aste, Saaremaa
Anete;Kiil;21.08.1995;N;49508212448;Viljandi, Viljandimaa
Gertu;Laan;21.09.2005;N;60509217049;Ambla, Järvamaa
Agnessa;Paas;23.12.2004;N;60412230595;Harku, Harjumaa
Otto;Sutt;01.10.1986;M;38610015131;Salme, Saaremaa
Gregory;Lotman;13.06.1990;M;39006135425;Väimela, Võrumaa
Karl Joonas;Green;17.03.1968;M;36803175874;Pärnu-Jaagupi, Pärnumaa
Anett;Kokk;08.01.1983;N;48301082495;Kureküla, Tartumaa
Mark;Oks;19.06.1976;M;37606190923;Lelle, Raplamaa
Evert;Lepik;11.11.1963;M;36311115572;Alatskivi, Tartumaa
Kristopher;Mitt;28.08.1993;M;39308282941;Roiu, Tartumaa
Villu;Grigorieva;18.08.1986;M;38608182365;Tõravere, Tartumaa
Merle;Suvorov;14.12.1996;N;49612147665;Tõrva, Valgamaa
Ruben;Kilk;19.01.1965;M;36501193735;Uhtna, Lääne-Virumaa
Romet;Lehtla;12.07.1962;M;36207124998;Peetri, Järvamaa
Kaia;Afanasjev;02.11.1989;N;48911020616;Varnja, Tartumaa
Cevin;Nurm;25.04.1976;M;37604252076;Kanepi, Põlvamaa
Rinat;Maripuu;23.05.1974;M;37405230311;Sauga, Pärnumaa
Eve;Petrov;16.04.1965;N;46504161067;Rõuge, Võrumaa
Dimitri;Truu;11.03.1969;M;36903119083;Hulja, Lääne-Virumaa
Danel;Maslov;24.10.1980;M;38010245477;Lüganuse, Ida-Virumaa
Vitali;Sikk;25.12.1965;M;36512250624;Haljala, Lääne-Virumaa
Eliis;Maack;18.04.1980;N;48004182954;Sillamäe, Ida-Virumaa
Raneli;Borissov;31.03.2005;N;60503318384;Nasva, Saaremaa
Gabriel;Kisseljov;17.07.1988;M;38807170239;Tapa, Lääne-Virumaa
Veronika;Niit;04.12.1969;N;46912041659;Tootsi, Pärnumaa
Erko;Nurm;25.09.1980;M;38009258091;Kose, Harjumaa
Anneli;Johanson;08.06.1985;N;48506086520;Roela, Lääne-Virumaa
Liana;Antonov;15.04.1982;N;48204152538;Tapa, Lääne-Virumaa
Antti;Laine;17.11.1994;M;39411170422;Halliste, Viljandimaa
Karl-Eerik;Jaakson;23.01.1972;M;37201236087;Kunda, Lääne-Virumaa
Madis;Nikitin;14.06.1993;M;39306140398;Kolga, Harjumaa
Pille-Riin;Simm;03.11.1969;N;46911036905;Roela, Lääne-Virumaa
Heino;Schmidt;11.12.2000;M;50012114368;Ülenurme, Tartumaa
Kristiin;Müürsepp;09.08.1989;N;48908095243;Viimsi, Harjumaa
Marelle;Kasemaa;07.06.1997;N;49706078527;Nõo, Tartumaa
Viivika;Kaljuste;26.02.1999;N;49902262330;Sangaste, Valgamaa
Raul;Mõttus;01.12.1961;M;36112019186;Helme, Valgamaa
Karl-Kevin;Randoja;29.09.1986;M;38609297795;Märjamaa, Raplamaa
Teele;Ernits;10.01.1994;N;49401104268;Eidapere, Raplamaa
Feliks;Egorov;05.09.1991;M;39109059683;Tapa, Lääne-Virumaa
Kerli;Komarov;24.11.1996;N;49611248187;Käru, Raplamaa
Elmar;Piir;04.08.1991;M;39108046056;Puka, Valgamaa
Jakob;Pruul;05.11.1962;M;36211058907;Puka, Valgamaa
Juri;Õun;21.07.1994;M;39407213171;Ulila, Tartumaa
Yury;Poljakov;10.10.1997;M;39710106743;Märjamaa, Raplamaa
Aleksei;Sööt;18.04.1984;M;38404183025;Väätsa, Järvamaa
Arina;Grigorieva;30.07.1998;N;49807309757;Rakvere, Lääne-Virumaa
Polina;Kolk;30.12.1981;N;48112302794;Roosna-Alliku, Järvamaa
Alice;Pärtel;05.02.1969;N;46902056811;Jõgeva, Jõgevamaa
Linda;Ott;28.03.1981;N;48103285525;Olgina, Ida-Virumaa
Roger;Lomp;17.09.1994;M;39409171253;Laagri, Harjumaa
Heli;Makarov;23.04.1971;N;47104239050;Ambla, Järvamaa
Gerda;Kasemaa;16.04.1987;N;48704165450;Rannu, Tartumaa
Vivian;Pikk;21.08.1968;N;46808218959;Ramsi, Viljandimaa
Merje;Ader;22.01.1991;N;49101229865;Loksa, Harjumaa
Kärol;Raidma;15.08.2004;N;60408154115;Klooga, Harjumaa
Grete-Liis;Juhkam;22.10.1970;N;47010227758;Pärnu, Pärnumaa
Maikel;Kaljuvee;28.01.1964;M;36401281802;Võsu, Lääne-Virumaa
Taavet;Kasemaa;03.04.1982;M;38204031040;Vastse-Kuuste, Põlvamaa
Valeria;Jänes;11.04.1965;N;46504114778;Peetri, Järvamaa
Jelena;Kivistik;10.04.1993;N;49304104585;Ülenurme, Tartumaa
Anfissa;Jõe;18.09.1992;N;49209188863;Märjamaa, Raplamaa
Evgeniya;Anton;08.01.2006;N;60601086176;Luunja, Tartumaa
Ranar;Salu;21.09.2002;M;50209214873;Rõngu, Tartumaa
Eva-Liisa;Käärik;04.01.2008;N;60801048172;Kadrina, Lääne-Virumaa
Marion;Kruus;28.06.1971;N;47106282240;Kiiu, Harjumaa
Anne-Ly;Kull;13.03.1990;N;49003134638;Simuna, Lääne-Virumaa
Liisa Maria;Sokolov;10.07.2008;N;60807100173;Aseri, Ida-Virumaa
Oliver;Salumäe;06.03.1962;M;36203068855;Vändra, Pärnumaa
Revo;Kondratjev;03.01.1991;M;39101032268;Maardu, Harjumaa
Eliisa;Gusev;29.09.1970;N;47009291326;Räpina, Põlvamaa
Reigo;Jõe;08.04.1971;M;37104080213;Valga, Valgamaa
Cärolin;Melnik;02.10.1980;N;48010024911;Nasva, Saaremaa
Tauri;Eller;14.11.1976;M;37611144925;Varnja, Tartumaa
Geidy;Kool;18.08.1969;N;46908187891;Lehtse, Lääne-Virumaa
Jevgeni;Lääts;18.06.2001;M;50106186846;Tõrvandi, Tartumaa
Marius;Paal;02.03.2008;M;50803027317;Uuemõisa, Läänemaa
Hanno;Paju;21.10.1963;M;36310218121;Uhtna, Lääne-Virumaa
Grete-Liis;Nurm;03.10.1995;N;49510038603;Ramsi, Viljandimaa
Keit;Poljakov;21.09.1981;M;38109217422;Kohtla-Nõmme, Ida-Virumaa
Reivo;Mäeots;15.01.1993;M;39301157033;Raasiku, Harjumaa
Sirle;Leis;15.11.1974;N;47411152807;Võõpsu, Põlvamaa
Karl-Kevin;Mäe;01.03.1982;M;38203012384;Haapsalu, Läänemaa
Liisi;Remmel;10.07.1974;N;47407106710;Raasiku, Harjumaa
Serafima;Teesalu;25.02.1970;N;47002258183;Iisaku, Ida-Virumaa
Triini;Kala;16.11.1974;N;47411169364;Loksa, Harjumaa
Karmel;Soosaar;11.10.1972;N;47210110082;Aravete, Järvamaa
Armo;Müür;20.05.2002;M;50205208729;Kose, Harjumaa
Violetta;Bogdanov;21.10.1998;N;49810214396;Aste, Saaremaa
Olavi;Reinke;04.01.2005;M;50501042424;Palivere, Läänemaa
Deivid;Anton;06.03.1974;M;37403069032;Kureküla, Tartumaa
Gerda;Kuuse;13.09.1990;N;49009136558;Käärdi, Tartumaa
Kert;Kroon;11.10.1993;M;39310111920;Suure-Jaani, Viljandimaa
Lev;Toots;06.06.1973;M;37306065608;Lavassaare, Pärnumaa
Annemari;Ojala;11.10.1964;N;46410112756;Valga, Valgamaa
Markel;Luiga;18.04.1961;M;36104189521;Alu, Raplamaa
Merilin;Kütt;31.12.1960;N;46012319791;Orissaare, Saaremaa
Liisi;Miller;12.07.1977;N;47707127367;Sangaste, Valgamaa
Sebastian;Tarassov;04.01.1977;M;37701046308;Vändra, Pärnumaa
Reigo;Powell;18.09.2003;M;50309187173;Veriora, Põlvamaa
Marvin;Rosenberg;04.09.1986;M;38609041343;Kolkja, Tartumaa
Kasper;Simson;11.10.1965;M;36510117375;Jõgeva, Jõgevamaa
Merilyn;Hallik;01.08.2000;N;60008010271;Hummuli, Valgamaa
Sören;Salumets;18.09.1965;M;36509187484;Luunja, Tartumaa
Nataly;Silm;12.09.1985;N;48509123712;Haabneeme, Harjumaa
Eliisabeth;Abbt;07.04.2007;N;60704075745;Häädemeeste, Pärnumaa
Mariliis;Kivilo;23.04.1983;N;48304239509;Nõo, Tartumaa
Simone;Lumiste;11.06.1975;N;47506117928;Alu, Raplamaa
Elmar;Markson;04.08.2003;M;50308048189;Ulila, Tartumaa
Kamilla;Mets;01.03.1989;N;48903017038;Kärdla, Hiiumaa
Edith;Herodes;04.11.1976;N;47611048521;Kasepää, Tartumaa
Svetlana;Pent;01.07.1965;N;46507012189;Jõgeva, Jõgevamaa
Karl Johannes;Uustalu;24.09.2002;M;50209249418;Laekvere, Lääne-Virumaa
Meribel;Valge;16.05.1994;N;49405167442;Lavassaare, Pärnumaa
Virko;Medvedev;03.05.1998;M;39805038793;Kiltsi, Lääne-Virumaa
Inna;Teder;02.11.2008;N;60811023488;Kuusalu, Harjumaa
Marija;Eller;16.05.1990;N;49005164594;Püssi, Ida-Virumaa
Sanna;Siim;18.10.1997;N;49710188956;Voka, Ida-Virumaa
Tatjana;Miller;01.10.1966;N;46610010378;Võnnu, Tartumaa
Sven Erik;Anissimov;03.06.2003;M;50306031295;Sangaste, Valgamaa
Simmo;Kaljuste;14.12.1966;M;36612149652;Kärla, Saaremaa
Paul;Kant;26.03.1964;M;36403261013;Peetri, Järvamaa
Ilya;Jakovlev;25.04.1980;M;38004253423;Luige, Harjumaa
Valter;Järve;31.01.1993;M;39301317273;Haabneeme, Harjumaa
Ahto;Aasa;12.02.1965;M;36502127547;Lohusuu, Ida-Virumaa
Andero;Lehtmets;07.01.1971;M;37101073031;Misso, Võrumaa
Karl Joonas;Kuusik;23.11.1970;M;37011238190;Sillamäe, Ida-Virumaa
Dana;Medvedev;14.04.1967;N;46704142343;Peetri, Järvamaa
Imre;Ševtšenko;24.03.1965;M;36503245875;Lepna, Lääne-Virumaa
Christofer;Danilov;11.07.1987;M;38707114714;Kaiu, Raplamaa
Nikita;Saul;22.01.2000;M;50001225327;Karjaküla, Harjumaa
Sebastian;Andreev;27.05.2004;M;50405276602;Käru, Raplamaa
Hendrik;Aleksandrov;10.12.2001;M;50112101992;Virtsu, Läänemaa
Michael;Truu;06.09.1961;M;36109065595;Kunda, Lääne-Virumaa
Greete;Kodres;01.09.1996;N;49609011493;Alatskivi, Tartumaa
Saara;Pulk;23.04.1998;N;49804239028;Rannu, Tartumaa
Dagmar;Meister;31.12.1974;N;47412313040;Lavassaare, Pärnumaa
Taniel;Teder;07.03.1963;M;36303070526;Kehtna, Raplamaa
Jarek;Ploom;30.12.1961;M;36112301941;Saue, Harjumaa
Raiko;Saul;29.12.1984;M;38412290162;Kallaste, Tartumaa
Alo;Powell;19.05.1993;M;39305198993;Oisu, Järvamaa
Annaliis;Kiil;11.05.2002;N;60205112147;Väätsa, Järvamaa
Jevgenia;Olesk;08.11.2007;N;60711083797;Sonda, Ida-Virumaa
Natalia;Maidla;04.02.2006;N;60602040304;Järvakandi, Raplamaa
Lada;Lebedev;18.12.1960;N;46012186613;Maardu, Harjumaa
Deily;Nõmme;08.04.1980;N;48004081801;Karjaküla, Harjumaa
Christer;Kadak;19.02.1992;M;39202190064;Tallinn, Harjumaa
Hans Erik;Hanson;15.09.1989;M;38909150037;Häädemeeste, Pärnumaa
Ken;Grigorieva;16.06.1994;M;39406162247;Kiiu, Harjumaa
Emili;Tihhomirov;23.05.2008;N;60805230816;Tihemetsa, Pärnumaa
Ott;Kuningas;23.10.2006;M;50610234325;Aegviidu, Harjumaa
Rahel;Kohv;24.06.2004;N;60406242563;Sonda, Ida-Virumaa
Hanna Maria;Laas;25.01.1998;N;49801258661;Kolkja, Tartumaa
Ander;Popov;12.12.1974;M;37412129366;Antsla, Võrumaa
Eliise;Vlassov;13.04.1965;N;46504131778;Äksi, Tartumaa
Rivo;Põldmaa;22.12.1999;M;39912223965;Tõstamaa, Pärnumaa
Triinu-Liis;Kirss;21.10.1977;N;47710214785;Aravete, Järvamaa
Deniss;Kalm;28.03.2008;M;50803281221;Keila-Joa, Harjumaa
Melissa;Kala;29.06.1994;N;49406293185;Palivere, Läänemaa
Kadi;Sikorski;13.02.1983;N;48302133910;Toila, Ida-Virumaa
Arvo;Pärna;03.01.1988;M;38801035024;Paldiski, Harjumaa
Toivo;Malõšev;30.10.2005;M;50510300562;Viljandi, Viljandimaa
Johan;Johanson;22.01.2003;M;50301222286;Kolga-Jaani, Viljandimaa
Egor;Holm;19.10.1962;M;36210190119;Kärla, Saaremaa
Rivo;Piir;13.10.2001;M;50110134189;Räpina, Põlvamaa
Greete;Afanasjev;28.06.1961;N;46106284995;Olgina, Ida-Virumaa
Miina;Lääts;04.09.1990;N;49009043944;Kambja, Tartumaa
Uku;Koger;03.03.1983;M;38303033802;Koeru, Järvamaa
Daniel;Erm;17.05.1968;M;36805176775;Are, Pärnumaa
Tambet;Schmidt;23.07.2000;M;50007238256;Jüri, Harjumaa
Milana;Konovalov;08.03.1968;N;46803082810;Avinurme, Ida-Virumaa
Karl Kevin;Kasemets;12.01.1993;M;39301129018;Tõrva, Valgamaa
Triinu-Liis;Mölder;06.02.1963;N;46302066427;Kaerepere, Raplamaa
Helene;Tarassov;04.10.2003;N;60310040914;Märja, Tartumaa
Helar;Abel;11.10.1968;M;36810112291;Äksi, Tartumaa
Jorgen;Kallas;04.05.1998;M;39805045684;Kangru, Harjumaa
Ekke;Mägi;31.05.2003;M;50305313697;Kobela, Võrumaa
Milena;Mölder;04.07.1964;N;46407040744;Nasva, Saaremaa
Annaliisa;Afanasjev;21.07.1989;N;48907214193;Lüganuse, Ida-Virumaa
Jevgenia;Bondarenko;26.06.1976;N;47606261551;Iisaku, Ida-Virumaa
Joanna;Lukin;12.03.1974;N;47403129544;Tudu, Lääne-Virumaa
Caroly;Matvejev;15.07.1999;N;49907153776;Laiuse, Jõgevamaa
Andrea;Štšerbakov;10.08.1980;N;48008106294;Mõisaküla, Viljandimaa
Heino;Rebane;11.07.1978;M;37807115497;Sauga, Pärnumaa
Laura Liisa;Õun;20.12.1998;N;49812208014;Tapa, Lääne-Virumaa
Elizaveta;Martinson;26.10.1987;N;48710260900;Virtsu, Läänemaa
Grigori;Lumi;04.07.1980;M;38007045515;Elva, Tartumaa
Piret;Kuzmin;02.01.1996;N;49601022882;Kohtla-Järve, Ida-Virumaa
Raido;Mitt;12.10.1963;M;36310123337;Tõstamaa, Pärnumaa
Tomi;Nõmm;01.10.1982;M;38210014583;Veriora, Põlvamaa
Reeli;Sepp;23.04.1967;N;46704231717;Viimsi, Harjumaa
Artyom;Tamme;13.09.2000;M;50009137797;Kolga-Jaani, Viljandimaa
Ardo;Truu;29.09.1972;M;37209296079;Prillimäe, Raplamaa
Melani;Karro;06.07.1976;N;47607061148;Käärdi, Tartumaa
Silja;Denissov;22.02.1986;N;48602225857;Kiltsi, Lääne-Virumaa
Kauri;Sarap;01.09.1981;M;38109016330;Erra, Ida-Virumaa
Gunnar;Kaljula;02.08.1968;M;36808028945;Puurmani, Jõgevamaa
Elen;Solovjov;01.08.1978;N;47808017793;Varnja, Tartumaa
Elery;Anderson;21.10.2001;N;60110215131;Kiviõli, Ida-Virumaa
Eliisabet;Kolberg;27.10.1977;N;47710270245;Palamuse, Jõgevamaa
Kasper;Popov;23.12.1983;M;38312232414;Käina, Hiiumaa
Mona;Eller;14.12.1997;N;49712149110;Valjala, Saaremaa
Iti;Suvorov;10.09.1997;N;49709107765;Kihelkonna, Saaremaa
Kristo;Klavan;18.03.1984;M;38403181266;Luige, Harjumaa
Anette;Lipp;14.12.1974;N;47412140490;Kohila, Raplamaa
Valeria;Merisaar;21.08.1961;N;46108218310;Kuusiku, Raplamaa
Mairon;Hanson;29.12.1988;M;38812297246;Laatre, Valgamaa
Inge;Sillaots;24.09.2002;N;60209248384;Laagri, Harjumaa
Indra;Suur;25.09.1976;N;47609253680;Toila, Ida-Virumaa
Laureen;Pavlov;07.09.1970;N;47009078079;Valjala, Saaremaa
Andree;Anderson;17.06.1963;M;36306178387;Otepää, Valgamaa
Nele-Liis;Põder;30.03.1962;N;46203300062;Halliste, Viljandimaa
Kadri-Liis;Sokk;24.06.1964;N;46406244545;Võru, Võrumaa
Rando;Nikitin;21.07.2006;M;50607211537;Järva-Jaani, Järvamaa
Sten;Friedman;02.07.1989;M;38907025810;Tsirguliina, Valgamaa
Alondra;Maasik;14.09.1969;N;46909146482;Kuremaa, Jõgevamaa
Anna Liisa;Karro;01.12.1994;N;49412015729;Põlva, Põlvamaa
Andri;Säde;12.03.2004;M;50403129218;Võsu, Lääne-Virumaa
Ann;Põldma;24.08.1976;N;47608247646;Kihelkonna, Saaremaa
Marlon;Viik;11.05.1980;M;38005119387;Maardu, Harjumaa
Melany;Orlov;01.02.1979;N;47902013614;Simuna, Lääne-Virumaa
Taimar;Bell;04.01.1972;M;37201041395;Kose, Võrumaa
Airiin;Lind;13.09.2001;N;60109131549;Lohusuu, Ida-Virumaa
Elerin;Afanasjev;02.03.1978;N;47803029535;Vasalemma, Harjumaa
Peep;Kolk;03.04.1985;M;38504031095;Tori, Pärnumaa
Ernst;Viks;01.07.2005;M;50507018552;Nõo, Tartumaa
Villu;Saar;18.11.1981;M;38111189074;Kostivere, Harjumaa
Niina;Kuznetsov;06.09.1984;N;48409062467;Kaerepere, Raplamaa
Melani;Abramov;08.09.1965;N;46509085276;Risti, Läänemaa
Uljana;Adamson;01.06.1965;N;46506015611;Ilmatsalu, Tartumaa
Aaron;Saks;02.03.1999;M;39903029998;Lelle, Raplamaa
Cristofer;Kurm;19.05.2003;M;50305199208;Assaku, Harjumaa
Karl-Gustav;Miller;21.09.1999;M;39909210149;Sauga, Pärnumaa
Kerly;Lang;20.10.1977;N;47710204132;Tudu, Lääne-Virumaa
Kris;Sisask;10.12.1999;M;39912102801;Kohila, Raplamaa
Karl Robert;Bogdanov;29.03.2000;M;50003294907;Tõrvandi, Tartumaa
Sirje;Tuisk;22.05.1963;N;46305221821;Uuemõisa, Läänemaa
Art;Salu;05.01.1969;M;36901056448;Viru-Nigula, Lääne-Virumaa
Taavet;Rohtla;01.07.1977;M;37707016690;Valjala, Saaremaa
Leelo;Drozdov;18.02.2000;N;60002180876;Tõrva, Valgamaa
Aleksandr;Suvi;10.06.1979;M;37906107700;Kobela, Võrumaa
Adeele;Gerassimov;07.08.1965;N;46508072848;Väike-Maarja, Lääne-Virumaa
Kenneth;Randmaa;30.10.1969;M;36910301687;Taebla, Läänemaa
Aliis;Kattai;18.08.2006;N;60608180919;Tapa, Lääne-Virumaa
Ekaterina;Peterson;23.08.2003;N;60308238831;Toila, Ida-Virumaa
Tauri;Alas;22.08.1996;M;39608221112;Rakvere, Lääne-Virumaa
Anabell;Treial;18.12.1982;N;48212188803;Võõpsu, Põlvamaa
Juri;Kasak;28.10.2006;M;50610283413;Lavassaare, Pärnumaa
Dariya;Abderhalden;11.07.1976;N;47607119268;Roiu, Tartumaa
Ain;Mann;18.04.2006;M;50604181118;Pärnu, Pärnumaa
Veiko;Piho;09.11.1986;M;38611096287;Saue, Harjumaa
Krete;Gerassimov;03.10.1996;N;49610036384;Vastse-Kuuste, Põlvamaa
Nadezda;Kont;14.02.1964;N;46402146152;Narva-Jõesuu, Ida-Virumaa
Kätlin;Timofejev;16.12.2006;N;60612166942;Sõmerpalu, Võrumaa
Bruno;Nuut;23.12.1996;M;39612231484;Ahja, Põlvamaa
Talis;Kolk;21.09.2008;M;50809216602;Tamsalu, Lääne-Virumaa
Sven;Lind;13.11.1967;M;36711137579;Puurmani, Jõgevamaa
Marilin;Melnik;17.05.1994;N;49405175322;Toila, Ida-Virumaa
Anthony;Järv;15.03.1968;M;36803154487;Turba, Harjumaa
Mari-Liis;Allik;30.10.1970;N;47010305408;Põltsamaa, Jõgevamaa
Henrik;Kirsipuu;29.09.2000;M;50009296620;Hummuli, Valgamaa
Karoliine;Kärner;06.12.1985;N;48512063004;Narva-Jõesuu, Ida-Virumaa
Harri;Kondratjev;30.03.1972;M;37203309435;Assaku, Harjumaa
Ly;Schmidt;28.11.1970;N;47011286509;Audru, Pärnumaa
Elo;Valge;22.09.2005;N;60509229757;Värska, Põlvamaa
Gleb;Afanasjev;30.11.1963;M;36311302220;Varnja, Tartumaa
Tobias;Saks;24.08.1964;M;36408244732;Püssi, Ida-Virumaa
Cristina;Loginov;23.10.1990;N;49010232778;Kiltsi, Lääne-Virumaa
Raimo;Rein;08.03.1967;M;36703083712;Paikuse, Pärnumaa
Daisi;Sibul;02.05.1995;N;49505028259;Türi, Järvamaa
Dimitri;Nikiforov;27.11.1976;M;37611277476;Lagedi, Harjumaa
Helery;Ader;04.05.1981;N;48105044543;Püssi, Ida-Virumaa
Enelin;Meier;24.01.2006;N;60601241170;Võõpsu, Põlvamaa
Hanna-Maria;Hõbe;25.06.2000;N;60006254533;Lüganuse, Ida-Virumaa
Armin;Mercklin;15.06.1967;M;36706159666;Mõisaküla, Viljandimaa
Inge;Klimov;05.03.1994;N;49403051167;Rapla, Raplamaa
Alfred;Kirsipuu;29.07.1995;M;39507294180;Aruküla, Harjumaa
Oliivia;Erm;27.02.1993;N;49302276764;Klooga, Harjumaa
Margareth;Vasiliev;28.07.1980;N;48007280505;Ilmatsalu, Tartumaa
Emilia;Moor;24.07.1999;N;49907248152;Käravete, Järvamaa
Kaimar;Tõnisson;17.09.2007;M;50709174070;Jõhvi, Ida-Virumaa
Stella;Käärik;06.06.1977;N;47706062699;Rummu, Harjumaa
Kalle;Nurk;02.04.1967;M;36704029236;Lepna, Lääne-Virumaa
Martin;Kotov;18.06.1994;M;39406182418;Jüri, Harjumaa
Rein;Denissov;26.05.1976;M;37605264000;Aegviidu, Harjumaa
Ronald;Kukk;30.10.1993;M;39310309415;Käärdi, Tartumaa
Gabriel;Powell;22.12.1961;M;36112221731;Rummu, Harjumaa
Trinity;Pärna;27.12.1995;N;49512276827;Haabneeme, Harjumaa
Rita;Suvi;18.08.1999;N;49908189211;Paldiski, Harjumaa
Revo;Vares;12.12.1960;M;36012125857;Riisipere, Harjumaa
Dagne;Nikolaev;21.05.1988;N;48805219134;Kostivere, Harjumaa
Margarita;Villemson;05.02.1961;N;46102055800;Narva-Jõesuu, Ida-Virumaa
Ketlin;Lepik;04.04.1980;N;48004049228;Uhtna, Lääne-Virumaa
Hanna Maria;Mänd;27.10.1983;N;48310275185;Loksa, Harjumaa
Liis;Stepanov;14.07.1985;N;48507144658;Mäetaguse, Ida-Virumaa
Kersti;Sööt;16.06.1992;N;49206164555;Varnja, Tartumaa
Keiti;Pruul;15.11.2005;N;60511150833;Narva, Ida-Virumaa
Lily;Ivanov;27.06.2000;N;60006272042;Tapa, Lääne-Virumaa
Katre;Vähi;06.07.1970;N;47007061050;Ämari, Harjumaa
Johanna;Rüütel;29.07.1981;N;48107293185;Simuna, Lääne-Virumaa
Elvira;Lukk;07.03.1976;N;47603070808;Halliste, Viljandimaa
Karin;Valge;23.02.1987;N;48702239654;Sillamäe, Ida-Virumaa
Katarina;Lehtmets;18.11.1981;N;48111185737;Aruküla, Harjumaa
Daniel;Klavan;28.06.2000;M;50006283084;Roiu, Tartumaa
Vahur;Mandel;05.12.1984;M;38412053456;Puhja, Tartumaa
Keitlin;Timofejev;22.10.1962;N;46210227062;Avinurme, Ida-Virumaa
Lisell;Roos;27.06.2007;N;60706275034;Järva-Jaani, Järvamaa
Aivo;Mäeots;24.10.1998;M;39810248398;Mõisaküla, Viljandimaa
Kelly;Merila;18.06.1994;N;49406187501;Leisi, Saaremaa
Samanta;Lepik;02.06.1996;N;49606023851;Sonda, Ida-Virumaa
Natalia;Gavrilov;01.04.1965;N;46504013610;Kuressaare, Saaremaa
Riina;Kaljuste;27.12.1972;N;47212276242;Salme, Saaremaa
Alexandre;Pajula;27.04.2003;M;50304279284;Kostivere, Harjumaa
Gloria;Sokolov;19.11.1978;N;47811196845;Torma, Jõgevamaa
Arthur;Renoir;13.01.1998;M;39801138765;Kihelkonna, Saaremaa
Terje;Egorov;01.03.1970;N;47003013133;Sinimäe, Ida-Virumaa
Ave;Aasa;07.09.2007;N;60709078912;Varstu, Võrumaa
Eerik;Lomp;17.11.1980;M;38011176666;Kostivere, Harjumaa
Natalia;Kuus;19.11.1985;N;48511193353;Viimsi, Harjumaa
Marius;Teder;02.09.1996;M;39609025201;Viimsi, Harjumaa
Andree;Jakobson;09.11.1984;M;38411090693;Vastse-Kuuste, Põlvamaa
Kersti;Juhanson;29.12.2004;N;60412293552;Kanepi, Põlvamaa
Rauno;Nurk;04.06.1970;M;37006048274;Palivere, Läänemaa
Mariliis;Tamme;26.12.1970;N;47012268813;Raasiku, Harjumaa
Eva Maria;Konstantinov;19.12.1999;N;49912196679;Kihelkonna, Saaremaa
Steve;Piirsalu;03.12.1979;M;37912034343;Maardu, Harjumaa
Alan;Kont;08.04.1982;M;38204088146;Avinurme, Ida-Virumaa
Inger;Nõmme;30.03.1984;N;48403308473;Kanepi, Põlvamaa
Elizabet;Jänes;01.03.1964;N;46403013992;Kolkja, Tartumaa
Markko;Mäeots;30.05.1980;M;38005306494;Äksi, Tartumaa
Trevor;Sulg;15.08.1975;M;37508156596;Narva, Ida-Virumaa
Ketrin;Pärna;01.02.1982;N;48202017258;Risti, Läänemaa
Enrico;Liiva;06.08.1968;M;36808061970;Kaiu, Raplamaa
Elin;Karpov;10.02.1961;N;46102107631;Õisu, Viljandimaa
Gerdi;Maslov;12.01.1974;N;47401121092;Siimusti, Jõgevamaa
Eva Lotta;Gontšarov;20.04.1981;N;48104208656;Kiltsi, Lääne-Virumaa
Matthias;Rätsep;13.11.1984;M;38411130815;Kiltsi, Lääne-Virumaa
Tiiu;Naumov;12.01.1969;N;46901125079;Kilingi-Nõmme, Pärnumaa
Juhan;Ivask;10.11.2006;M;50611107614;Tammiku, Ida-Virumaa
Viljar;Mark;26.05.1975;M;37505261489;Tartu, Tartumaa
Romek;Maasik;03.07.2008;M;50807039356;Ilmatsalu, Tartumaa
Anna Liisa;Abramov;05.05.1967;N;46705059670;Rapla, Raplamaa
Elari;Kozlov;22.09.2002;M;50209224675;Turba, Harjumaa
Kris;Lääts;11.06.2003;M;50306112260;Õisu, Viljandimaa
Linda;Renoir;05.11.1979;N;47911057001;Käina, Hiiumaa
Andris;Lehtmets;29.11.1971;M;37111293298;Ramsi, Viljandimaa
Miikael;Sisask;06.06.1972;M;37206069357;Põltsamaa, Jõgevamaa
Gabriela;Raud;16.10.1978;N;47810167347;Roela, Lääne-Virumaa
Killu;Simson;07.01.1977;N;47701074504;Roosna-Alliku, Järvamaa
Art;Vinogradov;18.11.1962;M;36211180102;Riisipere, Harjumaa
Jaanus;Kütt;20.11.1994;M;39411205517;Tamsalu, Lääne-Virumaa
Peep;Ivask;28.11.2008;M;50811286603;Paide, Järvamaa
Taago;Mädamürk;16.04.1995;M;39504160826;Viljandi, Viljandimaa
Rait;Õun;27.06.2004;M;50406279231;Are, Pärnumaa
Sigmar;Lomp;18.07.2005;M;50507181234;Erra, Ida-Virumaa
Raino;Popov;01.11.2004;M;50411012706;Võõpsu, Põlvamaa
Krister;Mäeots;30.04.1982;M;38204303815;Kaerepere, Raplamaa
Kristi;Markus;05.05.1972;N;47205050323;Ulila, Tartumaa
Rünno;Kalmus;17.03.1987;M;38703170760;Kihelkonna, Saaremaa
Lukas;Reimann;08.03.1968;M;36803087425;Käina, Hiiumaa
Risto;Reinke;07.05.1960;M;36005077680;Tallinn, Harjumaa
Silver;Zahharov;03.03.2003;M;50303034689;Risti, Läänemaa
Meril;Safronov;03.08.1993;N;49308037273;Parksepa, Võrumaa
Chris;Vahtra;20.07.1970;M;37007206938;Aruküla, Harjumaa
Žanna;Teesalu;31.10.1988;N;48810310927;Peetri, Järvamaa
Karl Joonas;Leht;06.05.2007;M;50705060590;Lavassaare, Pärnumaa
Merilin;Ignatjev;30.12.1976;N;47612308804;Kiili, Harjumaa
Evelina;Lillemets;13.02.1981;N;48102134124;Rõngu, Tartumaa
Elin;Kangur;14.11.1973;N;47311147228;Otepää, Valgamaa
Karita;Kirillov;05.11.1988;N;48811054903;Märjamaa, Raplamaa
Keio;Hoffmann;31.10.2003;M;50310312433;Tootsi, Pärnumaa
Maris;Roosileht;15.01.1960;N;46001153604;Varnja, Tartumaa
Ayrton;Tuulik;18.04.1972;M;37204184223;Uhtna, Lääne-Virumaa
Victor;Põdra;22.06.1962;M;36206220673;Kuressaare, Saaremaa
Helina;Marksoo;21.05.1981;N;48105217385;Tori, Pärnumaa
Gregor;Kivi;17.07.1993;M;39307173707;Ulila, Tartumaa
Mailiis;Tiik;09.04.1967;N;46704099584;Alu, Raplamaa
Ranar;Kütt;13.11.1965;M;36511132938;Võiste, Pärnumaa
Anna-Liis;Rohtla;01.03.1967;N;46703019082;Häädemeeste, Pärnumaa
Jakov;Trofimov;26.05.2007;M;50705264283;Türi, Järvamaa
Kennet;Järve;04.04.2001;M;50104045644;Kolga-Jaani, Viljandimaa
Samanta;Kozlov;02.07.1981;N;48107022021;Kangru, Harjumaa
Marelle;Anissimov;28.02.2002;N;60202289689;Kureküla, Tartumaa
Olari;Golubev;27.11.1972;M;37211277968;Kudjape, Saaremaa
Kerstin;Kokk;11.07.1961;N;46107117463;Riisipere, Harjumaa
Andre;Nurm;22.01.1996;M;39601226450;Riisipere, Harjumaa
Vladimir;Kolk;28.04.1960;M;36004288412;Tori, Pärnumaa
Gregor;Zahharov;19.12.1999;M;39912193791;Kiili, Harjumaa
Marianna;Kostin;30.07.1968;N;46807304493;Lagedi, Harjumaa
Kalle;Arrak;23.09.1976;M;37609231199;Kanepi, Põlvamaa
Miia;Matvejev;15.03.1998;N;49803150889;Vastseliina, Võrumaa
Ilja;Hoffmann;11.10.1994;M;39410112068;Avinurme, Ida-Virumaa
Villem;Mõttus;18.10.1963;M;36310187123;Kiltsi, Lääne-Virumaa
Alika;Pent;04.04.1990;N;49004042866;Järvakandi, Raplamaa
Marily;Stepanov;13.10.1992;N;49210135680;Kõrgessaare, Hiiumaa
Lisa;Jegorov;27.08.1980;N;48008272728;Lüganuse, Ida-Virumaa
Linda;Säde;24.03.1971;N;47103248138;Narva, Ida-Virumaa
Maarja-Liis;Piho;30.01.1981;N;48101302905;Kilingi-Nõmme, Pärnumaa
Alissa;Luik;13.09.1996;N;49609131719;Kuusiku, Raplamaa
Auli;Prikk;03.12.1970;N;47012039830;Tõravere, Tartumaa
Helar;Kruglov;26.01.1997;M;39701269010;Aruküla, Harjumaa
Veroonika;Siim;19.12.1985;N;48512193035;Kärdla, Hiiumaa
Viktor;Kuningas;25.08.1987;M;38708256929;Mooste, Põlvamaa
Gabriela;Nikiforov;30.06.2006;N;60606304604;Pajusti, Lääne-Virumaa
Ülari;Tamm;06.07.1985;M;38507067935;Kolga-Jaani, Viljandimaa
Kerdo;Tammik;19.01.1964;M;36401190568;Kiviõli, Ida-Virumaa
Mirtel;Loorits;07.12.1981;N;48112077006;Paikuse, Pärnumaa
Anett;Hansen;12.01.1984;N;48401122576;Vändra, Pärnumaa
Alesja;Muru;13.11.1968;N;46811133403;Sõmeru, Lääne-Virumaa
Mihkel;Kalda;06.03.1990;M;39003065745;Viru-Nigula, Lääne-Virumaa
Epp;Lõhmus;10.12.1997;N;49712109584;Ramsi, Viljandimaa
Katharina;Toom;13.11.1994;N;49411138348;Kärdla, Hiiumaa
Angela;Gontšarov;01.03.1994;N;49403013840;Olustvere, Viljandimaa
Johann;Liiva;11.11.1974;M;37411117261;Laekvere, Lääne-Virumaa
Tomas;Luik;04.07.2002;M;50207041149;Paldiski, Harjumaa
Krete;Ploom;11.11.1994;N;49411118114;Tõstamaa, Pärnumaa
Arlet;Kuzmin;18.06.1965;M;36506186165;Mõisaküla, Viljandimaa
Geili;Friedman;25.02.2004;N;60402252153;Ambla, Järvamaa
Greete;Ots;06.09.2006;N;60609068716;Lehtse, Lääne-Virumaa
Viktoriya;Kalmus;17.07.2002;N;60207176195;Abja-Paluoja, Viljandimaa
Mari;Piho;26.12.1988;N;48812267255;Kohtla-Nõmme, Ida-Virumaa
Anneliis;Kirsipuu;25.05.1970;N;47005258962;Parksepa, Võrumaa
Felix;Laur;18.09.2005;M;50509180288;Tõrvandi, Tartumaa
Ruslan;Ivanov;24.11.2007;M;50711244821;Aravete, Järvamaa
Ethel;Lotman;23.06.1964;N;46406237482;Loo, Harjumaa
Kai;Juhanson;12.08.1987;N;48708126634;Kaerepere, Raplamaa
Liise;Merila;25.07.1976;N;47607258619;Lüganuse, Ida-Virumaa
Hendrik;Laane;22.03.1976;M;37603227579;Võõpsu, Põlvamaa
Erika;Reinsalu;15.05.2001;N;60105155883;Kohtla-Nõmme, Ida-Virumaa
Siiri;Kurm;12.11.1979;N;47911127638;Ramsi, Viljandimaa
Maria;Tihhomirov;26.04.1979;N;47904269944;Mustla, Viljandimaa
Maili;Kirss;08.02.2008;N;60802085398;Põltsamaa, Jõgevamaa
Külli;Roos;02.07.1976;N;47607022652;Ramsi, Viljandimaa
Sille;Jeršov;19.05.1970;N;47005197228;Türi, Järvamaa
Indrek;Belov;09.10.1971;M;37110094231;Lähte, Tartumaa
Izabella;Liivak;07.01.1966;N;46601078783;Lelle, Raplamaa
Brigita;Ivask;22.06.2002;N;60206226192;Nasva, Saaremaa
Kristina;Nõmmik;16.10.1976;N;47610168046;Ilmatsalu, Tartumaa
Kaupo;Herodes;11.01.1994;M;39401119728;Käina, Hiiumaa
Marti;Suits;26.03.1969;M;36903261607;Keava, Raplamaa
Marianne;Anton;14.04.1961;N;46104147427;Lohusuu, Ida-Virumaa
Angeelika;Rand;18.12.1981;N;48112189126;Nasva, Saaremaa
Henry;Saar;11.08.1980;M;38008116231;Iisaku, Ida-Virumaa
Revo;Raja;14.04.1977;M;37704144422;Ulila, Tartumaa
Viivika;Pikk;01.05.1993;N;49305013897;Sangaste, Valgamaa
Raimond;Mann;27.01.1979;M;37901272811;Toila, Ida-Virumaa
Karmo;Nõmmik;17.04.1988;M;38804172389;Tamsalu, Lääne-Virumaa
Kristella;Dmitriev;25.03.1993;N;49303254855;Tartu, Tartumaa
Mailis;Jürgenson;06.07.1991;N;49107062930;Väätsa, Järvamaa
Dimitri;Sergejev;20.01.1999;M;39901202774;Torma, Jõgevamaa
Edward;Anton;05.11.1967;M;36711050327;Lihula, Läänemaa
Sofja;Gontšarov;12.07.2008;N;60807127287;Jõgeva, Jõgevamaa
Joosep;Luik;14.08.1983;M;38308141271;Adavere, Jõgevamaa
Kaileen;Teder;09.02.1988;N;48802094767;Varstu, Võrumaa
Cevin;Abderhalden;23.07.1993;M;39307232622;Vasalemma, Harjumaa
Keith;Leis;04.10.1999;M;39910042980;Parksepa, Võrumaa
Elizabet;Abbt;01.08.1982;N;48208019235;Rannu, Tartumaa
Peeter;Kirs;02.01.1997;M;39701022066;Vana-Antsla, Võrumaa
Marili;Vinogradov;06.08.1996;N;49608069273;Ulila, Tartumaa
Kalev;Leis;03.06.1965;M;36506037859;Kiltsi, Lääne-Virumaa
Patricia;Liivamägi;15.03.1968;N;46803159288;Kiiu, Harjumaa
Andrei;Vill;22.11.1999;M;39911220432;Laatre, Valgamaa
Oleg;Rätsep;12.05.1965;M;36505128706;Jõgeva, Jõgevamaa
Hannabel;Ader;19.12.1977;N;47712198084;Võsu, Lääne-Virumaa
Joel;Kärner;24.02.1999;M;39902246895;Simuna, Lääne-Virumaa
Janis;Toome;30.09.1975;M;37509305870;Eidapere, Raplamaa
Heiki;Roots;01.05.1963;M;36305015214;Mustvee, Jõgevamaa
Helene;Saare;24.03.1974;N;47403248323;Võiste, Pärnumaa
Steve;Anissimov;06.11.1976;M;37611063902;Räpina, Põlvamaa
Tarvo;Semenov;06.10.1965;M;36510060181;Vastseliina, Võrumaa
Enar;Holm;28.11.2006;M;50611287925;Ambla, Järvamaa
Mikk;Kazakov;19.02.1982;M;38202197279;Lihula, Läänemaa
Ruth;Laine;05.09.1986;N;48609053957;Käärdi, Tartumaa
Ronan;Kodres;21.12.1993;M;39312213827;Viljandi, Viljandimaa
Laureen;Valge;25.01.1968;N;46801251665;Rõngu, Tartumaa
Eike;Filippov;29.11.1993;N;49311296530;Hageri, Raplamaa
Jelizaveta;Siim;29.01.2008;N;60801290440;Saue, Harjumaa
Andero;Kiik;25.12.1998;M;39812257448;Haabneeme, Harjumaa
Minna;Frolov;15.01.1964;N;46401157375;Äksi, Tartumaa
Renar;Herodes;13.05.1983;M;38305132394;Tõravere, Tartumaa
Meril;Kask;15.02.1963;N;46302151824;Tabivere, Jõgevamaa
Enar;Vaino;16.02.1963;M;36302164547;Vana-Antsla, Võrumaa
Kersti;Uus;27.10.1970;N;47010271003;Palamuse, Jõgevamaa
Anu;Ivask;25.02.2003;N;60302253047;Laiuse, Jõgevamaa
Taisi;Konstantinov;15.01.2004;N;60401155961;Kuusiku, Raplamaa
Uljana;Vahtra;15.08.1978;N;47808155296;Kihelkonna, Saaremaa
Urmet;Sepp;19.03.1971;M;37103192852;Haljala, Lääne-Virumaa
Dajana;Kallaste;26.07.2008;N;60807269321;Kuusiku, Raplamaa
Marje;Timofejev;06.11.1968;N;46811067151;Tallinn, Harjumaa
Airiin;Pajula;26.12.1990;N;49012265203;Kiili, Harjumaa
Meriliis;Tarassov;09.09.2000;N;60009091010;Saue, Harjumaa
Gretel;Kirillov;25.04.2004;N;60404258572;Oisu, Järvamaa
Mati;Susi;24.10.2001;M;50110243793;Alatskivi, Tartumaa
Reelika;Aavik;05.11.1963;N;46311051176;Võsu, Lääne-Virumaa
Reijo;Jefimov;30.01.1986;M;38601306881;Kohtla-Nõmme, Ida-Virumaa
Alexandre;Kase;13.01.1975;M;37501137850;Abja-Paluoja, Viljandimaa
Victoria;Käsper;02.12.1974;N;47412026932;Assaku, Harjumaa
Kelly;Klaas;06.03.1991;N;49103067649;Paikuse, Pärnumaa
Yulia;Lunin;24.04.1972;N;47204241581;Kõrgessaare, Hiiumaa
Stiven;Kurvits;11.10.1996;M;39610119590;Ülenurme, Tartumaa
Markus;Klaas;17.05.1960;M;36005179089;Helme, Valgamaa
Karl;Hallik;24.09.1990;M;39009244618;Toila, Ida-Virumaa
Sarah;Smirnov;08.04.1966;N;46604083431;Olustvere, Viljandimaa
Eret;Loorits;09.06.2002;N;60206092265;Kolkja, Tartumaa
Mihkel;Sokk;01.05.1960;M;36005015414;Sauga, Pärnumaa
Lii;Nurm;24.09.1997;N;49709243914;Roela, Lääne-Virumaa
Kärol;Sikk;31.10.1961;N;46110317873;Puurmani, Jõgevamaa
Leanika;Aas;23.03.1986;N;48603230958;Püssi, Ida-Virumaa
Marilin;Toom;14.12.2003;N;60312142401;Tori, Pärnumaa
Annette;Niit;24.03.2008;N;60803248825;Vinni, Lääne-Virumaa
Kendra;Laine;25.11.1978;N;47811258789;Ülenurme, Tartumaa
Iiris;Põder;23.03.1996;N;49603236081;Veriora, Põlvamaa
Ele;Arula;02.08.2004;N;60408021679;Sõmeru, Lääne-Virumaa
Leelo;Laks;01.11.1978;N;47811010248;Kostivere, Harjumaa
Eva;Baranov;24.03.1977;N;47703247029;Vastse-Kuuste, Põlvamaa
Tõnu;Paju;07.02.1983;M;38302073817;Puka, Valgamaa
Reio;Luts;14.06.1987;M;38706147862;Tihemetsa, Pärnumaa
Anastasiya;Rebane;19.09.1967;N;46709191454;Sadala, Jõgevamaa
Anna-Liis;Mägi;04.03.1980;N;48003042023;Elva, Tartumaa
Anne-Liis;Hoffmann;01.07.1964;N;46407014348;Kolga-Jaani, Viljandimaa
Egor;Rohtla;05.09.1979;M;37909057885;Palamuse, Jõgevamaa
Eliza;Sööt;12.07.1979;N;47907123549;Virtsu, Läänemaa
Marta;Raud;14.05.1999;N;49905146129;Tõstamaa, Pärnumaa
Ott;Luik;13.12.1988;M;38812135204;Karjaküla, Harjumaa
Andrus;Karro;14.05.1978;M;37805148742;Haljala, Lääne-Virumaa
Hans Erik;Nõmmik;14.01.1974;M;37401140939;Iisaku, Ida-Virumaa
Ellen;Niit;21.07.1982;N;48207219909;Kambja, Tartumaa
Gerda;Jalakas;11.02.1970;N;47002114646;Käru, Raplamaa
Keven;Nõmmik;09.11.1968;M;36811092961;Karksi-Nuia, Viljandimaa
Anna-Liis;Sidorov;30.07.1967;N;46707304706;Jüri, Harjumaa
Margareth;Pruul;28.03.1997;N;49703283022;Keava, Raplamaa
Cristina;Vill;17.01.1973;N;47301179560;Roosna-Alliku, Järvamaa
Marielle;Ader;11.10.1996;N;49610118670;Laekvere, Lääne-Virumaa
Anne-Mari;Kuusk;02.06.1998;N;49806026860;Nõo, Tartumaa
Heidy;Sarap;28.08.1961;N;46108289011;Õru, Valgamaa
Jaanis;Anton;17.09.1965;M;36509174877;Tõravere, Tartumaa
Karl Kevin;Mark;17.09.1988;M;38809170717;Jüri, Harjumaa
Märten;Raadik;18.02.1972;M;37202185205;Varstu, Võrumaa
Gertrud;Lehtmets;14.07.1976;N;47607148416;Uuemõisa, Läänemaa
Karl Gustav;Hunt;13.08.1967;M;36708130309;Äksi, Tartumaa
Stepan;Kuusk;24.11.1994;M;39411246916;Audru, Pärnumaa
Minna;Arrak;25.11.1973;N;47311253300;Võru, Võrumaa
Nora;Treier;29.05.1966;N;46605294528;Torma, Jõgevamaa
Heli;Remmel;03.03.1995;N;49503033372;Väätsa, Järvamaa
Sören;Reinke;27.07.1978;M;37807270938;Äksi, Tartumaa
Ruben;Laht;24.07.2000;M;50007249382;Haapsalu, Läänemaa
Klaarika;Michelson;11.01.1976;N;47601119479;Rapla, Raplamaa
Rainar;Vaino;15.07.1982;M;38207157470;Kangru, Harjumaa
Annabel;Soots;15.10.1963;N;46310159614;Puka, Valgamaa
Amanda;Pärnpuu;03.06.2008;N;60806038289;Ilmatsalu, Tartumaa
Ruslan;Smirnov;12.10.1966;M;36610124168;Tõrvandi, Tartumaa
Jane-Ly;Aasa;03.03.1961;N;46103030586;Põlva, Põlvamaa
Alice;Kivilo;03.08.1994;N;49408034510;Ambla, Järvamaa
Julia;Juhanson;07.09.1972;N;47209071457;Jüri, Harjumaa
Tom;Kivi;11.07.2004;M;50407119345;Alu, Raplamaa
Sandro;Pärna;17.06.1989;M;38906171284;Helme, Valgamaa
Lily;Pärna;30.09.1973;N;47309300739;Aste, Saaremaa
Sergey;Volkov;04.03.1980;M;38003048974;Alu, Raplamaa
Rauno;Ojaste;22.10.2001;M;50110223972;Lehtse, Lääne-Virumaa
Maarja;Kaljula;11.08.2003;N;60308117304;Kärla, Saaremaa
Dimitri;Petrov;12.01.1994;M;39401126696;Rannu, Tartumaa
Lembit;Merila;03.11.1965;M;36511032944;Lagedi, Harjumaa
Melani;Lang;06.08.1979;N;47908061527;Ambla, Järvamaa
Sylvia;Alas;29.09.1988;N;48809296561;Tõstamaa, Pärnumaa
Mari-Ann;Loginov;18.12.2001;N;60112189450;Märjamaa, Raplamaa
Liisu;Marksoo;23.04.1977;N;47704238693;Väimela, Võrumaa
Janika;Salumets;05.01.1992;N;49201059679;Voka, Ida-Virumaa
Egor;Allik;29.05.1996;M;39605297453;Püssi, Ida-Virumaa
Keith;Saveljev;27.06.1964;M;36406274464;Kambja, Tartumaa
Ketlin;Gavrilov;24.01.1986;N;48601246573;Viljandi, Viljandimaa
Egle;Kudrjavtsev;04.03.1968;N;46803044492;Võru, Võrumaa
Monika;Kohv;24.05.1997;N;49705240568;Värska, Põlvamaa
Meeri;Tihhomirov;09.06.1976;N;47606090771;Tõrva, Valgamaa
Helen;Järve;27.02.1967;N;46702273259;Sangaste, Valgamaa
Hardi;Mark;26.02.1962;M;36202261547;Haapsalu, Läänemaa
Keit;Lehtla;05.12.1975;M;37512058480;Hummuli, Valgamaa
Viivika;Koppel;14.03.2004;N;60403141691;Lavassaare, Pärnumaa
Tõnis;Kotov;05.10.1969;M;36910051586;Rannu, Tartumaa
Alissa;Pulk;23.05.1990;N;49005236457;Saku, Harjumaa
Helis;Viks;18.05.1997;N;49705180459;Näpi, Lääne-Virumaa
Ragne;Tammet;15.07.2003;N;60307150171;Narva-Jõesuu, Ida-Virumaa
Sergey;Gorbunov;01.11.1976;M;37611019381;Misso, Võrumaa
Arko;Kirs;11.09.1983;M;38309111402;Näpi, Lääne-Virumaa
Mailiis;Madisson;11.07.1988;N;48807117682;Valjala, Saaremaa
Joonatan;Rebane;17.03.1980;M;38003173239;Pärnu, Pärnumaa
Ene;Marksoo;18.01.1995;N;49501185838;Näpi, Lääne-Virumaa
Kristel;Laane;09.08.1997;N;49708099757;Käru, Raplamaa
Emili;Iljin;13.09.1992;N;49209130258;Rannu, Tartumaa
Anders;Käärik;10.11.2001;M;50111109691;Varstu, Võrumaa
Max;Markson;23.03.1979;M;37903235478;Luige, Harjumaa
Margit;Maksimov;01.08.1972;N;47208017915;Kolga-Jaani, Viljandimaa
Denis;Rosin;14.04.1979;M;37904145948;Assaku, Harjumaa
Deily;Kolesnik;09.06.1967;N;46706090691;Otepää, Valgamaa
Gleb;Pent;18.02.2003;M;50302180825;Lavassaare, Pärnumaa
Mailis;Moroz;24.11.1960;N;46011249128;Orissaare, Saaremaa
Anneliis;Muru;01.03.1989;N;48903012406;Viru-Jaagupi, Lääne-Virumaa
Vassili;Sarap;07.09.1986;M;38609074649;Torma, Jõgevamaa
Andi;Lebedev;10.07.2005;M;50507102735;Järvakandi, Raplamaa
Armo;Tilk;11.12.1978;M;37812117763;Harku, Harjumaa
Jalmar;Jaanus;02.07.1983;M;38307027680;Abja-Paluoja, Viljandimaa
Karola;Rosin;11.08.2002;N;60208112671;Parksepa, Võrumaa
Maarja-Liisa;Valge;25.02.1994;N;49402253044;Hummuli, Valgamaa
Marius;Loorits;10.03.1985;M;38503103332;Parksepa, Võrumaa
Carolyn;Liiv;19.02.1994;N;49402191380;Ahja, Põlvamaa
Marleen;Aas;10.09.1996;N;49609104374;Mõisaküla, Viljandimaa
Christopher;Erm;29.06.1998;M;39806292916;Oisu, Järvamaa
Merike;Toomsalu;22.04.2005;N;60504222281;Tõrvandi, Tartumaa
Raina;Täht;29.12.1969;N;46912296894;Kose, Võrumaa
Gregory;Raidma;29.09.1993;M;39309290718;Tihemetsa, Pärnumaa
Kuldar;Sepp;27.07.2008;M;50807270421;Tabasalu, Harjumaa
Anne-Ly;Tõnisson;12.04.2005;N;60504122676;Järvakandi, Raplamaa
Anne-Mari;Veski;21.10.1968;N;46810218508;Orissaare, Saaremaa
Triini;Bondarenko;24.04.2008;N;60804242593;Palivere, Läänemaa
Emma;Sikk;26.03.1964;N;46403261522;Rakvere, Lääne-Virumaa
Elery;Paap;06.01.1966;N;46601061728;Kaiu, Raplamaa
Viola;Käär;26.10.2001;N;60110267574;Kuusalu, Harjumaa
Carl;Fjodorov;18.05.1974;M;37405187990;Olgina, Ida-Virumaa
Ants;Madisson;20.02.1976;M;37602209362;Võru, Võrumaa
Taavo;Afanasjev;08.07.1998;M;39807087094;Lihula, Läänemaa
Keily;Meister;01.04.1978;N;47804016919;Lehtse, Lääne-Virumaa
Paula;Vähi;01.10.1981;N;48110016005;Häädemeeste, Pärnumaa
Mari-Liis;Gavrilov;08.11.1977;N;47711085498;Vastseliina, Võrumaa
Tauno;Salu;29.10.1990;M;39010291280;Järva-Jaani, Järvamaa
Liia;Kondratjev;17.01.1991;N;49101177713;Kolkja, Tartumaa
Hanno;Rosin;10.08.1969;M;36908100585;Tõravere, Tartumaa
Ave;Tihhomirov;19.04.1966;N;46604196918;Torma, Jõgevamaa
Marko;Loorits;09.02.2007;M;50702094010;Ahja, Põlvamaa
Arina;Teearu;24.03.1960;N;46003247844;Roosna-Alliku, Järvamaa
Matti;Vahtra;24.12.1972;M;37212245427;Palamuse, Jõgevamaa
Rinat;Gorbunov;16.10.2004;M;50410167170;Vastse-Kuuste, Põlvamaa
Susanna;Iljin;13.07.1979;N;47907136612;Kilingi-Nõmme, Pärnumaa
Raino;Holm;04.08.1985;M;38508049971;Sangaste, Valgamaa
Jako;Vaino;01.01.1999;M;39901017608;Hagudi, Raplamaa
Renar;Leppik;01.10.1999;M;39910011008;Kasepää, Tartumaa
Mirell;Moroz;09.02.1985;N;48502098076;Turba, Harjumaa
Maidu;Allik;28.08.1992;M;39208283115;Kudjape, Saaremaa
Jargo;Drozdov;20.11.1964;M;36411207058;Salme, Saaremaa
Vjatšeslav;Vaino;31.03.1980;M;38003318369;Sonda, Ida-Virumaa
Ragne;Järve;05.06.1977;N;47706051900;Hagudi, Raplamaa
Agnes;Laht;13.05.2002;N;60205135356;Kolga-Jaani, Viljandimaa
Ene;Rosenberg;16.01.1978;N;47801164519;Kambja, Tartumaa
Reti;Filippov;05.02.2002;N;60202050177;Sindi, Pärnumaa
Mariliis;Kasemets;21.10.1976;N;47610215341;Põlva, Põlvamaa
Britt;Kikas;11.10.2006;N;60610110788;Tõrvandi, Tartumaa
Aap;Käsper;12.09.1963;M;36309129755;Uuemõisa, Läänemaa
Geidy;Hallik;04.01.2004;N;60401041131;Paralepa, Läänemaa
Innar;Naumov;15.05.1966;M;36605153270;Veriora, Põlvamaa
Valdo;Koger;22.08.2004;M;50408227321;Virtsu, Läänemaa
Dajana;Rätsep;06.05.1968;N;46805069501;Jõgeva, Jõgevamaa
Peep;Jeršov;29.12.1985;M;38512292285;Abja-Paluoja, Viljandimaa
Jaanis;Pavlov;21.07.2000;M;50007212213;Kangru, Harjumaa
Peeter;Lind;07.06.1998;M;39806073945;Mustla, Viljandimaa
Talis;Kirillov;07.09.1981;M;38109078722;Pärnu, Pärnumaa
Tauri;Kukk;06.12.2008;M;50812068007;Haapsalu, Läänemaa
Meribel;Sibul;01.12.1991;N;49112010822;Ravila, Harjumaa
Krister;Raid;15.03.1988;M;38803159352;Hageri, Raplamaa
Karoliina;Roos;16.03.1984;N;48403168723;Ulila, Tartumaa
Maret;Kirsipuu;18.10.1976;N;47610184551;Rannu, Tartumaa
Jako;Lääne;05.01.2003;M;50301058521;Luige, Harjumaa
Ayrton;Loginov;20.01.1980;M;38001200942;Karjaküla, Harjumaa
Kaidar;Palm;01.03.1984;M;38403014508;Kureküla, Tartumaa
Gregori;Arula;08.07.1971;M;37107081289;Erra, Ida-Virumaa
Daisi;Kalamees;12.03.1970;N;47003125959;Kuusalu, Harjumaa
Stanislav;Krõlov;16.09.1985;M;38509163059;Mooste, Põlvamaa
Hans;Maack;07.01.1967;M;36701077695;Salme, Saaremaa
Oskar;Varik;17.12.1960;M;36012178202;Puhja, Tartumaa
Eliza;Kivilo;14.11.1990;N;49011149844;Põltsamaa, Jõgevamaa
Dario;Raag;29.03.1976;M;37603291988;Võsu, Lääne-Virumaa
Rainis;Tomingas;27.03.1984;M;38403271013;Lüganuse, Ida-Virumaa
Gerdi;Härm;25.06.1980;N;48006258072;Kolkja, Tartumaa
Arvi;Prikk;31.05.1987;M;38705310059;Viru-Nigula, Lääne-Virumaa
Silvia;Nazarov;27.08.1988;N;48808279009;Oisu, Järvamaa
Freddy;Visnapuu;17.06.1977;M;37706178058;Kilingi-Nõmme, Pärnumaa
Kristiina;Žukov;08.04.1965;N;46504089147;Lohusuu, Ida-Virumaa
Tõnis;Salumets;26.12.1988;M;38812264965;Paikuse, Pärnumaa
Lennart;Kivistik;17.07.1999;M;39907176518;Kehra, Harjumaa
Linda;Kütt;17.01.1994;N;49401175704;Jõgeva, Jõgevamaa
Silva;Meister;07.10.1997;N;49710075801;Kilingi-Nõmme, Pärnumaa
Fredy;Arrak;29.05.1988;M;38805290978;Avinurme, Ida-Virumaa
Keity;Soosaar;03.11.1975;N;47511037558;Võiste, Pärnumaa
Britt;Anton;18.05.1992;N;49205186832;Räpina, Põlvamaa
Emilia;Villemson;04.05.1989;N;48905046581;Õru, Valgamaa
Ursula;Laks;14.04.1978;N;47804140823;Tori, Pärnumaa
Mariin;Pärnpuu;30.03.1993;N;49303307959;Järvakandi, Raplamaa
Sabrina;Post;05.05.2001;N;60105056539;Voka, Ida-Virumaa
Armin;Mäe;20.05.1974;M;37405201018;Luige, Harjumaa
Eleriin;Sillaots;18.07.1973;N;47307189077;Roiu, Tartumaa
Elizabeth;Kokk;16.04.1973;N;47304165526;Viru-Nigula, Lääne-Virumaa
Hans Erik;Rebane;06.11.1991;M;39111062370;Raasiku, Harjumaa
Laura Liisa;Mänd;22.02.1966;N;46602222451;Aravete, Järvamaa
Annely;Kangro;30.01.1987;N;48701303577;Kose, Harjumaa
Maia;Erik;16.12.2005;N;60512168603;Keila-Joa, Harjumaa
Monika;Vaher;13.12.1973;N;47312139717;Jõgeva, Jõgevamaa
Uku;Loginov;18.04.1998;M;39804184835;Kõpu, Viljandimaa
Anete;Lass;14.05.1961;N;46105140271;Koeru, Järvamaa
Aigar;Post;26.12.2008;M;50812260855;Toila, Ida-Virumaa
Eveli;Kiil;16.01.1969;N;46901164108;Pärnu, Pärnumaa
Sven;Kroon;01.06.1999;M;39906015518;Püssi, Ida-Virumaa
Caspar;Saare;01.09.1972;M;37209014389;Haapsalu, Läänemaa
Mariann;Jefimov;04.06.1995;N;49506048505;Kaerepere, Raplamaa
Gertu;Lukk;13.10.2000;N;60010137405;Viiratsi, Viljandimaa
Taago;Lõhmus;05.10.1966;M;36610058643;Vinni, Lääne-Virumaa
Ingmar;Klimov;30.04.2003;M;50304304649;Vändra, Pärnumaa
Lilija;Visnapuu;30.05.1961;N;46105308196;Värska, Põlvamaa
Rene;Kiik;28.04.1999;M;39904280556;Antsla, Võrumaa
Oksana;Krõlov;18.09.1970;N;47009184906;Misso, Võrumaa
Silja;Tammet;12.11.1984;N;48411125374;Põlva, Põlvamaa
Mihail;Anderson;03.11.1978;M;37811030674;Pärnu, Pärnumaa
Ailen;Abderhalden;30.04.1969;N;46904309376;Otepää, Valgamaa
Ken-Martin;Kalamees;12.02.2002;M;50202121368;Kureküla, Tartumaa
Randar;Põldmaa;11.06.1998;M;39806113683;Jõgeva, Jõgevamaa
Reiko;Pärn;29.11.1961;M;36111299550;Kolkja, Tartumaa
Annemari;Jefimov;26.02.1963;N;46302264829;Õru, Valgamaa
Alvar;Schmidt;03.10.2002;M;50210039138;Kangru, Harjumaa
Aimar;Tihhomirov;09.10.1971;M;37110091835;Tõrvandi, Tartumaa
Eliza;Kapp;19.05.2007;N;60705199776;Võhma, Viljandimaa
Karl Gustav;Luiga;11.08.1973;M;37308116660;Türi, Järvamaa
Carolina;Kangur;19.10.1975;N;47510192542;Võhma, Viljandimaa
Arti;Jarvis;08.03.1978;M;37803088346;Võsu, Lääne-Virumaa
Eleriin;Uus;20.12.2007;N;60712204396;Viru-Nigula, Lääne-Virumaa
Renee;Oks;10.05.1997;M;39705102135;Tsirguliina, Valgamaa
Artemi;Suits;06.01.1999;M;39901061003;Kostivere, Harjumaa
Mariliis;Sikk;06.02.2008;N;60802060145;Jõhvi, Ida-Virumaa
Vanessa;Oras;29.12.2007;N;60712294991;Ülenurme, Tartumaa
Vanessa;Fedotov;10.09.1979;N;47909106317;Kolga, Harjumaa
Liisa;Fjodorov;26.04.1971;N;47104266474;Tõrva, Valgamaa
Rahel;Luts;27.03.1990;N;49003275478;Tamsalu, Lääne-Virumaa
Mattias;Arro;03.09.1972;M;37209038610;Kõrveküla, Tartumaa
Keidy;Liblik;27.05.1973;N;47305276950;Tudulinna, Ida-Virumaa
Marlen;Poom;31.03.1994;N;49403311290;Aseri, Ida-Virumaa
Grethel;Ernits;29.01.1998;N;49801299379;Võsu, Lääne-Virumaa
Sanna;Fedorov;18.04.1974;N;47404185876;Türi, Järvamaa
Meribel;Bogdanov;31.01.1971;N;47101315783;Keila, Harjumaa
Karl Jakob;Sarv;02.02.2001;M;50102023748;Are, Pärnumaa
Rahel;Vares;31.05.1977;N;47705311410;Orissaare, Saaremaa
Rainar;Kiis;02.06.1973;M;37306027669;Vastseliina, Võrumaa
Violetta;Renoir;18.11.1984;N;48411187804;Püssi, Ida-Virumaa
Reena;Konstantinov;02.12.1974;N;47412026894;Vana-Antsla, Võrumaa
Klaarika;Koger;01.10.1963;N;46310014223;Riisipere, Harjumaa
Karolin;Mikk;31.07.1966;N;46607312838;Ramsi, Viljandimaa
Endrik;Pent;14.02.1988;M;38802145882;Näpi, Lääne-Virumaa
Saamuel;Lindgren;06.10.2007;M;50710065350;Raasiku, Harjumaa
Brit;Marksoo;25.10.2006;N;60610250365;Hulja, Lääne-Virumaa
Alfred;Kurvits;19.06.1990;M;39006193533;Ämari, Harjumaa
Maret;Vill;28.01.1992;N;49201282331;Rannu, Tartumaa
Karli;Tomson;14.10.2006;M;50610143917;Harku, Harjumaa
Riko;Jõe;30.10.2004;M;50410307682;Tõravere, Tartumaa
Ingrit;Suvorov;10.07.1960;N;46007102834;Põlva, Põlvamaa
Luisa;Erik;08.11.1981;N;48111087864;Võnnu, Tartumaa
Moonika;Kalinin;24.07.1976;N;47607241047;Narva-Jõesuu, Ida-Virumaa
Fjodor;Kuuse;21.10.1987;M;38710213326;Aegviidu, Harjumaa
Jaroslav;Abderhalden;04.12.1968;M;36812048513;Kiiu, Harjumaa
Katrina;Härm;30.10.1987;N;48710301727;Kiiu, Harjumaa
Peeter;Liivak;02.10.1961;M;36110021068;Tõstamaa, Pärnumaa
Taimar;Leppik;02.10.1980;M;38010029437;Karjaküla, Harjumaa
Aivo;Luts;23.06.1999;M;39906232857;Tamsalu, Lääne-Virumaa
Alondra;Bondarenko;10.01.1966;N;46601104588;Aseri, Ida-Virumaa
Christian;Truu;04.02.1982;M;38202043332;Audru, Pärnumaa
Taimar;Klein;02.12.1988;M;38812021379;Kilingi-Nõmme, Pärnumaa
Leon;Sarv;16.06.1978;M;37806161827;Rannu, Tartumaa
Egert;Jegorov;08.10.2006;M;50610084704;Ramsi, Viljandimaa
Nika;Jänes;06.06.1996;N;49606061527;Veriora, Põlvamaa
Jaanus;Reimann;20.05.2008;M;50805209118;Võiste, Pärnumaa
Berit;Piir;09.03.1971;N;47103095299;Haapsalu, Läänemaa
Anatoli;Kutsar;30.07.1974;M;37407309666;Rannu, Tartumaa
Merlyn;Kikas;31.07.2003;N;60307312422;Mustla, Viljandimaa
Maarjo;Timofejev;11.04.2002;M;50204113609;Simuna, Lääne-Virumaa
Hannela;Järvesaar;31.12.1972;N;47212314296;Tartu, Tartumaa
Mailiis;Heinsoo;18.06.2002;N;60206185361;Vinni, Lääne-Virumaa
Regina;Lindgren;02.11.1966;N;46611027082;Sangaste, Valgamaa
Ann;Zujev;16.09.1983;N;48309163198;Kostivere, Harjumaa
Katharina;Lauri;04.08.1971;N;47108042854;Hageri, Raplamaa
Teele;Kudrjavtsev;05.01.1991;N;49101059476;Vändra, Pärnumaa
Merje;Krõlov;20.04.1993;N;49304209426;Kolga-Jaani, Viljandimaa
Auli;Nikolaev;02.11.1970;N;47011026848;Kobela, Võrumaa
Heidi;Saveljev;17.07.2003;N;60307171493;Karksi-Nuia, Viljandimaa
Kristen;Roots;22.09.1982;M;38209225314;Riisipere, Harjumaa
Roberta;Randoja;16.08.1963;N;46308169309;Raasiku, Harjumaa
Tõnis;Lukin;11.06.1984;M;38406110960;Kudjape, Saaremaa
Martha;Juhkam;18.03.2007;N;60703186489;Võiste, Pärnumaa
Katerina;Lomp;04.08.1967;N;46708048724;Võhma, Viljandimaa
Olavi;Tammet;08.11.1982;M;38211083022;Võhma, Viljandimaa
Mark;Fedorov;23.09.1977;M;37709234493;Kõrgessaare, Hiiumaa
Siim;Friedman;16.09.1992;M;39209166574;Roosna-Alliku, Järvamaa
Gerlin;Kase;07.05.1983;N;48305077846;Mustvee, Jõgevamaa
Maribel;Saveljev;17.07.1979;N;47907175806;Rapla, Raplamaa
Risto;Säde;21.07.1968;M;36807217016;Paldiski, Harjumaa
Karl Johannes;Nõmme;12.01.1992;M;39201129403;Suure-Jaani, Viljandimaa
Eneli;Ivanov;02.03.1971;N;47103026389;Kolga, Harjumaa
Alex;Reimann;27.12.1977;M;37712275355;Kose, Võrumaa
Carmen;Zaitsev;01.03.1976;N;47603011129;Virtsu, Läänemaa
Rita;Kodres;06.07.1961;N;46107066225;Kallaste, Tartumaa
Liliana;Laan;22.07.1971;N;47107224647;Rummu, Harjumaa
Uku;Titov;18.09.1973;M;37309184196;Kuusiku, Raplamaa
Karl-Kristjan;Leht;05.03.1971;M;37103053872;Elva, Tartumaa
Eerik;Mänd;21.04.2003;M;50304211961;Hummuli, Valgamaa
Mari-Ann;Loginov;26.09.1973;N;47309267664;Sindi, Pärnumaa
Milana;Sibul;01.10.1970;N;47010013524;Kostivere, Harjumaa
Vanessa;Hõbe;11.03.1989;N;48903111963;Kärla, Saaremaa
Victor;Kirsipuu;20.11.1970;M;37011201093;Suure-Jaani, Viljandimaa
Sonja;Viira;30.10.1962;N;46210301951;Valjala, Saaremaa
Sten-Erik;Ploom;11.12.1990;M;39012110093;Vinni, Lääne-Virumaa
Roman;Truu;03.08.1960;M;36008031214;Haljala, Lääne-Virumaa
Getrin;Randmaa;12.05.1993;N;49305122936;Nõo, Tartumaa
Priit;Rumjantsev;18.07.1989;M;38907184113;Vana-Antsla, Võrumaa
Laura-Liis;Jefimov;23.12.1966;N;46612230661;Orissaare, Saaremaa
Natalija;Mäesalu;18.01.1962;N;46201184532;Voka, Ida-Virumaa
Miia;Smirnov;23.11.1983;N;48311231102;Rapla, Raplamaa
Marius;Vaher;01.06.1972;M;37206010783;Palivere, Läänemaa
Riho;Lind;17.04.1979;M;37904173805;Käravete, Järvamaa
Kristjan;Michelson;15.02.1994;M;39402155336;Lagedi, Harjumaa
Jelizaveta;Andreev;13.11.1987;N;48711130098;Rummu, Harjumaa
Mariell;Kapp;18.03.1996;N;49603189759;Laatre, Valgamaa
Karoli;Parts;20.06.1982;N;48206209724;Kangru, Harjumaa
Kertu;Timofejev;19.05.1968;N;46805195416;Sillamäe, Ida-Virumaa
Andrey;Kazakov;02.08.1985;M;38508021052;Kaerepere, Raplamaa
Eva-Maria;Rand;11.05.1965;N;46505116636;Sadala, Jõgevamaa
Anna Liisa;Jänes;21.04.1995;N;49504210063;Tudu, Lääne-Virumaa
Tarmo;Kütt;06.02.1972;M;37202065585;Kobela, Võrumaa
Kender;Vlassov;13.12.2006;M;50612134182;Veriora, Põlvamaa
Enriko;Nõmmik;16.02.1971;M;37102166926;Olustvere, Viljandimaa
Rebeka;Kodres;06.05.1998;N;49805062501;Maardu, Harjumaa
Einar;Kant;02.10.1973;M;37310028267;Antsla, Võrumaa
Emili;Tilk;16.01.1987;N;48701160039;Kuremaa, Jõgevamaa
Ranno;Gorbunov;18.11.1989;M;38911189206;Kihelkonna, Saaremaa
Stiven;Kodres;31.01.1976;M;37601310142;Mäetaguse, Ida-Virumaa
Marilyn;Lukin;28.10.1994;N;49410286343;Uuemõisa, Läänemaa
Rainis;Männik;19.05.2002;M;50205190634;Põltsamaa, Jõgevamaa
Joonas;Kont;01.05.1984;M;38405011827;Torma, Jõgevamaa
Katarina;Aakre;24.04.1994;N;49404243014;Nasva, Saaremaa
Marin;Mikelsaar;08.06.1991;N;49106081922;Varstu, Võrumaa
Dagne;Viira;05.06.2006;N;60606051450;Salme, Saaremaa
Cevin;Reinke;12.02.1963;M;36302120460;Maardu, Harjumaa
Sven;Belov;26.10.1972;M;37210266759;Tihemetsa, Pärnumaa
Darina;Abbt;09.06.1998;N;49806098678;Kiili, Harjumaa
Claudia;Alekseev;16.03.1981;N;48103164462;Ülenurme, Tartumaa
Marlen;Anissimov;30.11.1970;N;47011308072;Õisu, Viljandimaa
Aile;Roots;03.07.2004;N;60407036898;Vändra, Pärnumaa
Jane-Ly;Mänd;12.04.1977;N;47704126246;Harku, Harjumaa
Kasper;Kasemaa;03.06.2005;M;50506039693;Hulja, Lääne-Virumaa
Boris;Lehtla;22.02.2002;M;50202229000;Põlva, Põlvamaa
Victor;Uustalu;25.07.1965;M;36507257813;Virtsu, Läänemaa
Kätrin;Trofimov;12.03.1971;N;47103121055;Keava, Raplamaa
Tarvo;Vaher;16.01.1966;M;36601166820;Võru, Võrumaa
Yury;Kirsipuu;07.04.1964;M;36404076166;Käru, Raplamaa
Evelina;Kase;24.03.1997;N;49703249352;Käärdi, Tartumaa
Ants;Kivi;08.03.1981;M;38103089500;Rummu, Harjumaa
Ariana;Schmidt;17.07.1983;N;48307174904;Tudu, Lääne-Virumaa
Sylvia;Renoir;16.05.1998;N;49805164100;Kõrveküla, Tartumaa
Oksana;Männik;01.05.1965;N;46505014048;Mustvee, Jõgevamaa
Rostislav;Saveljev;13.09.2004;M;50409135166;Sindi, Pärnumaa
Ayrton;Vaino;16.10.1970;M;37010167537;Lepna, Lääne-Virumaa
Violetta;Leis;29.12.1982;N;48212298433;Lelle, Raplamaa
Ronja;Mikelsaar;17.11.1964;N;46411177460;Koeru, Järvamaa
Mairon;Tammet;16.11.1981;M;38111164669;Koeru, Järvamaa
Miina;Kurm;21.09.1997;N;49709216010;Roosna-Alliku, Järvamaa
David;Mitt;17.08.1995;M;39508173017;Kunda, Lääne-Virumaa
Ekaterina;Salumäe;18.10.1963;N;46310184363;Laiuse, Jõgevamaa
Verner;Kase;18.04.1981;M;38104189732;Narva-Jõesuu, Ida-Virumaa
Ülari;Raid;05.03.1991;M;39103056878;Saue, Harjumaa
Natalija;Hanson;07.09.1988;N;48809071200;Jõgeva, Jõgevamaa
Martha;Toom;10.12.2003;N;60312107999;Erra, Ida-Virumaa
Ljubov;Vaher;22.05.1963;N;46305224825;Maardu, Harjumaa
Keijo;Allik;14.08.1971;M;37108140656;Kolga, Harjumaa
Anastassija;Pettai;17.02.1973;N;47302170450;Kaerepere, Raplamaa
Ksenia;Talts;08.12.1965;N;46512085064;Kohtla-Nõmme, Ida-Virumaa
Kerttu;Ruus;27.03.2002;N;60203272903;Laekvere, Lääne-Virumaa
Johannes;Hallik;14.11.2002;M;50211146705;Rakke, Lääne-Virumaa
Hedi;Teder;07.10.1969;N;46910077978;Rakke, Lääne-Virumaa
Tom;Ader;28.07.2003;M;50307284988;Narva-Jõesuu, Ida-Virumaa
Mattis;Sorokin;17.12.1972;M;37212170960;Nõo, Tartumaa
Anthony;Meister;27.06.1998;M;39806279513;Salme, Saaremaa
Kalev;Nõmmik;25.12.1968;M;36812253858;Aseri, Ida-Virumaa
Tiina;Oks;04.05.1975;N;47505047044;Keila-Joa, Harjumaa
Kristina;Urb;20.08.1967;N;46708207695;Abja-Paluoja, Viljandimaa
Jan Erik;Tammik;14.11.1973;M;37311149992;Turba, Harjumaa
Gregori;Herodes;26.04.1986;M;38604260820;Tapa, Lääne-Virumaa
Pilleriin;Kilk;26.06.1982;N;48206267629;Lagedi, Harjumaa
Agnes;Allik;16.12.2004;N;60412168851;Väike-Maarja, Lääne-Virumaa
Nikol;Nikitin;11.02.1961;N;46102113568;Uuemõisa, Läänemaa
Evgeniya;Rosenberg;15.08.2004;N;60408153400;Tabivere, Jõgevamaa
Kärolin;Martinson;19.08.1988;N;48808194875;Puhja, Tartumaa
Valeriya;Jermakov;12.03.2003;N;60303124979;Adavere, Jõgevamaa
Kert;Kaljuvee;01.04.1975;M;37504017274;Avinurme, Ida-Virumaa
Inga;Zaitsev;23.11.1963;N;46311234141;Narva, Ida-Virumaa
Aleksandra;Tamberg;13.11.1978;N;47811137317;Laagri, Harjumaa
Kalmer;Lääne;29.06.1971;M;37106292974;Keila, Harjumaa
Ann;Karpova;30.09.1967;N;46709302078;Rakvere, Lääne-Virumaa
Arvi;Koort;28.01.1997;M;39701285167;Raasiku, Harjumaa
Karl-Markus;Kasak;01.10.1975;M;37510015367;Jõgeva, Jõgevamaa
Claudia;Saare;11.09.1967;N;46709117027;Roosna-Alliku, Järvamaa
Arabella;Karpova;19.10.2002;N;60210193857;Erra, Ida-Virumaa
Maarika;Kangro;28.01.1965;N;46501282875;Õru, Valgamaa
Nadezda;Põder;05.01.2005;N;60501054595;Are, Pärnumaa
Anfissa;Merila;23.12.1985;N;48512234380;Leisi, Saaremaa
Maikel;Teearu;02.01.1990;M;39001021160;Sindi, Pärnumaa
Christofer;Paju;02.05.1973;M;37305024204;Tammiku, Ida-Virumaa
Carolin;Härm;15.01.1961;N;46101156354;Lagedi, Harjumaa
Lisell;Soots;13.06.2002;N;60206133181;Varnja, Tartumaa
Isabella;Jürgens;09.08.2005;N;60508095265;Lepna, Lääne-Virumaa
Krista;Jermakov;29.02.1976;N;47602297500;Märjamaa, Raplamaa
Caroline;Liiv;08.10.1971;N;47110088879;Võru, Võrumaa
Alan;Raid;23.02.1988;M;38802237952;Kose-Uuemõisa, Harjumaa
Karl Oskar;Puusepp;09.12.2004;M;50412095790;Aste, Saaremaa
Artyom;Uus;12.03.1963;M;36303128370;Valga, Valgamaa
Jaanek;Tilk;01.05.1976;M;37605011168;Viimsi, Harjumaa
Emeri;Raudsepp;23.03.1970;N;47003239273;Jüri, Harjumaa
Rasmus;Kazakov;31.03.2005;M;50503315101;Näpi, Lääne-Virumaa
Regina;Aleksandrov;28.01.1989;N;48901282745;Sinimäe, Ida-Virumaa
Hannah;Salumäe;12.11.1962;N;46211120076;Lihula, Läänemaa
Anders;Soots;11.06.1997;M;39706115822;Roiu, Tartumaa
Grigori;Kuzmin;17.03.2002;M;50203175434;Narva-Jõesuu, Ida-Virumaa
Stiina;Bõstrov;28.06.1996;N;49606282345;Kiili, Harjumaa
Marje;Järv;28.02.1960;N;46002284427;Tartu, Tartumaa
Karita;Lang;10.11.1991;N;49111103999;Elva, Tartumaa
Aksel;Salu;09.10.1981;M;38110098761;Turba, Harjumaa
Markko;Grigorieva;14.01.1998;M;39801140131;Turba, Harjumaa
Keili;Vaher;29.06.2005;N;60506295142;Palamuse, Jõgevamaa
Emil;Reinke;03.12.1979;M;37912038876;Koeru, Järvamaa
Valentin;Ignatjev;17.03.1994;M;39403171848;Laekvere, Lääne-Virumaa
Jasper;Markus;08.07.2006;M;50607086782;Adavere, Jõgevamaa
Getter;Kuusk;25.04.1995;N;49504259943;Are, Pärnumaa
Sergei;Taal;10.06.1994;M;39406108124;Ämari, Harjumaa
Maarika;Kruglov;03.08.1964;N;46408039782;Kadrina, Lääne-Virumaa
Ilona;Kuusik;16.07.1971;N;47107163820;Sääse, Lääne-Virumaa
Karl-Martin;Saare;28.09.1998;M;39809281626;Narva-Jõesuu, Ida-Virumaa
Oscar;Lauri;08.02.1998;M;39802087790;Adavere, Jõgevamaa
Ivika;Nõmm;30.08.2006;N;60608303731;Erra, Ida-Virumaa
Silvia;Järve;27.10.1963;N;46310275020;Lagedi, Harjumaa
Regiina;Korol;01.09.1978;N;47809017784;Käravete, Järvamaa
Elen;Laine;21.04.1969;N;46904213683;Lüganuse, Ida-Virumaa
Henry;Käär;03.07.1976;M;37607030717;Salme, Saaremaa
Gerly;Pärnpuu;14.10.1988;N;48810140362;Lihula, Läänemaa
Saskia;Rein;13.01.1998;N;49801135962;Rapla, Raplamaa
Raino;Zaitsev;30.04.1967;M;36704301624;Olustvere, Viljandimaa
Kelly;Leppik;15.09.2007;N;60709157541;Mustvee, Jõgevamaa
Emma;Medvedev;23.11.2002;N;60211237254;Võiste, Pärnumaa
Merle;Kokk;03.03.1973;N;47303030654;Oisu, Järvamaa
Britta;Aakre;02.10.1972;N;47210029812;Kureküla, Tartumaa
Andres;Vahtra;20.02.1994;M;39402206177;Hummuli, Valgamaa
Mirelle;Liivamägi;06.07.1994;N;49407060823;Viimsi, Harjumaa
Märt;Ševtšenko;16.09.1995;M;39509166937;Kaiu, Raplamaa
Eva-Liisa;Vares;14.10.1974;N;47410142945;Jõgeva, Jõgevamaa
Mariana;Hõbe;16.02.1975;N;47502165259;Värska, Põlvamaa
Henry;Suvi;15.08.1973;M;37308158372;Kasepää, Tartumaa
Heinrich;Oja;16.02.1981;M;38102168825;Näpi, Lääne-Virumaa
Maik;Sikorski;27.09.2007;M;50709270460;Haabneeme, Harjumaa
Ruben;Hansen;08.09.1994;M;39409089816;Märja, Tartumaa
Gert;Järvesaar;14.06.2003;M;50306140602;Haapsalu, Läänemaa
Maxim;Vasiliev;10.04.1977;M;37704106865;Juuru, Raplamaa
Lii;Kostin;09.01.1998;N;49801096317;Adavere, Jõgevamaa
Joel;Dmitriev;13.11.2007;M;50711138398;Palamuse, Jõgevamaa
Marlen;Kiil;04.06.1999;N;49906047366;Kõrveküla, Tartumaa
Kadi-Liis;Iljin;21.12.2006;N;60612217156;Taebla, Läänemaa
Tauri;Orlov;16.01.1988;M;38801161727;Sääse, Lääne-Virumaa
Liisbet;Kissa;05.04.1992;N;49204058992;Käravete, Järvamaa
Tristan;Lill;04.04.1999;M;39904049571;Põlva, Põlvamaa
Vladislava;Piirsalu;08.04.1964;N;46404085038;Lehtse, Lääne-Virumaa
Maiken;Sorokin;11.10.1986;N;48610112580;Sonda, Ida-Virumaa
Trevor;Kapp;09.01.1976;M;37601093220;Vastseliina, Võrumaa
Elis;Jarvis;02.07.2003;N;60307020872;Kehra, Harjumaa
Maiko;Maidla;19.11.1961;M;36111191841;Pajusti, Lääne-Virumaa
Janeli;Pärn;03.03.1974;N;47403038082;Viru-Nigula, Lääne-Virumaa
Albina;Jefimov;29.06.2001;N;60106296749;Torma, Jõgevamaa
Kiur;Õun;26.05.1966;M;36605262373;Karksi-Nuia, Viljandimaa
Rainar;Iljin;05.02.1981;M;38102050306;Ravila, Harjumaa
Koit;Oja;20.03.1962;M;36203209343;Klooga, Harjumaa
Kerstin;Hansen;29.06.1969;N;46906297913;Orissaare, Saaremaa
Norman;Talts;12.08.2008;M;50808128224;Puhja, Tartumaa
Rebecca;Sepp;31.08.1964;N;46408313551;Puka, Valgamaa
Ksenia;Saveljev;13.12.1969;N;46912132761;Kanepi, Põlvamaa
Merli;Ots;27.06.1964;N;46406271077;Tõrvandi, Tartumaa
Mai-Liis;Oks;14.02.1985;N;48502149520;Klooga, Harjumaa
Sylvia;Borissov;11.10.1983;N;48310110628;Tartu, Tartumaa
Egor;Sarap;13.12.1966;M;36612139476;Rõngu, Tartumaa
Lukas;Kivistik;03.03.1965;M;36503030685;Märjamaa, Raplamaa
Alice;Sisask;10.03.1971;N;47103103429;Paide, Järvamaa
Emil;Zaitsev;19.08.1981;M;38108195119;Avinurme, Ida-Virumaa
Krista;Žukov;27.01.2000;N;60001274374;Sangaste, Valgamaa
Heinrich;Kool;01.03.2005;M;50503018203;Peetri, Järvamaa
Fredy;Vill;07.01.1962;M;36201071717;Ambla, Järvamaa
Imre;Lindgren;10.09.2000;M;50009109287;Olustvere, Viljandimaa
Deniss;Kuznetsov;22.03.1966;M;36603220646;Kolkja, Tartumaa
Hans;Schmidt;20.01.1994;M;39401203297;Kilingi-Nõmme, Pärnumaa
Jane;Luht;04.12.1989;N;48912049185;Ülenurme, Tartumaa
Herman;Kärner;26.01.1981;M;38101269408;Võru, Võrumaa
Alexandra;Liivamägi;29.03.1969;N;46903299378;Tootsi, Pärnumaa
Anna-Maria;Tali;08.10.1969;N;46910081053;Kihelkonna, Saaremaa
Priit;Konstantinov;16.01.2004;M;50401165942;Torma, Jõgevamaa
Liisu;Petrov;06.08.1979;N;47908067046;Käravete, Järvamaa
Alondra;Poljakov;17.01.1998;N;49801172665;Võru, Võrumaa
Andre;Vaht;01.08.1993;M;39308014126;Alu, Raplamaa
Robert;Sarv;14.02.1994;M;39402149348;Orissaare, Saaremaa
Tim;Tsvetkov;10.06.1971;M;37106106756;Puurmani, Jõgevamaa
Urmas;Kelder;12.06.1994;M;39406123090;Kasepää, Tartumaa
Hanna-Maria;Sikorski;26.10.1970;N;47010260633;Parksepa, Võrumaa
Meeri;Ploom;12.06.1968;N;46806125012;Lohusuu, Ida-Virumaa
Armand;Klavan;14.09.2000;M;50009147703;Viru-Jaagupi, Lääne-Virumaa
Karl Oskar;Teras;09.08.1968;M;36808098452;Lüganuse, Ida-Virumaa
Raiko;Mikk;06.07.2007;M;50707067227;Kostivere, Harjumaa
Sören;Pihelgas;13.01.1969;M;36901133954;Saue, Harjumaa
Anfissa;Kalda;09.09.1978;N;47809090783;Maardu, Harjumaa
Vallo;Hein;01.08.1979;M;37908019205;Ülenurme, Tartumaa
Rainer;Klavan;11.07.1972;M;37207110467;Tudu, Lääne-Virumaa
Milena;Koit;04.03.1970;N;47003045411;Kärdla, Hiiumaa
Heigo;Roos;21.05.1969;M;36905211071;Halliste, Viljandimaa
Anastassia;Ojala;12.07.1971;N;47107126953;Kolga-Jaani, Viljandimaa
Anette;Roos;14.06.1988;N;48806149722;Kolga, Harjumaa
Yana;Arula;21.08.1975;N;47508216465;Mooste, Põlvamaa
Ott;Timofejev;15.05.1995;M;39505151497;Puka, Valgamaa
Karl Marten;Arrak;25.09.1980;M;38009258076;Mustvee, Jõgevamaa
Maarjo;Kodres;30.06.1961;M;36106303620;Alatskivi, Tartumaa
Olavi;Uibo;10.12.2001;M;50112109876;Maardu, Harjumaa
Vladimir;Järvekülg;07.11.1979;M;37911071066;Risti, Läänemaa
Rebeca;Makarov;02.01.1987;N;48701025982;Valga, Valgamaa
Enriko;Abbt;19.06.1986;M;38606197889;Kadrina, Lääne-Virumaa
Arko;Käär;29.09.1985;M;38509295884;Võnnu, Tartumaa
Airi;Raadik;21.08.1981;N;48108213887;Püssi, Ida-Virumaa
Anastassija;Sisask;01.05.1975;N;47505014506;Tartu, Tartumaa
Geili;Aavik;01.05.1981;N;48105012245;Kambja, Tartumaa
Hendrik;Alas;19.11.1979;M;37911194989;Tartu, Tartumaa
Ann;Ševtšenko;24.09.1988;N;48809241554;Saku, Harjumaa
Eva;Romanov;09.01.1980;N;48001094274;Sinimäe, Ida-Virumaa
Thomas;Voronin;23.05.1994;M;39405235080;Parksepa, Võrumaa
Laura-Liisa;Laane;10.10.1996;N;49610100194;Särevere, Järvamaa
Max;Pikk;21.01.1965;M;36501213405;Õru, Valgamaa
Anabell;Raja;21.10.1971;N;47110217576;Paralepa, Läänemaa
Iti;Sild;07.07.2008;N;60807079068;Olustvere, Viljandimaa
Karl-Martin;Lomp;17.03.1987;M;38703170761;Näpi, Lääne-Virumaa
Merit;Talts;08.07.1961;N;46107088924;Sinimäe, Ida-Virumaa
Margaret;Tali;25.07.1974;N;47407258286;Põltsamaa, Jõgevamaa
Eret;Sulg;21.03.1964;N;46403212758;Halliste, Viljandimaa
Aet;Tamme;07.07.1995;N;49507072615;Häädemeeste, Pärnumaa
Rainis;Järvekülg;01.10.1975;M;37510014888;Koeru, Järvamaa
Yury;Teder;17.04.1960;M;36004176586;Sangaste, Valgamaa
Miina;Bogdanov;06.09.1964;N;46409060327;Puurmani, Jõgevamaa
Jaagup;Viira;06.04.2004;M;50404060496;Oisu, Järvamaa
Egon;Popov;26.07.1999;M;39907265543;Tõstamaa, Pärnumaa
Oksana;Vlassov;13.09.1976;N;47609135144;Mooste, Põlvamaa
Grete;Kaljuvee;26.06.1977;N;47706267269;Keila, Harjumaa
Kai;Nikolaev;05.05.1984;N;48405059868;Mooste, Põlvamaa
Enar;Gorbunov;03.07.1972;M;37207038293;Võnnu, Tartumaa
Ülari;Toomsalu;27.10.1999;M;39910274915;Rakke, Lääne-Virumaa
Maikel;Viik;26.04.1970;M;37004266586;Otepää, Valgamaa
Svetlana;Tsvetkov;25.10.1967;N;46710251064;Tihemetsa, Pärnumaa
Aire;Mäesalu;13.03.1965;N;46503133372;Tamsalu, Lääne-Virumaa
Anne-Mai;Kaljurand;01.01.2004;N;60401013739;Türi, Järvamaa
Klim;Eller;29.01.1997;M;39701299566;Räpina, Põlvamaa
Aet;Ott;08.03.1975;N;47503080633;Toila, Ida-Virumaa
Jonas;Kutsar;01.05.1983;M;38305018276;Kohtla-Järve, Ida-Virumaa
Marianna;Kesküla;24.08.1994;N;49408247201;Roosna-Alliku, Järvamaa
Erko;Sorokin;15.07.1962;M;36207159669;Kiiu, Harjumaa
Elizaveta;Stepanov;03.02.1977;N;47702036633;Puurmani, Jõgevamaa
Elisa;Ott;18.05.1989;N;48905188520;Hummuli, Valgamaa
Ketly;Lukin;31.10.1978;N;47810318031;Pärnu-Jaagupi, Pärnumaa
Annemari;Mihhailov;08.12.1997;N;49712083908;Risti, Läänemaa
Marju;Jõe;27.09.1978;N;47809279312;Õisu, Viljandimaa
Marianna;Paas;17.05.1991;N;49105175938;Luunja, Tartumaa
Riina;Vaher;11.08.1977;N;47708113682;Varnja, Tartumaa
Denis;Egorov;25.08.1981;M;38108252922;Avinurme, Ida-Virumaa
Pille;Mikk;29.09.1987;N;48709292488;Jõgeva, Jõgevamaa
Karen;Kurm;07.01.1999;N;49901074384;Kasepää, Tartumaa
Anastassia;Kisseljov;31.01.1998;N;49801314801;Väike-Maarja, Lääne-Virumaa
Martha;Vorobjov;06.05.1988;N;48805065368;Kuusiku, Raplamaa
Dan;Karu;16.08.1960;M;36008161258;Tori, Pärnumaa
Valdur;Jakovlev;26.10.1961;M;36110265708;Kiiu, Harjumaa
Randel;Heinsalu;28.12.1974;M;37412287037;Palivere, Läänemaa
Valter;Ruus;09.06.2000;M;50006090483;Kehtna, Raplamaa
Anna-Liisa;Taal;15.03.1978;N;47803153040;Viru-Nigula, Lääne-Virumaa
Kädi;Laht;08.08.1977;N;47708081256;Kureküla, Tartumaa
Vera;Jermakov;18.12.1978;N;47812183821;Risti, Läänemaa
Helerin;Sisask;21.05.1992;N;49205218221;Viljandi, Viljandimaa
Kaimo;Tammik;28.10.1993;M;39310289104;Avinurme, Ida-Virumaa
Reet;Panov;28.01.1980;N;48001286819;Särevere, Järvamaa
Raneli;Hansen;13.06.1969;N;46906134254;Lagedi, Harjumaa
Airika;Lill;10.01.1987;N;48701106451;Aegviidu, Harjumaa
Tauno;Lõhmus;20.09.2003;M;50309209876;Keava, Raplamaa
Kirsika;Sergejev;04.02.2001;N;60102048895;Kõpu, Viljandimaa
Kairi;Hõbe;12.04.1980;N;48004126822;Palivere, Läänemaa
Oskar;Ilves;02.08.2001;M;50108026926;Tõrva, Valgamaa
Andry;Mikk;16.05.1974;M;37405163464;Rakke, Lääne-Virumaa
Loora;Koval;19.06.1988;N;48806191889;Sinimäe, Ida-Virumaa
Rivo;Leis;22.06.1966;M;36606226754;Mooste, Põlvamaa
Üllar;Lind;09.10.1994;M;39410099888;Sangaste, Valgamaa
Karl Kevin;Mädamürk;04.11.1981;M;38111047281;Rapla, Raplamaa
Elvira;Vahtra;19.05.1998;N;49805198971;Viiratsi, Viljandimaa
Kreete;Kivistik;26.08.1980;N;48008266638;Kiisa, Harjumaa
Leana;Väli;15.01.1987;N;48701150496;Audru, Pärnumaa
Loore;Maack;18.02.1994;N;49402185420;Hummuli, Valgamaa
Günther;Kuus;19.02.2003;M;50302194805;Simuna, Lääne-Virumaa
Robi;Järvesaar;29.05.1996;M;39605298073;Kostivere, Harjumaa
Teele;Olesk;25.01.1996;N;49601253135;Puurmani, Jõgevamaa
Anneliis;Kass;09.09.2001;N;60109091530;Maardu, Harjumaa
Sofja;Tuulik;20.02.1965;N;46502200880;Sõmerpalu, Võrumaa
Leana;Kutsar;09.06.1967;N;46706097971;Laatre, Valgamaa
Vlad;Piho;30.01.1997;M;39701307011;Elva, Tartumaa
Elsa;Aru;30.01.1962;N;46201303555;Sääse, Lääne-Virumaa
Laura;Kalinin;14.09.1966;N;46609140147;Tartu, Tartumaa
Marit;Tuisk;05.03.1969;N;46903059190;Mustla, Viljandimaa
Mihkel;Sarap;15.07.1981;M;38107150064;Roiu, Tartumaa
Kerly;Sikorski;06.11.1976;N;47611066142;Viiratsi, Viljandimaa
Katja;Kirss;11.11.2008;N;60811116596;Simuna, Lääne-Virumaa
Alla;Visnapuu;31.10.1989;N;48910317405;Tõrva, Valgamaa
Anders;Jaanson;06.07.2003;M;50307063651;Loo, Harjumaa
Markus;Kesküla;30.06.1973;M;37306307285;Uuemõisa, Läänemaa
Toni;Tammet;19.07.2003;M;50307198078;Assaku, Harjumaa
Liise;Denissov;10.05.1980;N;48005101514;Kambja, Tartumaa
Karl-Hendrik;Herodes;08.03.2006;M;50603084795;Paikuse, Pärnumaa
Evelin;Lumiste;24.05.1983;N;48305245460;Suure-Jaani, Viljandimaa
Vallo;Green;04.08.1984;M;38408048054;Ravila, Harjumaa
Gervin;Karu;29.10.1970;M;37010291632;Karjaküla, Harjumaa
Sergey;Ševtšenko;27.04.1988;M;38804271765;Suure-Jaani, Viljandimaa
Timur;Uus;21.11.1987;M;38711216528;Tootsi, Pärnumaa
Isabel;Põld;04.01.2005;N;60501045731;Sangaste, Valgamaa
Älis;Allas;06.11.1968;N;46811061863;Olgina, Ida-Virumaa
Aivo;Prikk;03.05.1977;M;37705034844;Paldiski, Harjumaa
Maiken;Kissa;30.06.1967;N;46706306490;Misso, Võrumaa
Tim;Trofimov;16.09.1997;M;39709161856;Puhja, Tartumaa
Alari;Kruus;10.03.1969;M;36903101551;Harku, Harjumaa
Renate;Vahter;01.07.2002;N;60207017136;Karjaküla, Harjumaa
Keiti;Püvi;18.09.1968;N;46809182383;Tihemetsa, Pärnumaa
Voldemar;Tooming;06.03.1986;M;38603068224;Keila-Joa, Harjumaa
Tõnu;Viik;05.01.1996;M;39601057482;Toila, Ida-Virumaa
Erich;Paap;04.06.1999;M;39906040766;Abja-Paluoja, Viljandimaa
Gea;Baskin;14.05.1981;N;48105140393;Ämari, Harjumaa
Oleg;Lillemets;30.11.1994;M;39411303985;Äksi, Tartumaa
Anet;Afanasjev;20.12.2002;N;60212201727;Olgina, Ida-Virumaa
Fjodor;Orav;22.04.1960;M;36004229990;Jõgeva, Jõgevamaa
Katriin;Komarov;14.07.1980;N;48007149551;Loo, Harjumaa
Sandro;Luht;20.10.1992;M;39210209710;Sinimäe, Ida-Virumaa
Ruben;Jõe;22.04.2001;M;50104223689;Haljala, Lääne-Virumaa
Ott;Tuulik;25.02.1978;M;37802256688;Pärnu-Jaagupi, Pärnumaa
Sigrid;Laane;25.10.2002;N;60210251867;Kohtla-Nõmme, Ida-Virumaa
Siret;Mikk;21.10.1980;N;48010217750;Sõmeru, Lääne-Virumaa
Vassili;Kull;21.02.1964;M;36402212822;Ambla, Järvamaa
Janari;Lõhmus;25.11.2005;M;50511255390;Käärdi, Tartumaa
Julia;Luik;16.04.1975;N;47504165215;Õisu, Viljandimaa
Andro;Mihhailov;03.04.1988;M;38804034742;Narva-Jõesuu, Ida-Virumaa
Alissa;Lääts;07.05.1978;N;47805070014;Kiisa, Harjumaa
Nikolai;Niit;04.03.2005;M;50503040899;Viiratsi, Viljandimaa
Dagne;Treial;02.07.1971;N;47107022067;Sõmeru, Lääne-Virumaa
Andree;Trei;15.11.1988;M;38811150573;Märjamaa, Raplamaa
Raneli;Jõesaar;05.10.1977;N;47710055277;Kuusiku, Raplamaa
Marje;Nikolaev;06.12.1968;N;46812066314;Jüri, Harjumaa
Deniss;Konstantinov;11.03.1975;M;37503112122;Kostivere, Harjumaa
Eva Maria;Maksimov;01.10.1972;N;47210015750;Paide, Järvamaa
Vladislav;Tooming;28.02.1987;M;38702280596;Siimusti, Jõgevamaa
Renata;Kaljuste;14.11.1974;N;47411141907;Haabneeme, Harjumaa
Marken;Mercklin;10.05.2000;M;50005108718;Lagedi, Harjumaa
Kätlin;Siim;07.02.1990;N;49002075682;Tammiku, Ida-Virumaa
Jasper;Jõgi;22.01.1966;M;36601227903;Kiltsi, Lääne-Virumaa
Sulev;Jarvis;02.06.2007;M;50706026418;Roosna-Alliku, Järvamaa
Emil;Kasemaa;10.05.2002;M;50205100316;Kudjape, Saaremaa
Kai;Aas;21.04.1977;N;47704218966;Are, Pärnumaa
Mirell;Käsper;19.12.1989;N;48912193990;Ahja, Põlvamaa
Joonas;Aas;08.08.2003;M;50308083250;Aste, Saaremaa
Allar;Veski;07.05.1960;M;36005078337;Kärdla, Hiiumaa
Kelly;Lehtla;12.07.1986;N;48607120760;Mõisaküla, Viljandimaa
Enely;Jaanus;27.05.1998;N;49805274594;Virtsu, Läänemaa
Merli;Jakobson;21.09.1989;N;48909212043;Kohila, Raplamaa
Sergei;Mercklin;01.01.2007;M;50701013902;Tori, Pärnumaa
Frank;Baskin;07.09.1966;M;36609075198;Kohila, Raplamaa
Heli;Käärik;24.01.1965;N;46501247478;Võõpsu, Põlvamaa
Elmar;Lotman;11.09.1997;M;39709118804;Tabasalu, Harjumaa
Anne-Liis;Sutt;06.05.1975;N;47505069829;Rapla, Raplamaa
Elari;Ossipov;16.07.1996;M;39607160729;Lepna, Lääne-Virumaa
Allan;Kudrjavtsev;23.07.1978;M;37807236358;Virtsu, Läänemaa
Brenda;Lang;23.06.1975;N;47506234636;Tudulinna, Ida-Virumaa
Lembit;Kivistik;14.09.1993;M;39309148831;Võhma, Viljandimaa
Annely;Raud;03.12.1969;N;46912033659;Mäetaguse, Ida-Virumaa
Eliis;Lauri;30.10.2007;N;60710302023;Lohusuu, Ida-Virumaa
Valerija;Loginov;13.03.1974;N;47403139765;Vändra, Pärnumaa
Marju;Raudsepp;27.03.1970;N;47003274963;Võnnu, Tartumaa
Maribel;Pettai;30.04.1968;N;46804305912;Aruküla, Harjumaa
Ken-Martin;Nuut;30.10.1990;M;39010303161;Haapsalu, Läänemaa
Carolin;Klimov;16.01.2004;N;60401161836;Alu, Raplamaa
Even;Orav;18.05.1973;M;37305185570;Karksi-Nuia, Viljandimaa
Jaanis;Mitt;14.05.1967;M;36705140607;Kärdla, Hiiumaa
Loore;Lind;30.03.1994;N;49403304190;Võru, Võrumaa
Cärolin;Liivak;13.11.1979;N;47911133906;Keila-Joa, Harjumaa
Edward;Teder;12.08.1978;M;37808124867;Õru, Valgamaa
Ekke;Pihelgas;04.04.1978;M;37804048432;Karksi-Nuia, Viljandimaa
Hanna Maria;Liivamägi;14.05.1989;N;48905142369;Kõpu, Viljandimaa
Pavel;Lotman;16.03.2002;M;50203167959;Tabasalu, Harjumaa
Karmen;Abel;28.07.1980;N;48007289371;Tapa, Lääne-Virumaa
Christer;Lumi;22.12.1974;M;37412227290;Haabneeme, Harjumaa
Fredi;Gontšarov;12.12.1976;M;37612123011;Keila, Harjumaa
Anna Liisa;Järv;05.04.1977;N;47704058883;Käru, Raplamaa
Ursula;Post;12.05.1980;N;48005125491;Paralepa, Läänemaa
Remy;Sillaste;14.12.1990;M;39012146513;Kõpu, Viljandimaa
Artyom;Loginov;29.02.1972;M;37202297968;Luige, Harjumaa
Markel;Gusev;11.09.1962;M;36209112139;Rannu, Tartumaa
Veniamin;Sirel;17.05.2008;M;50805177508;Jüri, Harjumaa
Jevgenija;Pettai;22.12.1995;N;49512223019;Haapsalu, Läänemaa
Anastassija;Gerassimov;30.09.1970;N;47009308778;Ulila, Tartumaa
Hans Erik;Müürsepp;15.08.2000;M;50008153324;Viimsi, Harjumaa
Karl Kristjan;Uustalu;01.10.1980;M;38010013115;Rõuge, Võrumaa
Inger;Uus;19.12.2003;N;60312192856;Kunda, Lääne-Virumaa
Jekaterina;Tihhomirov;21.10.1974;N;47410211870;Võru, Võrumaa
Marko;Toom;01.10.1964;M;36410019617;Käru, Raplamaa
Mirko;Allik;24.01.1979;M;37901247710;Tudulinna, Ida-Virumaa
Galina;Tuul;08.03.1980;N;48003081049;Keava, Raplamaa
Edvin;Ader;20.05.1984;M;38405209815;Jõgeva, Jõgevamaa
Remi;Lääts;25.05.1976;M;37605257027;Kohila, Raplamaa
Kersti;Rebane;19.02.1975;N;47502197409;Kiisa, Harjumaa
Stiina;Tarassov;27.10.1996;N;49610273921;Peetri, Järvamaa
Valter;Tammet;20.01.1973;M;37301207927;Sõmeru, Lääne-Virumaa
Liia;Mäeots;21.07.1962;N;46207218595;Elva, Tartumaa
Carol;Õunapuu;17.05.1991;N;49105175681;Vändra, Pärnumaa
Ksenia;Gross;08.06.2004;N;60406088144;Haabneeme, Harjumaa
Riho;Green;18.04.1964;M;36404180240;Simuna, Lääne-Virumaa
Antti;Hunt;24.01.1977;M;37701248570;Prillimäe, Raplamaa
Jaagup;Pavlov;05.04.1998;M;39804058302;Kohtla-Nõmme, Ida-Virumaa
Jessica;Viks;04.06.1999;N;49906041269;Keila, Harjumaa
Kirsika;Saar;23.06.1962;N;46206235207;Häädemeeste, Pärnumaa
Rain;Maidla;17.05.1999;M;39905179613;Adavere, Jõgevamaa
Violetta;Adamson;19.10.1994;N;49410198307;Paralepa, Läänemaa
Matthias;Markson;10.05.1964;M;36405100012;Varstu, Võrumaa
Katarina;Kangro;31.03.1981;N;48103312555;Uhtna, Lääne-Virumaa
Marken;Ilves;28.04.1981;M;38104282687;Rõngu, Tartumaa
Inge;Kivilo;06.02.1974;N;47402060240;Tartu, Tartumaa
Mari-Liis;Green;31.07.2001;N;60107311865;Lohusuu, Ida-Virumaa
Klaarika;Arrak;23.02.1975;N;47502232919;Juuru, Raplamaa
Aile;Koitla;17.03.1980;N;48003179098;Kamari, Jõgevamaa
Lukas;Drozdov;20.07.1981;M;38107202860;Võnnu, Tartumaa
Kirsti;Kuusk;29.05.1985;N;48505297830;Simuna, Lääne-Virumaa
Eveli;Roots;10.12.1961;N;46112102590;Loo, Harjumaa
Liana;Vaher;13.03.1981;N;48103139741;Lavassaare, Pärnumaa
Anne-Liis;Erik;17.06.2006;N;60606174957;Kärla, Saaremaa
Moonika;Paal;12.11.1967;N;46711122398;Keila-Joa, Harjumaa
Elis;Fomin;27.03.1966;N;46603270893;Paldiski, Harjumaa
Allan;Toomsalu;17.04.1987;M;38704178834;Viljandi, Viljandimaa
Miina;Talts;01.12.1981;N;48112016016;Saue, Harjumaa
Eerik;Õun;13.10.1973;M;37310130608;Varnja, Tartumaa
Kristella;Kozlov;19.12.1984;N;48412193476;Lavassaare, Pärnumaa
Ülari;Laks;21.05.2007;M;50705216597;Tsirguliina, Valgamaa
Annela;Martin;04.09.1986;N;48609044914;Hageri, Raplamaa
Margus;Kütt;07.10.1999;M;39910072533;Toila, Ida-Virumaa
Kristian;Miller;31.05.1991;M;39105315087;Tõrva, Valgamaa
Nelli;Aakre;19.10.2006;N;60610198361;Tabivere, Jõgevamaa
Anneliis;Kont;27.02.1992;N;49202270731;Võsu, Lääne-Virumaa
Rebeca;Lukk;04.08.1981;N;48108044587;Paikuse, Pärnumaa
Annaliis;Allas;17.10.1973;N;47310171045;Pärnu, Pärnumaa
Tormi;Ševtšenko;12.04.1998;M;39804127912;Virtsu, Läänemaa
Daniella;Lumiste;29.04.1983;N;48304295686;Taebla, Läänemaa
Cristina;Mark;19.12.1983;N;48312196089;Kasepää, Tartumaa
Arabella;Vähi;08.03.1983;N;48303089079;Kaiu, Raplamaa
Virko;Kruglov;04.11.1973;M;37311044985;Simuna, Lääne-Virumaa
Arnold;Alekseev;30.05.1991;M;39105305737;Sillamäe, Ida-Virumaa
Keiu;Loginov;21.02.2004;N;60402213837;Alu, Raplamaa
Karoline;Michelson;25.10.1987;N;48710250650;Sõmeru, Lääne-Virumaa
Valter;Hõbe;29.06.1967;M;36706290879;Järva-Jaani, Järvamaa
Kadi-Liis;Tarassov;08.07.1994;N;49407081669;Võõpsu, Põlvamaa
Rebeca;Lebedev;07.05.1970;N;47005074301;Kõrveküla, Tartumaa
Signe;Gerassimov;16.07.1984;N;48407161625;Särevere, Järvamaa
Alina;Timofejev;13.11.1969;N;46911136967;Laekvere, Lääne-Virumaa
Marianne;Sorokin;16.08.1988;N;48808163825;Mooste, Põlvamaa
Marelle;Reinke;21.01.1970;N;47001216325;Alatskivi, Tartumaa
Reimo;Paap;24.10.1968;M;36810241683;Misso, Võrumaa
Lada;Voronin;22.04.1977;N;47704226249;Siimusti, Jõgevamaa
Kristiine;Leppik;26.08.1977;N;47708267286;Alu, Raplamaa
Maarja;Kodres;12.08.1967;N;46708127402;Voka, Ida-Virumaa
Marlon;Kostin;15.07.1968;M;36807158098;Uhtna, Lääne-Virumaa
Ralf;Põldma;21.12.1979;M;37912217629;Käravete, Järvamaa
Johan;Sobolev;05.12.2008;M;50812057949;Haabneeme, Harjumaa
Michael;Ilves;17.01.1993;M;39301171839;Käärdi, Tartumaa
Fjodor;Lätt;08.06.1964;M;36406080503;Roosna-Alliku, Järvamaa
Berit;Laas;18.08.1986;N;48608189063;Värska, Põlvamaa
Meriliis;Mann;18.09.1985;N;48509189768;Audru, Pärnumaa
Brandon;Kaljuste;25.12.2000;M;50012250796;Ramsi, Viljandimaa
Meril;Miller;06.08.1982;N;48208064499;Kureküla, Tartumaa
Teili;Herodes;28.08.1976;N;47608281524;Aravete, Järvamaa
Liisbeth;Kalamees;13.08.1968;N;46808136362;Õru, Valgamaa
Stanislav;Varik;09.11.2001;M;50111099814;Aseri, Ida-Virumaa
Birgit;Ploom;27.08.1980;N;48008271347;Sõmerpalu, Võrumaa
Urmas;Madisson;26.09.1960;M;36009264424;Viimsi, Harjumaa
Dominik;Kurg;18.02.1985;M;38502183709;Eidapere, Raplamaa
Reelika;Kisseljov;14.11.2004;N;60411144601;Keava, Raplamaa
Hardi;Sutt;10.08.1987;M;38708101535;Paikuse, Pärnumaa
Marianna;Fomin;25.07.1974;N;47407259496;Võru, Võrumaa
Karl;Rohtla;14.01.2000;M;50001148006;Varstu, Võrumaa
Krista;Paas;26.03.1966;N;46603262729;Kõrgessaare, Hiiumaa
Lija;Filippov;08.03.1999;N;49903088917;Häädemeeste, Pärnumaa
Raivo;Loorits;11.05.1968;M;36805110827;Kunda, Lääne-Virumaa
Rihard;Kuus;05.04.2002;M;50204058059;Roiu, Tartumaa
Heli;Hoffmann;27.06.2000;N;60006279572;Hummuli, Valgamaa
Kermo;Kohv;26.05.1963;M;36305267032;Õru, Valgamaa
Olga;Raag;14.02.1988;N;48802141879;Järvakandi, Raplamaa
Viktorija;Silm;16.03.1978;N;47803164376;Kohtla-Nõmme, Ida-Virumaa
Fredi;Pärnpuu;28.07.1990;M;39007280406;Kolkja, Tartumaa
Eret;Soots;20.06.1982;N;48206202774;Aravete, Järvamaa
Gabriela;Raadik;24.07.1962;N;46207246415;Aste, Saaremaa
Hanna;Tammik;14.07.1995;N;49507148763;Järvakandi, Raplamaa
Laura Liisa;Kont;08.02.2005;N;60502085314;Paide, Järvamaa
Verner;Männiste;13.01.1966;M;36601135226;Lähte, Tartumaa
Victor;Green;17.08.1971;M;37108172526;Karksi-Nuia, Viljandimaa
Ljudmila;Rohtla;02.12.2008;N;60812024416;Jüri, Harjumaa
Miko;Lehiste;05.04.1962;M;36204058617;Siimusti, Jõgevamaa
Marcos;Markson;30.03.1967;M;36703307971;Kuremaa, Jõgevamaa
Mariann;Fjodorov;07.02.1977;N;47702073960;Kärla, Saaremaa
Christofer;Kuzmin;21.12.1972;M;37212215082;Ramsi, Viljandimaa
Aliis;Suvi;05.12.1970;N;47012051130;Kunda, Lääne-Virumaa
Marlon;Liblik;27.02.1974;M;37402273455;Lagedi, Harjumaa
Miko;Maslov;01.04.2003;M;50304018298;Pärnu, Pärnumaa
Rita;Klein;22.03.1990;N;49003228002;Ulila, Tartumaa
Saamuel;Pikk;02.03.1995;M;39503028227;Väike-Maarja, Lääne-Virumaa
Lilija;Bogdanov;11.03.1974;N;47403110133;Riisipere, Harjumaa
Sirly;Zahharov;29.03.1986;N;48603298907;Häädemeeste, Pärnumaa
Riina;Kutsar;01.02.1961;N;46102010842;Rapla, Raplamaa
Karl-Martin;Randmaa;17.03.1992;M;39203171344;Kudjape, Saaremaa
Karl-Markus;Vlassov;23.04.1961;M;36104236652;Puka, Valgamaa
Rico;Lotman;22.08.1972;M;37208220545;Lihula, Läänemaa
Maksim;Belov;11.10.1997;M;39710119020;Rakvere, Lääne-Virumaa
Rudolf;Õunapuu;06.07.1968;M;36807068432;Kõrgessaare, Hiiumaa
Evelina;Miller;28.02.1971;N;47102287926;Kuusiku, Raplamaa
Andri;Jarvis;21.11.1990;M;39011212697;Kunda, Lääne-Virumaa
Klaarika;Kazakov;30.09.1998;N;49809301038;Kangru, Harjumaa
Grete;Piir;30.09.1961;N;46109307703;Kureküla, Tartumaa
Robert;Kuuse;09.10.1961;M;36110092811;Rapla, Raplamaa
Kelvin;Lõhmus;20.04.1967;M;36704207968;Aegviidu, Harjumaa
Meelis;Treial;30.04.1976;M;37604301825;Tootsi, Pärnumaa
Gregor;Aasmäe;25.06.1971;M;37106259254;Loo, Harjumaa
Lea;Pihelgas;31.07.1979;N;47907316949;Lihula, Läänemaa
Jana;Timofejev;19.04.1983;N;48304196657;Prillimäe, Raplamaa
Sofja;Uus;02.07.1972;N;47207025577;Kaerepere, Raplamaa
Harry;Pärna;06.08.1986;M;38608060806;Aseri, Ida-Virumaa
Elvis;Karpov;26.07.1961;M;36107264373;Are, Pärnumaa
Julia;Drozdov;07.05.1993;N;49305072608;Tudulinna, Ida-Virumaa
Alex;Vasiliev;05.10.1968;M;36810057461;Kuusalu, Harjumaa
Ann;Jürisson;18.02.1960;N;46002187854;Misso, Võrumaa
Egon;Heinsoo;30.08.1964;M;36408300253;Sääse, Lääne-Virumaa
Eva;Paap;17.06.1974;N;47406172837;Roela, Lääne-Virumaa
Eerika;Jalakas;27.03.2003;N;60303271297;Hulja, Lääne-Virumaa
Liia;Mets;25.11.1985;N;48511251325;Tõstamaa, Pärnumaa
Tiiu;Kass;15.11.1999;N;49911150433;Suure-Jaani, Viljandimaa
Margaret;Laas;06.04.1975;N;47504064395;Suure-Jaani, Viljandimaa
Valerija;Saar;04.04.2001;N;60104046500;Lüganuse, Ida-Virumaa
Gabriel;Loginov;19.02.1962;M;36202198579;Kanepi, Põlvamaa
Vlada;Käär;15.07.1971;N;47107157443;Ramsi, Viljandimaa
Simone;Kivimäe;10.10.1998;N;49810103070;Tallinn, Harjumaa
Merike;Jänes;14.07.1990;N;49007148132;Kärdla, Hiiumaa
Yana;Randmaa;06.02.1996;N;49602066357;Orissaare, Saaremaa
Anastassia;Põldma;19.01.1978;N;47801198932;Varnja, Tartumaa
Semjon;Lokk;27.04.2004;M;50404271639;Aseri, Ida-Virumaa
Valdur;Laas;21.11.1968;M;36811212127;Salme, Saaremaa
Geir;Filippov;21.10.2005;M;50510217430;Õisu, Viljandimaa
Andris;Leis;10.04.1975;M;37504103428;Tõravere, Tartumaa
Anne-Ly;Kuusik;10.08.1984;N;48408105483;Mäetaguse, Ida-Virumaa
Deily;Tarassov;01.10.1964;N;46410010388;Mehikoorma, Tartumaa
Ines;Ruus;23.08.2001;N;60108239928;Are, Pärnumaa
Jelizaveta;Sarap;13.01.2007;N;60701131377;Antsla, Võrumaa
Ljubov;Sarv;11.04.1997;N;49704116670;Mäetaguse, Ida-Virumaa
Kaur;Tilk;29.06.1968;M;36806299011;Võhma, Viljandimaa
Rebekka;Powell;13.02.1984;N;48402135874;Kõrgessaare, Hiiumaa
Kristen;Ševtšenko;12.10.1968;M;36810122427;Kuusiku, Raplamaa
Alfred;Reimann;28.11.1968;M;36811288280;Järva-Jaani, Järvamaa
Kirill;Sidorov;06.01.1992;M;39201066906;Lähte, Tartumaa
Kristiine;Nuut;24.08.1965;N;46508245218;Häädemeeste, Pärnumaa
Heli;Maksimov;26.02.1993;N;49302268425;Roela, Lääne-Virumaa
Viljar;Raamat;25.01.1968;M;36801250754;Ülenurme, Tartumaa
Arkadi;Lumiste;24.07.1980;M;38007243235;Hagudi, Raplamaa
Marken;Mann;05.07.1998;M;39807056933;Tõrva, Valgamaa
Frank;Kask;25.03.1992;M;39203250601;Kilingi-Nõmme, Pärnumaa
Hanna-Liisa;Viks;20.12.1992;N;49212203553;Rakke, Lääne-Virumaa
Robin;Luht;12.10.1990;M;39010128997;Virtsu, Läänemaa
Meriliis;Komarov;16.04.2000;N;60004162533;Narva, Ida-Virumaa
Ivika;Herodes;22.01.1980;N;48001228580;Vinni, Lääne-Virumaa
Kristopher;Hunt;02.04.1980;M;38004029107;Tori, Pärnumaa
Hans-Kristjan;Loginov;26.07.1984;M;38407264889;Laatre, Valgamaa
Keitlin;Leht;09.12.2006;N;60612094530;Kasepää, Tartumaa
Anne-Ly;Orlov;23.06.1972;N;47206233642;Luige, Harjumaa
Alex;Afanasjev;02.01.1994;M;39401028948;Ämari, Harjumaa
Liisbet;Raud;27.11.1970;N;47011279525;Hageri, Raplamaa
Lisa;Lapin;30.06.1993;N;49306300581;Sangaste, Valgamaa
Aili;Nurm;08.05.1997;N;49705088278;Roosna-Alliku, Järvamaa
Marco;Põder;02.03.2001;M;50103020406;Mustla, Viljandimaa
Marcus;Lill;26.07.1990;M;39007262873;Veriora, Põlvamaa
Ervin;Roosileht;11.02.1964;M;36402115215;Kihelkonna, Saaremaa
Nika;Kapp;15.01.1976;N;47601157120;Siimusti, Jõgevamaa
Ako;Drozdov;07.07.2005;M;50507075434;Audru, Pärnumaa
Reimo;Loorits;26.01.1972;M;37201262774;Suure-Jaani, Viljandimaa
Nadezda;Jakobson;27.08.2004;N;60408275160;Tootsi, Pärnumaa
Holger;Orav;01.10.1977;M;37710011122;Kallaste, Tartumaa
Hans Erik;Kiis;01.03.1997;M;39703016540;Turba, Harjumaa
Henri;Kroon;17.02.1991;M;39102179679;Kolkja, Tartumaa
Tuuli;Põdra;08.03.1971;N;47103086769;Sillamäe, Ida-Virumaa
Brigita;Frolov;12.05.1982;N;48205128741;Mooste, Põlvamaa
Tanel;Mandel;08.03.1961;M;36103083356;Antsla, Võrumaa
Imre;Popov;11.01.1983;M;38301118806;Kiltsi, Lääne-Virumaa
Erika;Valk;26.01.1993;N;49301265527;Olustvere, Viljandimaa
Helene;Aavik;04.02.1987;N;48702045305;Järvakandi, Raplamaa
Varvara;Randoja;30.07.2008;N;60807301155;Puurmani, Jõgevamaa
Eva;Sorokin;28.03.2002;N;60203288498;Püssi, Ida-Virumaa
Annaliis;Roots;14.06.2007;N;60706145137;Rapla, Raplamaa
Marily;Rebane;31.12.1977;N;47712317819;Kehra, Harjumaa
Enri;Valge;01.07.1983;M;38307014374;Paide, Järvamaa
Peeter;Kroon;29.04.1996;M;39604295297;Kose, Harjumaa
Sandro;Kadak;19.02.1965;M;36502195741;Vaida, Harjumaa
Sirle;Sarap;01.10.2007;N;60710019143;Viiratsi, Viljandimaa
Hans-Kristjan;Gusev;17.03.1971;M;37103170236;Kambja, Tartumaa
Madli;Poom;19.01.1977;N;47701194552;Rummu, Harjumaa
Tairi;Paas;29.05.1975;N;47505293386;Põlva, Põlvamaa
Riho;Gontšarov;29.11.2004;M;50411295712;Loksa, Harjumaa
Alo;Allik;07.10.1978;M;37810077341;Tamsalu, Lääne-Virumaa
Karl Robert;Raadik;30.01.1964;M;36401309691;Helme, Valgamaa
Kermo;Semenov;05.02.1983;M;38302053047;Tapa, Lääne-Virumaa
Elari;Mikk;01.08.2005;M;50508014455;Ülenurme, Tartumaa
Kristiina;Oks;20.03.2007;N;60703207720;Lepna, Lääne-Virumaa
Markos;Miller;11.02.1990;M;39002113715;Ramsi, Viljandimaa
Oksana;Paas;11.11.1996;N;49611116218;Eidapere, Raplamaa
Janis;Jalakas;12.02.1989;M;38902128912;Aravete, Järvamaa
Xenia;Vahtra;14.07.1965;N;46507144625;Kõrveküla, Tartumaa
Karl Jakob;Raud;17.09.1963;M;36309176074;Kohila, Raplamaa
Jevgenia;Teearu;21.09.1987;N;48709214438;Kose, Võrumaa
Marika;Mändla;28.08.1992;N;49208281043;Luunja, Tartumaa
Kerly;Tarassov;21.08.2008;N;60808218829;Kureküla, Tartumaa
Randel;Jefimov;31.01.1992;M;39201313431;Jüri, Harjumaa
Filipp;Reinke;17.06.1972;M;37206170755;Puka, Valgamaa
Konstantin;Volkov;11.04.1963;M;36304114372;Aste, Saaremaa
Maarit;Randmaa;07.07.1962;N;46207076271;Lähte, Tartumaa
Marin;Andreev;05.07.1992;N;49207055764;Lohusuu, Ida-Virumaa
Kairit;Sirel;29.06.1994;N;49406293555;Audru, Pärnumaa
Signe;Mölder;08.03.1991;N;49103089664;Tõstamaa, Pärnumaa
Anfissa;Piir;18.02.2000;N;60002185140;Aravete, Järvamaa
Janno;Pärna;22.10.2005;M;50510221155;Virtsu, Läänemaa
Irena;Põder;05.07.1997;N;49707052897;Kohtla-Järve, Ida-Virumaa
Robin;Erm;12.09.1960;M;36009127488;Tapa, Lääne-Virumaa
Nora;Volkov;22.05.1999;N;49905224456;Tõrvandi, Tartumaa
Raul;Novikov;18.02.1972;M;37202189922;Jõgeva, Jõgevamaa
Stefan;Jeršov;28.04.1968;M;36804289104;Are, Pärnumaa
Marje;Antonov;09.09.2002;N;60209099774;Puka, Valgamaa
Silva;Sarv;16.06.1977;N;47706161108;Mustla, Viljandimaa
Jessica;Mürk;11.11.1983;N;48311116301;Kehra, Harjumaa
Taavo;Järvesaar;21.04.1970;M;37004212811;Veriora, Põlvamaa
Heiki;Jõgi;11.10.1976;M;37610113077;Väätsa, Järvamaa
Jessica;Piho;10.11.1964;N;46411104550;Kihelkonna, Saaremaa
Kreete;Mägi;16.10.2001;N;60110167959;Kaiu, Raplamaa
Karmel;Bõstrov;13.10.1998;N;49810137922;Vändra, Pärnumaa
Anne-Mai;Ader;29.01.1993;N;49301292947;Ramsi, Viljandimaa
Viktorija;Mihhailov;13.04.1977;N;47704135835;Parksepa, Võrumaa
Gerdo;Oras;24.09.1988;M;38809242532;Peetri, Järvamaa
Ursula;Roos;02.12.1985;N;48512020488;Aegviidu, Harjumaa
Merje;Jalakas;20.09.1979;N;47909205886;Harku, Harjumaa
Artyom;Baranov;26.07.1989;M;38907263044;Rapla, Raplamaa
Herman;Käär;28.07.1963;M;36307287436;Kambja, Tartumaa
Ayrton;Kriisa;11.05.1975;M;37505114565;Torma, Jõgevamaa
Sergey;Kink;07.04.2005;M;50504077635;Alu, Raplamaa
Roman;Vähi;08.04.1985;M;38504084229;Lehtse, Lääne-Virumaa
Birgit;Orav;08.03.2004;N;60403087435;Kuusiku, Raplamaa
Karl Marten;Kallas;19.07.2002;M;50207196423;Vinni, Lääne-Virumaa
Jarmo;Kuuse;07.09.1963;M;36309077856;Voka, Ida-Virumaa
Uljana;Valge;22.12.2006;N;60612226631;Voka, Ida-Virumaa
Oliver;Laan;25.09.1965;M;36509253225;Sääse, Lääne-Virumaa
Reigo;Pärn;18.04.1964;M;36404182697;Tõstamaa, Pärnumaa
Riko;Kaasik;02.11.1971;M;37111024114;Klooga, Harjumaa
Roomet;Viira;06.11.1968;M;36811068866;Karksi-Nuia, Viljandimaa
Timmo;Pärnpuu;11.02.1996;M;39602110161;Vinni, Lääne-Virumaa
Edvard;Dmitriev;09.03.1978;M;37803093081;Rannu, Tartumaa
Enri;Abramov;21.09.1978;M;37809218965;Võru, Võrumaa
Airi;Paap;18.12.1977;N;47712185198;Põlva, Põlvamaa
Aare;Tuulik;15.01.1980;M;38001159763;Kaiu, Raplamaa
Karoliine;Vinogradov;21.08.2004;N;60408218075;Paralepa, Läänemaa
Sebastian;Orlov;25.05.1994;M;39405256577;Kõrveküla, Tartumaa
Polina;Fedorov;16.02.1984;N;48402169900;Türi, Järvamaa
Epp;Sidorov;12.09.2001;N;60109120916;Märja, Tartumaa
Simone;Sergejev;28.12.2005;N;60512289567;Ravila, Harjumaa
Vadim;Klavan;13.03.1985;M;38503131417;Raasiku, Harjumaa
Ain;Lääne;10.01.2000;M;50001102475;Lähte, Tartumaa
Janis;Iljin;10.03.1979;M;37903102122;Aste, Saaremaa
Kadri;Kozlov;01.09.1976;N;47609011248;Kohtla-Nõmme, Ida-Virumaa
Natalja;Vill;24.06.1976;N;47606242284;Vändra, Pärnumaa
Valerija;Soon;18.06.1998;N;49806188971;Lehtse, Lääne-Virumaa
Juss;Hoffmann;09.04.2008;M;50804092321;Mäetaguse, Ida-Virumaa
Heli;Bell;30.03.1969;N;46903306654;Tamsalu, Lääne-Virumaa
Nika;Gerassimov;25.04.1979;N;47904250526;Rakvere, Lääne-Virumaa
Helis;Piir;21.03.1988;N;48803216321;Rummu, Harjumaa
Lotta;Aavik;29.09.1993;N;49309293313;Luige, Harjumaa
Piia;Vlassov;23.12.1963;N;46312232235;Aste, Saaremaa
Diana;Tuul;25.09.1990;N;49009259899;Äksi, Tartumaa
Simmo;Põdra;26.01.1960;M;36001262161;Lavassaare, Pärnumaa
Hanna-Liisa;Ploom;08.12.1978;N;47812089273;Kudjape, Saaremaa
Janis;Pärtel;25.04.1988;M;38804257428;Eidapere, Raplamaa
Anabel;Koval;20.05.1973;N;47305209350;Tudu, Lääne-Virumaa
Kuldar;Denissov;13.10.2006;M;50610134190;Sindi, Pärnumaa
Viktor;Raudsepp;08.08.1962;M;36208089380;Roosna-Alliku, Järvamaa
Ranel;Kangro;16.07.1962;M;36207163133;Õru, Valgamaa
Gregor;Paal;11.10.1971;M;37110113674;Kolkja, Tartumaa
Marin;Kaljula;03.04.1995;N;49504030355;Nõo, Tartumaa
Evelyn;Kivistik;28.06.1983;N;48306283436;Ravila, Harjumaa
Raimond;Danilov;14.06.2001;M;50106141283;Võru, Võrumaa
Matvei;Lass;11.12.1976;M;37612110918;Puhja, Tartumaa
Elisa;Soosalu;30.05.1964;N;46405303916;Tõstamaa, Pärnumaa
Karolina;Rebane;06.01.1990;N;49001069436;Valjala, Saaremaa
Hendrik;Laht;16.11.1975;M;37511162638;Kiviõli, Ida-Virumaa
Eva Lotta;Alas;22.01.1988;N;48801223848;Valga, Valgamaa
Reelika;Fjodorov;15.01.1973;N;47301153371;Kostivere, Harjumaa
Dan;Käär;01.07.1960;M;36007016040;Väätsa, Järvamaa
Marielle;Baranov;11.11.1966;N;46611111154;Loo, Harjumaa
Age;Kozlov;28.11.1982;N;48211285521;Varnja, Tartumaa
Aleksandr;Kasak;18.06.1971;M;37106186572;Kasepää, Tartumaa
Victoria;Käärik;16.02.2001;N;60102165168;Palivere, Läänemaa
Sigrid;Korol;23.05.1988;N;48805238282;Näpi, Lääne-Virumaa
Helena;Vasiliev;07.07.1992;N;49207076898;Mustla, Viljandimaa
Margot;Käär;05.11.1962;N;46211052048;Roiu, Tartumaa
Isabel;Maslov;24.05.1971;N;47105244284;Tõrvandi, Tartumaa
Ave;Mädamürk;04.09.1972;N;47209043465;Maardu, Harjumaa
Maire;Drozdov;16.06.1965;N;46506162655;Rõngu, Tartumaa
Heili;Timofejev;30.05.1973;N;47305300569;Tõstamaa, Pärnumaa
Rain;Sander;26.10.1967;M;36710269592;Tõstamaa, Pärnumaa
Ingrid;Unt;14.06.1994;N;49406146774;Tõravere, Tartumaa
Lisbeth;Uibo;07.05.1975;N;47505075059;Suure-Jaani, Viljandimaa
Peep;Green;07.10.2001;M;50110078461;Kiviõli, Ida-Virumaa
Geili;Koval;24.02.1988;N;48802240334;Olgina, Ida-Virumaa
Raimond;Meister;31.01.1999;M;39901315834;Toila, Ida-Virumaa
Krista;Säde;30.04.1962;N;46204305856;Sillamäe, Ida-Virumaa
Margarita;Hanson;10.01.1970;N;47001105428;Kunda, Lääne-Virumaa
Marlon;Tooming;28.11.1982;M;38211284163;Ramsi, Viljandimaa
Karoliine;Järv;02.04.1977;N;47704021520;Elva, Tartumaa
Heidy;Nõmmik;07.01.1986;N;48601072846;Siimusti, Jõgevamaa
Raili;Tamme;13.09.1994;N;49409136270;Ahja, Põlvamaa
Rünno;Sööt;14.11.2000;M;50011141201;Hummuli, Valgamaa
Liisi;Kaljuste;30.07.2002;N;60207303187;Rakvere, Lääne-Virumaa
Tuuli;Õun;05.04.1985;N;48504050030;Valjala, Saaremaa
Tatjana;Laks;09.01.1997;N;49701099682;Käärdi, Tartumaa
Tenno;Kivi;14.01.2000;M;50001148514;Loo, Harjumaa
Janete;Liblik;07.07.2000;N;60007070671;Keila, Harjumaa
Alika;Grigorieva;18.11.1996;N;49611183983;Tabivere, Jõgevamaa
Ege;Laht;31.08.1979;N;47908319763;Kasepää, Tartumaa
Renar;Melnik;31.01.1994;M;39401315078;Hummuli, Valgamaa
Sten Martin;Ivanov;09.12.2005;M;50512092639;Iisaku, Ida-Virumaa
Gertu;Mandel;10.08.1964;N;46408108251;Kostivere, Harjumaa
Anžela;Adamson;19.06.1981;N;48106190421;Kangru, Harjumaa
Sanna;Kütt;13.01.1969;N;46901135939;Vasalemma, Harjumaa
Kennet;Saare;02.03.1960;M;36003028041;Olgina, Ida-Virumaa
Rauno;Tiik;10.07.1991;M;39107105437;Keava, Raplamaa
Hedi;Hallik;05.02.1964;N;46402054231;Paikuse, Pärnumaa
Erkki;Solovjov;28.12.1961;M;36112285700;Vändra, Pärnumaa
Karli;Mikk;29.11.1984;M;38411294409;Uuemõisa, Läänemaa
Victoria;Kalm;28.05.1988;N;48805281651;Mõisaküla, Viljandimaa
Marita;Sibul;05.01.1998;N;49801053796;Paide, Järvamaa
Taavet;Fedorov;01.01.1986;M;38601018859;Vastseliina, Võrumaa
Kerli;Ernits;06.07.1963;N;46307061635;Püssi, Ida-Virumaa
Jevgeni;Gromov;18.11.1989;M;38911183424;Luunja, Tartumaa
Deivid;Ojaste;05.01.2002;M;50201057596;Kiltsi, Lääne-Virumaa
Kenet;Kissa;17.12.1967;M;36712178508;Valga, Valgamaa
Ingel;Palm;09.07.1986;N;48607091239;Viiratsi, Viljandimaa
Lev;Baranov;21.08.1980;M;38008212091;Viljandi, Viljandimaa
Teet;Sergejev;16.06.2000;M;50006168440;Kehtna, Raplamaa
Älis;Nõmm;09.04.1963;N;46304091941;Sääse, Lääne-Virumaa
Nikol;Kask;21.04.1978;N;47804216789;Lehtse, Lääne-Virumaa
Hans-Kristjan;Kass;30.11.1980;M;38011305932;Kiisa, Harjumaa
Elena;Mäesalu;21.09.1965;N;46509215348;Luige, Harjumaa
Raido;Kirs;09.10.1964;M;36410097057;Kolga-Jaani, Viljandimaa
Karmo;Mikk;01.05.1995;M;39505019441;Pajusti, Lääne-Virumaa
Viktor;Saar;09.11.1974;M;37411094165;Turba, Harjumaa
Viivika;Raid;20.05.1967;N;46705207033;Kose, Harjumaa
Aliise;Žuravljov;28.09.2000;N;60009288261;Järva-Jaani, Järvamaa
Annabel;Sillaste;12.12.2001;N;60112120840;Avinurme, Ida-Virumaa
Kreete;Tamberg;12.04.2007;N;60704128274;Sõmeru, Lääne-Virumaa
Mattis;Kant;19.09.1980;M;38009195331;Iisaku, Ida-Virumaa
Elar;Laur;11.06.1980;M;38006115213;Tudu, Lääne-Virumaa
Rebekka;Mitt;13.04.1986;N;48604130710;Kolkja, Tartumaa
Raigo;Arrak;12.07.2005;M;50507126555;Tabasalu, Harjumaa
Artjom;Filippov;20.04.1965;M;36504207046;Kuremaa, Jõgevamaa
Kaido;Soo;22.06.1969;M;36906228620;Kadrina, Lääne-Virumaa
Oksana;Raadik;13.08.2005;N;60508132109;Jõgeva, Jõgevamaa
Fredi;Gavrilov;03.03.1997;M;39703033648;Mustla, Viljandimaa
Helene;Nurm;14.12.1992;N;49212140406;Aruküla, Harjumaa
Eike;Vaino;05.08.1978;N;47808057478;Käina, Hiiumaa
Teele;Makarov;08.08.1973;N;47308080439;Tudulinna, Ida-Virumaa
Lidia;Anton;20.12.1995;N;49512200369;Sõmeru, Lääne-Virumaa
Kaupo;Aas;26.06.1970;M;37006262949;Tori, Pärnumaa
Nele;Kink;12.12.1965;N;46512125843;Väimela, Võrumaa
Mirelle;Gusev;25.05.1987;N;48705256120;Tartu, Tartumaa
Karl-Eerik;Mitt;24.04.1999;M;39904240666;Viru-Nigula, Lääne-Virumaa
Kristopher;Žukov;26.04.1965;M;36504263923;Kohtla-Järve, Ida-Virumaa
Carina;Konstantinov;08.11.1980;N;48011083790;Väike-Maarja, Lääne-Virumaa
Marlen;Denissov;03.12.2007;N;60712031944;Tartu, Tartumaa
Aivar;Maack;10.08.1974;M;37408104904;Mustvee, Jõgevamaa
Maiko;Kivi;28.02.1963;M;36302282095;Virtsu, Läänemaa
Joel;Bõstrov;30.06.1991;M;39106301779;Rannu, Tartumaa
Alisa;Romanov;09.09.1962;N;46209090314;Puurmani, Jõgevamaa
Edvin;Lapin;16.09.2002;M;50209169938;Harku, Harjumaa
Mirjam;Saar;06.01.1965;N;46501060149;Vana-Antsla, Võrumaa
Toni;Denissov;29.11.1984;M;38411297049;Kuusalu, Harjumaa
Stenver;Ojaste;21.01.1990;M;39001215775;Tõravere, Tartumaa
Sireli;Tammik;04.08.1986;N;48608045416;Vändra, Pärnumaa
Hannes;Vorobjov;05.11.2002;M;50211056661;Misso, Võrumaa
Margo;Põld;20.04.2004;M;50404206401;Kose-Uuemõisa, Harjumaa
Sirli;Lang;14.10.2002;N;60210140157;Kostivere, Harjumaa
Frederik;Mäesalu;22.07.1982;M;38207224513;Karksi-Nuia, Viljandimaa
Markel;Koval;11.04.1961;M;36104116084;Kuremaa, Jõgevamaa
Arina;Saare;01.12.1981;N;48112019087;Haapsalu, Läänemaa
Lisete;Konovalov;17.01.1978;N;47801177527;Vaida, Harjumaa
Karoliine;Peterson;06.07.2003;N;60307067179;Kallaste, Tartumaa
Kaileen;Klimov;31.12.1963;N;46312315600;Voka, Ida-Virumaa
Merilyn;Sarv;31.10.1987;N;48710317564;Nasva, Saaremaa
Jekaterina;Kesküla;07.12.1997;N;49712070838;Salme, Saaremaa
Valeriya;Kirss;11.07.1990;N;49007112841;Pajusti, Lääne-Virumaa
Gustav;Uus;28.05.1991;M;39105283934;Risti, Läänemaa
Xenia;Friedman;20.01.1977;N;47701208191;Sillamäe, Ida-Virumaa
Ellen;Käärik;27.04.1996;N;49604270658;Vinni, Lääne-Virumaa
Caspar;Kulikov;19.01.1999;M;39901191893;Vastse-Kuuste, Põlvamaa
Jan Markus;Lõhmus;20.10.1963;M;36310201908;Parksepa, Võrumaa
Karl-Erik;Kallas;12.11.1985;M;38511126993;Sindi, Pärnumaa
Enelin;Kuzmin;13.04.1962;N;46204138423;Ilmatsalu, Tartumaa
Elise;Pent;21.02.1972;N;47202211642;Keila-Joa, Harjumaa
Karl Kristjan;Zaitsev;25.12.2004;M;50412253645;Loo, Harjumaa
Karel;Lang;28.04.1998;M;39804280003;Hummuli, Valgamaa
Kert;Karpova;28.07.1962;M;36207285891;Narva, Ida-Virumaa
Alexandra;Moor;24.12.1965;N;46512246529;Tallinn, Harjumaa
Regiina;Pihlak;22.04.1991;N;49104226863;Rakke, Lääne-Virumaa
Gertrud;Poom;04.02.1972;N;47202044291;Kohila, Raplamaa
Alla;Kesküla;20.02.1974;N;47402203003;Vastse-Kuuste, Põlvamaa
Liis;Lukin;22.06.1985;N;48506221906;Rummu, Harjumaa
Vivian;Täht;26.01.2002;N;60201264001;Põltsamaa, Jõgevamaa
Viivika;Piir;29.08.2008;N;60808298493;Käravete, Järvamaa
Kristian;Ojaste;05.12.2003;M;50312059297;Lelle, Raplamaa
Anna Maria;Kiik;10.08.1994;N;49408100820;Harku, Harjumaa
Ron;Mandel;25.04.1977;M;37704258931;Simuna, Lääne-Virumaa
Liia;Tamberg;20.12.1972;N;47212200360;Keila-Joa, Harjumaa
Maiu;Sarv;28.03.1967;N;46703283886;Puhja, Tartumaa
Carl;Jõgi;16.11.1979;M;37911167530;Kuusalu, Harjumaa
Andero;Kirs;20.11.1973;M;37311207353;Kihelkonna, Saaremaa
Annaliisa;Fedorov;15.06.1977;N;47706158327;Väätsa, Järvamaa
Olga;Fjodorov;05.03.2008;N;60803059115;Nasva, Saaremaa
Ahto;Abel;01.07.1962;M;36207010120;Põlva, Põlvamaa
Liisa;Lind;04.09.2005;N;60509046597;Palivere, Läänemaa
Jane-Ly;Kukk;07.10.1998;N;49810076517;Kobela, Võrumaa
Kristine;Hansen;04.01.1976;N;47601046234;Kose-Uuemõisa, Harjumaa
Birgit;Nuut;12.08.1990;N;49008125354;Võiste, Pärnumaa
Jaagup;Vahter;02.03.1986;M;38603026887;Rummu, Harjumaa
Arlet;Kirillov;10.01.1998;M;39801109268;Mustvee, Jõgevamaa
Eike;Salumäe;26.11.1987;N;48711265981;Paide, Järvamaa
Alika;Muru;08.05.1960;N;46005083558;Taebla, Läänemaa
Rahel;Mitt;27.08.1994;N;49408271185;Tudulinna, Ida-Virumaa
Renee;Uibo;03.06.1979;M;37906032258;Kõrveküla, Tartumaa
Magnar;Sobolev;24.06.1994;M;39406249223;Kohila, Raplamaa
Aleksandra;Uus;16.03.1990;N;49003169968;Taebla, Läänemaa
Maarja-Liis;Käärik;11.08.1966;N;46608119429;Koeru, Järvamaa
Julia;Silm;04.11.2003;N;60311042147;Värska, Põlvamaa
Sabrina;Aun;17.01.1990;N;49001170679;Kiviõli, Ida-Virumaa
Rebekka;Rüütel;15.01.1965;N;46501154107;Kuremaa, Jõgevamaa
Marita;Lepp;30.07.1973;N;47307301066;Kilingi-Nõmme, Pärnumaa
Marita;Teearu;23.08.1963;N;46308234534;Käärdi, Tartumaa
Evelin;Luts;12.05.1972;N;47205124017;Kiiu, Harjumaa
Simon;Tuulik;17.10.1986;M;38610176938;Paldiski, Harjumaa
Einar;Villemson;10.01.1993;M;39301100704;Taebla, Läänemaa
Toni;Alas;11.01.1967;M;36701118268;Viimsi, Harjumaa
Marina;Kikas;28.09.1972;N;47209289759;Toila, Ida-Virumaa
Elery;Malõšev;30.08.1966;N;46608301455;Erra, Ida-Virumaa
Älis;Martin;21.05.1966;N;46605219262;Rakvere, Lääne-Virumaa
Rebecca;Pruul;28.11.1990;N;49011289723;Väätsa, Järvamaa
Rasmus;Nuut;15.12.1973;M;37312153726;Kohtla-Nõmme, Ida-Virumaa
Katrina;Raudsepp;10.03.1999;N;49903102042;Ülenurme, Tartumaa
Ursula;Frolov;12.09.1970;N;47009124621;Loksa, Harjumaa
Tõnu;Kilk;21.01.1964;M;36401213497;Eidapere, Raplamaa
Daisi;Vaino;12.05.1966;N;46605126659;Sääse, Lääne-Virumaa
Joanna;Ignatjev;17.06.1972;N;47206170990;Väike-Maarja, Lääne-Virumaa
Juri;Kaljuvee;07.11.1969;M;36911072137;Simuna, Lääne-Virumaa
Alexandra;Tsvetkov;12.04.1986;N;48604124136;Tapa, Lääne-Virumaa
Oliver;Vaher;28.01.1980;M;38001281106;Kohila, Raplamaa
Agnes;Paju;18.09.2000;N;60009183655;Sõmerpalu, Võrumaa
Elizabet;Poljakov;06.03.1999;N;49903060319;Sillamäe, Ida-Virumaa
Melany;Sokk;15.02.1962;N;46202150561;Paide, Järvamaa
Hannes;Hansen;16.04.1976;M;37604161504;Jõgeva, Jõgevamaa
Maarika;Must;10.05.2006;N;60605104902;Kilingi-Nõmme, Pärnumaa
Renate;Kass;27.08.1975;N;47508270753;Särevere, Järvamaa
Eike;Ignatjev;03.10.1997;N;49710039400;Rummu, Harjumaa
Laureen;Siim;26.05.1990;N;49005262112;Sääse, Lääne-Virumaa
Gennadi;Roos;25.03.1965;M;36503253807;Narva-Jõesuu, Ida-Virumaa
Victoria;Kilk;31.05.1969;N;46905311755;Kärla, Saaremaa
Vlad;Mercklin;01.08.1982;M;38208013977;Põlva, Põlvamaa
Ayrton;Vahter;31.01.1966;M;36601313842;Õru, Valgamaa
Katrin;Korol;31.03.1971;N;47103310552;Kiltsi, Lääne-Virumaa
Kreete;Kikkas;11.02.1977;N;47702116608;Häädemeeste, Pärnumaa
Valeria;Viik;26.05.1991;N;49105263927;Mõisaküla, Viljandimaa
Ermo;Fedorov;31.10.1971;M;37110310908;Viljandi, Viljandimaa
Alesja;Kool;12.09.1968;N;46809127907;Kose-Uuemõisa, Harjumaa
Julius;Saare;17.02.1960;M;36002174555;Raasiku, Harjumaa
Gerly;Nurm;24.02.1976;N;47602248584;Eidapere, Raplamaa
Renee;Hõbe;25.04.2000;M;50004254631;Suure-Jaani, Viljandimaa
Sandro;Suvi;09.06.2003;M;50306093458;Tõravere, Tartumaa
Tambet;Roosileht;16.01.1984;M;38401161951;Võru, Võrumaa
Saveli;Ignatjev;26.04.1993;M;39304267107;Luunja, Tartumaa
Silvia;Jõgi;24.02.1963;N;46302249182;Paide, Järvamaa
Karl-Kristjan;Mäeots;23.02.1983;M;38302239978;Helme, Valgamaa
Arkadi;Gontšarov;03.06.1997;M;39706036957;Sillamäe, Ida-Virumaa
Ruslan;Siim;17.11.1983;M;38311178210;Võsu, Lääne-Virumaa
Nelli;Melnik;19.01.1991;N;49101191845;Lepna, Lääne-Virumaa
Angelina;Lokk;23.06.1971;N;47106235207;Tammiku, Ida-Virumaa
Tairo;Pärn;19.07.2007;M;50707192421;Järva-Jaani, Järvamaa
Kadi;Krõlov;28.05.1973;N;47305283666;Otepää, Valgamaa
Vassili;Kiis;07.09.1984;M;38409072235;Lähte, Tartumaa
Elise;Ojala;03.04.2003;N;60304030742;Abja-Paluoja, Viljandimaa
Sandra;Lauri;10.12.1964;N;46412108560;Narva, Ida-Virumaa
Meribel;Kirsipuu;05.03.1999;N;49903051793;Hulja, Lääne-Virumaa
Ketly;Nuut;01.07.1974;N;47407010445;Aste, Saaremaa
Reiko;Kõiv;21.08.2004;M;50408219500;Klooga, Harjumaa
Johannes;Kikas;14.11.1993;M;39311146418;Ülenurme, Tartumaa
Anet;Lotman;24.04.2005;N;60504244280;Aruküla, Harjumaa
Meribel;Jermakov;28.09.2007;N;60709283220;Türi, Järvamaa
Jan Erik;Paju;02.06.1990;M;39006028301;Ämari, Harjumaa
Ekaterina;Orlov;23.12.1966;N;46612238089;Erra, Ida-Virumaa
Kaidar;Lumiste;31.03.1994;M;39403310716;Abja-Paluoja, Viljandimaa
Mariel;Kiik;21.05.2004;N;60405216728;Lelle, Raplamaa
Melissa;Mölder;25.10.2005;N;60510258931;Varnja, Tartumaa
Frank;Põldmaa;26.05.1961;M;36105260382;Kallaste, Tartumaa
Katerina;Hansen;28.08.2002;N;60208289622;Tõrvandi, Tartumaa
Carlos;Jõesaar;10.08.2005;M;50508108976;Suure-Jaani, Viljandimaa
Christian;Annus;26.01.1973;M;37301262761;Kõrveküla, Tartumaa
Mairon;Nurm;12.01.1974;M;37401123952;Valga, Valgamaa
Alesja;Alekseev;18.04.1977;N;47704189223;Kose, Võrumaa
Ago;Truu;28.04.1982;M;38204280763;Kolkja, Tartumaa
Teet;Lepik;01.12.2008;M;50812017126;Paikuse, Pärnumaa
Johan;Trei;16.05.1979;M;37905163645;Viljandi, Viljandimaa
Sandro;Kukk;29.07.1998;M;39807290085;Kõrgessaare, Hiiumaa
Adeele;Tuul;06.02.1969;N;46902064348;Kostivere, Harjumaa
Pavel;Kondratjev;19.10.2004;M;50410190634;Haapsalu, Läänemaa
Signe;Kikkas;11.03.1990;N;49003118886;Laatre, Valgamaa
Jesper;Anton;21.03.1968;M;36803219274;Lähte, Tartumaa
Merje;Panov;18.08.1998;N;49808188490;Mustvee, Jõgevamaa
Margus;Ruus;12.10.1976;M;37610125191;Sangaste, Valgamaa
Veronika;Sarv;27.08.1988;N;48808277643;Paldiski, Harjumaa
Marco;Raja;10.05.1962;M;36205101990;Hageri, Raplamaa
Jevgenia;Talts;29.11.1986;N;48611296569;Viru-Nigula, Lääne-Virumaa
Morten;Panov;18.11.1984;M;38411181833;Rakke, Lääne-Virumaa
Liisbet;Kelder;05.02.1998;N;49802051258;Laatre, Valgamaa
Merilin;Lääne;03.02.1998;N;49802039016;Roela, Lääne-Virumaa
Aleksandra;Rosin;29.12.1980;N;48012292258;Torma, Jõgevamaa
Carmel;Zaitsev;21.07.1969;N;46907218806;Lihula, Läänemaa
Eliisabeth;Nurm;18.06.1961;N;46106187088;Varstu, Võrumaa
Vivian;Laks;07.06.1998;N;49806071119;Jõgeva, Jõgevamaa
Enri;Kiis;10.06.1996;M;39606103327;Sindi, Pärnumaa
Sirli;Laas;01.05.1971;N;47105011452;Vasalemma, Harjumaa
Melany;Raud;31.10.1977;N;47710312762;Keava, Raplamaa
Anti;Järv;27.07.1965;M;36507277609;Saku, Harjumaa
Inger;Tammik;02.03.2001;N;60103020200;Tõravere, Tartumaa
Marion;Romanov;15.11.1965;N;46511152686;Jõgeva, Jõgevamaa
Adele;Männiste;23.09.1973;N;47309234181;Kallaste, Tartumaa
Talis;Karu;15.11.1977;M;37711155360;Jõhvi, Ida-Virumaa
Stefani;Talts;14.05.1973;N;47305141798;Lepna, Lääne-Virumaa
Tormi;Järvekülg;22.06.1975;M;37506229325;Kose, Võrumaa
Annela;Ignatjev;11.02.1961;N;46102119456;Riisipere, Harjumaa
Anton;Vaht;03.10.1995;M;39510039975;Prillimäe, Raplamaa
Daaniel;Sööt;24.12.1990;M;39012245809;Oisu, Järvamaa
Inga;Kissa;05.06.1981;N;48106058804;Kose, Harjumaa
Brita;Lepp;13.09.1989;N;48909133278;Taebla, Läänemaa
Tarvo;Maidla;02.11.2003;M;50311026895;Helme, Valgamaa
Nora;Liivak;04.06.1969;N;46906048030;Loo, Harjumaa
Regiina;Aasa;13.08.1964;N;46408133731;Kiili, Harjumaa
Norman;Kivi;24.10.1982;M;38210248188;Toila, Ida-Virumaa
Ülari;Kalmus;18.11.1993;M;39311186149;Rapla, Raplamaa
Kristjan;Käär;03.10.1998;M;39810032922;Ülenurme, Tartumaa
Urmet;Lill;02.03.1961;M;36103024098;Kuusalu, Harjumaa
Vivian;Koitla;02.02.1987;N;48702026175;Võru, Võrumaa
Lennart;Paal;09.09.1987;M;38709097783;Jõgeva, Jõgevamaa
Tobias;Kangur;04.01.1995;M;39501049816;Vinni, Lääne-Virumaa
Vladislav;Maslov;30.05.2001;M;50105305151;Võnnu, Tartumaa
Brigita;Sulg;25.09.1968;N;46809254074;Virtsu, Läänemaa
Silver;Nõmmik;26.08.1971;M;37108269922;Harku, Harjumaa
Ken-Martin;Kont;08.05.1992;M;39205081723;Salme, Saaremaa
Marita;Mitt;08.07.2003;N;60307081619;Viimsi, Harjumaa
Hanna-Liisa;Belov;16.06.1963;N;46306161690;Kolga, Harjumaa
Karlis;Raudsepp;04.12.2005;M;50512047993;Salme, Saaremaa
Jaak;Peterson;04.05.1975;M;37505048970;Väimela, Võrumaa
Arti;Powell;19.08.1993;M;39308191914;Hulja, Lääne-Virumaa
Raili;Salumets;24.08.1970;N;47008249679;Keila-Joa, Harjumaa
Reeli;Lind;17.04.1986;N;48604172833;Kambja, Tartumaa
Keven;Tiits;08.09.1977;M;37709084678;Pärnu, Pärnumaa
Lija;Treier;03.03.2005;N;60503032944;Mõisaküla, Viljandimaa
Rebeca;Kivi;17.06.2004;N;60406179102;Märja, Tartumaa
Martin;Raud;30.12.1996;M;39612303445;Risti, Läänemaa
Carmel;Laane;22.03.1992;N;49203221996;Põltsamaa, Jõgevamaa
Dana;Mänd;25.12.1978;N;47812258001;Ulila, Tartumaa
Karl Gustav;Klimov;06.12.1983;M;38312065353;Sindi, Pärnumaa
Ronaldo;Kink;26.08.1982;M;38208266800;Narva-Jõesuu, Ida-Virumaa
Lisbeth;Komarov;10.02.2000;N;60002100648;Narva-Jõesuu, Ida-Virumaa
Violeta;Vain;02.12.1993;N;49312029761;Maardu, Harjumaa
Jakov;Medvedev;17.03.1988;M;38803175380;Kuremaa, Jõgevamaa
Valeriya;Andreev;11.04.1965;N;46504116734;Jõhvi, Ida-Virumaa
Angelika;Loorits;26.01.2000;N;60001263629;Olustvere, Viljandimaa
Valeria;Salumäe;04.03.1987;N;48703046454;Turba, Harjumaa
Ian;Orlov;01.08.1963;M;36308017720;Vasalemma, Harjumaa
Rauno;Sulg;17.01.1994;M;39401170074;Kärdla, Hiiumaa
Mirko;Allas;20.03.1975;M;37503206605;Jõhvi, Ida-Virumaa
Egle;Gusev;29.11.1994;N;49411290582;Mustvee, Jõgevamaa
Gregori;Mädamürk;01.09.1960;M;36009017937;Prillimäe, Raplamaa
Alissa;Vaino;11.08.1961;N;46108112271;Hagudi, Raplamaa
Kärolin;Kuznetsov;19.03.1973;N;47303193907;Karjaküla, Harjumaa
Teili;Koort;07.05.2006;N;60605072718;Saue, Harjumaa
Aire;Pruul;17.08.1984;N;48408177994;Hulja, Lääne-Virumaa
Alari;Juhanson;13.02.1972;M;37202130924;Rakke, Lääne-Virumaa
Fredi;Õispuu;24.05.1967;M;36705244474;Sadala, Jõgevamaa
Tauri;Lumi;22.10.2001;M;50110223131;Abja-Paluoja, Viljandimaa
Jennifer;Maasik;31.01.1983;N;48301318233;Tallinn, Harjumaa
Kendra;Pavlov;05.10.1968;N;46810051352;Hummuli, Valgamaa
Anastasia;Salumäe;18.05.2005;N;60505182757;Hummuli, Valgamaa
Jako;Davõdov;15.12.1981;M;38112157660;Nasva, Saaremaa
Ilona;Kasemaa;13.12.1982;N;48212135386;Orissaare, Saaremaa
Kaido;Lõhmus;06.08.1993;M;39308062932;Lihula, Läänemaa
Alexandre;Kroon;24.11.1974;M;37411249003;Tamsalu, Lääne-Virumaa
Rahel;Markus;17.12.2001;N;60112173378;Halliste, Viljandimaa
Lev;Hõbe;20.03.1988;M;38803200906;Haapsalu, Läänemaa
Sofja;Taal;15.06.2000;N;60006155914;Kureküla, Tartumaa
Geidi;Ott;09.08.2003;N;60308094161;Leisi, Saaremaa
Janet;Štšerbakov;16.10.1966;N;46610163228;Laagri, Harjumaa
Raigo;Moroz;27.04.2003;M;50304271393;Vastseliina, Võrumaa
Fred;Borissov;21.10.2004;M;50410211144;Järva-Jaani, Järvamaa
Taniel;Jaanson;18.09.1963;M;36309185733;Aste, Saaremaa
Isabel;Sokolov;06.07.2008;N;60807068877;Juuru, Raplamaa
Kristjan;Krõlov;05.11.1992;M;39211059022;Viru-Jaagupi, Lääne-Virumaa
Remo;Kondratjev;26.05.1981;M;38105269265;Ramsi, Viljandimaa
Lilian;Kulikov;01.12.1995;N;49512016295;Klooga, Harjumaa
Ülari;Jõe;29.10.1976;M;37610290136;Räpina, Põlvamaa
Elery;Luts;21.01.1988;N;48801214192;Risti, Läänemaa
Susanna;Semenov;11.07.1969;N;46907112730;Sadala, Jõgevamaa
Nora;Reinsalu;07.08.1972;N;47208072590;Sõmerpalu, Võrumaa
Marlon;Krõlov;11.10.1985;M;38510119829;Olustvere, Viljandimaa
Richard;Vaino;29.04.1983;M;38304298268;Helme, Valgamaa
Merili;Viik;22.12.1994;N;49412225724;Karksi-Nuia, Viljandimaa
Johanna Maria;Saar;16.07.1960;N;46007160019;Laekvere, Lääne-Virumaa
Eva Maria;Fedotov;27.03.2002;N;60203273484;Puurmani, Jõgevamaa
Freddy;Ott;27.10.2003;M;50310272088;Viimsi, Harjumaa
Frank;Lindgren;17.07.1969;M;36907172342;Adavere, Jõgevamaa
Kristofer;Lukk;16.11.1995;M;39511167803;Võnnu, Tartumaa
Karl Oskar;Sulg;18.05.1976;M;37605188466;Tõrvandi, Tartumaa
Anne-Ly;Kokk;30.03.2004;N;60403304642;Kohtla-Järve, Ida-Virumaa
Elisabet;Prikk;31.10.2006;N;60610316184;Pärnu-Jaagupi, Pärnumaa
Tom;Kangro;03.10.1993;M;39310039391;Kohtla-Järve, Ida-Virumaa
Marek;Konovalov;26.04.1975;M;37504260108;Keila, Harjumaa
Kersti;Sergejev;11.10.1960;N;46010115959;Vinni, Lääne-Virumaa
Karmen;Jürgenson;05.07.1993;N;49307058457;Parksepa, Võrumaa
Carolyn;Orav;10.04.1999;N;49904108555;Lavassaare, Pärnumaa
Karoline;Vasiliev;11.05.1972;N;47205112686;Pärnu-Jaagupi, Pärnumaa
Stiven;Martin;04.02.1982;M;38202048216;Lelle, Raplamaa
Madli;Truu;30.10.1965;N;46510308619;Kudjape, Saaremaa
Ege;Laks;02.03.1981;N;48103023333;Tammiku, Ida-Virumaa
Elina;Kikkas;16.04.1962;N;46204165419;Aegviidu, Harjumaa
Alexey;Suits;02.02.1996;M;39602020870;Simuna, Lääne-Virumaa
Janis;Koit;15.07.1976;M;37607152351;Kõrveküla, Tartumaa
Julija;Powell;22.09.1974;N;47409222671;Tabasalu, Harjumaa
Juulia;Viik;15.06.1984;N;48406154970;Ambla, Järvamaa
Kaidi;Viira;11.08.1964;N;46408115083;Kõrveküla, Tartumaa
Eike;Vähi;04.09.2001;N;60109049642;Viiratsi, Viljandimaa
Artem;Vill;16.08.1998;M;39808165457;Hulja, Lääne-Virumaa
Marika;Pärn;05.05.1986;N;48605052995;Kudjape, Saaremaa
Rostislav;Rosin;19.12.1980;M;38012193205;Märjamaa, Raplamaa
Raigo;Gerassimov;02.03.1985;M;38503023689;Misso, Võrumaa
Jan-Erik;Kuznetsov;08.11.1995;M;39511082955;Tõrva, Valgamaa
Konstantin;Fedotov;08.01.1963;M;36301084250;Oisu, Järvamaa
Silvia;Mann;10.02.1978;N;47802101250;Kõpu, Viljandimaa
Kristian;Vlassov;16.04.2001;M;50104163688;Mehikoorma, Tartumaa
Madis;Pulk;30.12.1976;M;37612302210;Võsu, Lääne-Virumaa
Maili;Nurk;20.11.1996;N;49611206858;Kärla, Saaremaa
Ursula;Mihhailov;30.12.1972;N;47212307699;Tudu, Lääne-Virumaa
Carol;Pettai;05.03.1993;N;49303056457;Kangru, Harjumaa
Alari;Kotkas;18.11.1978;M;37811180489;Alu, Raplamaa
Enn;Sööt;15.02.2000;M;50002158253;Loo, Harjumaa
Angeelika;Juhanson;05.05.2007;N;60705053931;Ahja, Põlvamaa
Angeelika;Maripuu;04.10.1978;N;47810046494;Hulja, Lääne-Virumaa
Anneliis;Kokk;19.09.1961;N;46109196788;Tudu, Lääne-Virumaa
Eret;Niit;05.11.1960;N;46011054269;Püssi, Ida-Virumaa
Nikolay;Leppik;20.05.1970;M;37005204658;Kõrveküla, Tartumaa
Milena;Tihhomirov;19.09.2002;N;60209190953;Rummu, Harjumaa
Marleen;Friedman;17.07.1992;N;49207173648;Riisipere, Harjumaa
Kirill;Sepp;07.09.2007;M;50709075820;Elva, Tartumaa
Eveli;Lumiste;01.08.1967;N;46708010656;Elva, Tartumaa
Kadri-Ann;Post;20.12.1995;N;49512202973;Suure-Jaani, Viljandimaa
Sanna;Tuisk;28.03.1978;N;47803287052;Antsla, Võrumaa
Michael;Saveljev;19.02.1967;M;36702194943;Rapla, Raplamaa
Ingvar;Piho;01.10.1968;M;36810010078;Narva, Ida-Virumaa
Andres;Kikkas;22.03.1990;M;39003228602;Ülenurme, Tartumaa
Anne-Liis;Tarassov;18.01.1963;N;46301180583;Tammiku, Ida-Virumaa
Marion;Kodres;29.07.1982;N;48207293906;Taebla, Läänemaa
Natali;Rein;20.06.1997;N;49706201644;Mäetaguse, Ida-Virumaa
Tim;Vahtra;04.07.2002;M;50207046657;Kolga-Jaani, Viljandimaa
Heidi;Liiva;29.09.1998;N;49809299516;Rummu, Harjumaa
Mailis;Õun;24.07.1981;N;48107248839;Tsirguliina, Valgamaa
Elerin;Titov;20.01.1980;N;48001206674;Sindi, Pärnumaa
Renate;Visnapuu;03.07.1987;N;48707035246;Kureküla, Tartumaa
Eleanora;Fjodorov;23.03.1963;N;46303232227;Laekvere, Lääne-Virumaa
Marko;Mädamürk;12.01.1970;M;37001128299;Palamuse, Jõgevamaa
Leonard;Kaur;14.08.2000;M;50008140271;Haabneeme, Harjumaa
Hanna;Volkov;30.08.1981;N;48108306811;Lepna, Lääne-Virumaa
Oksana;Järve;09.06.1989;N;48906095233;Sindi, Pärnumaa
Ardi;Komarov;02.10.1963;M;36310027226;Kolga, Harjumaa
Margus;Aus;12.11.1979;M;37911127022;Tammiku, Ida-Virumaa
Keidy;Kulikov;19.06.1976;N;47606198891;Keila, Harjumaa
Helle;Jalakas;02.07.1978;N;47807026642;Varstu, Võrumaa
Andrus;Kiik;31.07.1965;M;36507316225;Pärnu-Jaagupi, Pärnumaa
Marlon;Lapin;07.06.1967;M;36706077523;Otepää, Valgamaa
Valter;Tomson;24.10.1963;M;36310240647;Kohtla-Nõmme, Ida-Virumaa
Kaili;Piir;26.08.1972;N;47208266201;Ülenurme, Tartumaa
Fjodor;Salumäe;26.01.1987;M;38701265648;Valga, Valgamaa
Kadri-Ann;Nõmme;19.11.1984;N;48411196679;Kaiu, Raplamaa
Janno;Komarov;11.09.1983;M;38309119074;Karjaküla, Harjumaa
Tim;Must;03.12.1986;M;38612033408;Kehtna, Raplamaa
Herman;Vahter;11.04.1985;M;38504113691;Häädemeeste, Pärnumaa
Tarmo;Juhanson;11.12.1977;M;37712110447;Kaiu, Raplamaa
Rivo;Kondratjev;12.07.1961;M;36107126725;Sonda, Ida-Virumaa
Rünno;Popov;06.08.1984;M;38408068846;Kostivere, Harjumaa
Paula;Sillaste;09.01.1984;N;48401094617;Loo, Harjumaa
Merili;Soon;19.03.1980;N;48003196231;Mõisaküla, Viljandimaa
Ljubov;Uibo;24.02.1979;N;47902245302;Parksepa, Võrumaa
Katja;Mürk;10.07.1970;N;47007100412;Aruküla, Harjumaa
Kadri-Ann;Kasemaa;28.08.2005;N;60508289473;Tõrvandi, Tartumaa
Karol;Klimov;27.03.1991;M;39103275931;Laatre, Valgamaa
Annette;Pajula;01.06.1971;N;47106015703;Misso, Võrumaa
Kirsti;Õunapuu;09.07.1982;N;48207093025;Abja-Paluoja, Viljandimaa
Steven;Korol;04.09.1966;M;36609042554;Tõrvandi, Tartumaa
Freddy;Klimov;23.04.1997;M;39704230494;Kangru, Harjumaa
Sabrina;Vares;11.06.2003;N;60306118089;Kõrveküla, Tartumaa
Jelena;Kotkas;15.03.1998;N;49803152809;Vändra, Pärnumaa
Carmen;Nõmme;27.11.1992;N;49211272324;Vändra, Pärnumaa
Keily;Kull;18.10.1966;N;46610188597;Sonda, Ida-Virumaa
Katja;Orav;19.08.1985;N;48508195932;Aravete, Järvamaa
Anatoli;Saks;21.09.1973;M;37309215157;Tammiku, Ida-Virumaa
Marco;Taal;07.03.2000;M;50003072745;Kolkja, Tartumaa
Jaroslav;Nõmme;06.03.1971;M;37103065360;Juuru, Raplamaa
Jorma;Oks;12.03.1979;M;37903123873;Türi, Järvamaa
Maiken;Jermakov;30.10.1970;N;47010301945;Kasepää, Tartumaa
Eeva;Vlassov;30.11.2002;N;60211304522;Turba, Harjumaa
Semjon;Kokk;10.03.1997;M;39703108598;Suure-Jaani, Viljandimaa
Rene;Afanasjev;08.06.1993;M;39306087353;Taebla, Läänemaa
Heli;Ševtšenko;09.12.1961;N;46112099805;Varstu, Võrumaa
Anatoli;Maasik;07.10.1967;M;36710074060;Õisu, Viljandimaa
Evita;Liivamägi;02.04.1990;N;49004022811;Kiviõli, Ida-Virumaa
Feliks;Saveljev;05.11.1999;M;39911056629;Sangaste, Valgamaa
Kärolin;Kaljurand;08.08.1966;N;46608084483;Lähte, Tartumaa
Anita;Nõmme;09.08.2007;N;60708091475;Kallaste, Tartumaa
Aleksandra;Davõdov;29.08.1971;N;47108294574;Hulja, Lääne-Virumaa
Pavel;Ševtšenko;28.10.2007;M;50710284616;Lihula, Läänemaa
Gerttu;Abramov;06.05.1966;N;46605067746;Näpi, Lääne-Virumaa
Kelvin;Pettai;28.12.1987;M;38712285010;Kiiu, Harjumaa
Ranar;Käärik;09.02.1964;M;36402093076;Varnja, Tartumaa
Brigita;Sokolov;13.06.1992;N;49206130103;Otepää, Valgamaa
Ilmar;Lehtla;17.09.1983;M;38309177768;Käru, Raplamaa
Minna;Aas;19.10.2007;N;60710196969;Torma, Jõgevamaa
Maarja-Liisa;Sisask;23.06.1987;N;48706239136;Kiviõli, Ida-Virumaa
Joonas;Suur;17.10.2005;M;50510171415;Loksa, Harjumaa
Devid;Randmaa;21.10.1975;M;37510218798;Valjala, Saaremaa
Helen;Nazarov;23.06.1973;N;47306230226;Pärnu, Pärnumaa
Sten-Erik;Vasiliev;18.10.1977;M;37710184886;Lohusuu, Ida-Virumaa
Vladimir;Kärner;09.12.1996;M;39612095173;Suure-Jaani, Viljandimaa
Artyom;Kangro;13.05.1987;M;38705135821;Tallinn, Harjumaa
Eliisa;Raud;04.09.2001;N;60109045979;Tootsi, Pärnumaa
Elisa;Štšerbakov;01.03.1996;N;49603015487;Karjaküla, Harjumaa
Liisbeth;Kozlov;21.02.1969;N;46902218343;Keila-Joa, Harjumaa
Marily;Kattai;19.10.1998;N;49810191132;Parksepa, Võrumaa
Carolina;Randoja;04.07.1980;N;48007047033;Aruküla, Harjumaa
Laura Liisa;Jaanus;26.09.1987;N;48709262203;Harku, Harjumaa
Marti;Vinogradov;03.09.1960;M;36009030477;Riisipere, Harjumaa
Kristina;Kalamees;02.06.2001;N;60106026494;Võhma, Viljandimaa
Sirle;Mercklin;08.12.2007;N;60712082717;Ulila, Tartumaa
Lauri;Laine;30.04.1965;M;36504309604;Ravila, Harjumaa
Ermo;Sulg;17.09.1990;M;39009173482;Sõmeru, Lääne-Virumaa
Ragne;Lokk;01.12.2000;N;60012010765;Tartu, Tartumaa
Teet;Maripuu;11.07.1987;M;38707117370;Loo, Harjumaa
Merit;Luiga;09.09.1960;N;46009095451;Elva, Tartumaa
Erki;Kikas;14.04.1963;M;36304141252;Roela, Lääne-Virumaa
Lisbeth;Nõmme;19.03.1970;N;47003193090;Märjamaa, Raplamaa
Toni;Võsu;24.10.1998;M;39810246809;Võhma, Viljandimaa
Marten;Makarov;04.03.1960;M;36003043013;Erra, Ida-Virumaa
Keidi;Lillemets;03.10.1975;N;47510030428;Tabivere, Jõgevamaa
Reeli;Sander;11.09.1975;N;47509116796;Sillamäe, Ida-Virumaa
Lisa;Kase;09.06.1975;N;47506092559;Kaiu, Raplamaa
Sergei;Lotman;02.04.1966;M;36604029709;Kose, Võrumaa
Aivo;Pärn;10.01.1963;M;36301100559;Võõpsu, Põlvamaa
Tuuli;Uus;21.02.1972;N;47202210909;Paide, Järvamaa
Elvira;Bõstrov;17.12.1977;N;47712173325;Tabivere, Jõgevamaa
Ian;Pärna;22.11.1988;M;38811220949;Loksa, Harjumaa
Kristiine;Romanov;14.07.1984;N;48407141428;Olustvere, Viljandimaa
Evelina;Kudrjavtsev;01.09.1979;N;47909010555;Kõrveküla, Tartumaa
Alina;Järvesaar;14.01.1983;N;48301147183;Märja, Tartumaa
Ats;Kikkas;05.01.1986;M;38601058260;Sõmerpalu, Võrumaa
Danila;Vahtra;31.07.1991;M;39107310548;Tudu, Lääne-Virumaa
Stefan;Heinsalu;01.12.1989;M;38912019720;Torma, Jõgevamaa
Mari;Sirel;31.03.2001;N;60103319622;Võnnu, Tartumaa
Heleri;Friedman;21.12.1963;N;46312219005;Pajusti, Lääne-Virumaa
Maia;Raadik;29.01.1962;N;46201297819;Võru, Võrumaa
Kadri-Liis;Erik;01.11.1966;N;46611013158;Puhja, Tartumaa
Hannah;Püvi;02.03.1961;N;46103021758;Sangaste, Valgamaa
Marcus;Gromov;03.03.2001;M;50103036271;Rummu, Harjumaa
Jasper;Lapin;21.05.2001;M;50105211256;Kiisa, Harjumaa
Kerdo;Raag;20.05.1965;M;36505201912;Are, Pärnumaa
Kristopher;Liivamägi;06.01.2007;M;50701064993;Valjala, Saaremaa
Kadi;Orlov;11.04.1983;N;48304110351;Mustvee, Jõgevamaa
Peeter;Laas;11.11.1970;M;37011116755;Karksi-Nuia, Viljandimaa
Andra;Schmidt;17.11.1983;N;48311173919;Käru, Raplamaa
Danel;Jeršov;05.12.1978;M;37812050474;Narva-Jõesuu, Ida-Virumaa
Jarl;Žuravljov;25.08.1997;M;39708256899;Antsla, Võrumaa
Ruslan;Suits;24.05.1965;M;36505248755;Simuna, Lääne-Virumaa
Maik;Simm;07.02.1996;M;39602078798;Kilingi-Nõmme, Pärnumaa
Tiiu;Rohtla;10.07.1981;N;48107103729;Aseri, Ida-Virumaa
Anne-Mai;Grigorieva;29.06.1983;N;48306292254;Alu, Raplamaa
Cathy;Trofimov;22.11.1991;N;49111223813;Halliste, Viljandimaa
Oskar;Juhanson;24.12.2003;M;50312245176;Paide, Järvamaa
Albert;Siim;05.06.2001;M;50106056768;Ramsi, Viljandimaa
Heidy;Vill;26.07.2002;N;60207266750;Väätsa, Järvamaa
Karolina;Kuusk;14.05.1979;N;47905141955;Valjala, Saaremaa
Mait;Kangur;11.07.1989;M;38907113589;Põlva, Põlvamaa
Nikolai;Lääts;19.04.1989;M;38904191427;Kasepää, Tartumaa
Ruth;Aleksandrov;30.05.1974;N;47405302276;Narva, Ida-Virumaa
Julia;Rosin;24.08.1984;N;48408247792;Jüri, Harjumaa
Margo;Rohtla;21.04.1966;M;36604212920;Harku, Harjumaa
Johann;Mandel;25.03.2004;M;50403250029;Kudjape, Saaremaa
Ilya;Madisson;11.05.1974;M;37405113754;Tudu, Lääne-Virumaa
Liisa Maria;Kask;25.04.1984;N;48404255223;Palivere, Läänemaa
Ivika;Jõesaar;17.05.2004;N;60405174961;Simuna, Lääne-Virumaa
Üllar;Kirillov;10.06.1970;M;37006101901;Lehtse, Lääne-Virumaa
Irina;Raidma;09.01.1984;N;48401092501;Raasiku, Harjumaa
Markos;Ignatjev;30.12.1973;M;37312301429;Ilmatsalu, Tartumaa
Polina;Lehiste;10.01.1974;N;47401108463;Paikuse, Pärnumaa
Karl-Martin;Kotkas;29.09.1969;M;36909291773;Sadala, Jõgevamaa
Melani;Lill;18.09.1978;N;47809181747;Kanepi, Põlvamaa
Erik;Soosaar;09.08.1987;M;38708095025;Kaiu, Raplamaa
Kirsika;Mercklin;12.04.1997;N;49704128314;Vana-Antsla, Võrumaa
Gerlin;Miller;07.09.1989;N;48909075275;Tammiku, Ida-Virumaa
Karl-Eerik;Kivi;22.01.1992;M;39201229393;Puurmani, Jõgevamaa
Aleks;Matvejev;03.01.1994;M;39401039222;Tudulinna, Ida-Virumaa
Kariina;Mürk;06.08.1988;N;48808062331;Alu, Raplamaa
Eliisabeth;Pihelgas;02.04.2004;N;60404029156;Kambja, Tartumaa
Eeva;Jakobson;06.12.2001;N;60112065981;Kose, Harjumaa
Artur;Maack;16.05.1993;M;39305166088;Rakke, Lääne-Virumaa
Olev;Toome;31.10.1984;M;38410313021;Paldiski, Harjumaa
Kadri-Ann;Kuznetsov;01.11.1988;N;48811015660;Ülenurme, Tartumaa
Janeli;Sidorov;15.12.2003;N;60312156512;Õisu, Viljandimaa
Ronan;Jõesaar;13.06.1978;M;37806130454;Türi, Järvamaa
Mariel;Timofejev;12.12.1977;N;47712124843;Olgina, Ida-Virumaa
Hannah;Kulikov;10.11.2008;N;60811100212;Tudulinna, Ida-Virumaa
Svetlana;Reinsalu;19.09.1963;N;46309194609;Värska, Põlvamaa
Devid;Sobolev;25.10.1978;M;37810256025;Tallinn, Harjumaa
Ilja;Mägi;06.04.1971;M;37104064016;Kohtla-Nõmme, Ida-Virumaa
Ekaterina;Kondratjev;04.05.2002;N;60205044085;Kõrgessaare, Hiiumaa
Sylvia;Villemson;18.04.1983;N;48304184735;Laagri, Harjumaa
Õnnela;Annus;24.07.1995;N;49507241055;Are, Pärnumaa
Eva Maria;Poljakov;25.04.1969;N;46904250451;Aruküla, Harjumaa
Egon;Kuningas;27.05.2000;M;50005271068;Sindi, Pärnumaa
Deivid;Pukk;19.03.2007;M;50703190385;Kudjape, Saaremaa
Margus;Kallaste;28.02.2007;M;50702289241;Lähte, Tartumaa
Merlyn;Kuusk;04.04.2007;N;60704040401;Kohtla-Nõmme, Ida-Virumaa
Janek;Lebedev;30.06.2008;M;50806302808;Peetri, Järvamaa
Keiti;Malõšev;26.06.1960;N;46006261670;Palivere, Läänemaa
Brandon;Vain;04.10.2004;M;50410048054;Võnnu, Tartumaa
Grete;Pikk;01.12.2005;N;60512011596;Koeru, Järvamaa
Joonatan;Kaljurand;29.05.1981;M;38105298165;Väimela, Võrumaa
Marielle;Arro;18.04.1981;N;48104181401;Antsla, Võrumaa
Vsevolod;Novikov;05.01.1990;M;39001053033;Lepna, Lääne-Virumaa
Annaliis;Loginov;22.06.1984;N;48406228144;Ravila, Harjumaa
Saara;Tuulik;01.09.2005;N;60509019559;Harku, Harjumaa
Katariina;Sibul;14.12.1983;N;48312141619;Elva, Tartumaa
Trevor;Mark;29.10.1964;M;36410295976;Prillimäe, Raplamaa
Cärolin;Lunin;23.12.1992;N;49212235500;Tudulinna, Ida-Virumaa
Karl Kevin;Rumjantsev;16.08.1981;M;38108161768;Räpina, Põlvamaa
Ursula;Peterson;26.04.1961;N;46104262116;Türi, Järvamaa
Rando;Petrov;28.05.1989;M;38905288690;Aruküla, Harjumaa
Vanessa;Fedorov;21.08.1980;N;48008210529;Lepna, Lääne-Virumaa
Inger;Hallik;03.02.1968;N;46802037894;Sindi, Pärnumaa
Karl-Erik;Laane;12.01.1999;M;39901124355;Märjamaa, Raplamaa
Getriin;Kroon;20.03.1971;N;47103205396;Vinni, Lääne-Virumaa
Anatoli;Sibul;11.06.2006;M;50606115084;Sääse, Lääne-Virumaa
Agris;Maksimov;18.08.1981;M;38108181894;Ramsi, Viljandimaa
Markos;Afanasjev;26.04.1992;M;39204263518;Tudu, Lääne-Virumaa
Brit;Kont;23.04.1970;N;47004230241;Lelle, Raplamaa
Enri;Renoir;02.12.1969;M;36912022848;Tapa, Lääne-Virumaa
Meriliis;Korol;11.03.1976;N;47603114229;Tabivere, Jõgevamaa
Liisbeth;Kass;07.09.1972;N;47209072621;Vändra, Pärnumaa
Taniel;Mõttus;10.06.1995;M;39506106300;Särevere, Järvamaa
Dariya;Tuisk;10.12.1968;N;46812108307;Siimusti, Jõgevamaa
Liina;Kikkas;06.01.1968;N;46801060246;Hageri, Raplamaa
Anastasija;Baskin;15.09.1964;N;46409158275;Märjamaa, Raplamaa
Dajana;Ševtšenko;01.05.1981;N;48105014407;Assaku, Harjumaa
Meelika;Kant;19.08.1962;N;46208198404;Misso, Võrumaa
Regiina;Sepp;09.11.1981;N;48111093271;Lepna, Lääne-Virumaa
Maire;Panov;10.11.1997;N;49711108768;Kostivere, Harjumaa
Holger;Vasiliev;27.12.1982;M;38212277037;Adavere, Jõgevamaa
Heino;Lipp;15.08.1967;M;36708158310;Käravete, Järvamaa
Karl Johannes;Mäesalu;07.12.1977;M;37712070273;Tõstamaa, Pärnumaa
Albina;Holm;31.08.1992;N;49208310667;Laagri, Harjumaa
Kenno;Jaakson;25.09.1988;M;38809253996;Kostivere, Harjumaa
Nora;Org;06.08.1993;N;49308067177;Raasiku, Harjumaa
Juri;Kulikov;11.01.1998;M;39801110998;Hageri, Raplamaa
Roman;Täht;03.09.1983;M;38309039569;Kambja, Tartumaa
Lisanne;Pärnpuu;17.10.2000;N;60010178671;Ämari, Harjumaa
Raido;Saul;30.10.1987;M;38710301107;Viimsi, Harjumaa
Artjom;Melnik;19.01.1962;M;36201191498;Harku, Harjumaa
Olesja;Romanov;06.04.1993;N;49304063232;Laekvere, Lääne-Virumaa
Märt;Pajula;21.11.1966;M;36611215160;Kamari, Jõgevamaa
Alika;Herodes;26.10.1963;N;46310263889;Kaerepere, Raplamaa
Eeva;Markus;21.06.1968;N;46806211543;Rõngu, Tartumaa
Ines;Kriisa;18.03.1997;N;49703184688;Hulja, Lääne-Virumaa
Sofija;Käsper;10.02.1966;N;46602103843;Siimusti, Jõgevamaa
Galina;Uibo;19.11.1973;N;47311193620;Toila, Ida-Virumaa
Angela;Pärtel;03.08.1982;N;48208034139;Kostivere, Harjumaa
Anžela;Olesk;28.10.1975;N;47510287679;Riisipere, Harjumaa
Maksim;Vorobjov;10.10.1977;M;37710107479;Vaida, Harjumaa
Magnus;Maslov;20.09.1973;M;37309203417;Uuemõisa, Läänemaa
Marilyn;Lillemets;05.05.1997;N;49705052681;Kiisa, Harjumaa
Taivo;Leis;24.09.2003;M;50309240469;Jõgeva, Jõgevamaa
Anne-Mai;Štšerbakov;09.04.1984;N;48404096408;Helme, Valgamaa
Veera;Madisson;02.07.2000;N;60007027068;Saku, Harjumaa
Anne-Mari;Teearu;08.09.1971;N;47109089372;Lagedi, Harjumaa
Evita;Davõdov;15.10.1999;N;49910152509;Helme, Valgamaa
Sten;Mikelsaar;02.10.1964;M;36410023592;Ambla, Järvamaa
Georgi;Borissov;06.09.1982;M;38209067060;Võsu, Lääne-Virumaa
Lembit;Kivi;04.12.2007;M;50712041308;Kobela, Võrumaa
Egon;Smirnov;14.09.2008;M;50809141960;Otepää, Valgamaa
Liivi;Härm;17.04.1990;N;49004174977;Alatskivi, Tartumaa
Trevor;Nurk;30.01.1989;M;38901305230;Lähte, Tartumaa
Taavi;Kohv;19.08.1996;M;39608190065;Järva-Jaani, Järvamaa
Enely;Jürgens;09.09.1991;N;49109099106;Audru, Pärnumaa
Jan;Valk;11.02.1984;M;38402113888;Palivere, Läänemaa
Anita;Käär;21.06.1965;N;46506213675;Ambla, Järvamaa
Alexandre;Tiik;18.07.1961;M;36107189798;Narva-Jõesuu, Ida-Virumaa
Oksana;Martin;13.03.2005;N;60503139350;Aruküla, Harjumaa
Sandra;Ossipov;19.11.2005;N;60511195893;Võnnu, Tartumaa
Talis;Luts;05.10.2000;M;50010055461;Türi, Järvamaa
Alex;Luik;29.06.1980;M;38006291137;Kärla, Saaremaa
Beatrice;Kutsar;28.04.1991;N;49104285026;Jõhvi, Ida-Virumaa
Brenda;Gromov;11.07.1981;N;48107110255;Kose-Uuemõisa, Harjumaa
Christopher;Org;11.08.1976;M;37608113878;Oisu, Järvamaa
Veronika;Rosin;03.03.1999;N;49903034867;Käina, Hiiumaa
Keith;Nikitin;06.11.1980;M;38011063245;Orissaare, Saaremaa
Saamuel;Paas;18.09.1998;M;39809183658;Kohtla-Nõmme, Ida-Virumaa
Kaili;Jakovlev;01.12.1981;N;48112013890;Kudjape, Saaremaa
Juulia;Kolberg;22.12.1971;N;47112222226;Tihemetsa, Pärnumaa
Virgo;Medvedev;11.06.1992;M;39206119543;Kolkja, Tartumaa
Kirsti;Kaasik;19.12.1993;N;49312199854;Sääse, Lääne-Virumaa
Armand;Filatov;01.10.1991;M;39110012298;Saku, Harjumaa
Kait;Liblik;15.09.1993;M;39309157319;Ülenurme, Tartumaa
Anna Liisa;Filippov;02.08.1970;N;47008028306;Puhja, Tartumaa
Evelin;Popov;01.02.1967;N;46702010695;Sinimäe, Ida-Virumaa
Lisanne;Lillemets;14.10.1987;N;48710146538;Tihemetsa, Pärnumaa
Lisette;Unt;04.09.2001;N;60109043237;Saku, Harjumaa
Mariin;Alas;02.03.1983;N;48303025401;Rapla, Raplamaa
Kristofer;Arula;27.03.1993;M;39303274726;Veriora, Põlvamaa
Keiti;Maack;21.06.1969;N;46906217611;Palivere, Läänemaa
Dajana;Lember;05.01.1991;N;49101052282;Are, Pärnumaa
Ingrid;Orav;10.06.1998;N;49806104029;Jõhvi, Ida-Virumaa
Klaarika;Tõnisson;11.07.2001;N;60107117465;Kärdla, Hiiumaa
Veroonika;Kütt;19.09.1961;N;46109193053;Kose, Harjumaa
Karoliina;Põdra;17.03.1992;N;49203179001;Lihula, Läänemaa
Nikol;Nurk;14.03.1984;N;48403147340;Räpina, Põlvamaa
Andry;Reinke;07.11.1999;M;39911073849;Salme, Saaremaa
Nikolai;Kull;14.08.1979;M;37908147582;Kihelkonna, Saaremaa
Ragne;Must;01.10.1967;N;46710015559;Prillimäe, Raplamaa
Taivo;Tiits;18.02.1962;M;36202180020;Turba, Harjumaa
Georgi;Golubev;21.09.1979;M;37909213276;Käina, Hiiumaa
Eleonora;Štšerbakov;05.02.1966;N;46602058624;Ramsi, Viljandimaa
Renate;Karu;18.03.1965;N;46503182662;Sangaste, Valgamaa
Karet;Piirsalu;08.06.1970;N;47006084018;Eidapere, Raplamaa
Tenno;Mark;04.12.1974;M;37412042338;Orissaare, Saaremaa
Minna;Mägi;27.07.2003;N;60307274736;Aseri, Ida-Virumaa
Taisi;Mändla;28.10.1961;N;46110282218;Tammiku, Ida-Virumaa
Emeri;Maripuu;10.06.1965;N;46506103966;Riisipere, Harjumaa
Jaagup;Alekseev;07.05.1991;M;39105073312;Karksi-Nuia, Viljandimaa
Eveli;Suits;20.01.1966;N;46601205188;Türi, Järvamaa
Linda;Pent;07.04.1962;N;46204077596;Risti, Läänemaa
Kunnar;Järvekülg;28.05.1967;M;36705288553;Orissaare, Saaremaa
Ingel;Pärtel;07.06.1989;N;48906073920;Puka, Valgamaa
Andero;Tali;09.02.1982;M;38202097284;Alu, Raplamaa
Raina;Gorbunov;16.06.1986;N;48606167522;Paralepa, Läänemaa
Andra;Fjodorov;07.09.1973;N;47309073652;Hageri, Raplamaa
Marius;Kattai;28.03.1977;M;37703284477;Käravete, Järvamaa
Eva-Maria;Kiik;23.12.1990;N;49012231450;Palamuse, Jõgevamaa
Ainar;Loorits;15.09.1992;M;39209153633;Kaerepere, Raplamaa
Edvin;Laas;22.02.1997;M;39702227820;Luunja, Tartumaa
Darja;Jakobson;09.12.1975;N;47512090363;Kärdla, Hiiumaa
Tristan;Bell;13.07.1969;M;36907133326;Rakke, Lääne-Virumaa
Fred;Ruus;03.03.1972;M;37203034303;Kohtla-Nõmme, Ida-Virumaa
Annett;Jaanson;19.02.1994;N;49402199450;Kehtna, Raplamaa
Jarl;Tsvetkov;04.03.1964;M;36403042546;Sangaste, Valgamaa
Marten;Lill;15.06.2008;M;50806158792;Turba, Harjumaa
Elsa;Tuul;12.12.1993;N;49312128765;Assaku, Harjumaa
Cätlin;Paas;24.02.1995;N;49502245105;Tabasalu, Harjumaa
Ronald;Säde;23.09.1962;M;36209235406;Vinni, Lääne-Virumaa
Angela;Schmidt;06.03.1987;N;48703065733;Kõrgessaare, Hiiumaa
Risto;Schmidt;07.07.1992;M;39207070263;Leisi, Saaremaa
Vanessa;Pärna;04.11.1963;N;46311041695;Voka, Ida-Virumaa
Kärolin;Lotman;25.05.1963;N;46305258593;Puurmani, Jõgevamaa
Liia;Aru;06.11.2005;N;60511065880;Pajusti, Lääne-Virumaa
Juri;Tihhomirov;30.06.1989;M;38906309799;Tabasalu, Harjumaa
Maiken;Filatov;09.06.1985;N;48506090931;Luunja, Tartumaa
Brigita;Remmel;22.05.1981;N;48105226250;Jõgeva, Jõgevamaa
Karl Kristjan;Egorov;05.01.1992;M;39201050894;Torma, Jõgevamaa
Linda;Sillaots;14.05.1997;N;49705146898;Raasiku, Harjumaa
Elin;Kalm;23.08.2005;N;60508233382;Hulja, Lääne-Virumaa
Tambet;Lauri;17.12.1964;M;36412173607;Kiiu, Harjumaa
Kersti;Must;11.07.1991;N;49107114476;Lagedi, Harjumaa
Anti;Maripuu;03.03.1999;M;39903037768;Torma, Jõgevamaa
Gerli;Lember;03.09.1982;N;48209032419;Audru, Pärnumaa
Merilin;Orlov;07.12.2002;N;60212076413;Palivere, Läänemaa
Janete;Luiga;28.02.1992;N;49202283527;Äksi, Tartumaa
Brandon;Puusepp;03.08.1972;M;37208035847;Salme, Saaremaa
Nika;Tiik;07.06.2007;N;60706072497;Sauga, Pärnumaa
Kaja;Trofimov;06.06.1991;N;49106068203;Aegviidu, Harjumaa
Merli;Jalakas;16.11.1977;N;47711166708;Rapla, Raplamaa
Eliisa;Hallik;12.03.1969;N;46903126683;Pärnu-Jaagupi, Pärnumaa
Anželika;Koit;09.12.1995;N;49512094681;Lüganuse, Ida-Virumaa
Mariin;Gorbunov;18.06.1981;N;48106181588;Lepna, Lääne-Virumaa
Chris;Soon;01.03.1964;M;36403014949;Hagudi, Raplamaa
Juss;Markson;11.09.1988;M;38809117281;Tõstamaa, Pärnumaa
Nika;Sillaots;30.05.1995;N;49505308706;Kiltsi, Lääne-Virumaa
Timmo;Kolberg;17.09.1999;M;39909176131;Lihula, Läänemaa
Kristlin;Herodes;20.01.1964;N;46401200314;Käärdi, Tartumaa
Krister;Afanasjev;18.06.2001;M;50106182654;Keila-Joa, Harjumaa
Meelis;Raja;07.03.1983;M;38303070941;Tudu, Lääne-Virumaa
Jennifer;Kurg;16.07.1966;N;46607166648;Kallaste, Tartumaa
Getter;Muru;03.02.1992;N;49202032092;Elva, Tartumaa
Marianne;Smirnov;26.03.1965;N;46503263306;Roosna-Alliku, Järvamaa
Ernst;Lunin;14.09.1984;M;38409146036;Palamuse, Jõgevamaa
Vladislava;Popov;23.11.2007;N;60711231886;Turba, Harjumaa
Kunnar;Viik;08.07.2003;M;50307086138;Palamuse, Jõgevamaa
Kunnar;Kiil;25.12.2007;M;50712255262;Eidapere, Raplamaa
Tristan;Jegorov;28.10.1978;M;37810289114;Audru, Pärnumaa
Indrek;Lõhmus;26.06.1997;M;39706261699;Võõpsu, Põlvamaa
Marcus;Kostin;11.04.1994;M;39404119213;Alatskivi, Tartumaa
Käti;Kolesnik;23.08.1994;N;49408239336;Lohusuu, Ida-Virumaa
Stiina;Tomingas;25.04.1973;N;47304259781;Pärnu-Jaagupi, Pärnumaa
Kaupo;Mikk;08.01.1967;M;36701085185;Haapsalu, Läänemaa
Merily;Ojala;27.10.1999;N;49910276983;Turba, Harjumaa
Riina;Klein;01.03.1974;N;47403013524;Kiisa, Harjumaa
Timur;Orlov;16.06.2007;M;50706160886;Maardu, Harjumaa
Ermo;Kolberg;23.06.1968;M;36806235777;Kallaste, Tartumaa
Mariete;Tsvetkov;13.04.1999;N;49904136817;Kaerepere, Raplamaa
Lisandra;Lillemets;12.01.1998;N;49801124367;Kiili, Harjumaa
Anni;Anderson;21.11.1998;N;49811211816;Erra, Ida-Virumaa
Mariana;Timofejev;01.07.1995;N;49507018862;Tallinn, Harjumaa
Sören;Pavlov;23.04.2006;M;50604237334;Loksa, Harjumaa
Gustav;Kozlov;23.07.1990;M;39007230555;Juuru, Raplamaa
Max;Lehiste;16.04.1986;M;38604164992;Võsu, Lääne-Virumaa
Rünno;Kolesnik;10.09.1979;M;37909100076;Rõngu, Tartumaa
Romet;Rumjantsev;14.06.1964;M;36406147734;Paldiski, Harjumaa
Ardi;Lomp;25.08.1968;M;36808253607;Virtsu, Läänemaa
Lija;Karro;10.01.1975;N;47501108887;Hagudi, Raplamaa
Kelvin;Schmidt;29.10.2002;M;50210298359;Kose-Uuemõisa, Harjumaa
Viktorija;Allas;23.07.1988;N;48807239825;Kõpu, Viljandimaa
Arseni;Belov;04.12.1967;M;36712042366;Karjaküla, Harjumaa
Ervin;Renoir;07.05.1981;M;38105079463;Tõravere, Tartumaa
Külli;Popov;27.09.1984;N;48409277910;Karksi-Nuia, Viljandimaa
Lija;Veski;05.06.1996;N;49606052659;Kadrina, Lääne-Virumaa
Kelly;Nurm;28.10.1984;N;48410280531;Rõuge, Võrumaa
Raiko;Mölder;30.07.1966;M;36607306035;Puurmani, Jõgevamaa
Sabrina;Allas;21.10.1986;N;48610215568;Tapa, Lääne-Virumaa
Ruben;Teras;08.12.1961;M;36112083571;Mäetaguse, Ida-Virumaa
Emili;Lepik;19.12.1971;N;47112199205;Kaerepere, Raplamaa
Edgar;Hunt;17.05.2001;M;50105174223;Helme, Valgamaa
Lauri;Mäe;26.09.2006;M;50609261257;Tabivere, Jõgevamaa
Roman;Remmel;24.08.1970;M;37008244793;Rõuge, Võrumaa
Ketrin;Link;01.08.2004;N;60408014826;Rummu, Harjumaa
Reivo;Fjodorov;01.03.1961;M;36103019037;Vändra, Pärnumaa
Karl-Martin;Tuul;25.01.1961;M;36101258322;Elva, Tartumaa
Veronika;Abbt;24.07.2002;N;60207240280;Maardu, Harjumaa
Tuuli;Volkov;14.01.2002;N;60201148508;Tabasalu, Harjumaa
Hedi;Tihhomirov;08.01.1993;N;49301088521;Väimela, Võrumaa
Annabella;Luts;06.02.1965;N;46502060410;Uuemõisa, Läänemaa
Emilie;Kelder;17.11.1971;N;47111179930;Aegviidu, Harjumaa
Kaimo;Poom;22.11.1964;M;36411229592;Hageri, Raplamaa
Karl;Valge;16.12.1987;M;38712167057;Tabivere, Jõgevamaa
Merle;Pihelgas;10.04.1965;N;46504109812;Puurmani, Jõgevamaa
Isabel;Anissimov;06.07.1991;N;49107063675;Järvakandi, Raplamaa
Janet;Raja;10.02.1995;N;49502106847;Ambla, Järvamaa
Tauri;Soots;25.04.1973;M;37304258517;Jõhvi, Ida-Virumaa
Inge;Bõstrov;19.04.1999;N;49904195791;Kärdla, Hiiumaa
Karoliine;Baskin;14.01.1964;N;46401142402;Tabivere, Jõgevamaa
Taago;Moroz;08.11.1987;M;38711080682;Leisi, Saaremaa
Lukas;Kilk;26.06.1963;M;36306264351;Kõrveküla, Tartumaa
Ellen;Vares;20.10.1996;N;49610203853;Kaiu, Raplamaa
Iiris;Kalmus;02.10.1964;N;46410027730;Valga, Valgamaa
Freddy;Ivanov;04.02.1964;M;36402048515;Sadala, Jõgevamaa
Liisu;Tilk;17.01.2008;N;60801177392;Mustla, Viljandimaa
Roberta;Hunt;25.03.1969;N;46903257712;Salme, Saaremaa
Carolina;Kasemets;06.04.1963;N;46304063308;Haabneeme, Harjumaa
Miia;Lill;15.11.2004;N;60411154036;Paralepa, Läänemaa
Joosep;Tuisk;14.02.1968;M;36802141487;Tihemetsa, Pärnumaa
Carolina;Luiga;27.07.1986;N;48607279511;Elva, Tartumaa
Sofija;Ploom;27.04.2000;N;60004277274;Tammiku, Ida-Virumaa
Rebeca;Laur;29.06.1992;N;49206295441;Rõngu, Tartumaa
Janelle;Sorokin;13.04.1967;N;46704131375;Sadala, Jõgevamaa
Otto;Männiste;14.10.1975;M;37510145432;Lepna, Lääne-Virumaa
Jarmo;Laanemets;29.05.1981;M;38105298924;Uuemõisa, Läänemaa
Valeri;Kuuse;14.11.1966;M;36611149717;Tapa, Lääne-Virumaa
Mark;Tomingas;23.11.2005;M;50511239877;Sangaste, Valgamaa
Viljar;Gerassimov;03.12.1996;M;39612033601;Nõo, Tartumaa
Filipp;Zujev;25.04.1968;M;36804252923;Uhtna, Lääne-Virumaa
Simona;Vinogradov;15.06.1974;N;47406153249;Tori, Pärnumaa
Hans Erik;Lokk;04.03.1994;M;39403046450;Laagri, Harjumaa
Evert;Michelson;13.06.1995;M;39506136965;Sindi, Pärnumaa
Kristella;Fedotov;18.12.1979;N;47912181090;Sauga, Pärnumaa
Kätlin;Soo;25.03.1969;N;46903254351;Kostivere, Harjumaa
Helle;Žukov;16.12.1996;N;49612163068;Aegviidu, Harjumaa
Kasper;Kivimäe;13.10.1991;M;39110137406;Abja-Paluoja, Viljandimaa
Eric;Merisaar;15.10.1967;M;36710157878;Raasiku, Harjumaa
Vivian;Aakre;22.02.1978;N;47802229370;Kuressaare, Saaremaa
Andres;Suvorov;16.05.1973;M;37305165545;Parksepa, Võrumaa
Britta;Tiits;05.11.2008;N;60811054560;Klooga, Harjumaa
Terje;Kuuse;17.07.1992;N;49207177205;Kolga-Jaani, Viljandimaa
Elisabet;Zahharov;17.12.1991;N;49112174589;Kambja, Tartumaa
Maret;Varik;05.12.1983;N;48312055385;Puka, Valgamaa
Cätlin;Viira;29.10.1990;N;49010295010;Kiiu, Harjumaa
Marcos;Leht;07.05.1965;M;36505074052;Alu, Raplamaa
Margarita;Stepanov;21.03.2000;N;60003218684;Roiu, Tartumaa
Arno;Baskin;03.08.1966;M;36608038269;Kostivere, Harjumaa
Marily;Andreev;10.02.1965;N;46502108946;Kiili, Harjumaa
Oksana;Täht;30.04.1993;N;49304304747;Klooga, Harjumaa
Luisa;Renoir;15.07.1996;N;49607154187;Kolkja, Tartumaa
Eliise;Sergejev;06.12.1991;N;49112060724;Kõrveküla, Tartumaa
Henri;Gavrilov;25.01.1984;M;38401255277;Kostivere, Harjumaa
Jegor;Popov;02.10.1996;M;39610029049;Paldiski, Harjumaa
Dmitry;Kaasik;18.10.1975;M;37510180754;Alatskivi, Tartumaa
Mia;Tõnisson;20.11.1971;N;47111200961;Kõrveküla, Tartumaa
Kaja;Rebane;19.08.1967;N;46708191587;Tõstamaa, Pärnumaa
Anne-Liis;Jeršov;06.05.1962;N;46205069539;Harku, Harjumaa
Vladislava;Reinke;12.11.1996;N;49611124351;Viiratsi, Viljandimaa
Anne-Ly;Koitla;15.01.1973;N;47301155291;Suure-Jaani, Viljandimaa
Aet;Saare;27.03.1980;N;48003279713;Räpina, Põlvamaa
Siim;Lumi;23.09.1969;M;36909232706;Veriora, Põlvamaa
Lisell;Madisson;02.08.1995;N;49508026849;Kihelkonna, Saaremaa
Tambet;Tammet;22.12.1995;M;39512227454;Õisu, Viljandimaa
Loora;Viks;29.03.1962;N;46203291534;Loo, Harjumaa
Katre;Mandel;09.08.2007;N;60708092966;Näpi, Lääne-Virumaa
Karmo;Kiil;13.02.1961;M;36102130385;Õru, Valgamaa
Saveli;Sander;03.01.2008;M;50801031843;Võsu, Lääne-Virumaa
Kristiina;Tammet;24.06.1971;N;47106244360;Mustvee, Jõgevamaa
Elizabeth;Kaljuvee;22.07.1986;N;48607221595;Parksepa, Võrumaa
Tony;Kasak;03.03.1999;M;39903030951;Otepää, Valgamaa
Karl Erik;Kattai;05.10.2004;M;50410055951;Võsu, Lääne-Virumaa
Helene;Piho;13.07.1999;N;49907131426;Risti, Läänemaa
Jevgenia;Kozlov;09.12.2004;N;60412090192;Virtsu, Läänemaa
Veroonika;Nurk;03.01.1987;N;48701033886;Ravila, Harjumaa
Madli;Kuuse;05.11.1990;N;49011051456;Väike-Maarja, Lääne-Virumaa
Nataly;Aasa;16.12.1993;N;49312164858;Riisipere, Harjumaa
Sofia;Veski;10.01.1978;N;47801106867;Leisi, Saaremaa
Rebekka;Stepanov;24.09.1961;N;46109248471;Kohtla-Nõmme, Ida-Virumaa
Hedvig;Kallaste;21.04.1972;N;47204214113;Võõpsu, Põlvamaa
Piia;Raud;10.02.1978;N;47802108384;Hagudi, Raplamaa
Rebecca;Saul;04.07.1975;N;47507041031;Halliste, Viljandimaa
Andri;Kivilo;10.01.2008;M;50801105230;Haapsalu, Läänemaa
Marelle;Tali;25.02.1965;N;46502259637;Kaerepere, Raplamaa
Felix;Kool;01.05.1968;M;36805011132;Rõngu, Tartumaa
Olivia;Sillaots;21.04.1964;N;46404217478;Virtsu, Läänemaa
Vladislava;Mihhailov;14.01.1983;N;48301140030;Tõrvandi, Tartumaa
Reno;Järv;12.04.1965;M;36504127304;Ulila, Tartumaa
Anabell;Jaakson;30.09.1995;N;49509304054;Kaerepere, Raplamaa
Gregory;Kangro;19.05.1997;M;39705194021;Põlva, Põlvamaa
Juulia;Lindgren;10.05.1969;N;46905109396;Taebla, Läänemaa
Lily;Kangro;30.07.1976;N;47607305930;Oisu, Järvamaa
Violetta;Raud;03.06.1985;N;48506032790;Väimela, Võrumaa
Pjotr;Toomsalu;31.07.1971;M;37107317300;Toila, Ida-Virumaa
Danila;Kivi;27.05.1996;M;39605273006;Hummuli, Valgamaa
Ksenja;Hoffmann;30.09.1960;N;46009301959;Uhtna, Lääne-Virumaa
Roberta;Kuningas;09.06.1991;N;49106090361;Vaida, Harjumaa
Andree;Kurvits;21.06.1990;M;39006219097;Veriora, Põlvamaa
Kerdo;Sarap;11.01.1972;M;37201116512;Lavassaare, Pärnumaa
Raivo;Popov;14.07.1990;M;39007145322;Viru-Nigula, Lääne-Virumaa
Gabriela;Kaljuvee;03.07.1999;N;49907035276;Hageri, Raplamaa
Uljana;Kala;04.10.2008;N;60810044332;Riisipere, Harjumaa
Richard;Rosenberg;27.03.1981;M;38103271310;Laiuse, Jõgevamaa
Luisa;Kask;04.11.1961;N;46111044159;Turba, Harjumaa
Adelina;Abbt;24.09.1992;N;49209242867;Klooga, Harjumaa
Pille;Kivimäe;20.11.1978;N;47811209052;Klooga, Harjumaa
Loore;Jõe;25.05.2002;N;60205251283;Põltsamaa, Jõgevamaa
Kristella;Ernits;30.05.1970;N;47005308962;Häädemeeste, Pärnumaa
Katri;Miller;20.06.1988;N;48806201674;Leisi, Saaremaa
Katja;Kütt;19.09.1969;N;46909195845;Vändra, Pärnumaa
Deivi;Lunin;03.10.1991;N;49110037633;Avinurme, Ida-Virumaa
Semjon;Gross;17.07.1973;M;37307172630;Tõrva, Valgamaa
Liisa;Golubev;10.03.1973;N;47303109480;Türi, Järvamaa
Janelle;Davõdov;01.05.1988;N;48805016571;Karjaküla, Harjumaa
Vanessa;Raadik;30.08.1985;N;48508302947;Saue, Harjumaa
Raiko;Raja;13.03.1999;M;39903131254;Laiuse, Jõgevamaa
Maie;Lang;22.05.1990;N;49005226012;Puka, Valgamaa
Reijo;Trofimov;18.10.1964;M;36410184567;Kadrina, Lääne-Virumaa
Artyom;Timofejev;30.01.1972;M;37201304424;Pärnu-Jaagupi, Pärnumaa
Tambet;Kallaste;21.07.1985;M;38507217885;Kobela, Võrumaa
Tõnu;Laas;26.12.1966;M;36612264788;Ambla, Järvamaa
Ronald;Maslov;21.02.1960;M;36002215559;Loo, Harjumaa
Rainar;Põldmaa;04.11.1974;M;37411045924;Jõgeva, Jõgevamaa
Irena;Lukin;01.02.1984;N;48402012627;Vastse-Kuuste, Põlvamaa
Emili;Drozdov;24.08.1971;N;47108244875;Vinni, Lääne-Virumaa
Raivo;Fedotov;01.12.1975;M;37512011453;Käru, Raplamaa
Pjotr;Luiga;01.05.2001;M;50105016282;Paldiski, Harjumaa
Renate;Kasak;28.01.1967;N;46701289188;Roela, Lääne-Virumaa
Viktoriya;Valge;05.06.1960;N;46006054353;Antsla, Võrumaa
Maarja-Liisa;Raamat;06.05.1970;N;47005065225;Palivere, Läänemaa
Timofei;Kozlov;25.09.1970;M;37009255530;Valga, Valgamaa
Eliis;Sööt;10.10.1961;N;46110109811;Pajusti, Lääne-Virumaa
Karl Martin;Nõmm;11.01.1989;M;38901114666;Luunja, Tartumaa
Valeri;Sutt;17.09.2006;M;50609177263;Vastseliina, Võrumaa
Danila;Soosaar;02.09.1973;M;37309022751;Õru, Valgamaa
Natalija;Kutsar;22.02.1980;N;48002222321;Viimsi, Harjumaa
Toomas;Mercklin;30.11.1979;M;37911300656;Kunda, Lääne-Virumaa
Marju;Vähi;02.01.1991;N;49101022688;Räpina, Põlvamaa
Anu;Toots;04.09.1989;N;48909049202;Kõrgessaare, Hiiumaa
Lisandra;Lebedev;13.01.1966;N;46601136502;Risti, Läänemaa
Frank;Kont;09.04.1987;M;38704095873;Lepna, Lääne-Virumaa
Katarina;Nuut;03.02.2003;N;60302039884;Käina, Hiiumaa
Keit;Viks;11.02.1989;M;38902118307;Rummu, Harjumaa
Nele;Rosenberg;08.09.1985;N;48509087848;Rakke, Lääne-Virumaa
Klaarika;Solovjov;15.05.1973;N;47305151565;Helme, Valgamaa
Arthur;Ruus;01.12.1983;M;38312019090;Taebla, Läänemaa
Jarko;Suur;06.04.1993;M;39304067277;Varnja, Tartumaa
Nils;Bõstrov;18.03.1974;M;37403185839;Valga, Valgamaa
Daniil;Arro;09.11.2006;M;50611093440;Käärdi, Tartumaa
Nicole;Kalda;05.10.2007;N;60710056873;Lüganuse, Ida-Virumaa
Brittany;Aas;27.07.1964;N;46407272865;Rakvere, Lääne-Virumaa
Karl-Erik;Nikiforov;03.05.1990;M;39005032522;Kadrina, Lääne-Virumaa
Merle;Teder;14.03.1980;N;48003147832;Räpina, Põlvamaa
Kersti;Kilk;10.12.1997;N;49712101523;Virtsu, Läänemaa
Sandro;Simson;24.07.1991;M;39107247730;Narva-Jõesuu, Ida-Virumaa
Helen;Pihelgas;10.05.1963;N;46305108667;Väike-Maarja, Lääne-Virumaa
Teele;Raag;06.06.2000;N;60006069784;Laekvere, Lääne-Virumaa
Kätrin;Kikas;12.03.2008;N;60803120452;Kallaste, Tartumaa
Ronald;Sidorov;08.12.1998;M;39812082627;Veriora, Põlvamaa
Sirje;Liiva;02.08.1976;N;47608022733;Rõuge, Võrumaa
Toivo;Rand;26.12.1987;M;38712262200;Pajusti, Lääne-Virumaa
Enriko;Võsu;13.12.1978;M;37812136292;Hummuli, Valgamaa
Adriana;Susi;07.11.1987;N;48711071048;Turba, Harjumaa
Kalmer;Sillaste;24.02.1994;M;39402248207;Aravete, Järvamaa
Gloria;Jaanus;11.05.1976;N;47605117248;Tallinn, Harjumaa
Brandon;Vain;26.01.1966;M;36601261431;Laiuse, Jõgevamaa
Svjatoslav;Varik;14.03.1995;M;39503144146;Sonda, Ida-Virumaa
Kardo;Kostin;01.06.1991;M;39106016583;Särevere, Järvamaa
Vera;Kallas;18.06.1975;N;47506186630;Kõrveküla, Tartumaa
Kristlin;Kivimäe;27.10.2007;N;60710276139;Antsla, Võrumaa
Elizabeth;Käärik;17.06.1965;N;46506178334;Harku, Harjumaa
Natalia;Jaakson;05.12.1997;N;49712050402;Kose, Harjumaa
Jevgenija;Fedorov;16.06.1972;N;47206163888;Lähte, Tartumaa
Sören;Sarap;21.09.1999;M;39909214654;Kõrveküla, Tartumaa
Lukas;Markus;02.06.1963;M;36306023641;Viljandi, Viljandimaa
Janet;Herodes;06.06.1964;N;46406064028;Tõrvandi, Tartumaa
Arvi;Kuusik;05.10.2007;M;50710057642;Märjamaa, Raplamaa
Geidi;Pruul;04.12.1999;N;49912044472;Lähte, Tartumaa
Marija;Roosileht;17.03.1996;N;49603171153;Turba, Harjumaa
Vera;Konstantinov;02.11.1964;N;46411023887;Avinurme, Ida-Virumaa
Cristina;Järvekülg;25.08.1988;N;48808259197;Kaiu, Raplamaa
Age;Hunt;25.06.1997;N;49706257371;Karksi-Nuia, Viljandimaa
Vsevolod;Roots;16.01.1985;M;38501167768;Olgina, Ida-Virumaa
Ingrit;Mihhailov;31.07.1983;N;48307314521;Kuremaa, Jõgevamaa
Andreas;Lehiste;31.08.1960;M;36008319462;Kohtla-Nõmme, Ida-Virumaa
Laur;Soo;15.06.1991;M;39106155632;Laagri, Harjumaa
Art;Anissimov;15.02.1980;M;38002153616;Kuusalu, Harjumaa
Rein;Paap;27.08.1986;M;38608270050;Kaiu, Raplamaa
Maiken;Männik;24.01.1961;N;46101247777;Palamuse, Jõgevamaa
Felix;Rebane;21.07.1986;M;38607215927;Näpi, Lääne-Virumaa
Kalle;Sokolov;11.11.1992;M;39211114247;Viljandi, Viljandimaa
Urmet;Kivi;13.12.1994;M;39412133457;Mäetaguse, Ida-Virumaa
Deily;Sillaste;28.11.2005;N;60511284116;Sangaste, Valgamaa
Jarno;Hõbe;23.08.1995;M;39508237747;Riisipere, Harjumaa
Angelika;Mürk;25.07.2000;N;60007251639;Vastseliina, Võrumaa
Jaroslav;Pulk;29.09.1986;M;38609291852;Äksi, Tartumaa
Jan;Hanson;11.01.1982;M;38201110714;Sõmerpalu, Võrumaa
Anfissa;Green;31.10.1969;N;46910312935;Harku, Harjumaa
Vanessa;Jegorov;08.07.2004;N;60407088340;Käärdi, Tartumaa
Simon;Jakovlev;22.12.1979;M;37912227361;Hagudi, Raplamaa
Angela;Herodes;02.09.1991;N;49109023818;Saku, Harjumaa
Natali;Ojala;23.02.1984;N;48402237589;Hageri, Raplamaa
Katharina;Käärik;20.06.1978;N;47806200610;Võhma, Viljandimaa
Jessica;Vinogradov;06.12.2007;N;60712066205;Rummu, Harjumaa
Sven Erik;Uus;28.01.2008;M;50801289563;Viru-Jaagupi, Lääne-Virumaa
Randar;Sepp;09.01.1995;M;39501095071;Kanepi, Põlvamaa
Evgeniya;Abbt;06.04.1990;N;49004063647;Lüganuse, Ida-Virumaa
Hans-Kristjan;Reimann;11.01.2003;M;50301118869;Koeru, Järvamaa
Frederik;Kriisa;17.09.1996;M;39609179861;Valjala, Saaremaa
Marielle;Kurg;31.10.2007;N;60710311915;Kolkja, Tartumaa
Peep;Raadik;28.05.1984;M;38405284045;Rakke, Lääne-Virumaa
Maie;Poom;13.10.1997;N;49710130422;Ülenurme, Tartumaa
Sofja;Naumov;01.03.1979;N;47903013021;Haabneeme, Harjumaa
Katarina;Laanemets;24.04.2002;N;60204242482;Kuusiku, Raplamaa
Chris;Maksimov;22.08.1970;M;37008220726;Võõpsu, Põlvamaa
Patrik;Kiisk;14.08.2001;M;50108143179;Lihula, Läänemaa
Vassili;Säde;24.12.1997;M;39712249906;Kärdla, Hiiumaa
Devid;Männik;12.07.1992;M;39207129654;Kiiu, Harjumaa
Oksana;Trei;15.01.1983;N;48301158507;Sillamäe, Ida-Virumaa
Doris;Pärnpuu;24.11.1991;N;49111247213;Riisipere, Harjumaa
Valdo;Lomp;14.04.2003;M;50304143619;Harku, Harjumaa
Kalmer;Kõiv;28.02.1993;M;39302285795;Kaiu, Raplamaa
Elina;Pärna;13.10.1981;N;48110132532;Kiili, Harjumaa
Jane-Ly;Käär;10.03.1983;N;48303108877;Antsla, Võrumaa
Jaanis;Salu;16.07.1990;M;39007163272;Suure-Jaani, Viljandimaa
Emilie;Kisseljov;10.11.1963;N;46311103378;Narva, Ida-Virumaa
Kristopher;Lääts;10.05.1977;M;37705101982;Võiste, Pärnumaa
Karmo;Kuzmin;01.08.1968;M;36808019436;Salme, Saaremaa
Avely;Kivi;14.04.1994;N;49404141916;Hummuli, Valgamaa
Kert;Hanson;24.11.1964;M;36411247286;Tsirguliina, Valgamaa
Kristjan;Org;01.12.2006;M;50612015423;Rummu, Harjumaa
Sabina;Toomsalu;16.07.1984;N;48407169514;Tapa, Lääne-Virumaa
Kristel;Lomp;21.06.1999;N;49906216723;Vasalemma, Harjumaa
Annabella;Paap;08.12.2000;N;60012084861;Õru, Valgamaa
Keiu;Sutt;20.02.2000;N;60002208211;Mehikoorma, Tartumaa
Jevgenija;Teras;22.04.1975;N;47504226493;Jüri, Harjumaa
Veronica;Jänes;17.04.1961;N;46104179672;Audru, Pärnumaa
Maili;Kangro;21.10.1964;N;46410218639;Luige, Harjumaa
Nele-Liis;Gontšarov;17.01.1988;N;48801177318;Ramsi, Viljandimaa
Liise;Alas;05.08.2008;N;60808052277;Kamari, Jõgevamaa
Patrick;Nõmmik;09.08.1989;M;38908093032;Lüganuse, Ida-Virumaa
Alisa;Kattai;31.03.1994;N;49403318743;Kiiu, Harjumaa
Britta;Meister;15.08.2002;N;60208156777;Sõmeru, Lääne-Virumaa
Deivid;Schmidt;10.05.1968;M;36805106575;Vana-Antsla, Võrumaa
Kaspar;Truu;02.07.1969;M;36907028258;Alu, Raplamaa
Mart;Suvi;25.04.1968;M;36804254865;Kallaste, Tartumaa
Jennifer;Pukk;05.08.2002;N;60208054027;Kuusalu, Harjumaa
Grigori;Ott;21.04.2005;M;50504212613;Narva, Ida-Virumaa
Tatjana;Kotov;24.02.1966;N;46602241959;Tootsi, Pärnumaa
Liisa Maria;Michelson;08.12.1995;N;49512080054;Hageri, Raplamaa
Reimo;Mikk;31.01.2004;M;50401319974;Jõgeva, Jõgevamaa
Annely;Tuulik;20.02.1990;N;49002203906;Jüri, Harjumaa
Mikk;Orav;10.05.2000;M;50005100221;Lähte, Tartumaa
Terje;Kangro;04.10.1974;N;47410042889;Puhja, Tartumaa
Ariana;Kukk;13.08.1997;N;49708133432;Lehtse, Lääne-Virumaa
Rebeca;Peterson;24.07.1975;N;47507241704;Varstu, Võrumaa
Villu;Lepp;14.01.1966;M;36601147018;Avinurme, Ida-Virumaa
Ljudmila;Jakovlev;14.02.2005;N;60502148361;Aste, Saaremaa
Dan;Nurm;15.12.1991;M;39112159791;Tsirguliina, Valgamaa
Merje;Erik;15.06.1995;N;49506155929;Häädemeeste, Pärnumaa
Kristine;Jeršov;27.10.1989;N;48910275704;Kambja, Tartumaa
Hanna-Maria;Urb;12.12.1991;N;49112126498;Kiltsi, Lääne-Virumaa
Aron;Orlov;16.11.1978;M;37811166780;Rummu, Harjumaa
Timofei;Tiits;05.09.1992;M;39209053019;Lähte, Tartumaa
Egert;Vaht;05.05.1970;M;37005058355;Aegviidu, Harjumaa
Anabel;Kirillov;26.07.1961;N;46107269842;Võhma, Viljandimaa
Katrin;Rumjantsev;28.05.1966;N;46605285544;Tori, Pärnumaa
Keio;Laks;07.09.1962;M;36209079536;Kuusiku, Raplamaa
Vera;Kuusk;31.07.2004;N;60407319471;Paldiski, Harjumaa
Krista;Simson;22.05.1976;N;47605229628;Jüri, Harjumaa
Juss;Kapp;29.12.2000;M;50012294168;Kostivere, Harjumaa
Stiven;Treial;08.08.1961;M;36108086704;Kiiu, Harjumaa
Joonas;Sergejev;09.02.1993;M;39302093136;Käärdi, Tartumaa
Karet;Lehiste;22.01.1985;N;48501227221;Suure-Jaani, Viljandimaa
Randel;Gromov;18.07.1998;M;39807180292;Kiili, Harjumaa
Anabel;Sarv;17.11.1985;N;48511170133;Paldiski, Harjumaa
Sulev;Jürgenson;03.01.2007;M;50701038481;Alatskivi, Tartumaa
Taivo;Kütt;24.01.1965;M;36501248666;Suure-Jaani, Viljandimaa
Alesja;Maidla;28.02.1975;N;47502285130;Assaku, Harjumaa
Mona;Orlov;18.08.2007;N;60708188003;Kiili, Harjumaa
Anastassija;Jaanus;21.08.1986;N;48608210678;Häädemeeste, Pärnumaa
Adrian;Konstantinov;17.09.1962;M;36209175946;Misso, Võrumaa
Villu;Müürsepp;14.01.1980;M;38001146064;Oisu, Järvamaa
Maido;Sarap;16.11.1991;M;39111166430;Põlva, Põlvamaa
Erika;Must;02.05.1977;N;47705027723;Põlva, Põlvamaa
Steve;Markus;13.08.1984;M;38408139277;Vinni, Lääne-Virumaa
Mait;Hoffmann;19.07.2001;M;50107191187;Iisaku, Ida-Virumaa
Laura Liisa;Kase;18.12.1991;N;49112187453;Pärnu-Jaagupi, Pärnumaa
Tauri;Kuznetsov;22.12.1969;M;36912223191;Kiisa, Harjumaa
Kaur;Kull;25.07.1993;M;39307259748;Lavassaare, Pärnumaa
Doris;Sutt;01.01.2003;N;60301012505;Erra, Ida-Virumaa
Gertu;Oja;16.03.1976;N;47603167626;Väike-Maarja, Lääne-Virumaa
Enn;Hoffmann;05.09.2008;M;50809051184;Raasiku, Harjumaa
Dana;Hanson;14.04.1972;N;47204144990;Leisi, Saaremaa
Evita;Davõdov;20.09.2004;N;60409207704;Kohtla-Järve, Ida-Virumaa
Kenert;Dmitriev;06.06.1974;M;37406068762;Kaiu, Raplamaa
Andrus;Saare;01.05.1983;M;38305010372;Lelle, Raplamaa
Elsa;Toome;23.07.1972;N;47207235850;Sinimäe, Ida-Virumaa
Eero;Ader;14.06.1989;M;38906148815;Jüri, Harjumaa
Tatjana;Mikk;30.08.2007;N;60708305239;Viru-Nigula, Lääne-Virumaa
Ronja;Kruus;13.03.1975;N;47503138923;Karjaküla, Harjumaa
Timofei;Kala;17.01.1991;M;39101170660;Vändra, Pärnumaa
Miko;Kiik;21.08.1976;M;37608218483;Näpi, Lääne-Virumaa
Margus;Lillemets;31.07.1995;M;39507317628;Audru, Pärnumaa
Carmen;Fjodorov;26.10.1960;N;46010267032;Tartu, Tartumaa
Einar;Siim;26.08.1974;M;37408261358;Veriora, Põlvamaa
Joonatan;Moroz;19.02.1968;M;36802195745;Vana-Antsla, Võrumaa
Liis;Jaanson;08.12.1966;N;46612082624;Kaerepere, Raplamaa
Christopher;Lumiste;22.03.2008;M;50803221195;Saue, Harjumaa
Hardi;Mõttus;09.09.1995;M;39509096845;Vastse-Kuuste, Põlvamaa
Sigmar;Luiga;03.03.1999;M;39903038816;Mooste, Põlvamaa
Devid;Jegorov;31.10.1978;M;37810315254;Mõisaküla, Viljandimaa
Karli;Koit;26.10.1998;M;39810268234;Kõpu, Viljandimaa
Jaana;Michelson;12.07.1989;N;48907124667;Kuusalu, Harjumaa
Ljubov;Palm;13.10.1998;N;49810139515;Parksepa, Võrumaa
Cärolin;Vlassov;04.02.1992;N;49202043775;Tammiku, Ida-Virumaa
Arkadi;Allas;22.10.2002;M;50210225744;Vaida, Harjumaa
Ruben;Bell;30.05.1969;M;36905301895;Rõngu, Tartumaa
Gretel;Salumets;05.02.2001;N;60102059170;Keava, Raplamaa
Marianne;Kilk;08.01.1971;N;47101082794;Sonda, Ida-Virumaa
Marius;Rätsep;29.03.1975;M;37503298247;Toila, Ida-Virumaa
Dimitri;Fjodorov;31.03.1983;M;38303313683;Karksi-Nuia, Viljandimaa
Evely;Merisaar;04.10.1987;N;48710040382;Otepää, Valgamaa
Jonas;Sibul;07.01.1980;M;38001077561;Veriora, Põlvamaa
Ayrton;Tiits;29.07.2006;M;50607291934;Iisaku, Ida-Virumaa
Betti;Fjodorov;04.01.1991;N;49101049246;Varstu, Võrumaa
Erle;Lukin;14.01.1976;N;47601141464;Valjala, Saaremaa
Helina;Kivimäe;31.10.2008;N;60810310915;Näpi, Lääne-Virumaa
Evgeny;Tomingas;21.05.1983;M;38305217340;Adavere, Jõgevamaa
Rodion;Mikelsaar;10.09.1966;M;36609102615;Assaku, Harjumaa
Janelle;Tomson;21.10.1973;N;47310218896;Varnja, Tartumaa
Maikel;Koit;27.05.1977;M;37705274209;Erra, Ida-Virumaa
Vlad;Aasa;29.08.1993;M;39308292390;Pärnu, Pärnumaa
Reino;Karpov;07.06.1999;M;39906070620;Jõgeva, Jõgevamaa
Olavi;Palu;22.01.1974;M;37401222332;Parksepa, Võrumaa
Vassili;Lipp;26.03.2006;M;50603268154;Kureküla, Tartumaa
Dmitry;Villemson;19.04.1999;M;39904191835;Helme, Valgamaa
Martin;Jegorov;01.01.1964;M;36401017263;Aegviidu, Harjumaa
Olesja;Kazakov;28.06.1995;N;49506289527;Kuusiku, Raplamaa
Taivo;Karpova;11.01.1977;M;37701115016;Puurmani, Jõgevamaa
Daniel;Männiste;21.04.1966;M;36604213055;Keava, Raplamaa
Sille;Raidma;24.04.1967;N;46704244333;Kilingi-Nõmme, Pärnumaa
Enri;Õispuu;29.05.1999;M;39905296440;Kõpu, Viljandimaa
Markus;Makarov;01.11.1980;M;38011019689;Mäetaguse, Ida-Virumaa
Janet;Kruus;04.12.1976;N;47612046747;Narva-Jõesuu, Ida-Virumaa
Brita;Kissa;12.06.1992;N;49206123523;Roela, Lääne-Virumaa
Janete;Sokolov;28.07.1977;N;47707282776;Ülenurme, Tartumaa
Tarvi;Vaht;11.05.1999;M;39905117366;Paralepa, Läänemaa
Ronald;Õunapuu;29.04.1999;M;39904292424;Kiiu, Harjumaa
Leana;Matvejev;09.08.1990;N;49008090975;Võhma, Viljandimaa
Patrik;Madisson;29.12.1987;M;38712294327;Kiisa, Harjumaa
Peep;Alas;22.11.2008;M;50811227010;Roela, Lääne-Virumaa
Erika;Sillaste;22.04.1988;N;48804221169;Lepna, Lääne-Virumaa
Dajana;Michelson;03.07.1968;N;46807035563;Elva, Tartumaa
Allar;Salumets;26.08.1986;M;38608269310;Jüri, Harjumaa
Greta;Fomin;29.12.1982;N;48212299745;Ülenurme, Tartumaa
Airiin;Lauri;29.10.1968;N;46810292963;Viljandi, Viljandimaa
Otto;Golubev;23.11.2006;M;50611234951;Olgina, Ida-Virumaa
Stina;Abbt;23.02.1994;N;49402236518;Oisu, Järvamaa
Karl Erik;Gerassimov;03.08.1979;M;37908038650;Roosna-Alliku, Järvamaa
Karoli;Liiv;10.12.1989;N;48912100862;Kudjape, Saaremaa
Vanessa;Stepanov;07.07.1978;N;47807074813;Viru-Jaagupi, Lääne-Virumaa
Mikhail;Randoja;24.04.1999;M;39904241649;Rannu, Tartumaa
Kaileen;Tilk;25.12.1991;N;49112252472;Põlva, Põlvamaa
Marius;Ader;20.12.1993;M;39312207977;Karksi-Nuia, Viljandimaa
Mirko;Reinsalu;17.03.2002;M;50203179934;Haljala, Lääne-Virumaa
Maarjo;Kodres;05.10.2000;M;50010051695;Luunja, Tartumaa
Kerttu;Pärna;05.01.1964;N;46401052747;Puhja, Tartumaa
Dominik;Alekseev;08.04.2008;M;50804084200;Mooste, Põlvamaa
Mailis;Simson;14.08.1962;N;46208141322;Käina, Hiiumaa
Laura Liisa;Annus;11.01.1977;N;47701114086;Käravete, Järvamaa
Aap;Laan;19.07.1967;M;36707198829;Valga, Valgamaa
Janete;Leht;10.10.1970;N;47010104083;Ambla, Järvamaa
Maksim;Safronov;15.12.1983;M;38312156204;Parksepa, Võrumaa
Marilyn;Niit;08.02.1974;N;47402087120;Paralepa, Läänemaa
Egle;Kuzmin;10.08.2007;N;60708105642;Ramsi, Viljandimaa
Anna-Maria;Pajula;09.04.2005;N;60504099438;Mäetaguse, Ida-Virumaa
Jaan;Drozdov;24.12.1962;M;36212245767;Viljandi, Viljandimaa
Anni;Stepanov;03.01.1998;N;49801035218;Risti, Läänemaa
Karl Martin;Puusepp;10.12.1974;M;37412106363;Kohila, Raplamaa
Brandon;Gavrilov;07.08.1972;M;37208077467;Toila, Ida-Virumaa
Gea;Susi;27.07.2001;N;60107276712;Lihula, Läänemaa
Marje;Arula;17.09.1962;N;46209178270;Kiili, Harjumaa
Polina;Allas;17.07.2006;N;60607178828;Paide, Järvamaa
Karl-Kristjan;Erm;24.01.1985;M;38501242851;Adavere, Jõgevamaa
Tõnu;Kilk;17.02.2000;M;50002173172;Palivere, Läänemaa
Marilyn;Uustalu;23.06.2004;N;60406235742;Kuusalu, Harjumaa
Heleriin;Jürisson;03.10.1961;N;46110033828;Võsu, Lääne-Virumaa
Madis;Gorbunov;22.04.1976;M;37604223122;Mõisaküla, Viljandimaa
Mailis;Maidla;11.01.1965;N;46501118719;Orissaare, Saaremaa
Michael;Sarapuu;20.07.1962;M;36207209354;Räpina, Põlvamaa
Annabell;Toome;22.02.1969;N;46902227479;Kõrveküla, Tartumaa
Avely;Sutt;03.02.1999;N;49902038466;Voka, Ida-Virumaa
Christopher;Heinsalu;06.08.1977;M;37708066423;Mustla, Viljandimaa
Kendra;Kadak;17.10.1974;N;47410177351;Keila-Joa, Harjumaa
Brenda;Merisaar;28.12.1990;N;49012288927;Kõrgessaare, Hiiumaa
Karl-Erik;Sokolov;06.05.1967;M;36705065630;Sadala, Jõgevamaa
Andry;Kuuse;30.08.1986;M;38608304152;Kostivere, Harjumaa
Lauren;Kont;27.05.1990;N;49005277894;Kaerepere, Raplamaa
Christofer;Soon;01.09.1987;M;38709012288;Mustvee, Jõgevamaa
Kätriin;Teearu;31.07.1985;N;48507314998;Jüri, Harjumaa
Kait;Jürisson;29.06.1986;M;38606296621;Aruküla, Harjumaa
August;Vain;19.04.1984;M;38404190544;Kohtla-Nõmme, Ida-Virumaa
Kalle;Suvorov;06.11.1975;M;37511066212;Õru, Valgamaa
Karl-Kevin;Karu;30.11.1968;M;36811304196;Misso, Võrumaa
Ly;Simson;08.09.1998;N;49809081496;Parksepa, Võrumaa
Carl;Poljakov;09.03.1984;M;38403094059;Värska, Põlvamaa
Kaidi;Ruus;27.12.1964;N;46412276438;Kolga, Harjumaa
Enelin;Saare;31.03.1964;N;46403311955;Kanepi, Põlvamaa
Žanna;Konovalov;24.03.1976;N;47603240274;Rakvere, Lääne-Virumaa
Agris;Moroz;06.08.1980;M;38008062362;Laiuse, Jõgevamaa
Marianne;Rosenberg;17.12.1971;N;47112175379;Lähte, Tartumaa
Ken-Martin;Kikkas;20.03.1999;M;39903208750;Märjamaa, Raplamaa
Romek;Kool;01.01.1968;M;36801014049;Prillimäe, Raplamaa
Ksenia;Abderhalden;19.03.1982;N;48203195851;Rakke, Lääne-Virumaa
Milena;Laine;26.07.1988;N;48807264049;Jõgeva, Jõgevamaa
Arti;Sander;03.01.2004;M;50401033122;Ulila, Tartumaa
Lars;Laks;02.04.1980;M;38004028328;Keila-Joa, Harjumaa
Matvei;Ots;06.04.1973;M;37304062871;Vasalemma, Harjumaa
Hans;Saar;28.12.1982;M;38212282416;Vana-Antsla, Võrumaa
Karl Robert;Kukk;29.07.1979;M;37907294273;Haabneeme, Harjumaa
Kalle;Klavan;24.03.1997;M;39703242029;Ilmatsalu, Tartumaa
Ruben;Korol;31.03.1986;M;38603312854;Kolkja, Tartumaa
Artem;Filippov;18.04.1989;M;38904184964;Eidapere, Raplamaa
Jaroslav;Vinogradov;06.08.1960;M;36008069767;Õisu, Viljandimaa
Mait;Käsper;23.09.1995;M;39509230906;Uuemõisa, Läänemaa
Laura-Liisa;Pulk;21.10.1966;N;46610211858;Hulja, Lääne-Virumaa
Valter;Sirel;31.05.1984;M;38405315747;Ulila, Tartumaa
Tarvo;Sergejev;17.10.1997;M;39710178257;Hageri, Raplamaa
Kalle;Merisaar;25.12.1976;M;37612259639;Halliste, Viljandimaa
Kendra;Kiil;15.08.1967;N;46708159455;Ambla, Järvamaa
Teili;Green;22.02.1978;N;47802222070;Peetri, Järvamaa
Renno;Mägi;26.06.2008;M;50806267698;Mustla, Viljandimaa
Aivar;Lepp;20.10.1962;M;36210207925;Otepää, Valgamaa
Markel;Jeršov;11.12.2001;M;50112110092;Erra, Ida-Virumaa
Taago;Õispuu;13.04.1987;M;38704139516;Kureküla, Tartumaa
Aimar;Talts;28.12.1964;M;36412286078;Äksi, Tartumaa
Karen;Maslov;27.11.1997;N;49711270605;Paldiski, Harjumaa
Jaanika;Kruglov;30.06.1991;N;49106309302;Aseri, Ida-Virumaa
Günther;Valge;13.05.1975;M;37505139311;Tabivere, Jõgevamaa
Beatrice;Kattai;23.02.1971;N;47102236054;Ilmatsalu, Tartumaa
Sven Erik;Liivamägi;13.10.2004;M;50410134221;Rakke, Lääne-Virumaa
Bogdan;Aasa;08.03.1997;M;39703084387;Kobela, Võrumaa
Kenneth;Käär;19.04.1970;M;37004197836;Avinurme, Ida-Virumaa
Kätrin;Kiisk;02.04.1970;N;47004024312;Laiuse, Jõgevamaa
Janne;Bondarenko;18.03.1969;N;46903185734;Kaerepere, Raplamaa
Emil;Sutt;09.04.1985;M;38504097667;Varstu, Võrumaa
Miia;Juhanson;16.02.2001;N;60102166132;Kuressaare, Saaremaa
Robert;Simm;21.02.1973;M;37302211456;Koeru, Järvamaa
Renet;Sarapuu;28.09.2002;M;50209283677;Jüri, Harjumaa
Adeele;Trofimov;29.03.1975;N;47503299809;Paralepa, Läänemaa
Sten-Erik;Sillaots;04.03.2003;M;50303048028;Kose, Võrumaa
Annaliis;Müür;16.09.1988;N;48809164196;Olustvere, Viljandimaa
Lembit;Lill;24.12.1989;M;38912245605;Pärnu, Pärnumaa
Oksana;Lehtla;23.06.1993;N;49306236486;Antsla, Võrumaa
Sabrina;Poljakov;15.10.1966;N;46610154871;Kohtla-Järve, Ida-Virumaa
Ave-Marleen;Miller;20.07.1976;N;47607205916;Märjamaa, Raplamaa
Urmet;Urb;26.12.1991;M;39112267973;Võnnu, Tartumaa
Aare;Vorobjov;13.04.1984;M;38404135732;Võõpsu, Põlvamaa
Maarek;Mihhailov;21.09.2000;M;50009211624;Kuusalu, Harjumaa
Brita;Lill;10.01.1963;N;46301101784;Ambla, Järvamaa
Ingvar;Smirnov;05.09.1963;M;36309058516;Näpi, Lääne-Virumaa
Karl-Eerik;Suur;01.06.1970;M;37006010802;Kohtla-Nõmme, Ida-Virumaa
Melany;Must;12.05.1960;N;46005125440;Kolga-Jaani, Viljandimaa
Juss;Saare;01.10.2007;M;50710016562;Võsu, Lääne-Virumaa
Liisi;Kolk;20.11.1969;N;46911206267;Ramsi, Viljandimaa
Rebeka;Post;06.05.1964;N;46405068428;Võhma, Viljandimaa
Ruth;Tomson;29.12.1988;N;48812295462;Näpi, Lääne-Virumaa
Terje;Raamat;02.02.1980;N;48002025529;Narva-Jõesuu, Ida-Virumaa
Ketlin;Kazakov;26.06.1997;N;49706268492;Karjaküla, Harjumaa
Jako;Oja;14.02.1996;M;39602142362;Tõrvandi, Tartumaa
Margot;Kala;26.07.1960;N;46007262521;Väike-Maarja, Lääne-Virumaa
Enar;Karpova;04.09.2004;M;50409043906;Hagudi, Raplamaa
Anette;Kala;03.08.1982;N;48208033523;Sõmeru, Lääne-Virumaa
Ahto;Tiits;20.11.1977;M;37711207140;Kadrina, Lääne-Virumaa
Violeta;Paal;25.04.1988;N;48804256158;Parksepa, Võrumaa
Markus;Klavan;09.05.2001;M;50105098395;Käärdi, Tartumaa
Margus;Lass;05.04.1975;M;37504055602;Luunja, Tartumaa
Artemi;Koval;13.07.1965;M;36507134837;Kangru, Harjumaa
Stenver;Maripuu;18.07.1977;M;37707186345;Alatskivi, Tartumaa
Markko;Karpova;14.06.1994;M;39406140792;Veriora, Põlvamaa
Dan;Põld;09.10.1986;M;38610090348;Adavere, Jõgevamaa
Merili;Paju;01.04.1990;N;49004012005;Peetri, Järvamaa
Arina;Žukov;18.11.2000;N;60011187952;Särevere, Järvamaa
Lukas;Panov;20.05.2001;M;50105207385;Tabasalu, Harjumaa
Elina;Tammet;24.03.1963;N;46303244590;Võõpsu, Põlvamaa
Stefani;Mets;28.08.1986;N;48608289813;Sindi, Pärnumaa
Marje;Kudrjavtsev;14.07.1983;N;48307145422;Kureküla, Tartumaa
Artjom;Viira;02.11.2001;M;50111022811;Vinni, Lääne-Virumaa
Marek;Lass;11.04.1964;M;36404111506;Luige, Harjumaa
Ruslan;Kissa;12.02.1965;M;36502123594;Kihelkonna, Saaremaa
Harry;Luiga;01.05.1991;M;39105012506;Saue, Harjumaa
Nikol;Urb;30.05.1999;N;49905302553;Saku, Harjumaa
Arina;Stepanov;06.02.2002;N;60202067167;Olustvere, Viljandimaa
Lisete;Kilk;12.01.1985;N;48501129483;Pajusti, Lääne-Virumaa
Kärolin;Trofimov;01.12.1964;N;46412010756;Roiu, Tartumaa
Carlos;Mets;21.11.1996;M;39611213709;Haljala, Lääne-Virumaa
Kelly;Kasak;10.11.1981;N;48111100087;Risti, Läänemaa
Simone;Rosenberg;11.04.2001;N;60104118546;Väätsa, Järvamaa
Arno;Laht;03.02.1962;M;36202039874;Kunda, Lääne-Virumaa
Nadežda;Adamson;02.11.2002;N;60211029874;Alatskivi, Tartumaa
Tomi;Väli;20.08.1971;M;37108205597;Ülenurme, Tartumaa
Betti;Leppik;12.03.1974;N;47403129323;Loo, Harjumaa
Kristi;Reimann;20.08.1985;N;48508201763;Erra, Ida-Virumaa
Sten;Piho;26.03.2000;M;50003260668;Hulja, Lääne-Virumaa
Henri;Jegorov;12.12.1960;M;36012128103;Toila, Ida-Virumaa
Kerti;Kütt;17.01.2002;N;60201172358;Tammiku, Ida-Virumaa
Mari-Liis;Frolov;13.06.1985;N;48506132761;Aravete, Järvamaa
Dimitri;Arro;04.07.1980;M;38007049299;Laekvere, Lääne-Virumaa
Ivan;Zaitsev;14.03.1970;M;37003147965;Virtsu, Läänemaa
Sten-Markus;Bell;10.02.1974;M;37402100485;Tihemetsa, Pärnumaa
Mai-Liis;Kivimäe;15.04.1971;N;47104157442;Taebla, Läänemaa
Mihail;Kuus;09.11.1981;M;38111093980;Võõpsu, Põlvamaa
Miko;Männiste;15.06.1974;M;37406157185;Tabasalu, Harjumaa
Cevin;Pruul;13.02.1977;M;37702135836;Kose, Võrumaa
Ellen;Kütt;18.08.1984;N;48408184219;Iisaku, Ida-Virumaa
Riina;Kohv;12.05.1999;N;49905120269;Kuressaare, Saaremaa
Joel;Pärn;26.03.1973;M;37303267929;Laiuse, Jõgevamaa
Eva-Liisa;Paap;22.05.1969;N;46905224205;Märjamaa, Raplamaa
Liisa-Maria;Bogdanov;06.10.2008;N;60810063254;Kiili, Harjumaa
Ester;Palm;23.05.1993;N;49305237294;Saue, Harjumaa
Andrei;Kruus;18.11.1999;M;39911185462;Raasiku, Harjumaa
Tarvi;Teras;11.01.1982;M;38201113689;Sadala, Jõgevamaa
Endrik;Rebane;01.07.1964;M;36407015410;Saku, Harjumaa
Danila;Karpov;07.02.1968;M;36802074532;Puurmani, Jõgevamaa
Aimar;Pajula;18.08.2006;M;50608186354;Alu, Raplamaa
Merily;Teearu;16.08.1988;N;48808168085;Väätsa, Järvamaa
Matis;Davõdov;25.01.1973;M;37301259389;Kobela, Võrumaa
Peeter;Lukk;29.05.1966;M;36605292889;Paldiski, Harjumaa
Tamara;Lõhmus;09.03.2008;N;60803095000;Kallaste, Tartumaa
Ivo;Mironov;23.03.1998;M;39803230267;Pärnu-Jaagupi, Pärnumaa
Käti;Treial;03.12.1965;N;46512032288;Hageri, Raplamaa
Hannabel;Abderhalden;13.03.1976;N;47603137782;Laatre, Valgamaa
Sireli;Herodes;13.06.2002;N;60206130162;Võnnu, Tartumaa
Marili;Sillaste;03.04.1970;N;47004038445;Aegviidu, Harjumaa
Vassili;Aakre;15.05.1992;M;39205156676;Rapla, Raplamaa
Arko;Jakobson;08.06.1970;M;37006088201;Olustvere, Viljandimaa
Marin;Uibo;26.04.1980;N;48004261303;Leisi, Saaremaa
Inna;Nurk;06.07.1995;N;49507066651;Saue, Harjumaa
Aleksandr;Annus;13.05.1990;M;39005138307;Assaku, Harjumaa
Elar;Anissimov;15.05.1979;M;37905153153;Ülenurme, Tartumaa
Sofija;Saveljev;08.12.1988;N;48812086905;Orissaare, Saaremaa
Reena;Koval;12.09.1993;N;49309126197;Vastseliina, Võrumaa
Argo;Piho;29.03.1983;M;38303293101;Olustvere, Viljandimaa
Sofija;Mikk;16.05.1967;N;46705167774;Pärnu-Jaagupi, Pärnumaa
Daisi;Täht;31.07.1979;N;47907317229;Lehtse, Lääne-Virumaa
Raimo;Kroon;15.06.1983;M;38306153817;Lüganuse, Ida-Virumaa
Johannes;Roos;01.02.1968;M;36802010273;Iisaku, Ida-Virumaa
Ilona;Schmidt;28.08.2001;N;60108283287;Olustvere, Viljandimaa
Alice;Kudrjavtsev;23.08.2008;N;60808234377;Mooste, Põlvamaa
Daaniel;Tomingas;14.03.1995;M;39503141247;Vändra, Pärnumaa
Freddy;Säde;28.05.1976;M;37605280585;Rakvere, Lääne-Virumaa
Maarjo;Luiga;17.04.1996;M;39604178202;Kolkja, Tartumaa
Milena;Nurk;27.09.2002;N;60209271815;Elva, Tartumaa
Patricia;Aun;06.09.1962;N;46209066814;Tootsi, Pärnumaa
Alisa;Mäesalu;02.02.1993;N;49302027460;Varnja, Tartumaa
Egert;Hallik;13.02.1997;M;39702131702;Kasepää, Tartumaa
Heiko;Kissa;23.02.2004;M;50402230325;Nasva, Saaremaa
Albina;Jõesaar;05.01.1971;N;47101055038;Kobela, Võrumaa
Anne-Liis;Mitt;09.04.1977;N;47704094926;Pajusti, Lääne-Virumaa
Pjotr;Võsu;12.12.1983;M;38312127420;Võiste, Pärnumaa
Ksenja;Kutsar;01.05.2001;N;60105017304;Kehtna, Raplamaa
Mirell;Kozlov;11.04.1966;N;46604111967;Aste, Saaremaa
Kerttu;Sulg;24.04.1969;N;46904240640;Viru-Jaagupi, Lääne-Virumaa
Marian;Kuznetsov;27.12.1995;N;49512272722;Varstu, Võrumaa
Randar;Ivask;17.12.1975;M;37512176821;Vaida, Harjumaa
Argo;Härm;26.08.1979;M;37908267915;Püssi, Ida-Virumaa
Ivo;Fedorov;29.02.1988;M;38802296377;Hummuli, Valgamaa
Marie;Villemson;05.05.1983;N;48305051086;Käina, Hiiumaa
Aarne;Mäesalu;28.09.1971;M;37109286520;Lelle, Raplamaa
Annabella;Randmaa;17.03.1990;N;49003170242;Sauga, Pärnumaa
Timmo;Kant;15.09.1985;M;38509158087;Taebla, Läänemaa
Hannabel;Raidma;15.08.1976;N;47608151575;Kõrgessaare, Hiiumaa
Evelin;Voronin;16.12.2007;N;60712167901;Rummu, Harjumaa
Karl-Erik;Teder;19.06.2006;M;50606193403;Tartu, Tartumaa
Anfissa;Raud;03.07.1995;N;49507036565;Kiisa, Harjumaa
Harry;Kaljuvee;09.07.1994;M;39407096346;Hummuli, Valgamaa
Rivo;Kriisa;25.04.1971;M;37104255822;Tudulinna, Ida-Virumaa
Renno;Mikelsaar;02.07.1999;M;39907022291;Märja, Tartumaa
Eva-Lotta;Gontšarov;13.01.1998;N;49801139410;Käru, Raplamaa
Jane;Jürgenson;24.02.1976;N;47602240565;Kärla, Saaremaa
Gabriela;Kadak;25.12.2008;N;60812253451;Kiviõli, Ida-Virumaa
Matvei;Kasemaa;23.02.1967;M;36702236879;Puurmani, Jõgevamaa
Endrik;Martinson;11.02.1966;M;36602117042;Haapsalu, Läänemaa
Anfissa;Juhkam;27.03.2001;N;60103273930;Kose, Võrumaa
Gloria;Tõnisson;02.07.1980;N;48007023927;Puurmani, Jõgevamaa
Marje;Iljin;03.06.1976;N;47606031858;Kiltsi, Lääne-Virumaa
Matthias;Kaljurand;18.02.1969;M;36902180407;Erra, Ida-Virumaa
Heleri;Taal;14.02.1960;N;46002147289;Kanepi, Põlvamaa
Jorma;Marksoo;08.01.1995;M;39501083071;Elva, Tartumaa
Rein;Mark;27.03.1985;M;38503270016;Aste, Saaremaa
Verner;Kuuse;24.12.1963;M;36312244763;Tudu, Lääne-Virumaa
Ardo;Treier;21.08.1984;M;38408213875;Püssi, Ida-Virumaa
Minna;Liiv;06.09.1984;N;48409060316;Kärla, Saaremaa
Jaanis;Kurvits;16.05.1976;M;37605162462;Suure-Jaani, Viljandimaa
Aksel;Gontšarov;06.09.1967;M;36709067041;Särevere, Järvamaa
Helena;Toome;25.01.1964;N;46401259319;Halliste, Viljandimaa
Trevor;Jaanson;22.03.1993;M;39303222236;Haabneeme, Harjumaa
Jevgenija;Ilves;01.05.2007;N;60705012973;Narva-Jõesuu, Ida-Virumaa
Lauri;Luik;03.11.1960;M;36011030960;Nasva, Saaremaa
Annaliisa;Valk;16.09.1966;N;46609163746;Luige, Harjumaa
Eve;Poom;23.08.1999;N;49908233320;Juuru, Raplamaa
Eva;Kuzmin;17.07.1979;N;47907173913;Tõrva, Valgamaa
Arnold;Liiva;03.08.1968;M;36808037165;Mooste, Põlvamaa
Madli;Korol;21.09.1994;N;49409211506;Taebla, Läänemaa
Andres;Lomp;30.04.1982;M;38204307263;Narva, Ida-Virumaa
Johan;Sander;01.01.2003;M;50301011750;Peetri, Järvamaa
Liisi;Soosaar;16.12.1976;N;47612165534;Vastseliina, Võrumaa
Ain;Rebane;28.07.1973;M;37307289955;Õru, Valgamaa
Olavi;Järvekülg;10.06.1987;M;38706102120;Põltsamaa, Jõgevamaa
Sören;Lukk;25.08.2004;M;50408251658;Viljandi, Viljandimaa
Annika;Lebedev;11.01.1994;N;49401119129;Palamuse, Jõgevamaa
Mirtel;Pruul;23.02.1963;N;46302234501;Sauga, Pärnumaa
Karl-Martin;Õun;17.12.1976;M;37612174497;Paikuse, Pärnumaa
Risto;Nazarov;05.01.1963;M;36301056933;Audru, Pärnumaa
Kristiina;Väli;12.10.2000;N;60010124033;Luige, Harjumaa
Sille;Toom;03.12.2008;N;60812035315;Karjaküla, Harjumaa
Kerly;Allik;29.09.2008;N;60809299717;Tudulinna, Ida-Virumaa
Eret;Oras;30.04.2007;N;60704304388;Kõrgessaare, Hiiumaa
Norman;Palm;13.12.1995;M;39512130539;Häädemeeste, Pärnumaa
Daniella;Kiil;31.07.2005;N;60507314798;Kaiu, Raplamaa
Veronika;Juhanson;19.03.1983;N;48303198566;Saue, Harjumaa
Kätlyn;Järvesaar;27.12.1965;N;46512270728;Misso, Võrumaa
Anastasiya;Jegorov;16.11.1974;N;47411167406;Aste, Saaremaa
Ketter;Põdra;24.08.1968;N;46808248779;Kolga, Harjumaa
Hanna Maria;Remmel;22.04.1970;N;47004227994;Kangru, Harjumaa
Allar;Tamme;19.09.1995;M;39509190950;Keila-Joa, Harjumaa
Gerda;Nõmm;12.04.2000;N;60004126207;Olustvere, Viljandimaa
Nadezda;Taal;13.11.1972;N;47211134690;Haabneeme, Harjumaa
Sandro;Drozdov;26.07.2004;M;50407269674;Karksi-Nuia, Viljandimaa
Ruslan;Kivilo;07.05.1998;M;39805073605;Märja, Tartumaa
Rainer;Põldma;06.07.1964;M;36407066279;Näpi, Lääne-Virumaa
Iris;Saar;28.01.1988;N;48801283281;Aseri, Ida-Virumaa
Hanna-Liina;Mändla;07.06.2008;N;60806075241;Assaku, Harjumaa
Fredi;Makarov;19.02.1995;M;39502192620;Võnnu, Tartumaa
Maidu;Komarov;19.11.1966;M;36611191672;Vasalemma, Harjumaa
Jane-Ly;Kurg;27.11.2005;N;60511279300;Tabivere, Jõgevamaa
Meeli;Raag;19.06.1975;N;47506198132;Lavassaare, Pärnumaa
Eliisa;Lillemets;17.06.1981;N;48106171029;Ambla, Järvamaa
Urmas;Laur;23.09.2000;M;50009233267;Sauga, Pärnumaa
Julija;Kapp;13.02.1974;N;47402135765;Lavassaare, Pärnumaa
Karl Oskar;Alekseev;20.01.2004;M;50401203343;Adavere, Jõgevamaa
Natalija;Kohv;01.04.1960;N;46004010187;Viljandi, Viljandimaa
Karen;Kutsar;11.06.1980;N;48006110678;Salme, Saaremaa
Kati;Sergejev;09.04.1994;N;49404091415;Kohtla-Järve, Ida-Virumaa
Kerly;Lumi;10.09.1993;N;49309104262;Kuusalu, Harjumaa
Keit;Saks;06.03.2001;M;50103063214;Klooga, Harjumaa
Irina;Reimann;24.10.1996;N;49610240543;Sauga, Pärnumaa
Stiina;Uibo;08.08.1977;N;47708089248;Narva, Ida-Virumaa
Egert;Kesküla;28.11.1976;M;37611285148;Äksi, Tartumaa
Rainar;Heinsalu;07.08.1970;M;37008074041;Kuusalu, Harjumaa
Aurelia;Martin;15.08.2007;N;60708158135;Klooga, Harjumaa
Maxim;Liiv;24.01.1974;M;37401244185;Viimsi, Harjumaa
Valdo;Jõe;09.04.1963;M;36304095184;Viru-Nigula, Lääne-Virumaa
Kaidi;Viik;14.08.1992;N;49208142571;Are, Pärnumaa
Artemi;Gorbunov;07.11.1992;M;39211075267;Lihula, Läänemaa
Tauno;Allik;29.08.1980;M;38008296355;Juuru, Raplamaa
Karen;Gavrilov;07.05.1998;N;49805073019;Viiratsi, Viljandimaa
Terje;Pruul;05.08.1980;N;48008052166;Iisaku, Ida-Virumaa
Oliver;Lebedev;05.07.2005;M;50507050622;Pajusti, Lääne-Virumaa
Janelle;Sarapuu;18.09.2007;N;60709186567;Ülenurme, Tartumaa
Mirjam;Jaanson;01.08.2005;N;60508019681;Taebla, Läänemaa
Liivi;Korol;12.05.1970;N;47005126525;Orissaare, Saaremaa
Jörgen;Saare;09.02.1960;M;36002096870;Järva-Jaani, Järvamaa
Konstantin;Filippov;12.11.1987;M;38711129729;Sauga, Pärnumaa
Dominik;Alekseev;15.11.1960;M;36011159992;Loksa, Harjumaa
Raimond;Varik;07.10.1973;M;37310075411;Roiu, Tartumaa
Eva-Maria;Kallas;19.07.1969;N;46907193888;Kose, Harjumaa
Kristiin;Lindgren;30.11.1980;N;48011309945;Vaida, Harjumaa
Merlyn;Adamson;01.11.2000;N;60011012991;Vinni, Lääne-Virumaa
Imre;Lumi;23.06.2002;M;50206237815;Tabivere, Jõgevamaa
Kerdo;Abel;28.07.1974;M;37407282395;Tudu, Lääne-Virumaa
Miikael;Gorbunov;05.04.1999;M;39904051057;Rannu, Tartumaa
Juss;Tuulik;24.06.1974;M;37406249868;Sindi, Pärnumaa
Maiu;Saul;15.07.2002;N;60207157333;Tartu, Tartumaa
Holger;Rosin;27.04.1985;M;38504277649;Aste, Saaremaa
Eliza;Hunt;02.10.2000;N;60010029112;Alu, Raplamaa
Evelin;Raudsepp;14.11.1978;N;47811145676;Tõrvandi, Tartumaa
Helis;Pärnpuu;03.01.1978;N;47801036773;Tõstamaa, Pärnumaa
Lisett;Viks;12.11.1973;N;47311126729;Erra, Ida-Virumaa
Kalmer;Mandel;19.05.1981;M;38105195387;Õru, Valgamaa
Dimitri;Kirsipuu;02.12.1962;M;36212025057;Kohtla-Nõmme, Ida-Virumaa
Anna-Liisa;Kiisk;20.03.2001;N;60103209392;Kohtla-Järve, Ida-Virumaa
Ronaldo;Nõmme;01.10.1993;M;39310011473;Simuna, Lääne-Virumaa
Gunnar;Ernits;17.08.1973;M;37308174821;Saue, Harjumaa
Jürgen;Allik;23.06.2000;M;50006239664;Puurmani, Jõgevamaa
Dimitri;Link;09.04.1965;M;36504091173;Sõmeru, Lääne-Virumaa
Carina;Kuzmin;21.11.1985;N;48511219462;Ämari, Harjumaa
Juulia;Jermakov;24.05.1961;N;46105242677;Mõisaküla, Viljandimaa
Lotta;Zahharov;10.04.2004;N;60404103323;Salme, Saaremaa
Rahel;Abel;19.10.2005;N;60510195370;Otepää, Valgamaa
Sirle;Kroon;12.04.1966;N;46604126567;Kadrina, Lääne-Virumaa
Silva;Jeršov;16.08.1968;N;46808166687;Erra, Ida-Virumaa
Katariina;Randoja;04.11.1971;N;47111048958;Puhja, Tartumaa
Liina;Alas;14.10.1986;N;48610141081;Klooga, Harjumaa
Sigmar;Lõhmus;24.11.1988;M;38811246278;Narva-Jõesuu, Ida-Virumaa
Margit;Tamme;20.08.1988;N;48808203604;Märja, Tartumaa
Albert;Lukin;18.08.1982;M;38208188546;Paldiski, Harjumaa
Anna-Maria;Järvekülg;23.11.2000;N;60011235724;Sõmeru, Lääne-Virumaa
Piret;Poljakov;24.12.2007;N;60712247039;Õisu, Viljandimaa
Karola;Sarv;01.11.1971;N;47111014178;Viljandi, Viljandimaa
Günther;Jarvis;09.07.1986;M;38607095590;Tabasalu, Harjumaa
Marin;Ernits;15.02.1967;N;46702150824;Sauga, Pärnumaa
Merilyn;Tsvetkov;02.12.1987;N;48712025227;Iisaku, Ida-Virumaa
Helene;Puusepp;27.02.1973;N;47302274872;Vasalemma, Harjumaa
Dana;Mandel;16.12.1969;N;46912167309;Oisu, Järvamaa
Tarvi;Remmel;01.09.1979;M;37909010899;Aravete, Järvamaa
Margus;Raidma;01.01.2001;M;50101017418;Lavassaare, Pärnumaa
Viktoriya;Simm;19.04.1969;N;46904194558;Türi, Järvamaa
Ene;Raag;03.12.2006;N;60612039059;Väätsa, Järvamaa
Marii;Herodes;19.10.1961;N;46110196346;Tõravere, Tartumaa
Evely;Raamat;03.06.1979;N;47906038099;Elva, Tartumaa
Enn;Tomson;11.03.2000;M;50003110538;Ulila, Tartumaa
Helery;Merila;12.05.2002;N;60205121314;Are, Pärnumaa
Annaliis;Õun;08.08.1990;N;49008082479;Rakvere, Lääne-Virumaa
Kadri;Tsvetkov;19.08.2001;N;60108195803;Tamsalu, Lääne-Virumaa
Mare;Luik;14.05.1979;N;47905148194;Sillamäe, Ida-Virumaa
Karl-Gustav;Annus;30.10.1981;M;38110305222;Väike-Maarja, Lääne-Virumaa
Kaia;Raamat;28.06.1976;N;47606281011;Hageri, Raplamaa
Hanna;Kivimäe;18.03.1997;N;49703181861;Helme, Valgamaa
Kalle;Sillaste;14.04.2008;M;50804142459;Sääse, Lääne-Virumaa
Elisabeth;Piir;13.09.1969;N;46909139745;Luige, Harjumaa
Rodion;Erik;02.10.1970;M;37010027281;Keila, Harjumaa
Keio;Klein;25.05.1963;M;36305250269;Jüri, Harjumaa
Matis;Täht;22.06.1992;M;39206224438;Tabivere, Jõgevamaa
Silva;Niit;24.01.1964;N;46401242088;Kehtna, Raplamaa
Gert;Härm;08.12.1970;M;37012083549;Äksi, Tartumaa
Polina;Lillemets;19.09.1997;N;49709194348;Mäetaguse, Ida-Virumaa
Marelle;Kikas;27.02.1990;N;49002278061;Jüri, Harjumaa
German;Kodres;14.07.1961;M;36107142799;Kunda, Lääne-Virumaa
Cevin;Põllu;05.10.1994;M;39410055307;Rakvere, Lääne-Virumaa
Reeli;Müürsepp;03.01.1999;N;49901036926;Uhtna, Lääne-Virumaa
Triinu;Vahter;07.10.2006;N;60610078248;Kallaste, Tartumaa
Sigrit;Käär;25.10.2005;N;60510258201;Kehtna, Raplamaa
Laureen;Tooming;20.04.1970;N;47004200860;Are, Pärnumaa
Igor;Mändla;26.07.1979;M;37907268902;Voka, Ida-Virumaa
Paul;Leis;20.07.1975;M;37507201212;Kiviõli, Ida-Virumaa
Vlada;Kodres;11.03.1993;N;49303117210;Iisaku, Ida-Virumaa
Hannes;Lätt;21.06.1972;M;37206213550;Vändra, Pärnumaa
Miikael;Ruus;03.03.2007;M;50703034817;Kuressaare, Saaremaa
Reijo;Semenov;26.08.2006;M;50608269272;Haapsalu, Läänemaa
Heikki;Villemson;09.01.1991;M;39101090897;Võsu, Lääne-Virumaa
Annabell;Kiisk;08.05.1963;N;46305080593;Rannu, Tartumaa
Peeter;Juhanson;16.09.1965;M;36509165616;Kose-Uuemõisa, Harjumaa
Hendrik;Melnik;19.10.1992;M;39210197968;Sonda, Ida-Virumaa
Meribel;Olesk;23.04.1963;N;46304235353;Vaida, Harjumaa
Julia;Kroon;27.05.1969;N;46905276849;Mõisaküla, Viljandimaa
Pavel;Ott;09.07.1991;M;39107099570;Kärla, Saaremaa
Renet;Trofimov;27.09.1962;M;36209279223;Ilmatsalu, Tartumaa
Tuuli;Abramov;31.05.1989;N;48905318880;Kangru, Harjumaa
Andrea;Lehtla;27.12.1990;N;49012279160;Tabivere, Jõgevamaa
Arti;Oks;23.12.2001;M;50112235756;Kohtla-Järve, Ida-Virumaa
Edvin;Hanson;19.02.1987;M;38702198542;Hummuli, Valgamaa
Uljana;Silm;07.08.1991;N;49108079617;Tamsalu, Lääne-Virumaa
Andro;Naumov;20.05.1982;M;38205208206;Hummuli, Valgamaa
Jan Markus;Sarapuu;03.12.1978;M;37812038252;Lüganuse, Ida-Virumaa
Kristofer;Raamat;08.06.1973;M;37306089228;Värska, Põlvamaa
Raner;Kelder;09.05.1993;M;39305098788;Mustla, Viljandimaa
Anet;Karro;28.03.2001;N;60103284209;Kallaste, Tartumaa
Sebastian;Soosaar;15.12.1963;M;36312153378;Are, Pärnumaa
Daaniel;Kivilo;07.10.1962;M;36210073584;Nõo, Tartumaa
Dariya;Voronin;20.08.1983;N;48308208256;Juuru, Raplamaa
Maarika;Fomin;18.03.1969;N;46903180346;Toila, Ida-Virumaa
Reimo;Männiste;01.12.2001;M;50112018224;Narva, Ida-Virumaa
Andrey;Mädamürk;03.05.1983;M;38305035127;Lähte, Tartumaa
Kaileen;Sarv;29.06.1993;N;49306293639;Viimsi, Harjumaa
Eva;Link;01.04.1970;N;47004012262;Mooste, Põlvamaa
Alo;Paap;30.09.1963;M;36309300841;Oisu, Järvamaa
Karl-Kristjan;Lunin;26.02.1987;M;38702265737;Sadala, Jõgevamaa
Mike;Luik;22.05.1999;M;39905227982;Jõhvi, Ida-Virumaa
Heidi;Hoffmann;12.11.2006;N;60611129676;Klooga, Harjumaa
Karl-Markus;Konstantinov;06.02.1998;M;39802061534;Keila-Joa, Harjumaa
Karet;Holm;31.07.1967;N;46707312420;Sindi, Pärnumaa
Renet;Kink;01.10.1973;M;37310016890;Rõngu, Tartumaa
Kärt;Aakre;27.03.1989;N;48903277643;Laagri, Harjumaa
Andrus;Sobolev;02.07.1984;M;38407021222;Võnnu, Tartumaa
Liisu;Käär;16.11.1988;N;48811167258;Suure-Jaani, Viljandimaa
Valentin;Kallaste;21.12.1962;M;36212218350;Ramsi, Viljandimaa
Hanna-Maria;Kõiv;16.07.1988;N;48807163096;Adavere, Jõgevamaa
Hans;Koort;08.06.1960;M;36006084093;Võhma, Viljandimaa
Maret;Abramov;19.04.1995;N;49504195771;Värska, Põlvamaa
Elina;Holm;16.07.1996;N;49607166917;Uuemõisa, Läänemaa
Karl Markus;Tali;26.10.1975;M;37510266783;Järva-Jaani, Järvamaa
Frank;Sibul;02.02.1963;M;36302020501;Pärnu, Pärnumaa
Gea;Rohtla;01.07.1961;N;46107012728;Keila, Harjumaa
Emeri;Aasmäe;06.03.2003;N;60303065118;Sääse, Lääne-Virumaa
Liina;Nuut;08.08.1999;N;49908083411;Õru, Valgamaa
Tristan;Viik;23.07.1966;M;36607235052;Alu, Raplamaa
Karl-Markus;Mänd;16.03.1979;M;37903160306;Nasva, Saaremaa
Anastasia;Nurm;28.12.1973;N;47312284942;Kolga-Jaani, Viljandimaa
Airika;Randmaa;17.06.2003;N;60306177161;Koeru, Järvamaa
Karolin;Paap;29.07.1996;N;49607292615;Tõrva, Valgamaa
Jan-Erik;Powell;09.12.1990;M;39012093268;Sinimäe, Ida-Virumaa
Kelly;Tuul;11.02.2004;N;60402111370;Luunja, Tartumaa
Lilija;Tammet;19.11.1972;N;47211190423;Lagedi, Harjumaa
Günther;Abramov;18.06.1975;M;37506188350;Paikuse, Pärnumaa
Ailen;Jermakov;23.05.1980;N;48005235623;Mehikoorma, Tartumaa
Filipp;Ots;01.05.1977;M;37705016077;Kuremaa, Jõgevamaa
Renate;Nurm;03.12.2002;N;60212030859;Olustvere, Viljandimaa
Riin;Sorokin;26.08.1962;N;46208269304;Narva, Ida-Virumaa
Inge;Pulk;06.02.1973;N;47302060206;Lüganuse, Ida-Virumaa
Eliisa;Tsvetkov;09.12.1984;N;48412098550;Mustvee, Jõgevamaa
Andres;Vill;27.03.2005;M;50503277078;Alu, Raplamaa
Vadim;Fedotov;29.12.2005;M;50512296877;Käina, Hiiumaa
Elo;Vinogradov;25.10.1985;N;48510254449;Mustla, Viljandimaa
Lii;Rein;01.09.2005;N;60509013415;Sääse, Lääne-Virumaa
Martin;Uustalu;15.11.2003;M;50311153324;Sõmerpalu, Võrumaa
Ivo;Piir;13.12.1965;M;36512133419;Rõngu, Tartumaa
Emili;Soo;12.04.1961;N;46104127849;Võõpsu, Põlvamaa
Boriss;Koit;13.05.1967;M;36705135764;Voka, Ida-Virumaa
Auli;Sillaots;16.12.1976;N;47612166237;Märjamaa, Raplamaa
Ermo;Ivanov;18.12.1981;M;38112181816;Salme, Saaremaa
Juliana;Moor;04.03.1975;N;47503048749;Narva, Ida-Virumaa
Ervin;Fomin;11.06.2001;M;50106116857;Rakke, Lääne-Virumaa
Reena;Klein;06.01.1983;N;48301062402;Kasepää, Tartumaa
Aet;Kasemaa;19.02.2001;N;60102194325;Kambja, Tartumaa
Mari-Ann;Lokk;12.02.1961;N;46102125071;Kolkja, Tartumaa
Karita;Voronin;11.01.1987;N;48701117696;Häädemeeste, Pärnumaa
Maksim;Lätt;24.12.1992;M;39212243822;Ramsi, Viljandimaa
Oleg;Tsvetkov;27.09.1986;M;38609273485;Koeru, Järvamaa
Jorma;Vahtra;27.12.1991;M;39112270224;Rakvere, Lääne-Virumaa
Ekke;Uustalu;19.02.2003;M;50302191260;Kadrina, Lääne-Virumaa
Rünno;Kink;14.10.1960;M;36010148847;Harku, Harjumaa
Valeria;Iljin;30.03.1993;N;49303302973;Värska, Põlvamaa
Nele-Liis;Kasemets;21.03.1967;N;46703211465;Prillimäe, Raplamaa
Holger;Järvesaar;17.07.1975;M;37507172223;Siimusti, Jõgevamaa
Elar;Mäesalu;03.12.1972;M;37212031557;Väike-Maarja, Lääne-Virumaa
Eva Lotta;Kirillov;12.04.1978;N;47804123472;Kangru, Harjumaa
Annette;Raja;19.10.1993;N;49310195258;Tootsi, Pärnumaa
Gregory;Žuravljov;02.03.1973;M;37303023696;Vana-Antsla, Võrumaa
Vitali;Jürisson;20.05.1990;M;39005208919;Sõmerpalu, Võrumaa
Amina;Pikk;06.01.1990;N;49001061047;Karksi-Nuia, Viljandimaa
Jargo;Lukin;04.09.1988;M;38809044756;Puhja, Tartumaa
Kaire;Kasemets;25.04.1971;N;47104254406;Värska, Põlvamaa
Merilyn;Kaljula;23.07.1965;N;46507238572;Erra, Ida-Virumaa
Keili;Laur;07.08.2002;N;60208070184;Sõmeru, Lääne-Virumaa
Elise;Karpova;08.10.1978;N;47810088976;Haabneeme, Harjumaa
Andri;Remmel;03.06.1997;M;39706035176;Kasepää, Tartumaa
Toomas;Korol;22.06.1976;M;37606225058;Kobela, Võrumaa
Morten;Romanov;12.09.2008;M;50809128849;Karjaküla, Harjumaa
Moonika;Teearu;30.04.1984;N;48404303258;Püssi, Ida-Virumaa
Laura-Liisa;Antonov;08.12.2005;N;60512080826;Kose, Võrumaa
Bruno;Hunt;20.08.2003;M;50308205399;Lähte, Tartumaa
Elari;Kruglov;28.07.1981;M;38107288194;Peetri, Järvamaa
Ralf;Ots;19.04.1987;M;38704199414;Õisu, Viljandimaa
Edvard;Renoir;29.03.1975;M;37503295412;Kudjape, Saaremaa
Endrik;Tuisk;08.08.1987;M;38708085415;Haljala, Lääne-Virumaa
Karl Mihkel;Raid;31.03.1985;M;38503315768;Kadrina, Lääne-Virumaa
Älis;Powell;02.12.1972;N;47212028213;Laatre, Valgamaa
Joosep;Kesküla;08.11.2005;M;50511087036;Abja-Paluoja, Viljandimaa
Vsevolod;Lember;01.11.1989;M;38911011606;Türi, Järvamaa
Marit;Laht;28.12.1994;N;49412287398;Koeru, Järvamaa
Cevin;Jürgens;22.12.1974;M;37412222657;Kõrgessaare, Hiiumaa
Laura Liisa;Teesalu;27.04.1974;N;47404276327;Kuressaare, Saaremaa
Igor;Urb;24.10.1963;M;36310247681;Avinurme, Ida-Virumaa
Marje;Järvesaar;03.01.1999;N;49901031776;Paralepa, Läänemaa
Eliis;Lill;20.02.1992;N;49202208331;Põltsamaa, Jõgevamaa
Erle;Kurvits;02.03.1974;N;47403024529;Rakvere, Lääne-Virumaa
Karl Joonas;Org;02.10.2003;M;50310021032;Kõrgessaare, Hiiumaa
Stella;Gontšarov;02.09.1973;N;47309028770;Nõo, Tartumaa
Boris;Hunt;05.02.2007;M;50702055431;Sõmerpalu, Võrumaa
Mailiis;Kohv;27.10.2002;N;60210270372;Laatre, Valgamaa
Daniela;Must;30.09.1994;N;49409303607;Tamsalu, Lääne-Virumaa
Matvei;Valk;11.07.1996;M;39607110464;Jõhvi, Ida-Virumaa
Jorgen;Teearu;07.02.1999;M;39902079752;Mustla, Viljandimaa
Getter;Tsvetkov;28.03.1977;N;47703282811;Ilmatsalu, Tartumaa
Karmo;Kirsipuu;29.01.1994;M;39401292667;Kolga-Jaani, Viljandimaa
Sigmar;Järve;12.01.1982;M;38201121538;Paldiski, Harjumaa
Boris;Aavik;12.02.1979;M;37902129784;Aegviidu, Harjumaa
Triini;Maslov;19.04.1968;N;46804194481;Palamuse, Jõgevamaa
Artemi;Jõesaar;02.01.1970;M;37001020724;Järvakandi, Raplamaa
Henry;Hallik;06.09.1996;M;39609063990;Varstu, Võrumaa
Gustav;Kokk;25.02.1985;M;38502251876;Tabivere, Jõgevamaa
Daaniel;Juhkam;06.08.1993;M;39308061369;Toila, Ida-Virumaa
Agne;Laane;28.02.1987;N;48702283953;Kohila, Raplamaa
Caroline;Roos;05.10.1975;N;47510052479;Järvakandi, Raplamaa
Valdo;Karro;19.07.1962;M;36207190766;Siimusti, Jõgevamaa
Einar;Suur;11.05.1960;M;36005110815;Tapa, Lääne-Virumaa
Raido;Pärtel;13.11.1992;M;39211137073;Mõisaküla, Viljandimaa
Anna Liisa;Lätt;17.05.1960;N;46005173874;Abja-Paluoja, Viljandimaa
Maie;Bõstrov;23.03.1998;N;49803237708;Valjala, Saaremaa
Reino;Laanemets;06.10.1980;M;38010061609;Kallaste, Tartumaa
Kersti;Oras;27.12.1971;N;47112273231;Risti, Läänemaa
Alexandre;Kuznetsov;08.03.1981;M;38103087819;Turba, Harjumaa
Eleriin;Antonov;05.08.1975;N;47508053099;Torma, Jõgevamaa
Ines;Piho;15.05.1989;N;48905159957;Käina, Hiiumaa
Stiina;Toom;30.04.2004;N;60404303684;Kiviõli, Ida-Virumaa
Cathy;Vaht;29.11.1988;N;48811290305;Klooga, Harjumaa
Cristofer;Paap;15.08.1980;M;38008159666;Näpi, Lääne-Virumaa
Keiti;Laht;19.11.1963;N;46311194316;Rakvere, Lääne-Virumaa
Carmel;Lehtmets;03.02.1988;N;48802035870;Ambla, Järvamaa
Daniel;Järve;05.06.2007;M;50706052841;Sindi, Pärnumaa
Meriliis;Talts;19.10.1965;N;46510197398;Kudjape, Saaremaa
Ilmar;Luik;30.10.2001;M;50110306579;Iisaku, Ida-Virumaa
Keiri;Põder;14.07.1993;N;49307144207;Käru, Raplamaa
Danila;Kivilo;09.12.1988;M;38812091466;Luige, Harjumaa
Rein;Kuznetsov;10.07.2007;M;50707100721;Kunda, Lääne-Virumaa
Janar;Tihhomirov;01.03.1993;M;39303017205;Viiratsi, Viljandimaa
Taaniel;Sirel;21.04.1967;M;36704211294;Olustvere, Viljandimaa
Polina;Kuzmin;01.07.2007;N;60707016716;Võnnu, Tartumaa
Airi;Anissimov;06.09.1967;N;46709063680;Laekvere, Lääne-Virumaa
Katri;Safronov;25.06.1993;N;49306257245;Aruküla, Harjumaa
Henri;Markson;18.07.1962;M;36207189959;Võru, Võrumaa
Kasper;Lääne;08.10.2005;M;50510080982;Paide, Järvamaa
Triin;Laks;06.06.1971;N;47106069602;Puhja, Tartumaa
Johannes;Allas;01.05.1998;M;39805013082;Valjala, Saaremaa
Eliisabet;Zujev;04.05.1962;N;46205048766;Ilmatsalu, Tartumaa
Janno;Medvedev;31.03.1989;M;38903317335;Uhtna, Lääne-Virumaa
Rodion;Koit;13.04.2008;M;50804130733;Lavassaare, Pärnumaa
Cassandra;Jakobson;06.01.1995;N;49501068371;Kallaste, Tartumaa
Kalle;Kirillov;11.05.1989;M;38905115808;Kaiu, Raplamaa
Victoria;Treier;29.11.1968;N;46811291405;Parksepa, Võrumaa
Alina;Säde;23.10.1994;N;49410231924;Tartu, Tartumaa
Evert;Kikkas;10.12.1969;M;36912100391;Tudulinna, Ida-Virumaa
Rebekka;Kisseljov;20.07.1983;N;48307203998;Puurmani, Jõgevamaa
Reili;Nõmme;25.08.1996;N;49608259376;Tsirguliina, Valgamaa
Lisette;Rätsep;17.03.1965;N;46503175640;Ravila, Harjumaa
Raido;Krõlov;30.06.1992;M;39206303824;Ilmatsalu, Tartumaa
Alfred;Müür;26.10.2001;M;50110262252;Nasva, Saaremaa
Ariana;Krõlov;22.07.1963;N;46307228663;Kuremaa, Jõgevamaa
Žanna;Klein;08.11.1994;N;49411080502;Järva-Jaani, Järvamaa
Käti;Erm;20.05.1962;N;46205209247;Võõpsu, Põlvamaa
Rita;Lepp;03.04.1973;N;47304038912;Tamsalu, Lääne-Virumaa
Liivi;Loginov;06.07.1989;N;48907067204;Põltsamaa, Jõgevamaa
Carl;Pikk;16.07.1979;M;37907161892;Kõrgessaare, Hiiumaa
Elisabeth;Lindgren;02.03.1977;N;47703020499;Väimela, Võrumaa
Kädi;Liblik;31.10.1975;N;47510310699;Kaerepere, Raplamaa
Pjotr;Tihhomirov;19.07.1965;M;36507198263;Kärla, Saaremaa
Renee;Renoir;08.07.1986;M;38607080539;Puhja, Tartumaa
Reet;Markson;08.03.1987;N;48703085002;Põltsamaa, Jõgevamaa
Nicole;Salumets;20.10.1997;N;49710205112;Avinurme, Ida-Virumaa
Hannes;Simm;08.02.1977;M;37702085741;Mäetaguse, Ida-Virumaa
Marge;Sikorski;04.08.1975;N;47508045565;Hagudi, Raplamaa
Katrina;Ott;12.12.1985;N;48512128290;Ulila, Tartumaa
Katariina;Oks;12.01.1974;N;47401126978;Kõpu, Viljandimaa
Anna Liisa;Liiv;08.08.1965;N;46508082750;Sonda, Ida-Virumaa
Gerdo;Kriisa;18.05.1995;M;39505181091;Olgina, Ida-Virumaa
Anastasiya;Kull;23.01.2008;N;60801230745;Kohila, Raplamaa
Kreete;Kaasik;19.02.1990;N;49002193004;Kasepää, Tartumaa
Xenia;Tilk;11.05.1963;N;46305117887;Tammiku, Ida-Virumaa
Jevgenia;Kutsar;24.11.1973;N;47311248601;Mooste, Põlvamaa
Morten;Kruus;19.06.1960;M;36006190956;Kiltsi, Lääne-Virumaa
Merlin;Juhkam;23.07.1961;N;46107237251;Tõrva, Valgamaa
Deniss;Tammet;14.08.1997;M;39708143333;Lelle, Raplamaa
Filipp;Mürk;05.07.1976;M;37607052630;Tõrvandi, Tartumaa
Veera;Kuusik;09.10.1978;N;47810090451;Kuressaare, Saaremaa
Kaia;Kilk;10.08.2003;N;60308102649;Järva-Jaani, Järvamaa
Martin;Makarov;07.08.1981;M;38108075475;Toila, Ida-Virumaa
Kaimo;Herodes;23.02.1966;M;36602236475;Türi, Järvamaa
Tauri;Õunapuu;22.02.1994;M;39402220389;Hulja, Lääne-Virumaa
Airi;Merila;29.12.2006;N;60612295011;Häädemeeste, Pärnumaa
Veronica;Pavlov;30.07.1997;N;49707304690;Mustla, Viljandimaa
Eliise;Jakobson;07.08.1968;N;46808070045;Roiu, Tartumaa
Igor;Kuningas;23.04.1963;M;36304230305;Raasiku, Harjumaa
Christopher;Maasik;05.01.1985;M;38501050440;Alu, Raplamaa
Kätlin;Kroon;28.01.1997;N;49701289794;Vastse-Kuuste, Põlvamaa
Keimo;Adamson;01.01.1971;M;37101014975;Näpi, Lääne-Virumaa
Margot;Soosalu;26.02.1979;N;47902265399;Õru, Valgamaa
Matvei;Mark;19.10.1966;M;36610193472;Kose-Uuemõisa, Harjumaa
Helena;Teras;23.01.1978;N;47801234065;Aste, Saaremaa
Maiken;Kuznetsov;18.06.1995;N;49506188060;Uuemõisa, Läänemaa
Karoliina;Abramov;20.02.1981;N;48102202259;Jõhvi, Ida-Virumaa
Raimond;Ivask;19.04.1963;M;36304191548;Ambla, Järvamaa
Mariin;Kant;02.11.1961;N;46111027399;Nasva, Saaremaa
Anastasija;Õunapuu;08.09.2003;N;60309087101;Sõmeru, Lääne-Virumaa
Joanna;Toots;28.02.1988;N;48802285605;Vaida, Harjumaa
Mart;Pulk;02.10.1999;M;39910028131;Häädemeeste, Pärnumaa
Norman;Oks;25.09.1976;M;37609254189;Leisi, Saaremaa
Kelli;Zaitsev;09.01.1967;N;46701095792;Olgina, Ida-Virumaa
Mariin;Kass;01.01.1974;N;47401010258;Kärla, Saaremaa
Ronald;Kont;11.02.1985;M;38502118358;Sadala, Jõgevamaa
Joonatan;Lepp;23.11.1990;M;39011230934;Roela, Lääne-Virumaa
Kauri;Kirss;30.06.1983;M;38306306863;Salme, Saaremaa
Nadezhda;Lukin;01.07.1997;N;49707014578;Jüri, Harjumaa
Karl Oskar;Tõnisson;09.09.2002;M;50209091808;Aruküla, Harjumaa
Agris;Arula;20.01.1997;M;39701205162;Rannu, Tartumaa
Tenno;Drozdov;18.09.1989;M;38909189000;Are, Pärnumaa
Kristjan;Marksoo;10.09.1961;M;36109107301;Sõmeru, Lääne-Virumaa
Adele;Jaanus;21.02.1983;N;48302212953;Rakke, Lääne-Virumaa
Jargo;Õispuu;28.11.1976;M;37611283912;Paralepa, Läänemaa
Melani;Schmidt;29.01.1985;N;48501294546;Ravila, Harjumaa
Kärolin;Männik;22.10.2005;N;60510220952;Narva-Jõesuu, Ida-Virumaa
Emilie;Liiv;18.02.1987;N;48702184295;Paide, Järvamaa
Marius;Meister;15.02.1969;M;36902153388;Häädemeeste, Pärnumaa
Hanna;Hõbe;30.03.1980;N;48003302232;Viljandi, Viljandimaa
Greta;Žukov;02.08.1988;N;48808029513;Sillamäe, Ida-Virumaa
Otto;Soo;13.12.1977;M;37712135368;Viiratsi, Viljandimaa
Filipp;Mihhailov;06.10.1980;M;38010066580;Olgina, Ida-Virumaa
Ainar;Roosileht;18.12.1991;M;39112182354;Kunda, Lääne-Virumaa
Armin;Safronov;16.03.1977;M;37703163144;Värska, Põlvamaa
Riko;Pärn;26.05.1975;M;37505263980;Laatre, Valgamaa
Maxim;Koort;07.07.1983;M;38307078078;Ilmatsalu, Tartumaa
Margaret;Maasik;02.11.1978;N;47811021054;Hageri, Raplamaa
Galina;Juhkam;15.06.1994;N;49406158190;Käina, Hiiumaa
Eva;Heinsalu;16.12.1960;N;46012163929;Kiltsi, Lääne-Virumaa
Ruth;Klimov;13.08.2002;N;60208130994;Väike-Maarja, Lääne-Virumaa
Mairi;Anton;12.11.1995;N;49511121081;Assaku, Harjumaa
Kairit;Must;23.03.1962;N;46203237001;Häädemeeste, Pärnumaa
Ksenia;Luts;30.12.1966;N;46612300454;Ramsi, Viljandimaa
Mariin;Täht;02.10.1986;N;48610022673;Kunda, Lääne-Virumaa
Sophia;Sikk;01.02.1961;N;46102012409;Kaiu, Raplamaa
Albert;Frolov;17.05.1971;M;37105176098;Tudu, Lääne-Virumaa
Kaupo;Orlov;08.06.1978;M;37806088709;Kose, Võrumaa
Alondra;Drozdov;23.03.1970;N;47003237207;Kohtla-Nõmme, Ida-Virumaa
Ingel;Mäesalu;23.09.1980;N;48009232189;Vastse-Kuuste, Põlvamaa
Karoliina;Tuulik;10.09.1991;N;49109101698;Kallaste, Tartumaa
Sirli;Kuznetsov;11.01.1973;N;47301111576;Jõgeva, Jõgevamaa
Kevin;Simson;27.10.1993;M;39310270104;Kolga-Jaani, Viljandimaa
Ahti;Rand;01.09.1963;M;36309015947;Märjamaa, Raplamaa
Armin;Allas;06.02.1965;M;36502066924;Riisipere, Harjumaa
Gabriel;Härm;23.12.1960;M;36012235208;Tapa, Lääne-Virumaa
Kristopher;Randoja;16.07.1962;M;36207165220;Käravete, Järvamaa
Urmas;Medvedev;25.04.1995;M;39504250839;Viru-Jaagupi, Lääne-Virumaa
Geidy;Ots;08.11.2007;N;60711089011;Kilingi-Nõmme, Pärnumaa
Üllar;Treier;14.12.1981;M;38112146289;Näpi, Lääne-Virumaa
Annika;Kotkas;04.10.1989;N;48910040665;Mõisaküla, Viljandimaa
Vladislava;Koit;04.10.2008;N;60810049960;Tõrvandi, Tartumaa
Ketter;Miller;21.08.1966;N;46608218787;Paide, Järvamaa
Martin;Post;09.11.1963;M;36311092121;Kamari, Jõgevamaa
Janek;Põld;12.03.1988;M;38803121832;Aegviidu, Harjumaa
Olev;Pukk;27.01.2005;M;50501277437;Haabneeme, Harjumaa
Jonas;Kissa;31.01.1988;M;38801314863;Varstu, Võrumaa
Reet;Lukin;04.08.1987;N;48708046284;Paldiski, Harjumaa
Raimo;Loginov;14.09.1984;M;38409148039;Ravila, Harjumaa
Rustam;Kadak;07.10.1962;M;36210072538;Juuru, Raplamaa
Sven;Hunt;11.05.1961;M;36105114165;Kehtna, Raplamaa
Irina;Alas;21.08.1998;N;49808219912;Jõgeva, Jõgevamaa
Eve;Rein;14.11.2001;N;60111147394;Häädemeeste, Pärnumaa
Janno;Lind;25.04.1977;M;37704257610;Rannu, Tartumaa
Mattis;Pulk;24.10.2004;M;50410249121;Sadala, Jõgevamaa
Susanna;Oras;22.12.1984;N;48412227234;Laiuse, Jõgevamaa
Kertu;Sikk;10.09.1977;N;47709108693;Aseri, Ida-Virumaa
Gabriel;Pruul;05.11.1980;M;38011050665;Lüganuse, Ida-Virumaa
Aile;Jakovlev;10.03.1997;N;49703108264;Tsirguliina, Valgamaa
Carina;Nazarov;16.01.1981;N;48101165483;Lavassaare, Pärnumaa
Indra;Oks;16.04.1999;N;49904160295;Voka, Ida-Virumaa
Aile;Kõiv;26.09.1999;N;49909262514;Võõpsu, Põlvamaa
Mirjam;Golubev;04.12.1963;N;46312045054;Viljandi, Viljandimaa
Juulia;Meier;23.12.1961;N;46112233246;Riisipere, Harjumaa
Gregori;Pärna;26.03.2003;M;50303267815;Valjala, Saaremaa
Veera;Rein;29.06.2005;N;60506295796;Erra, Ida-Virumaa
Juri;Voronin;01.11.1999;M;39911015153;Pärnu-Jaagupi, Pärnumaa
Karl-Gustav;Vaht;26.05.1994;M;39405260627;Lagedi, Harjumaa
Annabella;Rosenberg;23.08.1996;N;49608236403;Tallinn, Harjumaa
Jasper;Kangur;02.04.1976;M;37604022180;Laatre, Valgamaa
Verner;Konstantinov;22.04.1989;M;38904222408;Põltsamaa, Jõgevamaa
Helene;Jakovlev;09.10.1974;N;47410098386;Aste, Saaremaa
Lennart;Kask;18.07.1981;M;38107182326;Käru, Raplamaa
Taisi;Ots;15.07.1984;N;48407158207;Kolkja, Tartumaa
Rostislav;Soo;16.01.1996;M;39601161799;Loksa, Harjumaa
Anu;Krõlov;23.02.1994;N;49402230064;Aste, Saaremaa
Betti;Klavan;07.02.1980;N;48002078152;Rakvere, Lääne-Virumaa
Karin;Kangur;10.07.1998;N;49807106873;Türi, Järvamaa
Getriin;Taal;09.06.1997;N;49706091629;Sõmeru, Lääne-Virumaa
Marilin;Belov;05.07.1992;N;49207051830;Hageri, Raplamaa
Nils;Koit;12.07.1964;M;36407123476;Kõpu, Viljandimaa
Kristiina;Kalinin;09.04.1962;N;46204098975;Maardu, Harjumaa
Mihkel;Pärn;05.08.1993;M;39308050457;Paldiski, Harjumaa
Madli;Lapin;28.05.1980;N;48005287311;Püssi, Ida-Virumaa
Mirko;Kiis;31.03.2006;M;50603318545;Juuru, Raplamaa
Kenet;Loorits;07.02.1973;M;37302077012;Alatskivi, Tartumaa
Mark;Kuznetsov;26.03.1979;M;37903262187;Puhja, Tartumaa
Ingvar;Komarov;22.06.1962;M;36206220020;Torma, Jõgevamaa
Robi;Meier;21.07.1968;M;36807218559;Olustvere, Viljandimaa
Kalmer;Kirs;02.03.1991;M;39103029475;Nasva, Saaremaa
Stiven;Viik;08.02.1972;M;37202087139;Haapsalu, Läänemaa
Mari-Ann;Kazakov;18.04.2005;N;60504182420;Võnnu, Tartumaa
Sten-Erik;Sobolev;09.02.1964;M;36402098537;Misso, Võrumaa
Lembit;Lehtmets;10.05.1974;M;37405109229;Pärnu, Pärnumaa
Gendra;Mironov;07.09.2006;N;60609079594;Pärnu-Jaagupi, Pärnumaa
Loore;Davõdov;20.01.1975;N;47501202008;Märja, Tartumaa
Renata;Gavrilov;07.04.1979;N;47904072840;Tabivere, Jõgevamaa
Jako;Lang;01.10.1973;M;37310014288;Lepna, Lääne-Virumaa
Kaimo;Mihhailov;12.03.1975;M;37503123994;Veriora, Põlvamaa
Andrea;Kivimäe;06.07.2008;N;60807067515;Märja, Tartumaa
Geidy;Lebedev;03.07.1975;N;47507037869;Kadrina, Lääne-Virumaa
Andrey;Klavan;06.05.1976;M;37605067536;Kohila, Raplamaa
Anett;Salumäe;15.10.2002;N;60210155503;Käravete, Järvamaa
Merlyn;Aus;08.04.1999;N;49904081028;Kangru, Harjumaa
Carmel;Olesk;10.03.1977;N;47703107905;Kiisa, Harjumaa
Irena;Kotkas;19.04.2007;N;60704194170;Kilingi-Nõmme, Pärnumaa
Patricia;Luts;28.09.1967;N;46709285343;Uhtna, Lääne-Virumaa
Merle;Viira;22.01.2002;N;60201224191;Rakke, Lääne-Virumaa
Karl Robert;Uibo;17.12.2005;M;50512173602;Sangaste, Valgamaa
Ranno;Kivilo;27.10.1989;M;38910270384;Audru, Pärnumaa
Villem;Baskin;13.06.1981;M;38106130934;Keava, Raplamaa
Evita;Mädamürk;08.07.1980;N;48007089755;Tõrvandi, Tartumaa
Sigrit;Kiisk;13.01.1969;N;46901137663;Kiisa, Harjumaa
Rein;Schmidt;22.08.1962;M;36208229883;Iisaku, Ida-Virumaa
Jüri;Piho;08.06.1986;M;38606086443;Tamsalu, Lääne-Virumaa
Sirly;Põld;25.12.1960;N;46012259804;Jõgeva, Jõgevamaa
Karolina;Powell;17.12.1990;N;49012178882;Mustla, Viljandimaa
Armo;Karpov;20.07.1991;M;39107207788;Tudu, Lääne-Virumaa
Anna-Maria;Põldma;09.01.1996;N;49601093623;Rõngu, Tartumaa
Liilia;Lauri;09.07.1972;N;47207095132;Rapla, Raplamaa
Krista;Jefimov;23.03.2007;N;60703232838;Jõgeva, Jõgevamaa
Serafima;Bogdanov;16.10.1965;N;46510163355;Oisu, Järvamaa
Saveli;Friedman;04.05.1989;M;38905040082;Lohusuu, Ida-Virumaa
Elen;Novikov;10.01.1988;N;48801100191;Tudu, Lääne-Virumaa
Anton;Karu;18.05.1991;M;39105187085;Antsla, Võrumaa
Trinity;Roots;20.04.1993;N;49304205230;Mustla, Viljandimaa
Marje;Zahharov;18.09.1977;N;47709186837;Are, Pärnumaa
Anthony;Soon;07.03.1983;M;38303076693;Ämari, Harjumaa
Sulev;Peterson;21.06.2001;M;50106211389;Kamari, Jõgevamaa
Sten Martin;Jalakas;16.06.2007;M;50706161103;Tõstamaa, Pärnumaa
Liisa Maria;Poljakov;05.02.1996;N;49602053370;Paldiski, Harjumaa
Anthony;Kool;05.03.1983;M;38303050012;Sillamäe, Ida-Virumaa
Kätrin;Põdra;19.02.1984;N;48402199396;Eidapere, Raplamaa
Eve;Sirel;20.06.1984;N;48406202466;Ramsi, Viljandimaa
Marin;Mänd;22.08.1993;N;49308228002;Vaida, Harjumaa
Dariya;Iljin;09.05.1999;N;49905097444;Loo, Harjumaa
Saara;Soosalu;25.11.1991;N;49111252712;Narva, Ida-Virumaa
Eneli;Piir;01.03.1999;N;49903013266;Jõhvi, Ida-Virumaa
Aivo;Tali;24.08.2006;M;50608240072;Jüri, Harjumaa
Mait;Koppel;06.09.1960;M;36009063003;Võnnu, Tartumaa
Semjon;Fedorov;10.03.2007;M;50703108141;Taebla, Läänemaa
Robert;Korol;19.12.1989;M;38912194004;Hageri, Raplamaa
Lilija;Žuravljov;27.07.2004;N;60407272311;Jõgeva, Jõgevamaa
Reet;Belov;28.03.1963;N;46303289091;Saue, Harjumaa
Tiia;Solovjov;02.11.1971;N;47111026116;Maardu, Harjumaa
Karl Martin;Treial;14.03.1965;M;36503141034;Kudjape, Saaremaa
Eduard;Gross;20.03.1968;M;36803205184;Kiltsi, Lääne-Virumaa
Emili;Abderhalden;21.04.1992;N;49204217718;Hagudi, Raplamaa
Joonas;Suits;13.11.1967;M;36711136612;Märjamaa, Raplamaa
Mariell;Lapin;10.01.1998;N;49801100109;Puhja, Tartumaa
Ronan;Sepp;07.12.1966;M;36612079967;Särevere, Järvamaa
Tairo;Saare;31.03.2004;M;50403310710;Halliste, Viljandimaa
Dmitri;Kadak;12.12.1976;M;37612121982;Raasiku, Harjumaa
Karl Robert;Põld;24.04.2003;M;50304243697;Loo, Harjumaa
Karmen;Mändla;30.09.2006;N;60609307959;Rõuge, Võrumaa
Krista;Tamberg;20.03.1965;N;46503203937;Narva-Jõesuu, Ida-Virumaa
Margot;Kiil;19.01.1966;N;46601196460;Pärnu-Jaagupi, Pärnumaa
Karolin;Orlov;19.06.1980;N;48006199376;Kilingi-Nõmme, Pärnumaa
Kamilla;Oras;01.04.1993;N;49304013670;Põlva, Põlvamaa
Jesper;Sepp;04.01.1980;M;38001045907;Olgina, Ida-Virumaa
Alvar;Saul;22.03.1968;M;36803229817;Kostivere, Harjumaa
Karlis;Lokk;26.06.2002;M;50206262066;Kilingi-Nõmme, Pärnumaa
Alexander;Hansen;07.10.1983;M;38310076991;Käru, Raplamaa
Kregor;Mänd;03.02.1979;M;37902035888;Ravila, Harjumaa
Vera;Liiv;05.07.1969;N;46907057863;Jõgeva, Jõgevamaa
Innar;Kass;24.07.1996;M;39607249587;Oisu, Järvamaa
Magnus;Pent;20.06.1981;M;38106202445;Aravete, Järvamaa
Karl Johan;Pavlov;28.08.2000;M;50008286745;Peetri, Järvamaa
Rostislav;Mägi;25.03.1986;M;38603251259;Tabasalu, Harjumaa
Pilleriin;Reinke;19.11.1984;N;48411195264;Juuru, Raplamaa
Kerli;Kuznetsov;03.05.1994;N;49405034764;Kaerepere, Raplamaa
Michael;Vorobjov;05.06.1981;M;38106055246;Luunja, Tartumaa
Sören;Kõiv;05.03.1966;M;36603053462;Kostivere, Harjumaa
Anastasiya;Teearu;11.11.1990;N;49011113907;Sääse, Lääne-Virumaa
Karl-Kevin;Lotman;14.07.1969;M;36907141468;Kanepi, Põlvamaa
Kreete;Kotkas;16.08.1994;N;49408169390;Audru, Pärnumaa
Kätriin;Mironov;20.12.2006;N;60612209221;Võsu, Lääne-Virumaa
Õnnela;Rebane;27.04.1977;N;47704271499;Kadrina, Lääne-Virumaa
Taavet;Kirillov;25.05.1973;M;37305251055;Kohtla-Nõmme, Ida-Virumaa
Steve;Danilov;11.02.2002;M;50202119207;Jõhvi, Ida-Virumaa
Uku;Vlassov;07.02.1990;M;39002077894;Assaku, Harjumaa
Rait;Jakobson;07.03.1964;M;36403074971;Ramsi, Viljandimaa
Vlada;Denissov;28.02.1964;N;46402282981;Kuremaa, Jõgevamaa
Helene;Vasiliev;10.11.2003;N;60311105157;Võnnu, Tartumaa
Simmo;Heinsoo;27.09.1984;M;38409270687;Lähte, Tartumaa
Natalja;Kuzmin;20.09.1969;N;46909209507;Lähte, Tartumaa
Ketlin;Maksimov;16.10.1984;N;48410163291;Viiratsi, Viljandimaa
Viljar;Piirsalu;28.08.1976;M;37608284185;Viru-Jaagupi, Lääne-Virumaa
Lada;Nurk;07.03.1968;N;46803072648;Tõrvandi, Tartumaa
Ragne;Mürk;25.02.1967;N;46702257760;Rõngu, Tartumaa
Mari-Ann;Laanemets;10.02.2002;N;60202103333;Alatskivi, Tartumaa
Ayrton;Maasik;08.04.1972;M;37204088577;Kunda, Lääne-Virumaa
Mare;Kivistik;31.05.1966;N;46605315879;Tapa, Lääne-Virumaa
Arles;Gavrilov;14.01.1968;M;36801145424;Koeru, Järvamaa
Aire;Remmel;06.02.1996;N;49602064360;Vastseliina, Võrumaa
Patricia;Gavrilov;30.01.2000;N;60001305409;Tõravere, Tartumaa
Kristin;Zahharov;20.06.1985;N;48506203392;Jõgeva, Jõgevamaa
Kalev;Medvedev;08.10.1973;M;37310087745;Paikuse, Pärnumaa
Kadri;Merisaar;19.09.1991;N;49109192775;Tudulinna, Ida-Virumaa
Kadri-Ann;Reinke;01.06.1999;N;49906015889;Paralepa, Läänemaa
Karl-Erik;Kalm;29.04.1980;M;38004290937;Veriora, Põlvamaa
Õnnela;Kulikov;15.02.1961;N;46102154151;Rakvere, Lääne-Virumaa
Marielle;Sillaots;12.05.1973;N;47305124886;Äksi, Tartumaa
Carolina;Soots;24.02.2000;N;60002246377;Sõmerpalu, Võrumaa
Reijo;Kõiv;26.03.2001;M;50103266652;Kose, Võrumaa
Mattis;Krõlov;08.11.1988;M;38811084684;Sadala, Jõgevamaa
Eliisa;Lätt;25.08.2007;N;60708256498;Kõrveküla, Tartumaa
Armand;Rohtla;18.05.1994;M;39405188893;Vana-Antsla, Võrumaa
Kerttu;Teearu;26.08.2002;N;60208266122;Võhma, Viljandimaa
Arina;Aru;24.09.1994;N;49409242451;Varstu, Võrumaa
Niina;Ossipov;08.04.1960;N;46004084905;Kiisa, Harjumaa
Annaliisa;Kiisk;23.03.1961;N;46103237783;Varstu, Võrumaa
Veera;Abderhalden;19.06.2007;N;60706193805;Kanepi, Põlvamaa
Tenno;Orav;30.01.1980;M;38001301574;Kuusalu, Harjumaa
Aaron;Holm;11.03.2008;M;50803118507;Tabivere, Jõgevamaa
Darja;Poom;23.03.2003;N;60303231430;Mustla, Viljandimaa
Evelyn;Sikorski;14.08.1966;N;46608146844;Keila, Harjumaa
Marken;Pärna;07.11.1961;M;36111071980;Järva-Jaani, Järvamaa
Nadezhda;Sibul;09.12.1988;N;48812091510;Võhma, Viljandimaa
Cärol;Kaljula;06.12.1992;N;49212064349;Kohila, Raplamaa
Aliis;Abbt;05.11.1982;N;48211059793;Võnnu, Tartumaa
Arkadi;Kütt;07.11.2007;M;50711075569;Väätsa, Järvamaa
Kaimar;Maksimov;29.11.1983;M;38311299157;Võiste, Pärnumaa
Erika;Aavik;28.10.1977;N;47710288008;Hageri, Raplamaa
Katariina;Salumets;01.10.2007;N;60710013578;Käravete, Järvamaa
Gert;Tiits;10.08.1980;M;38008102888;Alu, Raplamaa
Christofer;Melnik;14.10.2008;M;50810141106;Võru, Võrumaa
Anneliis;Rohtla;06.09.1982;N;48209067605;Sillamäe, Ida-Virumaa
Maarek;Olesk;01.05.1995;M;39505015078;Helme, Valgamaa
Christina;Lukk;06.02.1971;N;47102065790;Ahja, Põlvamaa
Helery;Kilk;06.03.1992;N;49203062058;Tudulinna, Ida-Virumaa
Mailiis;Kant;07.04.1976;N;47604074361;Juuru, Raplamaa
Eva-Lotta;Schmidt;10.03.1969;N;46903103399;Püssi, Ida-Virumaa
Eveli;Sidorov;29.05.1987;N;48705296480;Särevere, Järvamaa
Kristin;Kruus;07.03.2001;N;60103072712;Kamari, Jõgevamaa
Armo;Vähi;24.06.1965;M;36506246110;Rakvere, Lääne-Virumaa
Jarl;Gusev;13.08.2005;M;50508135130;Särevere, Järvamaa
Inge;Panov;26.04.1969;N;46904267730;Väätsa, Järvamaa
Jalmar;Kaur;11.07.1980;M;38007119497;Saku, Harjumaa
Egon;Sarap;15.07.1973;M;37307151389;Maardu, Harjumaa
Marin;Raag;27.09.1991;N;49109273804;Kolga, Harjumaa
Melissa;Põld;07.01.1970;N;47001070094;Ilmatsalu, Tartumaa
Heleri;Adamson;17.10.1994;N;49410176433;Vastse-Kuuste, Põlvamaa
Germo;Pajula;29.01.1994;M;39401297152;Aegviidu, Harjumaa
Meeli;Lotman;22.07.1974;N;47407225000;Jõgeva, Jõgevamaa
Kristin;Filippov;31.07.1960;N;46007310386;Nõo, Tartumaa
Elvis;Zahharov;20.03.1970;M;37003204621;Tudulinna, Ida-Virumaa
Danel;Laht;24.12.1965;M;36512243593;Käru, Raplamaa
Nikolay;Vahtra;10.10.1998;M;39810100177;Alu, Raplamaa
Danel;Mitt;22.01.1978;M;37801229822;Värska, Põlvamaa
Heleri;Maasik;28.09.1977;N;47709288186;Lähte, Tartumaa
Katerina;Vlassov;03.01.1963;N;46301038437;Olustvere, Viljandimaa
Maarja-Liis;Kaasik;14.10.2008;N;60810143438;Kose-Uuemõisa, Harjumaa
Karola;Mandel;06.01.1967;N;46701064052;Särevere, Järvamaa
Andro;Mandel;12.01.2007;M;50701123274;Väimela, Võrumaa
Aleksander;Raja;06.12.1991;M;39112065288;Lihula, Läänemaa
Ester;Safronov;01.05.1985;N;48505018129;Nasva, Saaremaa
Tristan;Rumjantsev;01.05.1974;M;37405017491;Õru, Valgamaa
Karl Marten;Käsper;11.11.1968;M;36811117422;Otepää, Valgamaa
Miia;Kallas;18.01.1979;N;47901183342;Kudjape, Saaremaa
Randar;Tilk;08.03.1986;M;38603088362;Kaiu, Raplamaa
Indrek;Org;25.12.1993;M;39312259623;Vasalemma, Harjumaa
Aliise;Järve;10.04.1971;N;47104108303;Vändra, Pärnumaa
Ivika;Nõmmik;04.06.2005;N;60506042564;Rapla, Raplamaa
Eva Maria;Jeršov;30.01.1972;N;47201302061;Halliste, Viljandimaa
Stiven;Laanemets;23.08.1995;M;39508237489;Luunja, Tartumaa
Kregor;Aun;16.06.1998;M;39806167316;Kuressaare, Saaremaa
Igor;Sild;17.02.1994;M;39402171229;Jõgeva, Jõgevamaa
Adeele;Roots;17.07.1988;N;48807174113;Sillamäe, Ida-Virumaa
Karolin;Ernits;31.12.1967;N;46712311211;Hageri, Raplamaa
Lidia;Stepanov;18.01.1977;N;47701181487;Laagri, Harjumaa
Ruth;Nõmmik;04.01.1982;N;48201044896;Lelle, Raplamaa
Alfred;Stepanov;21.02.1975;M;37502213089;Keila, Harjumaa
Johanna Maria;Nurk;17.07.1966;N;46607175663;Palamuse, Jõgevamaa
Eliisabet;Mitt;23.11.1996;N;49611235844;Käravete, Järvamaa
Karl Erik;Mikk;26.11.1968;M;36811269966;Sangaste, Valgamaa
Alissa;Simm;20.10.2008;N;60810204566;Rakvere, Lääne-Virumaa
Lukas;Aru;07.11.1991;M;39111075038;Tõravere, Tartumaa
Maire;Mäe;17.09.1983;N;48309178401;Kehra, Harjumaa
Mariin;Holm;30.07.1979;N;47907309026;Häädemeeste, Pärnumaa
Eliise;Kivimäe;05.11.1974;N;47411055348;Vändra, Pärnumaa
Vlada;Suvi;06.03.1974;N;47403061661;Väike-Maarja, Lääne-Virumaa
Karel;Ots;07.12.2003;M;50312070159;Tihemetsa, Pärnumaa
Rustam;Štšerbakov;14.08.2000;M;50008146479;Simuna, Lääne-Virumaa
Iris;Maksimov;28.03.1962;N;46203288827;Võsu, Lääne-Virumaa
Herman;Afanasjev;21.12.1989;M;38912219165;Vändra, Pärnumaa
Anne;Rumjantsev;19.06.1976;N;47606192448;Aseri, Ida-Virumaa
Aire;Simson;07.05.1978;N;47805077949;Ambla, Järvamaa
Katre;Post;20.07.1965;N;46507209265;Äksi, Tartumaa
Mikk;Toom;13.03.2002;M;50203133702;Voka, Ida-Virumaa
Arnold;Kuuse;10.09.1988;M;38809105515;Lavassaare, Pärnumaa
Sabina;Õun;13.06.1989;N;48906139136;Adavere, Jõgevamaa
Alfred;Ader;30.03.2003;M;50303301786;Eidapere, Raplamaa
Lukas;Kull;31.07.1988;M;38807316429;Sauga, Pärnumaa
Vallo;Pärnpuu;17.07.1980;M;38007179303;Hummuli, Valgamaa
Marit;Sobolev;27.11.1973;N;47311271328;Võiste, Pärnumaa
Kadi-Liis;Vahter;04.12.1999;N;49912040920;Rõuge, Võrumaa
Valeria;Kant;06.06.2007;N;60706060937;Otepää, Valgamaa
Ingrid;Sander;18.03.1971;N;47103181351;Palamuse, Jõgevamaa
Eva;Lätt;08.10.2001;N;60110080268;Rõuge, Võrumaa
Heidi;Palm;15.02.1998;N;49802158291;Tamsalu, Lääne-Virumaa
Taavo;Lukin;18.07.1970;M;37007189561;Kolga, Harjumaa
Kaisa;Anton;11.01.2008;N;60801116735;Jõgeva, Jõgevamaa
Leanika;Laas;01.05.1992;N;49205016873;Otepää, Valgamaa
Sireli;Kurg;16.10.1960;N;46010168186;Tammiku, Ida-Virumaa
Alina;Jürgenson;07.04.1962;N;46204078687;Taebla, Läänemaa
Jürgen;Kesküla;04.03.1995;M;39503044213;Abja-Paluoja, Viljandimaa
Virgo;Simson;21.04.1983;M;38304212163;Sillamäe, Ida-Virumaa
Anželika;Võsu;07.02.1982;N;48202075229;Värska, Põlvamaa
Geidi;Ignatjev;13.01.2000;N;60001137617;Peetri, Järvamaa
Kärolin;Salumäe;05.07.1995;N;49507057701;Roiu, Tartumaa
Marleen;Puusepp;02.12.1993;N;49312029448;Tabivere, Jõgevamaa
Kairo;Raamat;09.10.1990;M;39010095883;Kuremaa, Jõgevamaa
Heiki;Reimann;12.02.2001;M;50102124473;Ülenurme, Tartumaa
Tairi;Truu;18.10.1972;N;47210186975;Parksepa, Võrumaa
Heli;Parts;25.08.1990;N;49008251932;Kõpu, Viljandimaa
Marcus;Varik;19.10.1993;M;39310194199;Kanepi, Põlvamaa
Lilija;Kotov;27.05.1985;N;48505270696;Sonda, Ida-Virumaa
Elisabeth;Madisson;14.02.1962;N;46202147364;Paikuse, Pärnumaa
Janely;Rätsep;18.09.1966;N;46609185381;Hulja, Lääne-Virumaa
Annabella;Anissimov;30.11.1983;N;48311303617;Võnnu, Tartumaa
Christopher;Klavan;13.03.2001;M;50103139358;Ulila, Tartumaa
Bruno;Luht;27.08.1963;M;36308279719;Simuna, Lääne-Virumaa
Matis;Palu;10.09.2005;M;50509105401;Roosna-Alliku, Järvamaa
Carmen;Teder;26.12.1999;N;49912266700;Sinimäe, Ida-Virumaa
Karl Erik;Tomson;22.12.1971;M;37112221939;Helme, Valgamaa
Klaarika;Zahharov;14.08.1987;N;48708145823;Väätsa, Järvamaa
Sten-Erik;Simm;07.05.1967;M;36705076190;Haabneeme, Harjumaa
Stella;Paap;10.04.1991;N;49104103474;Lüganuse, Ida-Virumaa
Liisa-Maria;Koppel;09.08.1966;N;46608092277;Maardu, Harjumaa
Allan;Aasmäe;29.06.1966;M;36606296375;Ämari, Harjumaa
Natalja;Lepik;17.02.1970;N;47002176888;Valga, Valgamaa
Priit;Eller;18.12.2002;M;50212186161;Ülenurme, Tartumaa
Oliver;Powell;24.02.1966;M;36602241852;Kose-Uuemõisa, Harjumaa
Johan;Poom;04.08.1964;M;36408046422;Äksi, Tartumaa
Angelina;Kant;09.05.1994;N;49405092566;Ämari, Harjumaa
Sergei;Mäe;20.06.2001;M;50106201529;Aruküla, Harjumaa
Keith;Holm;03.09.2004;M;50409030100;Kobela, Võrumaa
Amanda;Kruglov;14.02.1972;N;47202144428;Raasiku, Harjumaa
Rando;Lillemets;16.09.1999;M;39909167847;Puhja, Tartumaa
Leon;Vill;07.01.1974;M;37401077721;Aegviidu, Harjumaa
Tõnis;Johanson;24.06.1969;M;36906248750;Kiviõli, Ida-Virumaa
Kendra;Sobolev;21.04.1980;N;48004219681;Nasva, Saaremaa
Anti;Pavlov;14.12.2003;M;50312146348;Tartu, Tartumaa
Caspar;Põder;29.04.1999;M;39904298075;Tsirguliina, Valgamaa
Amina;Soo;14.10.1982;N;48210148007;Kostivere, Harjumaa
Siret;Heinsalu;24.08.1974;N;47408245371;Nasva, Saaremaa
Violetta;Kuusk;21.03.2001;N;60103210126;Risti, Läänemaa
Alvar;Rumjantsev;11.03.1973;M;37303112382;Siimusti, Jõgevamaa
Gea;Käsper;09.07.1980;N;48007095337;Järvakandi, Raplamaa
Kädi;Semenov;03.02.1970;N;47002033407;Tõrva, Valgamaa
Timo;Raudsepp;21.06.1974;M;37406217898;Vastseliina, Võrumaa
Ardi;Sokk;29.04.2005;M;50504295583;Maardu, Harjumaa
Agris;Maslov;30.05.1992;M;39205304039;Laatre, Valgamaa
Ülari;Orav;09.08.2004;M;50408099074;Sauga, Pärnumaa
Janari;Jefimov;19.02.1962;M;36202197380;Haabneeme, Harjumaa
Albert;Jürgens;02.04.1982;M;38204028164;Tammiku, Ida-Virumaa
Tristan;Kissa;12.02.2005;M;50502126291;Viimsi, Harjumaa
Jakov;Lätt;01.10.1974;M;37410015151;Kärdla, Hiiumaa
Marii;Jõe;05.02.1978;N;47802059279;Maardu, Harjumaa
Timofei;Laur;07.09.1989;M;38909077317;Laatre, Valgamaa
Gabriel;Adamson;03.08.1991;M;39108036835;Kunda, Lääne-Virumaa
Mario;Golubev;17.12.2007;M;50712170640;Mäetaguse, Ida-Virumaa
Agris;Gusev;03.05.1968;M;36805039088;Paldiski, Harjumaa
Sireli;Reimann;25.08.2005;N;60508255663;Erra, Ida-Virumaa
Christopher;Abderhalden;28.04.2008;M;50804283759;Roela, Lääne-Virumaa
Kristjan;Raid;06.07.1961;M;36107060036;Kõpu, Viljandimaa
Anastassia;Kiisk;15.04.1991;N;49104153489;Kiviõli, Ida-Virumaa
Timofei;Alekseev;01.10.1968;M;36810014180;Kuressaare, Saaremaa
Andero;Rüütel;10.08.1988;M;38808104740;Juuru, Raplamaa
Kristiin;Kolesnik;21.09.1965;N;46509216955;Viljandi, Viljandimaa
Carolina;Parts;05.04.2006;N;60604051201;Virtsu, Läänemaa
Kaupo;Allik;03.05.1977;M;37705034310;Laiuse, Jõgevamaa
Alo;Sorokin;21.01.1988;M;38801217564;Kunda, Lääne-Virumaa
Jana;Zaitsev;14.05.1968;N;46805149917;Kostivere, Harjumaa
Edgar;Müürsepp;17.04.1989;M;38904173707;Lehtse, Lääne-Virumaa
Kaspar;Arula;02.06.1970;M;37006020824;Hageri, Raplamaa
Vlada;Kaljuste;06.08.1979;N;47908069349;Simuna, Lääne-Virumaa
Stanislav;Heinsoo;29.03.1977;M;37703290982;Riisipere, Harjumaa
Ester;Schmidt;07.12.1983;N;48312073761;Tudu, Lääne-Virumaa
Aap;Viira;11.12.2008;M;50812111883;Elva, Tartumaa
Riho;Adamson;25.01.1991;M;39101254240;Kiviõli, Ida-Virumaa
Margarita;Fedotov;19.01.2005;N;60501191033;Oisu, Järvamaa
Aivar;Maslov;18.03.1980;M;38003180388;Puka, Valgamaa
Nelli;Veski;25.01.1966;N;46601251210;Antsla, Võrumaa
Rivo;Täht;21.02.2003;M;50302214861;Ambla, Järvamaa
Juri;Schmidt;31.10.2000;M;50010311389;Torma, Jõgevamaa
Matti;Tilk;08.08.1976;M;37608082887;Ülenurme, Tartumaa
Andrias;Mölder;20.05.1997;M;39705205474;Koeru, Järvamaa
Miko;Trei;15.07.1994;M;39407151304;Ramsi, Viljandimaa
Aivo;Raidma;04.04.2002;M;50204048969;Assaku, Harjumaa
Margus;Pent;22.01.1998;M;39801229777;Rapla, Raplamaa
Ingel;Baranov;25.06.1998;N;49806256098;Tapa, Lääne-Virumaa
Svetlana;Põder;07.05.1998;N;49805074512;Sadala, Jõgevamaa
Katarina;Panov;24.08.2008;N;60808244957;Vasalemma, Harjumaa
Melani;Leppik;22.05.1977;N;47705223322;Paikuse, Pärnumaa
Stenver;Tamm;02.11.1989;M;38911023021;Abja-Paluoja, Viljandimaa
Laura Liisa;Lätt;26.02.1968;N;46802260419;Avinurme, Ida-Virumaa
Aimar;Teearu;30.08.2003;M;50308304887;Kihelkonna, Saaremaa
Evelyn;Mark;24.11.1989;N;48911242437;Võnnu, Tartumaa
Carl;Mihhailov;23.11.1964;M;36411239483;Varstu, Võrumaa
Art;Karu;08.05.1973;M;37305089887;Viiratsi, Viljandimaa
Adriana;Silm;05.10.2002;N;60210050415;Kaiu, Raplamaa
Vassili;Arrak;25.07.1996;M;39607254408;Nõo, Tartumaa
Veronica;Friedman;27.09.1992;N;49209276214;Tamsalu, Lääne-Virumaa
Hanna-Liina;Kolberg;24.05.1963;N;46305248533;Pärnu, Pärnumaa
Laura Maria;Kirss;01.12.1966;N;46612017377;Sõmeru, Lääne-Virumaa
Karmel;Kondratjev;04.11.1995;N;49511040304;Tõstamaa, Pärnumaa
Roland;Kasak;21.03.1960;M;36003214992;Kose, Harjumaa
Pille-Riin;Laht;02.12.1988;N;48812025680;Laiuse, Jõgevamaa
Karl Marten;Titov;10.09.1986;M;38609106180;Tõrva, Valgamaa
Ron;Kriisa;22.08.1991;M;39108223241;Saku, Harjumaa
Alondra;Raudsepp;20.02.1995;N;49502203913;Kihelkonna, Saaremaa
Semjon;Roots;27.02.1991;M;39102277450;Tori, Pärnumaa
Violetta;Kant;08.03.1981;N;48103081134;Pajusti, Lääne-Virumaa
Mattias;Zahharov;11.08.2002;M;50208117902;Kureküla, Tartumaa
Sirle;Piir;30.07.1975;N;47507305925;Tootsi, Pärnumaa
Urmo;Iljin;07.02.1999;M;39902074522;Assaku, Harjumaa
Marian;Moor;16.01.1961;N;46101168828;Luunja, Tartumaa
Marita;Anissimov;23.05.1996;N;49605238053;Aruküla, Harjumaa
Marian;Sillaste;20.12.2007;N;60712206197;Sinimäe, Ida-Virumaa
Terje;Põder;02.10.2001;N;60110026673;Palamuse, Jõgevamaa
Inger;Pihlak;16.01.1982;N;48201162745;Ilmatsalu, Tartumaa
Kaili;Klein;17.06.2005;N;60506178080;Kose, Harjumaa
Isabella;Leis;15.07.1998;N;49807153226;Kureküla, Tartumaa
Janete;Laanemets;01.07.1973;N;47307012044;Õru, Valgamaa
Artemi;Žukov;30.03.1965;M;36503302434;Kohtla-Nõmme, Ida-Virumaa
Tanel;Liivak;27.12.1997;M;39712274215;Kolkja, Tartumaa
Rain;Denissov;15.06.2003;M;50306151677;Hulja, Lääne-Virumaa
Tanel;Reinke;24.12.1989;M;38912243228;Väike-Maarja, Lääne-Virumaa
Mario;Karpov;25.04.1995;M;39504255073;Jõgeva, Jõgevamaa
Marcos;Moor;05.04.1970;M;37004057625;Paldiski, Harjumaa
Eleriin;Baskin;27.03.1998;N;49803273017;Ülenurme, Tartumaa
Alondra;Järvesaar;30.01.1961;N;46101308795;Uuemõisa, Läänemaa
Žanna;Kull;24.04.1977;N;47704242033;Mõisaküla, Viljandimaa
Ander;Trofimov;20.03.2003;M;50303200950;Juuru, Raplamaa
Mark;Heinsoo;05.03.1977;M;37703058746;Kuusiku, Raplamaa
Olavi;Sidorov;28.10.1977;M;37710289828;Mooste, Põlvamaa
Anete;Jõe;17.12.1987;N;48712170198;Parksepa, Võrumaa
Silvar;Laur;29.12.2008;M;50812298899;Räpina, Põlvamaa
Marju;Rein;03.09.1975;N;47509039868;Võnnu, Tartumaa
Tamara;Siim;14.05.2002;N;60205146967;Puhja, Tartumaa
Joanna;Õun;22.04.1988;N;48804225171;Kehtna, Raplamaa
Keio;Ernits;28.04.1996;M;39604286873;Tootsi, Pärnumaa
Carol;Popov;12.04.2003;N;60304122049;Viru-Nigula, Lääne-Virumaa
Emeri;Fedotov;07.02.1969;N;46902077084;Võhma, Viljandimaa
Karen;Uus;03.10.2003;N;60310038210;Tõrva, Valgamaa
Eduard;Kaljurand;19.08.1983;M;38308192380;Olustvere, Viljandimaa
Anu;Väli;20.03.1969;N;46903208908;Jõhvi, Ida-Virumaa
Edgar;Liivamägi;30.09.1981;M;38109306988;Põltsamaa, Jõgevamaa
Kairi;Fomin;07.04.1978;N;47804078052;Valga, Valgamaa
Randar;Lehiste;20.12.1984;M;38412203726;Adavere, Jõgevamaa
Elsa;Kolesnik;02.07.1983;N;48307027141;Keila, Harjumaa
Jako;Koval;18.07.1961;M;36107188819;Iisaku, Ida-Virumaa
Argo;Pukk;10.02.2007;M;50702100573;Virtsu, Läänemaa
Villem;Kilk;21.12.1967;M;36712216271;Loo, Harjumaa
Brenda;Fjodorov;08.02.1991;N;49102087145;Sangaste, Valgamaa
Sandro;Lindgren;14.02.1974;M;37402146900;Prillimäe, Raplamaa
Uku;Rumjantsev;28.07.1986;M;38607281847;Sauga, Pärnumaa
Renata;Pihelgas;03.10.1999;N;49910034117;Sinimäe, Ida-Virumaa
Christofer;Soots;16.05.1967;M;36705166162;Alu, Raplamaa
Marge;Viks;16.02.1968;N;46802162362;Lohusuu, Ida-Virumaa
Silva;Teesalu;14.11.1962;N;46211140397;Sõmeru, Lääne-Virumaa
Jaan;Nuut;15.04.1988;M;38804153235;Kobela, Võrumaa
Elerin;Härm;17.07.1978;N;47807179775;Erra, Ida-Virumaa
Lisandra;Kukk;06.03.1986;N;48603065048;Puka, Valgamaa
Angelina;Koval;07.01.2008;N;60801077251;Tõravere, Tartumaa
Margo;Trei;28.02.1974;M;37402280700;Tihemetsa, Pärnumaa
Ketly;Kriisa;01.01.1988;N;48801018763;Võru, Võrumaa
Jan-Erik;Afanasjev;03.03.1998;M;39803039895;Puka, Valgamaa
Rinat;Anderson;07.01.2008;M;50801079078;Kamari, Jõgevamaa
Karl Johan;Kirss;01.08.1973;M;37308018684;Nasva, Saaremaa
Raivo;Kikkas;30.06.1960;M;36006300624;Sinimäe, Ida-Virumaa
Helle;Viik;27.04.1979;N;47904277509;Kiiu, Harjumaa
Deniss;Hoffmann;29.01.1963;M;36301291004;Oisu, Järvamaa
Trevor;Liivamägi;28.08.1990;M;39008280831;Ulila, Tartumaa
Emilia;Kazakov;10.04.1961;N;46104106074;Suure-Jaani, Viljandimaa
Ervin;Hallik;30.05.1986;M;38605308015;Torma, Jõgevamaa
Sten-Erik;Kisseljov;20.10.1965;M;36510208002;Aste, Saaremaa
Kaja;Nikitin;03.02.1980;N;48002031114;Märjamaa, Raplamaa
Heidi;Panov;23.04.2007;N;60704233990;Tsirguliina, Valgamaa
Maarek;Pukk;11.08.1981;M;38108119153;Laagri, Harjumaa
Jakov;Must;08.05.1995;M;39505086642;Võiste, Pärnumaa
Timofei;Nikiforov;07.04.2005;M;50504079150;Leisi, Saaremaa
Eliisabet;Lill;21.11.1961;N;46111213510;Rapla, Raplamaa
Katre;Olesk;21.12.2001;N;60112215958;Sillamäe, Ida-Virumaa
Silvar;Mölder;09.08.1962;M;36208091367;Tallinn, Harjumaa
Viivika;Raudsepp;29.12.1994;N;49412298337;Märjamaa, Raplamaa
Aivo;Suvi;22.03.1984;M;38403224968;Kangru, Harjumaa
Kairit;Žukov;14.02.1988;N;48802140772;Tõravere, Tartumaa
Käti;Säde;17.07.1965;N;46507170078;Kiiu, Harjumaa
Carina;Reinsalu;19.02.1976;N;47602198622;Näpi, Lääne-Virumaa
Virgo;Tiik;23.08.1976;M;37608231946;Ramsi, Viljandimaa
Nadezhda;Lillemets;06.10.1977;N;47710061098;Luunja, Tartumaa
Veronica;Lass;10.07.1990;N;49007106472;Haljala, Lääne-Virumaa
Anna-Maria;Tooming;18.03.1998;N;49803187027;Sõmeru, Lääne-Virumaa
Sofja;Püvi;16.07.1997;N;49707166834;Tootsi, Pärnumaa
Evelina;Anderson;04.03.2000;N;60003043673;Lavassaare, Pärnumaa
Alina;Martinson;25.12.1992;N;49212251217;Olustvere, Viljandimaa
Emili;Powell;21.09.1967;N;46709215133;Riisipere, Harjumaa
Ingrit;Valge;06.05.1970;N;47005069027;Tallinn, Harjumaa
Kelly;Kalinin;19.01.2006;N;60601198712;Pärnu, Pärnumaa
Siim;Uustalu;19.09.1987;M;38709196911;Koeru, Järvamaa
Astrid;Tuulik;08.09.1996;N;49609081776;Ulila, Tartumaa
Kadi;Miller;07.01.2006;N;60601079555;Puhja, Tartumaa
Gert;Abbt;26.01.1981;M;38101266897;Kunda, Lääne-Virumaa
Laur;Randmaa;01.03.2006;M;50603012890;Kärdla, Hiiumaa
Raili;Müür;14.02.1987;N;48702142685;Halliste, Viljandimaa
Katharina;Tiik;03.02.2000;N;60002030045;Viru-Jaagupi, Lääne-Virumaa
Karin;Voronin;07.02.2002;N;60202074184;Kehtna, Raplamaa
Marje;Mandel;02.12.2003;N;60312023805;Kiviõli, Ida-Virumaa
Karl Kristjan;Mark;04.04.1982;M;38204049445;Virtsu, Läänemaa
Heinrich;Nuut;30.08.1998;M;39808308433;Olgina, Ida-Virumaa
Alexander;Poom;01.12.1983;M;38312014999;Tõrva, Valgamaa
Kaimar;Lotman;09.10.1989;M;38910099854;Riisipere, Harjumaa
Ivan;Sikk;11.01.2005;M;50501114194;Risti, Läänemaa
Liivi;Mets;21.02.1973;N;47302217679;Lihula, Läänemaa
Maarika;Romanov;14.12.2007;N;60712147255;Hagudi, Raplamaa
Yury;Aun;06.09.1971;M;37109067981;Kiili, Harjumaa
Stiven;Kalamees;11.12.1972;M;37212112417;Vasalemma, Harjumaa
Laureen;Rosin;04.11.1970;N;47011047267;Assaku, Harjumaa
Ivika;Kisseljov;21.03.1965;N;46503211100;Tõrva, Valgamaa
Eliisabet;Tammik;25.08.1974;N;47408259056;Luige, Harjumaa
Janne;Konstantinov;04.06.1986;N;48606044976;Olgina, Ida-Virumaa
Georg;Kotov;11.01.1989;M;38901113515;Tsirguliina, Valgamaa
Sirly;Žuravljov;14.03.1980;N;48003141564;Roela, Lääne-Virumaa
Mariliis;Bondarenko;26.03.1973;N;47303265003;Saue, Harjumaa
Marija;Vlassov;09.06.2004;N;60406090503;Narva, Ida-Virumaa
Margit;Tammik;15.09.1999;N;49909152341;Elva, Tartumaa
Veera;Saare;28.03.1980;N;48003283599;Karksi-Nuia, Viljandimaa
Brigitta;Gromov;27.11.1984;N;48411270649;Valjala, Saaremaa
Mikhail;Jõe;27.02.2003;M;50302278484;Luunja, Tartumaa
Karl Kevin;Tilk;30.07.1963;M;36307306417;Parksepa, Võrumaa
Getter;Mitt;17.04.1964;N;46404174795;Sõmeru, Lääne-Virumaa
Elizabeth;Urb;16.12.1967;N;46712167926;Lelle, Raplamaa
Feliks;Lapin;03.03.2007;M;50703031562;Kostivere, Harjumaa
Vallo;Ader;08.08.1996;M;39608087125;Palamuse, Jõgevamaa
Marilin;Karu;21.07.1968;N;46807216711;Käru, Raplamaa
Ethel;Sepp;11.11.1993;N;49311111391;Aravete, Järvamaa
Devid;Kiis;23.05.1979;M;37905239482;Hulja, Lääne-Virumaa
Airi;Maack;05.06.1988;N;48806050947;Tõstamaa, Pärnumaa
Maribel;Sikk;27.02.1979;N;47902272795;Võõpsu, Põlvamaa
Ilya;Peterson;28.06.1970;M;37006281060;Tudulinna, Ida-Virumaa
Hannes;Korol;23.02.2008;M;50802237667;Helme, Valgamaa
Hannes;Veski;22.01.1991;M;39101222412;Vaida, Harjumaa
Ketly;Põder;09.05.2002;N;60205094852;Õru, Valgamaa
Brita;Põldma;21.12.1982;N;48212217199;Risti, Läänemaa
Meril;Visnapuu;22.07.1984;N;48407221629;Jõgeva, Jõgevamaa
Keio;Michelson;18.08.2002;M;50208187562;Lohusuu, Ida-Virumaa
Kristopher;Smirnov;10.09.1970;M;37009107674;Tõstamaa, Pärnumaa
Elin;Kirsipuu;28.04.2000;N;60004289710;Türi, Järvamaa
Kristiina;Laht;31.03.1971;N;47103316283;Võõpsu, Põlvamaa
Kristella;Vares;13.09.1991;N;49109132862;Salme, Saaremaa
Ülari;Suur;02.05.1986;M;38605029849;Hageri, Raplamaa
Kätriin;Merila;18.11.1963;N;46311180160;Kiili, Harjumaa
Alar;Kozlov;09.07.1993;M;39307090076;Sauga, Pärnumaa
Airiin;Laine;05.12.1972;N;47212053132;Mõisaküla, Viljandimaa
Adriana;Fedorov;30.06.1983;N;48306303606;Tudulinna, Ida-Virumaa
Mirelle;Arro;24.10.1986;N;48610243904;Kuusalu, Harjumaa
Kaia;Põllu;04.05.1968;N;46805044106;Rakvere, Lääne-Virumaa
Taaniel;Kiik;25.04.1995;M;39504251473;Mustvee, Jõgevamaa
Agris;Prikk;01.02.1975;M;37502016269;Väätsa, Järvamaa
Epp;Laane;05.12.1964;N;46412056472;Loksa, Harjumaa
Roomet;Naumov;22.01.2007;M;50701220861;Kaiu, Raplamaa
Valdo;Kivimäe;02.01.1997;M;39701022754;Tabivere, Jõgevamaa
Karl Jakob;Kuznetsov;20.12.1992;M;39212203573;Kiisa, Harjumaa
Merlin;Kozlov;06.11.1980;N;48011064074;Märjamaa, Raplamaa
Merilin;Rätsep;21.06.1968;N;46806214496;Vändra, Pärnumaa
Reiko;Paas;21.03.2008;M;50803217207;Sangaste, Valgamaa
Armin;Kuusik;21.01.1978;M;37801211492;Luige, Harjumaa
Arnold;Laane;03.05.2001;M;50105033467;Sonda, Ida-Virumaa
Vjatšeslav;Tarassov;03.08.1980;M;38008030815;Haabneeme, Harjumaa
Riina;Õunapuu;27.09.2006;N;60609277966;Keila-Joa, Harjumaa
Gertrud;Kodres;19.05.1963;N;46305190536;Kuusalu, Harjumaa
Carina;Anton;11.10.1980;N;48010118038;Kärla, Saaremaa
Aleksei;Abramov;23.03.1984;M;38403230874;Rummu, Harjumaa
Anna;Vahtra;21.03.1970;N;47003216447;Uuemõisa, Läänemaa
Matthias;Oras;02.08.1983;M;38308022643;Võru, Võrumaa
Anžela;Kull;13.06.1993;N;49306131850;Palivere, Läänemaa
Ramon;Pärtel;01.05.1989;M;38905011955;Järvakandi, Raplamaa
Ülari;Kass;22.03.2006;M;50603229130;Virtsu, Läänemaa
Kreete;Nikitin;11.12.1996;N;49612112429;Torma, Jõgevamaa
Tenno;Järv;29.05.1997;M;39705299444;Orissaare, Saaremaa
Dan;Adamson;19.12.1987;M;38712195635;Hageri, Raplamaa
Annaliisa;Lillemets;24.07.1987;N;48707241060;Kangru, Harjumaa
Rünno;Ruus;29.01.1994;M;39401293021;Võiste, Pärnumaa
Jaagup;Põldmaa;23.11.1997;M;39711231092;Kangru, Harjumaa
Mart;Jakobson;25.11.2002;M;50211252244;Kudjape, Saaremaa
Kiur;Mikelsaar;11.03.2005;M;50503114531;Vastse-Kuuste, Põlvamaa
Alar;Herodes;29.11.2003;M;50311298086;Iisaku, Ida-Virumaa
Keidi;Valge;23.09.1975;N;47509238307;Luunja, Tartumaa
Helle;Põdra;09.11.1987;N;48711096397;Kose, Võrumaa
Jako;Koitla;04.01.2003;M;50301046193;Võhma, Viljandimaa
Daria;Lukin;26.03.1997;N;49703260052;Antsla, Võrumaa
August;Gross;21.01.1960;M;36001215601;Sauga, Pärnumaa
Oscar;Tamme;22.09.1966;M;36609222793;Sõmeru, Lääne-Virumaa
Marili;Annus;28.01.1974;N;47401289585;Laagri, Harjumaa
Janika;Aleksandrov;27.05.1984;N;48405277779;Roiu, Tartumaa
Jan;Roos;03.11.2001;M;50111036284;Keila-Joa, Harjumaa
Aare;Toome;26.09.1988;M;38809264120;Vändra, Pärnumaa
Meeli;Lang;29.04.2001;N;60104295740;Juuru, Raplamaa
Teet;Kiik;14.01.1973;M;37301143444;Kallaste, Tartumaa
Jane;Kalda;26.01.1985;N;48501267499;Lelle, Raplamaa
Vivian;Anton;18.11.1998;N;49811188247;Varstu, Võrumaa
Juhan;Viira;19.02.1996;M;39602192006;Virtsu, Läänemaa
Carmel;Kruus;19.10.1966;N;46610197897;Väimela, Võrumaa
Raiko;Sorokin;13.03.1969;M;36903134006;Vana-Antsla, Võrumaa
Maiko;Luik;27.01.2003;M;50301272457;Vasalemma, Harjumaa
Reino;Tomingas;01.12.1996;M;39612016912;Värska, Põlvamaa
Lii;Laanemets;22.11.1966;N;46611220025;Valjala, Saaremaa
Greete;Ignatjev;16.01.1981;N;48101169628;Narva-Jõesuu, Ida-Virumaa
Anthony;Vinogradov;09.08.1965;M;36508096177;Sindi, Pärnumaa
Artem;Toomsalu;24.03.1973;M;37303249764;Keila-Joa, Harjumaa
Karl-Martin;Tomingas;16.02.1965;M;36502164652;Aseri, Ida-Virumaa
Tarmo;Kilk;22.06.2005;M;50506229255;Haabneeme, Harjumaa
Heiki;Reinsalu;27.08.1974;M;37408270428;Kuusiku, Raplamaa
Yulia;Mäe;09.02.1979;N;47902098684;Tootsi, Pärnumaa
Vladislav;Bondarenko;14.12.1961;M;36112140442;Peetri, Järvamaa
Janne;Roots;03.10.1960;N;46010030194;Siimusti, Jõgevamaa
Trinity;Kink;07.09.1994;N;49409072538;Ravila, Harjumaa
Chris;Mark;30.05.2005;M;50505302628;Kuremaa, Jõgevamaa
Marti;Käär;24.12.1971;M;37112243758;Paralepa, Läänemaa
Riin;Ignatjev;05.03.1975;N;47503058499;Ravila, Harjumaa
Alondra;Vahtra;12.03.1981;N;48103124317;Pajusti, Lääne-Virumaa
Artyom;Frolov;19.10.1989;M;38910199767;Vastseliina, Võrumaa
Agris;Teder;17.03.2000;M;50003172790;Sadala, Jõgevamaa
Erki;Jarvis;01.10.1974;M;37410012892;Kose, Võrumaa
Natali;Härm;11.01.1978;N;47801116743;Paralepa, Läänemaa
Viktor;Ott;28.09.1991;M;39109289259;Misso, Võrumaa
Marti;Gusev;19.04.1982;M;38204194761;Kaiu, Raplamaa
Romek;Piir;07.06.1968;M;36806071195;Avinurme, Ida-Virumaa
Tiiu;Kriisa;01.09.1971;N;47109016548;Halliste, Viljandimaa
Mai-Liis;Safronov;25.11.1990;N;49011258047;Orissaare, Saaremaa
Jasper;Kalinin;04.01.1977;M;37701044847;Ulila, Tartumaa
Karolin;Štšerbakov;18.05.2002;N;60205184205;Saue, Harjumaa
Kerttu;Baranov;09.10.1994;N;49410091254;Roela, Lääne-Virumaa
Indrek;Reimann;14.12.1977;M;37712144335;Juuru, Raplamaa
Oliver;Kuusk;12.09.2007;M;50709120930;Sauga, Pärnumaa
Pille-Riin;Nõmmik;17.08.1985;N;48508170811;Antsla, Võrumaa
Kevin;Gorbunov;17.06.2001;M;50106172570;Mooste, Põlvamaa
Mirko;Soosalu;02.11.1994;M;39411028566;Kobela, Võrumaa
Sandro;Kiisk;31.03.1999;M;39903313810;Oisu, Järvamaa
Max;Dmitriev;01.08.1996;M;39608018382;Narva, Ida-Virumaa
Alesja;Grigorieva;05.04.1983;N;48304058960;Tallinn, Harjumaa
Rinat;Tomson;28.01.2002;M;50201285647;Väike-Maarja, Lääne-Virumaa
Tamara;Saveljev;15.02.1989;N;48902156976;Laatre, Valgamaa
Sirli;Viira;25.02.1962;N;46202256750;Sinimäe, Ida-Virumaa
Anabell;Sepp;02.11.1976;N;47611029142;Kärdla, Hiiumaa
Kati;Merila;28.09.2000;N;60009287736;Kostivere, Harjumaa
Anastasija;Leht;12.11.1968;N;46811124984;Siimusti, Jõgevamaa
Maarit;Jürisson;21.05.1984;N;48405218308;Kuusiku, Raplamaa
Yury;Anissimov;11.06.2007;M;50706115030;Varnja, Tartumaa
Eliise;Sidorov;30.05.1985;N;48505308596;Sõmerpalu, Võrumaa
Jaan;Abbt;16.04.2000;M;50004169550;Viljandi, Viljandimaa
Janne;Klimov;19.09.1977;N;47709195780;Kolkja, Tartumaa
Galina;Link;19.04.1979;N;47904194871;Jüri, Harjumaa
Kert;Egorov;20.05.1966;M;36605203214;Kiili, Harjumaa
Annabell;Lehtla;15.09.2008;N;60809154849;Tootsi, Pärnumaa
Ksenija;Romanov;10.05.1960;N;46005105915;Rummu, Harjumaa
Ilja;Kotov;14.06.2000;M;50006147646;Jüri, Harjumaa
Evita;Jermakov;28.12.1964;N;46412284213;Leisi, Saaremaa
Getriin;Õun;02.07.1997;N;49707021457;Narva, Ida-Virumaa
Andro;Abel;14.07.2006;M;50607140412;Puhja, Tartumaa
Lennart;Männiste;22.11.1978;M;37811227482;Käru, Raplamaa
Deniel;Ignatjev;24.02.2007;M;50702246947;Mustla, Viljandimaa
Mike;Varik;25.02.1973;M;37302257858;Paralepa, Läänemaa
Boris;Vinogradov;19.07.1998;M;39807195671;Kostivere, Harjumaa
Kairo;Rosenberg;14.09.1979;M;37909142264;Tõrva, Valgamaa
Inna;Abbt;24.12.1997;N;49712242173;Kolga-Jaani, Viljandimaa
Veronika;Aru;31.08.2008;N;60808315460;Salme, Saaremaa
Christer;Vahter;15.04.2001;M;50104159699;Vändra, Pärnumaa
Maris;Sutt;27.05.2008;N;60805278573;Järva-Jaani, Järvamaa
Aaron;Luiga;10.09.2002;M;50209106493;Kõrveküla, Tartumaa
Cärolin;Kiis;16.01.2003;N;60301169958;Alatskivi, Tartumaa
Daniella;Viks;30.08.1980;N;48008300684;Mustvee, Jõgevamaa
Brittany;Põder;28.09.1995;N;49509281607;Mehikoorma, Tartumaa
Maido;Reimann;16.10.1975;M;37510162371;Märjamaa, Raplamaa
Marlon;Kont;07.06.1998;M;39806075436;Püssi, Ida-Virumaa
Kiur;Pärnpuu;13.05.1973;M;37305139353;Varnja, Tartumaa
Mare;Jarvis;17.09.1985;N;48509175540;Käravete, Järvamaa
Artjom;Veski;13.11.1960;M;36011130768;Hummuli, Valgamaa
Timofei;Malõšev;07.08.1967;M;36708078074;Raasiku, Harjumaa
Jarno;Sulg;08.11.1973;M;37311087830;Kiviõli, Ida-Virumaa
Reena;Leht;15.10.1991;N;49110152940;Käärdi, Tartumaa
Agnessa;Raidma;05.11.1984;N;48411057828;Käru, Raplamaa
Leonard;Jürgenson;13.10.1992;M;39210131343;Sindi, Pärnumaa
Miina;Simm;30.12.1996;N;49612301518;Lelle, Raplamaa
Kalle;Rosenberg;12.09.1992;M;39209122527;Mäetaguse, Ida-Virumaa
Alex;Novikov;15.05.1972;M;37205152280;Tabivere, Jõgevamaa
Reti;Kikas;24.09.1962;N;46209246443;Laekvere, Lääne-Virumaa
Cristopher;Püvi;17.06.1997;M;39706171533;Rummu, Harjumaa
Frank;Kelder;23.03.1989;M;38903233807;Sangaste, Valgamaa
Anne-Mari;Põllu;15.11.1978;N;47811153127;Rõngu, Tartumaa
Jana;Kirsipuu;08.06.1972;N;47206080182;Kiviõli, Ida-Virumaa
Marili;Maslov;26.08.1969;N;46908267430;Laagri, Harjumaa
Leanika;Kurg;01.06.1985;N;48506010891;Pärnu-Jaagupi, Pärnumaa
Aurelia;Sikk;08.09.2002;N;60209084540;Vastse-Kuuste, Põlvamaa
Taniel;Vain;31.10.1968;M;36810315885;Mõisaküla, Viljandimaa
Karl-Markus;Lumiste;01.07.1961;M;36107017367;Häädemeeste, Pärnumaa
Ave;Soosaar;09.09.1990;N;49009094954;Abja-Paluoja, Viljandimaa
Jarno;Teras;21.08.1994;M;39408218710;Võnnu, Tartumaa
Annette;Vaht;16.05.2008;N;60805168669;Elva, Tartumaa
Jevgenija;Matvejev;13.03.2004;N;60403134117;Kiili, Harjumaa
Saveli;Villemson;23.10.1986;M;38610231706;Kohila, Raplamaa
Maik;Vlassov;25.09.1993;M;39309250946;Pajusti, Lääne-Virumaa
Anastasiya;Jaakson;03.05.1979;N;47905034990;Kärdla, Hiiumaa
Roman;Toome;26.04.1997;M;39704261901;Salme, Saaremaa
Jarno;Paas;14.11.1995;M;39511141076;Võnnu, Tartumaa
Ingrid;Kozlov;16.10.2004;N;60410162159;Käravete, Järvamaa
Christer;Gerassimov;25.02.1969;M;36902254175;Võhma, Viljandimaa
Julia;Rosenberg;12.07.2005;N;60507123997;Roiu, Tartumaa
Krister;Link;28.09.2006;M;50609280552;Hageri, Raplamaa
Hans Erik;Simm;01.12.1983;M;38312012533;Leisi, Saaremaa
Yury;Green;25.09.1997;M;39709252897;Kärdla, Hiiumaa
Vjatšeslav;Paal;21.04.1968;M;36804219845;Võnnu, Tartumaa
Merily;Tamme;24.02.1989;N;48902243634;Ämari, Harjumaa
Oskar;Pettai;31.03.2003;M;50303311570;Adavere, Jõgevamaa
Ege;Kuningas;30.03.1985;N;48503309940;Audru, Pärnumaa
Keili;Kütt;23.11.1991;N;49111234605;Roela, Lääne-Virumaa
Brigitta;Kasemets;19.05.1986;N;48605190328;Lepna, Lääne-Virumaa
Caroly;Nurk;24.04.2004;N;60404249306;Kasepää, Tartumaa
Elise;Kudrjavtsev;03.12.2003;N;60312030317;Juuru, Raplamaa
Deniel;Valge;21.04.1964;M;36404219005;Tootsi, Pärnumaa
Rostislav;Mäe;17.04.1990;M;39004177882;Ambla, Järvamaa
Mikael;Uustalu;06.09.2005;M;50509064588;Õisu, Viljandimaa
Henry;Siim;01.12.1978;M;37812014267;Vasalemma, Harjumaa
Minna;Eller;19.09.1967;N;46709192923;Mehikoorma, Tartumaa
Tatiana;Soo;07.01.2000;N;60001072109;Järva-Jaani, Järvamaa
Ilya;Kink;11.08.1982;M;38208114979;Suure-Jaani, Viljandimaa
Jasper;Piirsalu;27.12.1986;M;38612275498;Mõisaküla, Viljandimaa
Kertu;Kink;02.10.1981;N;48110026375;Kohila, Raplamaa
Sigrit;Reinke;31.08.2006;N;60608315571;Riisipere, Harjumaa
Pjotr;Kozlov;21.11.1963;M;36311218986;Viljandi, Viljandimaa
Allar;Gerassimov;04.03.1983;M;38303049295;Klooga, Harjumaa
Eliza;Uus;30.12.1974;N;47412302098;Kärla, Saaremaa
Jaroslav;Mandel;24.02.2008;M;50802240639;Riisipere, Harjumaa
Liise;Puusepp;16.07.1978;N;47807164907;Keila-Joa, Harjumaa
Angelika;Kruus;21.11.1979;N;47911210245;Palivere, Läänemaa
Tairo;Trei;18.05.2005;M;50505184706;Kõpu, Viljandimaa
Henrik;Tuul;08.08.1961;M;36108083755;Mäetaguse, Ida-Virumaa
Keiro;Renoir;22.01.1995;M;39501223354;Saue, Harjumaa
David;Suits;22.10.1969;M;36910226834;Suure-Jaani, Viljandimaa
Nele-Liis;Nuut;12.06.1968;N;46806121372;Valga, Valgamaa
Kaur;Sergejev;16.02.1985;M;38502162936;Äksi, Tartumaa
Eerik;Liivamägi;26.07.1992;M;39207265731;Palamuse, Jõgevamaa
Nicole;Nuut;16.12.1966;N;46612161504;Lehtse, Lääne-Virumaa
Cärolin;Kuuse;28.12.1990;N;49012289007;Koeru, Järvamaa
Klim;Toom;26.10.1963;M;36310265333;Järva-Jaani, Järvamaa
Eveli;Laan;14.09.1969;N;46909142914;Kiltsi, Lääne-Virumaa
Katharina;Lunin;29.04.1963;N;46304294758;Paide, Järvamaa
Rasmus;Simson;08.02.1981;M;38102086869;Kasepää, Tartumaa
Keitlin;Reinsalu;15.10.2001;N;60110156260;Aravete, Järvamaa
Lisa;Pärn;18.08.1976;N;47608188474;Simuna, Lääne-Virumaa
Aleksandr;Kirsipuu;26.07.1993;M;39307265513;Jõgeva, Jõgevamaa
Richard;Poljakov;12.02.2002;M;50202126112;Aseri, Ida-Virumaa
Mait;Kirs;26.12.1989;M;38912260427;Taebla, Läänemaa
Mariliis;Trei;18.11.1993;N;49311181279;Võnnu, Tartumaa
Arlet;Gavrilov;25.03.1992;M;39203252391;Aruküla, Harjumaa
Lisa;Kilk;14.01.2003;N;60301147610;Tudulinna, Ida-Virumaa
Heidy;Post;27.12.1980;N;48012271639;Tapa, Lääne-Virumaa
Kaidar;Paap;26.11.1984;M;38411269686;Nõo, Tartumaa
Aveli;Popov;23.02.1992;N;49202237662;Riisipere, Harjumaa
Marko;Klaas;17.10.2007;M;50710179787;Kose-Uuemõisa, Harjumaa
Joanna;Lind;26.10.1987;N;48710265063;Paikuse, Pärnumaa
Henry;Mölder;28.01.2008;M;50801282954;Lähte, Tartumaa
Enn;Štšerbakov;14.10.2007;M;50710148289;Nõo, Tartumaa
Gertrud;Poom;12.01.1967;N;46701127199;Sillamäe, Ida-Virumaa
Merilyn;Hanson;02.04.1977;N;47704026302;Narva-Jõesuu, Ida-Virumaa
Christian;Jalakas;02.08.1998;M;39808024734;Mustvee, Jõgevamaa
Ander;Sarap;21.07.2008;M;50807213633;Kiili, Harjumaa
Villem;Sild;19.04.1979;M;37904195188;Vändra, Pärnumaa
Rahel;Ernits;31.10.1961;N;46110310539;Tallinn, Harjumaa
Edith;Johanson;26.06.2005;N;60506266736;Adavere, Jõgevamaa
Tiina;Holm;04.10.2003;N;60310047789;Narva-Jõesuu, Ida-Virumaa
Aron;Vahter;30.12.2006;M;50612305513;Ahja, Põlvamaa
Germo;Soosaar;01.09.1990;M;39009018486;Ramsi, Viljandimaa
Susanna;Koort;09.12.1973;N;47312091313;Kohtla-Järve, Ida-Virumaa
Andrias;Vlassov;14.08.2008;M;50808140051;Aruküla, Harjumaa
Talis;Lehtmets;05.05.2000;M;50005058118;Leisi, Saaremaa
Elari;Annus;28.12.1961;M;36112283703;Virtsu, Läänemaa
Aarne;Beljajev;24.12.1975;M;37512240903;Karksi-Nuia, Viljandimaa
Cassandra;Sander;09.07.1977;N;47707092834;Tudulinna, Ida-Virumaa
Mari;Teearu;04.10.1999;N;49910048310;Raasiku, Harjumaa
Arseni;Korol;08.09.1985;M;38509081109;Tudu, Lääne-Virumaa
Karmo;Raud;07.08.1994;M;39408072769;Rõuge, Võrumaa
Adele;Mihhailov;18.05.1961;N;46105180584;Tallinn, Harjumaa
Ilja;Tuulik;02.09.2007;M;50709028919;Sonda, Ida-Virumaa
Sten;Lember;24.12.1993;M;39312242837;Sõmeru, Lääne-Virumaa
Matis;Reinsalu;15.02.1978;M;37802158078;Kõpu, Viljandimaa
Romek;Sild;26.10.1979;M;37910260401;Vinni, Lääne-Virumaa
Riko;Lumi;30.12.2005;M;50512304624;Kehra, Harjumaa
Mirtel;Kaasik;10.11.2005;N;60511105115;Otepää, Valgamaa
Johann;Leis;17.02.1983;M;38302171956;Keava, Raplamaa
Georgi;Sild;10.08.2000;M;50008107008;Ämari, Harjumaa
Evelina;Kiil;23.12.1975;N;47512231316;Abja-Paluoja, Viljandimaa
Laura-Liisa;Baranov;22.09.1968;N;46809223918;Mooste, Põlvamaa
Mirko;Trei;29.04.2008;M;50804290048;Kiili, Harjumaa
Andrus;Suur;04.07.1962;M;36207048710;Lohusuu, Ida-Virumaa
Heidi;Sikk;17.08.1972;N;47208175534;Kostivere, Harjumaa
Nele;Annus;16.04.2001;N;60104162198;Rõngu, Tartumaa
Mariell;Suvorov;07.01.1961;N;46101075154;Tammiku, Ida-Virumaa
Silvar;Vlassov;07.01.2003;M;50301071435;Vändra, Pärnumaa
Laur;Afanasjev;12.11.1962;M;36211120206;Tõrva, Valgamaa
Jasper;Nazarov;18.07.1962;M;36207181469;Abja-Paluoja, Viljandimaa
Samuel;Luht;06.05.1966;M;36605063836;Kose-Uuemõisa, Harjumaa
Tormi;Suits;28.02.1982;M;38202282618;Vinni, Lääne-Virumaa
Eret;Lind;06.12.1968;N;46812062568;Olustvere, Viljandimaa
Hanno;Tiik;06.03.1976;M;37603067945;Rannu, Tartumaa
Grete-Liis;Paju;16.07.1965;N;46507167882;Vastseliina, Võrumaa
Silva;Green;29.07.1982;N;48207290536;Avinurme, Ida-Virumaa
Viktorija;Nikolaev;11.12.1978;N;47812118656;Elva, Tartumaa
Anna Liisa;Palu;25.03.1986;N;48603258961;Käina, Hiiumaa
Milena;Vahter;15.07.1988;N;48807150649;Ramsi, Viljandimaa
Ethel;Smirnov;22.04.1962;N;46204225002;Kaiu, Raplamaa
Elin;Kurg;24.01.1992;N;49201249406;Särevere, Järvamaa
Karl-Markus;Mann;04.06.2006;M;50606046076;Tabasalu, Harjumaa
Aili;Põdra;03.01.2000;N;60001031763;Jõgeva, Jõgevamaa
Martin;Klein;28.10.1998;M;39810287576;Peetri, Järvamaa
Kirsika;Ots;15.11.1998;N;49811150025;Sauga, Pärnumaa
Anthony;Nurk;29.06.2008;M;50806293893;Rapla, Raplamaa
Annabella;Konstantinov;07.12.1969;N;46912079635;Toila, Ida-Virumaa
Ragne;Kuzmin;03.09.1998;N;49809036183;Kiltsi, Lääne-Virumaa
Kristen;Kuusk;05.12.2006;M;50612059285;Kose-Uuemõisa, Harjumaa
Karolina;Markson;27.10.1986;N;48610270522;Vinni, Lääne-Virumaa
Hanna;Ilves;05.06.1991;N;49106059816;Keava, Raplamaa
Sulev;Kivilo;03.05.1983;M;38305033677;Keava, Raplamaa
Gervin;Kangro;24.01.1984;M;38401244647;Halliste, Viljandimaa
Nikolai;Ilves;14.05.2005;M;50505148915;Sõmeru, Lääne-Virumaa
Kristjan;Aus;11.09.2007;M;50709117152;Tootsi, Pärnumaa
Julija;Õunapuu;15.08.1993;N;49308156716;Mustvee, Jõgevamaa
Polina;Vorobjov;01.03.1996;N;49603018571;Lihula, Läänemaa
Meelis;Susi;18.11.1979;M;37911186663;Eidapere, Raplamaa
Kevin;Tamberg;19.03.1974;M;37403199796;Vana-Antsla, Võrumaa
Marelle;Paas;14.04.2000;N;60004147459;Kobela, Võrumaa
Rauno;Laks;18.07.1975;M;37507180275;Märjamaa, Raplamaa
Tom;Lehtla;14.03.1998;M;39803144647;Tamsalu, Lääne-Virumaa
Dmitri;Nikitin;23.07.1968;M;36807230657;Tõrva, Valgamaa
Amanda;Tuulik;05.10.2007;N;60710057758;Kangru, Harjumaa
Kreete;Mercklin;17.09.2001;N;60109170518;Rannu, Tartumaa
Piia;Paju;05.01.1983;N;48301050919;Saku, Harjumaa
Karin;Piir;04.03.1986;N;48603040479;Ämari, Harjumaa
Heigo;Klaas;19.12.1985;M;38512194644;Mehikoorma, Tartumaa
Karl Oskar;Saar;22.02.1985;M;38502220160;Kõpu, Viljandimaa
Sven Erik;Sisask;20.05.1960;M;36005204076;Aravete, Järvamaa
Andree;Nikiforov;13.04.1984;M;38404130328;Haapsalu, Läänemaa
Marta;Baskin;10.01.1989;N;48901108471;Aegviidu, Harjumaa
Mike;Kirs;01.08.1964;M;36408015403;Luige, Harjumaa
Veiko;Kisseljov;01.07.1991;M;39107010964;Sangaste, Valgamaa
Inga;Korol;30.12.2000;N;60012308192;Kuremaa, Jõgevamaa
Yury;Holm;22.10.1998;M;39810220979;Kiiu, Harjumaa
Anastasija;Antonov;28.08.2001;N;60108283145;Kihelkonna, Saaremaa
Eva Maria;Kaasik;23.09.1969;N;46909235270;Tudulinna, Ida-Virumaa
Lily;Suvorov;29.06.1986;N;48606298654;Varstu, Võrumaa
Ingrid;Vain;27.04.1992;N;49204276484;Järva-Jaani, Järvamaa
Andra;Lumiste;28.08.1993;N;49308282113;Sonda, Ida-Virumaa
Vjatšeslav;Kozlov;16.11.1968;M;36811165726;Kuusalu, Harjumaa
Janek;Kapp;05.07.1977;M;37707058402;Kose, Harjumaa
Merilin;Roos;04.03.1999;N;49903041073;Kohtla-Järve, Ida-Virumaa
Olev;Pärnpuu;11.06.1983;M;38306118394;Turba, Harjumaa
Yulia;Mädamürk;19.12.1982;N;48212197060;Kaerepere, Raplamaa
Viktorija;Žuravljov;09.07.1962;N;46207093357;Turba, Harjumaa
Uljana;Mets;24.11.1977;N;47711240909;Kuressaare, Saaremaa
Emma;Niit;02.12.1972;N;47212023370;Peetri, Järvamaa
Liia;Pihlak;13.09.2005;N;60509135900;Laekvere, Lääne-Virumaa
Arseni;Allas;16.01.1991;M;39101162389;Jõgeva, Jõgevamaa
Roberta;Kaljurand;27.10.1976;N;47610270948;Haabneeme, Harjumaa
Leanika;Michelson;28.06.1992;N;49206289255;Olustvere, Viljandimaa
Liisa Maria;Fedotov;18.01.1963;N;46301188988;Värska, Põlvamaa
Kerttu;Aas;21.04.1976;N;47604210304;Valga, Valgamaa
Liisbeth;Ader;06.11.1976;N;47611069994;Õisu, Viljandimaa
Yury;Paal;28.08.1979;M;37908286567;Tartu, Tartumaa
Anne-Ly;Viik;15.11.1975;N;47511157040;Hagudi, Raplamaa
Anne-Mai;Juhkam;03.04.1984;N;48404031718;Mäetaguse, Ida-Virumaa
Kerdo;Lääts;08.04.2003;M;50304082293;Ambla, Järvamaa
Heino;Suur;14.09.2006;M;50609146070;Nasva, Saaremaa
Art;Konovalov;02.02.1968;M;36802025501;Hummuli, Valgamaa
Simone;Jalakas;08.07.1968;N;46807089487;Lohusuu, Ida-Virumaa
Priit;Ader;18.09.1993;M;39309185268;Orissaare, Saaremaa
Yury;Lukk;23.03.2004;M;50403236358;Tudulinna, Ida-Virumaa
Sören;Kallaste;02.10.1988;M;38810024345;Misso, Võrumaa
Kristo;Toomsalu;01.08.2005;M;50508019959;Kose, Harjumaa
Karoli;Johanson;14.03.2008;N;60803143062;Püssi, Ida-Virumaa
Oscar;Gerassimov;22.12.1971;M;37112221264;Haapsalu, Läänemaa
Niina;Mäeots;26.10.1994;N;49410267267;Tamsalu, Lääne-Virumaa
Hanna-Liina;Laane;14.09.1990;N;49009146456;Avinurme, Ida-Virumaa
Alan;Raidma;17.04.1984;M;38404173566;Mäetaguse, Ida-Virumaa
Katri;Simson;27.12.1981;N;48112277625;Kolga, Harjumaa
Raino;Mäe;26.04.1980;M;38004269847;Voka, Ida-Virumaa
Karel;Nurk;09.02.1982;M;38202090241;Viimsi, Harjumaa
Janet;Nurm;18.07.1994;N;49407181009;Häädemeeste, Pärnumaa
Siim;Kotkas;15.04.1971;M;37104152893;Rakke, Lääne-Virumaa
Sigrid;Vain;20.11.1987;N;48711206551;Laatre, Valgamaa
Eve;Lang;22.02.1968;N;46802228263;Vastseliina, Võrumaa
Eleonora;Safronov;19.09.2002;N;60209190756;Tamsalu, Lääne-Virumaa
Elisabet;Villemson;13.08.2003;N;60308137582;Hulja, Lääne-Virumaa
Katrina;Kallaste;03.02.1970;N;47002038242;Tartu, Tartumaa
Üllar;Klimov;04.01.1995;M;39501041006;Toila, Ida-Virumaa
David;Kohv;04.09.1999;M;39909040665;Väätsa, Järvamaa
Kristiin;Muru;18.08.1982;N;48208182583;Kostivere, Harjumaa
Luisa;Sokolov;18.02.1965;N;46502184402;Kanepi, Põlvamaa
Timur;Paap;09.07.1967;M;36707093739;Puka, Valgamaa
Vjatšeslav;Tilk;03.12.1965;M;36512035158;Kose-Uuemõisa, Harjumaa
Randel;Fomin;14.12.1974;M;37412144044;Harku, Harjumaa
Violeta;Powell;09.11.2001;N;60111097540;Käina, Hiiumaa
Lennart;Leppik;09.03.1979;M;37903090743;Kanepi, Põlvamaa
Enely;Mihhailov;12.12.1998;N;49812127766;Luige, Harjumaa
Liisbet;Vorobjov;01.03.1984;N;48403012840;Särevere, Järvamaa
Arthur;Kirss;03.02.1983;M;38302031520;Mustla, Viljandimaa
Ann;Heinsalu;26.12.1976;N;47612265002;Kunda, Lääne-Virumaa
Innar;Tooming;01.07.1967;M;36707014232;Siimusti, Jõgevamaa
Kuldar;Sokk;11.10.1982;M;38210110962;Võhma, Viljandimaa
Aimar;Rätsep;07.02.1997;M;39702070792;Sinimäe, Ida-Virumaa
Sulev;Susi;31.10.1989;M;38910311993;Kolga-Jaani, Viljandimaa
Mariliis;Jürgens;08.12.1992;N;49212085519;Taebla, Läänemaa
Andrea;Hõbe;31.01.1974;N;47401314146;Taebla, Läänemaa
Marit;Jänes;28.10.1967;N;46710285000;Ramsi, Viljandimaa
Karl Kevin;Pihlak;03.09.1980;M;38009030655;Salme, Saaremaa
Margus;Tilk;11.07.1982;M;38207111839;Püssi, Ida-Virumaa
Margareth;Sirel;02.12.2005;N;60512027525;Salme, Saaremaa
Reelika;Maidla;29.06.1964;N;46406290143;Tabivere, Jõgevamaa
Katriin;Pent;19.05.2002;N;60205194123;Õisu, Viljandimaa
Lennart;Kirsipuu;24.03.1962;M;36203243255;Võõpsu, Põlvamaa
Enar;Pärna;06.08.2001;M;50108060680;Turba, Harjumaa
Mariana;Žuravljov;26.05.1971;N;47105264150;Rõuge, Võrumaa
Avely;Abramov;18.11.1980;N;48011187053;Koeru, Järvamaa
Reijo;Aasmäe;09.09.1994;M;39409098686;Assaku, Harjumaa
Stiven;Sikk;17.05.1991;M;39105174233;Võhma, Viljandimaa
Eveli;Kokk;04.01.1991;N;49101044312;Varstu, Võrumaa
Evita;Männik;10.02.1999;N;49902106264;Mäetaguse, Ida-Virumaa
Kristiina;Luts;22.01.1987;N;48701226141;Erra, Ida-Virumaa
Kerly;Maksimov;01.07.1998;N;49807011729;Tori, Pärnumaa
Maia;Frolov;29.04.1977;N;47704292877;Roiu, Tartumaa
Daniella;Mikk;22.09.1975;N;47509228303;Lavassaare, Pärnumaa
Anete;Holm;18.01.1998;N;49801189316;Kärdla, Hiiumaa
Melany;Vlassov;03.06.1981;N;48106037373;Valjala, Saaremaa
Meelis;Org;09.04.1972;M;37204098026;Roosna-Alliku, Järvamaa
Vallo;Klaas;04.11.1985;M;38511044371;Tabivere, Jõgevamaa
Ronja;Sibul;30.05.1986;N;48605300773;Kunda, Lääne-Virumaa
Kristopher;Lepik;21.01.1988;M;38801211371;Abja-Paluoja, Viljandimaa
Tauno;Grigorieva;21.08.1975;M;37508215044;Haabneeme, Harjumaa
Sergey;Sibul;26.07.1993;M;39307268408;Lihula, Läänemaa
Timur;Kirss;28.11.2006;M;50611284957;Ahja, Põlvamaa
Liina;Rosenberg;26.06.2006;N;60606265687;Kaerepere, Raplamaa
Madis;Holm;20.12.1990;M;39012205475;Vaida, Harjumaa
Tauno;Ignatjev;27.11.1965;M;36511273895;Kolga, Harjumaa
Gleb;Friedman;28.07.1977;M;37707282040;Sõmerpalu, Võrumaa
Andro;Vinogradov;07.05.1978;M;37805078094;Kanepi, Põlvamaa
Kaire;Peterson;27.06.1972;N;47206277577;Hulja, Lääne-Virumaa
Rodion;Kuusik;04.09.1995;M;39509041418;Kostivere, Harjumaa
Christian;Poljakov;06.08.1965;M;36508065162;Häädemeeste, Pärnumaa
Karl Kristjan;Petrov;26.10.1973;M;37310267285;Paikuse, Pärnumaa
Aap;Silm;02.01.2000;M;50001020277;Kiiu, Harjumaa
Nils;Parts;26.10.1972;M;37210267642;Kamari, Jõgevamaa
Marti;Paju;25.04.1994;M;39404255769;Orissaare, Saaremaa
Johann;Gontšarov;07.12.1965;M;36512074207;Viimsi, Harjumaa
Mai-Liis;Männik;01.10.1995;N;49510010618;Narva, Ida-Virumaa
Raivo;Kink;03.02.1962;M;36202035112;Kolga-Jaani, Viljandimaa
Kender;Põldmaa;23.11.1982;M;38211233539;Avinurme, Ida-Virumaa
Laur;Gavrilov;25.09.1979;M;37909256120;Tabasalu, Harjumaa
Eliza;Lindgren;15.09.1970;N;47009155946;Rakvere, Lääne-Virumaa
Anna-Maria;Paap;22.09.1965;N;46509229179;Uhtna, Lääne-Virumaa
Cärol;Rohtla;17.12.1969;N;46912174475;Varstu, Võrumaa
Anette;Sirel;28.05.1969;N;46905284347;Luunja, Tartumaa
Kalle;Parts;29.05.1962;M;36205297293;Ulila, Tartumaa
Adelina;Kudrjavtsev;13.12.1978;N;47812136659;Jõgeva, Jõgevamaa
Ketter;Pruul;30.07.1964;N;46407308284;Orissaare, Saaremaa
Sanna;Lehiste;19.05.1973;N;47305198201;Käru, Raplamaa
Liana;Suur;14.03.1967;N;46703149260;Kunda, Lääne-Virumaa
Kerstin;Veski;22.06.2001;N;60106221871;Aegviidu, Harjumaa
Raigo;Friedman;05.06.2006;M;50606055706;Lähte, Tartumaa
Aivo;Suvi;04.10.2007;M;50710048879;Ramsi, Viljandimaa
Pjotr;Grigorieva;23.09.1964;M;36409239121;Harku, Harjumaa
Pavel;Urb;28.04.1985;M;38504287403;Kuusiku, Raplamaa
Aleksandr;Tõnisson;15.05.1975;M;37505159881;Õisu, Viljandimaa
Mirko;Lindgren;26.05.1963;M;36305265404;Turba, Harjumaa
Richard;Luht;18.05.1984;M;38405187513;Vändra, Pärnumaa
Gerttu;Eller;26.10.1997;N;49710269445;Tõrvandi, Tartumaa
Margo;Leppik;24.11.1971;M;37111243754;Helme, Valgamaa
Ken-Martin;Eller;12.06.2008;M;50806121383;Kehra, Harjumaa
Maikel;Kohv;10.05.2007;M;50705108945;Ilmatsalu, Tartumaa
Kristo;Maksimov;26.04.1973;M;37304263186;Kaerepere, Raplamaa
Eva Lotta;Lukin;01.07.1983;N;48307011560;Kaiu, Raplamaa
Kaupo;Mikelsaar;11.09.1973;M;37309116606;Mustla, Viljandimaa
Juliana;Kotkas;05.08.1994;N;49408052948;Kõpu, Viljandimaa
Tanel;Bogdanov;07.02.1996;M;39602075186;Järvakandi, Raplamaa
Michael;Kütt;21.07.2007;M;50707219247;Tori, Pärnumaa
Kerdo;Madisson;12.12.1979;M;37912127562;Kose, Harjumaa
Katri;Järve;27.08.1986;N;48608279138;Lagedi, Harjumaa
Karl Kevin;Salu;14.11.1961;M;36111141310;Rõuge, Võrumaa
Markko;Treial;08.12.1978;M;37812080715;Viru-Nigula, Lääne-Virumaa
Annemari;Pent;29.03.1984;N;48403294850;Kiviõli, Ida-Virumaa
Heigo;Lepik;26.03.1988;M;38803264106;Keila, Harjumaa
Lija;Sokolov;04.09.1968;N;46809041564;Roosna-Alliku, Järvamaa
Kaileen;Sobolev;31.12.1960;N;46012313289;Kaerepere, Raplamaa
Pille-Riin;Sulg;28.02.2007;N;60702284404;Narva-Jõesuu, Ida-Virumaa
Aimar;Baranov;08.05.2005;M;50505087300;Palivere, Läänemaa
Terje;Põldma;14.08.1980;N;48008140363;Jõgeva, Jõgevamaa
Dmitry;Hallik;04.02.1964;M;36402049715;Paide, Järvamaa
Marten;Soon;27.01.2002;M;50201276530;Kehra, Harjumaa
Taago;Reinsalu;08.01.1963;M;36301080673;Tõrva, Valgamaa
Rainer;Moroz;24.10.1999;M;39910241068;Siimusti, Jõgevamaa
Gleb;Oras;31.01.1964;M;36401312767;Kiviõli, Ida-Virumaa
Elizabet;Hansen;14.12.1966;N;46612149236;Värska, Põlvamaa
Hendrik;Juhkam;03.12.1992;M;39212036443;Käru, Raplamaa
Argo;Semenov;13.03.1977;M;37703139325;Keila-Joa, Harjumaa
Kirsti;Liiv;18.10.2001;N;60110184127;Keila-Joa, Harjumaa
Jaagup;Tomson;05.09.2001;M;50109050520;Ülenurme, Tartumaa
Helin;Pihlak;06.07.1986;N;48607064321;Voka, Ida-Virumaa
Dmitri;Tarassov;01.10.1992;M;39210018277;Mehikoorma, Tartumaa
Ardo;Allik;28.12.2000;M;50012282819;Lihula, Läänemaa
Kristjan;Orlov;10.01.2000;M;50001107459;Elva, Tartumaa
Aile;Renoir;01.04.1996;N;49604014034;Laekvere, Lääne-Virumaa
Melany;Mikelsaar;23.04.1980;N;48004238287;Kose-Uuemõisa, Harjumaa
Patricia;Koval;16.05.1970;N;47005169908;Järva-Jaani, Järvamaa
Lada;Laane;18.03.1982;N;48203189461;Adavere, Jõgevamaa
Alexey;Link;21.03.1974;M;37403213471;Aravete, Järvamaa
Adriana;Melnik;28.01.1981;N;48101281829;Kiisa, Harjumaa
Artem;Raja;13.05.1999;M;39905131366;Erra, Ida-Virumaa
Aare;Soots;07.06.1979;M;37906079182;Vinni, Lääne-Virumaa
Ketter;Õunapuu;16.11.1981;N;48111163210;Virtsu, Läänemaa
Eero;Kaljula;12.12.2005;M;50512128427;Kärla, Saaremaa
Margot;Liivamägi;02.05.2005;N;60505026272;Kõpu, Viljandimaa
Germo;Jürgens;09.09.1988;M;38809091986;Kõpu, Viljandimaa
Merilyn;Tuisk;13.10.1985;N;48510135315;Lagedi, Harjumaa
Ülari;Tomingas;18.12.1991;M;39112188817;Kadrina, Lääne-Virumaa
Ants;Klaas;29.12.2003;M;50312299465;Hulja, Lääne-Virumaa
Heleriin;Heinsalu;18.08.2003;N;60308180758;Käärdi, Tartumaa
Renet;Reimann;14.12.1961;M;36112143003;Käru, Raplamaa
Innar;Teearu;10.03.1973;M;37303106016;Võru, Võrumaa
Gerdi;Nõmme;11.11.2005;N;60511117875;Kunda, Lääne-Virumaa
Martha;Tuisk;09.01.1983;N;48301096931;Kehra, Harjumaa
Maarjo;Erik;03.10.1968;M;36810035969;Elva, Tartumaa
Andrea;Kirillov;03.11.2001;N;60111031829;Sõmeru, Lääne-Virumaa
Ilya;Michelson;09.07.1995;M;39507098917;Ambla, Järvamaa
Lisanne;Kissa;13.02.1995;N;49502135396;Kiviõli, Ida-Virumaa
Elise;Sepp;11.06.1960;N;46006113233;Narva, Ida-Virumaa
Ivar;Merisaar;23.04.1981;M;38104234945;Lepna, Lääne-Virumaa
Ragne;Loorits;31.07.2004;N;60407310295;Nasva, Saaremaa
Olari;Remmel;23.07.1997;M;39707238150;Kiltsi, Lääne-Virumaa
Betti;Raamat;13.11.1989;N;48911135106;Kiltsi, Lääne-Virumaa
Kairit;Koit;02.07.1988;N;48807024646;Kamari, Jõgevamaa
Mathias;Villemson;26.01.1979;M;37901268551;Puhja, Tartumaa
Mirjam;Mann;24.10.1981;N;48110247944;Vändra, Pärnumaa
Tuuli;Tammet;28.07.2002;N;60207285568;Hagudi, Raplamaa
Margus;Trofimov;29.08.2004;M;50408298834;Erra, Ida-Virumaa
Kalev;Liiva;20.11.1992;M;39211208192;Oisu, Järvamaa
Jaanis;Rebane;07.03.1972;M;37203076029;Rummu, Harjumaa
Iti;Jegorov;02.03.1984;N;48403029006;Jõgeva, Jõgevamaa
Patrick;Oks;28.09.1978;M;37809288577;Lohusuu, Ida-Virumaa
Eduard;Jürgens;30.11.1987;M;38711309145;Kose, Võrumaa
Rodion;Pent;11.06.1986;M;38606117761;Ahja, Põlvamaa
Aleksandra;Laur;01.10.1978;N;47810011072;Särevere, Järvamaa
Jegor;Kull;08.09.2001;M;50109081122;Iisaku, Ida-Virumaa
Gunnar;Maslov;19.03.1986;M;38603198817;Avinurme, Ida-Virumaa
Armo;Soosalu;17.04.1974;M;37404173164;Kuressaare, Saaremaa
Adriana;Fomin;03.06.1981;N;48106036761;Assaku, Harjumaa
Signe;Kuznetsov;02.03.1977;N;47703025933;Roosna-Alliku, Järvamaa
Tiit;Herodes;15.08.1994;M;39408150219;Roosna-Alliku, Järvamaa
Maria;Lapin;02.09.2006;N;60609026450;Palivere, Läänemaa
Katariina;Pettai;04.02.1961;N;46102040823;Riisipere, Harjumaa
Christina;Reimann;27.04.1997;N;49704273325;Tori, Pärnumaa
Maidu;Pent;06.12.1964;M;36412063138;Võiste, Pärnumaa
Reno;Nikiforov;04.11.1960;M;36011049728;Häädemeeste, Pärnumaa
Fredy;Egorov;20.05.1982;M;38205209674;Võõpsu, Põlvamaa
Krista;Nikolaev;06.09.1980;N;48009065702;Aegviidu, Harjumaa
Annela;Põder;23.02.1985;N;48502232844;Paikuse, Pärnumaa
Ester;Aun;21.03.1985;N;48503217065;Kehtna, Raplamaa
Ekaterina;Lindgren;13.03.2002;N;60203132256;Särevere, Järvamaa
Kadri;Karpov;24.08.2005;N;60508248160;Vinni, Lääne-Virumaa
Aleksei;Mäeots;05.01.1999;M;39901054090;Türi, Järvamaa
Matthias;Kivilo;02.05.1973;M;37305022689;Kolkja, Tartumaa
Miia;Vähi;19.12.1988;N;48812190328;Karksi-Nuia, Viljandimaa
Mait;Alekseev;28.11.1963;M;36311285279;Kiiu, Harjumaa
Lars;Afanasjev;21.06.1972;M;37206212415;Järva-Jaani, Järvamaa
Merilyn;Liiv;01.03.1974;N;47403013300;Sõmeru, Lääne-Virumaa
Annabel;Laanemets;11.05.1993;N;49305110795;Tudulinna, Ida-Virumaa
Karl-Erik;Põldma;02.07.1977;M;37707023263;Toila, Ida-Virumaa
Henri;Abel;28.09.1981;M;38109281537;Paikuse, Pärnumaa
Viktoria;Kink;08.12.1975;N;47512084494;Viiratsi, Viljandimaa
Reena;Kangro;19.04.2003;N;60304199567;Hageri, Raplamaa
Anna-Maria;Pukk;11.07.1965;N;46507110293;Puka, Valgamaa
Kätriin;Jürisson;06.03.1976;N;47603064905;Audru, Pärnumaa
Robi;Mölder;11.11.1991;M;39111110270;Kõpu, Viljandimaa
Kirke;Tuisk;12.10.1965;N;46510120014;Kuremaa, Jõgevamaa
Minna;Kolk;06.03.1982;N;48203065946;Ramsi, Viljandimaa
Kristiine;Mandel;05.03.1999;N;49903058024;Vinni, Lääne-Virumaa
Tiina;Pukk;04.08.1966;N;46608043435;Ämari, Harjumaa
Kris;Mihhailov;11.12.1967;M;36712114854;Haapsalu, Läänemaa
Liisu;Lumi;12.04.1978;N;47804129789;Sõmeru, Lääne-Virumaa
Juliana;Sibul;02.06.1990;N;49006020240;Mõisaküla, Viljandimaa
Maiken;Lepp;07.07.1984;N;48407079629;Saku, Harjumaa
Maiken;Soo;09.06.1969;N;46906092827;Sadala, Jõgevamaa
Mattis;Kurvits;13.12.1985;M;38512131014;Virtsu, Läänemaa
Rahel;Baskin;26.11.2004;N;60411260816;Õru, Valgamaa
Paul;Olesk;01.01.1979;M;37901015630;Võru, Võrumaa
Aarne;Karpova;10.07.1963;M;36307101768;Õisu, Viljandimaa
Christina;Frolov;19.06.1970;N;47006190427;Ilmatsalu, Tartumaa
Silvar;Kivimäe;27.01.1960;M;36001272738;Valjala, Saaremaa
Margareth;Ivask;20.04.1991;N;49104204938;Tõravere, Tartumaa
Kaidar;Kolesnik;27.08.1964;M;36408273806;Kuremaa, Jõgevamaa
Janete;Kazakov;23.04.1963;N;46304238302;Narva, Ida-Virumaa
Kenno;Kriisa;28.03.2002;M;50203289924;Kiiu, Harjumaa
Aliis;Kask;22.01.1993;N;49301229952;Tudu, Lääne-Virumaa
Artyom;Rein;01.03.1973;M;37303014766;Vastseliina, Võrumaa
Sigrid;Püvi;04.06.1988;N;48806043393;Kaiu, Raplamaa
Janika;Tali;09.01.1990;N;49001093538;Halliste, Viljandimaa
Matthias;Nikiforov;22.06.1984;M;38406220732;Helme, Valgamaa
Signe;Lauri;02.07.2003;N;60307021544;Tõrvandi, Tartumaa
Viola;Põdra;28.03.1976;N;47603286404;Ülenurme, Tartumaa
Luisa;Varik;22.11.2005;N;60511222657;Rakvere, Lääne-Virumaa
Maikel;Sikk;30.01.1984;M;38401302442;Kadrina, Lääne-Virumaa
Ivika;Juhkam;22.08.1980;N;48008221936;Kiili, Harjumaa
Siiri;Rein;21.08.2005;N;60508218591;Olgina, Ida-Virumaa
Kendra;Kulikov;22.11.2003;N;60311229381;Aste, Saaremaa
Elisabeth;Leis;03.09.1993;N;49309030138;Adavere, Jõgevamaa
Gerda;Abbt;11.02.1986;N;48602114483;Aegviidu, Harjumaa
Johanna;Peterson;04.02.1979;N;47902047047;Aravete, Järvamaa
Niina;Viik;14.11.1977;N;47711143078;Sadala, Jõgevamaa
Ingmar;Klimov;22.01.1977;M;37701229320;Kõpu, Viljandimaa
Keidi;Paal;18.07.1975;N;47507184080;Võhma, Viljandimaa
Maido;Lauri;21.06.2008;M;50806212090;Parksepa, Võrumaa
Nika;Käsper;29.06.1976;N;47606290264;Põltsamaa, Jõgevamaa
Kristiin;Johanson;16.01.1989;N;48901166426;Kallaste, Tartumaa
Hugo;Popov;14.06.1976;M;37606148784;Veriora, Põlvamaa
Margot;Nikiforov;30.01.1967;N;46701300217;Kaerepere, Raplamaa
Oscar;Jänes;18.02.1977;M;37702180622;Alu, Raplamaa
Anna-Liisa;Vaher;21.09.1988;N;48809214951;Õisu, Viljandimaa
Anna-Liis;Mäeots;10.04.1973;N;47304100234;Toila, Ida-Virumaa
Kerstin;Iljin;18.01.2000;N;60001186901;Kostivere, Harjumaa
Jelizaveta;Green;22.09.2004;N;60409225330;Paikuse, Pärnumaa
Merli;Laine;12.11.1983;N;48311125977;Järvakandi, Raplamaa
Stina;Tiits;13.05.2004;N;60405132608;Aseri, Ida-Virumaa
Sanna;Gerassimov;29.11.1995;N;49511298342;Kambja, Tartumaa
Olga;Laine;20.07.2001;N;60107205419;Kiiu, Harjumaa
Evita;Õun;22.09.1990;N;49009224109;Tartu, Tartumaa
Ellen;Säde;12.07.2002;N;60207124781;Puhja, Tartumaa
Oscar;Jermakov;22.10.1990;M;39010223052;Kõrveküla, Tartumaa
Holger;Lang;02.01.1979;M;37901029204;Tõrvandi, Tartumaa
Patricia;Kozlov;10.02.1974;N;47402107771;Kose, Võrumaa
Meril;Safronov;08.03.1963;N;46303081183;Tudulinna, Ida-Virumaa
Madli;Liivak;11.03.1995;N;49503111747;Järva-Jaani, Järvamaa
Ago;Hansen;17.03.1982;M;38203177685;Tori, Pärnumaa
Stiina;Komarov;31.12.1983;N;48312314215;Särevere, Järvamaa
Kamilla;Kurg;18.06.1983;N;48306180508;Järvakandi, Raplamaa
Helar;Lember;27.11.1972;M;37211278790;Pajusti, Lääne-Virumaa
Vlad;Kaljuste;03.09.1984;M;38409030125;Hummuli, Valgamaa
Regiina;Drozdov;24.01.1980;N;48001242615;Tõrvandi, Tartumaa
Kerti;Gross;05.05.2003;N;60305055710;Vastseliina, Võrumaa
Emili;Müür;03.02.1988;N;48802031459;Kõpu, Viljandimaa
Hannah;Moor;16.09.2007;N;60709167812;Kunda, Lääne-Virumaa
Jennifer;Solovjov;29.10.1966;N;46610294686;Laiuse, Jõgevamaa
Olga;Heinsalu;03.01.2000;N;60001033193;Valga, Valgamaa
Märten;Mäeots;28.11.1991;M;39111284316;Varnja, Tartumaa
Karl Markus;Väli;05.03.2006;M;50603054830;Puka, Valgamaa
Gerdi;Lehiste;04.01.1960;N;46001049360;Halliste, Viljandimaa
Keio;Vahtra;05.08.1988;M;38808054085;Näpi, Lääne-Virumaa
Nelli;Viira;30.07.1975;N;47507309367;Tsirguliina, Valgamaa
Lisette;Sikk;06.02.1966;N;46602068116;Põltsamaa, Jõgevamaa
Melissa;Aleksandrov;08.12.1967;N;46712082923;Sõmerpalu, Võrumaa
Jakov;Aus;18.03.2001;M;50103185457;Kärla, Saaremaa
Raivo;Piir;14.02.2001;M;50102148658;Mustvee, Jõgevamaa
Anett;Tilk;26.12.1966;N;46612263387;Sadala, Jõgevamaa
Kristel;Laanemets;01.09.1999;N;49909012969;Olustvere, Viljandimaa
Lilian;Kala;23.02.2003;N;60302231225;Kiisa, Harjumaa
Keili;Ruus;09.03.1964;N;46403092524;Kihelkonna, Saaremaa
Karl Erik;Žukov;15.09.1965;M;36509154329;Kobela, Võrumaa
Eeva;Valge;18.10.1969;N;46910180530;Vinni, Lääne-Virumaa
Eleonora;Iljin;02.03.1972;N;47203024599;Kunda, Lääne-Virumaa
Rainer;Sergejev;07.08.1976;M;37608075464;Riisipere, Harjumaa
Trevor;Saks;09.07.1961;M;36107098847;Kõrgessaare, Hiiumaa
Semjon;Fomin;11.01.1999;M;39901111634;Varstu, Võrumaa
Sofia;Belov;19.09.1970;N;47009196853;Haljala, Lääne-Virumaa
Julija;Susi;02.09.1994;N;49409020327;Võõpsu, Põlvamaa
Eerik;Fedotov;20.05.1975;M;37505209859;Laiuse, Jõgevamaa
Maili;Pärtel;21.05.1978;N;47805212020;Kallaste, Tartumaa
Taimar;Saul;13.03.1969;M;36903130361;Lehtse, Lääne-Virumaa
Elis;Kuus;26.09.1969;N;46909260420;Rummu, Harjumaa
Janis;Aavik;10.05.1964;M;36405105350;Sonda, Ida-Virumaa
Raigo;Zujev;09.10.1969;M;36910099483;Hageri, Raplamaa
Nelli;Jarvis;26.08.1993;N;49308264298;Harku, Harjumaa
Signe;Tilk;22.07.1987;N;48707229546;Haapsalu, Läänemaa
Sarah;Raid;24.12.2002;N;60212248710;Kolga-Jaani, Viljandimaa
Elo;Semenov;03.11.1970;N;47011037631;Kohtla-Nõmme, Ida-Virumaa
Regiina;Unt;10.11.1994;N;49411104713;Olustvere, Viljandimaa
Raul;Piirsalu;26.11.1988;M;38811264850;Võnnu, Tartumaa
Sander;Laks;26.04.2001;M;50104265270;Õisu, Viljandimaa
Liisbet;Moroz;07.08.2007;N;60708074228;Turba, Harjumaa
Lev;Kalinin;16.10.1963;M;36310167405;Tootsi, Pärnumaa
Danila;Aleksandrov;27.11.1989;M;38911274565;Valga, Valgamaa
Birgit;Pihelgas;02.04.1987;N;48704023738;Rannu, Tartumaa
Vallo;Schmidt;24.11.1970;M;37011241575;Lavassaare, Pärnumaa
Janely;Uustalu;16.11.1994;N;49411160455;Kehra, Harjumaa
Sophia;Žukov;23.04.2002;N;60204235523;Sõmeru, Lääne-Virumaa
Maire;Kapp;09.09.1967;N;46709097436;Viimsi, Harjumaa
Agris;Liblik;01.01.1973;M;37301013077;Tamsalu, Lääne-Virumaa
Keili;Liiva;16.02.1980;N;48002166571;Rakvere, Lääne-Virumaa
Kaili;Fomin;07.04.1998;N;49804070281;Võhma, Viljandimaa
Elizaveta;Lunin;06.03.1993;N;49303068807;Tõstamaa, Pärnumaa
Valdo;Kuusk;02.09.1997;M;39709029514;Haabneeme, Harjumaa
Paula;Heinsoo;14.01.1990;N;49001147093;Käravete, Järvamaa
Mirko;Matvejev;15.06.1969;M;36906151743;Tabivere, Jõgevamaa
Kaisa;Ilves;15.08.1966;N;46608156935;Rapla, Raplamaa
Viktoriya;Abramov;23.12.1965;N;46512237395;Lohusuu, Ida-Virumaa
Imre;Anissimov;03.03.1993;M;39303036417;Kolga-Jaani, Viljandimaa
Rebeca;Raamat;29.09.1961;N;46109299682;Elva, Tartumaa
Elina;Baskin;08.04.1989;N;48904088634;Mustla, Viljandimaa
Helle;Tuul;12.10.2004;N;60410123254;Sinimäe, Ida-Virumaa
Angela;Kruglov;15.12.2006;N;60612157909;Kaerepere, Raplamaa
Ardo;Tammik;29.03.1992;M;39203295611;Kõpu, Viljandimaa
Sirli;Kaur;04.02.1990;N;49002048649;Käina, Hiiumaa
Stiven;Trofimov;05.01.1982;M;38201059063;Jõgeva, Jõgevamaa
Raido;Kiil;08.09.1964;M;36409084598;Rummu, Harjumaa
Eliza;Bondarenko;16.10.1987;N;48710165974;Aste, Saaremaa
Pavel;Safronov;12.01.2004;M;50401121573;Roosna-Alliku, Järvamaa
Silvia;Allik;31.07.1986;N;48607314951;Märjamaa, Raplamaa
Sofia;Antonov;28.05.1993;N;49305283503;Lüganuse, Ida-Virumaa
Kamilla;Tõnisson;29.03.1995;N;49503299438;Lähte, Tartumaa
Margit;Kaljula;29.05.1983;N;48305291555;Sillamäe, Ida-Virumaa
Lii;Sokolov;24.02.1960;N;46002248314;Prillimäe, Raplamaa
Nils;Kiisk;04.01.1996;M;39601042840;Mooste, Põlvamaa
Annika;Lipp;09.09.1991;N;49109095314;Pärnu-Jaagupi, Pärnumaa
Minna;Kuuse;29.03.1980;N;48003293955;Äksi, Tartumaa
Villu;Paju;29.12.1995;M;39512294509;Are, Pärnumaa
Tuuli;Kaur;23.07.1989;N;48907234124;Peetri, Järvamaa
Merle;Kangro;05.08.1985;N;48508050467;Türi, Järvamaa
Rostislav;Taal;27.02.1983;M;38302278914;Roela, Lääne-Virumaa
Anne-Liis;Kalm;13.11.2005;N;60511130422;Mooste, Põlvamaa
Revo;Kokk;04.04.1986;M;38604040549;Palivere, Läänemaa
Kerttu;Valk;26.03.1969;N;46903261312;Nasva, Saaremaa
Hans-Kristjan;Sirel;01.04.2000;M;50004010684;Aegviidu, Harjumaa
Arseni;Liivamägi;18.06.1982;M;38206180787;Kõpu, Viljandimaa
Svetlana;Nõmme;06.01.1963;N;46301068143;Sääse, Lääne-Virumaa
Alesja;Remmel;26.05.1965;N;46505268579;Tõravere, Tartumaa
Kelly;Matvejev;30.03.1978;N;47803309663;Adavere, Jõgevamaa
Marily;Kulikov;01.08.1980;N;48008013424;Kobela, Võrumaa
Jaan;Viira;16.05.2006;M;50605166699;Lüganuse, Ida-Virumaa
Artem;Borissov;07.12.2006;M;50612076944;Uhtna, Lääne-Virumaa
Moonika;Vaher;01.10.1963;N;46310019200;Tamsalu, Lääne-Virumaa
Marianne;Teearu;09.10.2001;N;60110091329;Sonda, Ida-Virumaa
Elina;Järve;26.04.1964;N;46404263758;Järva-Jaani, Järvamaa
Erki;Naumov;20.03.1988;M;38803203861;Kihelkonna, Saaremaa
Elsa;Orlov;13.03.2004;N;60403138787;Viru-Nigula, Lääne-Virumaa
Kaia;Kaasik;13.05.1994;N;49405133897;Rummu, Harjumaa
Lisbeth;Vahter;07.09.1970;N;47009072617;Türi, Järvamaa
Markko;Makarov;26.11.1962;M;36211261974;Uuemõisa, Läänemaa
Sulev;Koit;20.12.1969;M;36912201189;Jõgeva, Jõgevamaa
Rebekka;Põllu;06.10.1973;N;47310060326;Lihula, Läänemaa
Inge;Palu;24.03.1970;N;47003242121;Suure-Jaani, Viljandimaa
Aleksandra;Müürsepp;05.09.1968;N;46809052201;Narva, Ida-Virumaa
Joel;Suvorov;20.08.2004;M;50408203952;Kiltsi, Lääne-Virumaa
Kaia;Mägi;28.08.1962;N;46208281821;Mustla, Viljandimaa
Katrin;Ševtšenko;26.07.2006;N;60607266121;Aravete, Järvamaa
Armin;Kink;30.07.1972;M;37207303379;Viimsi, Harjumaa
Ken-Martin;Bogdanov;09.04.1978;M;37804097862;Nõo, Tartumaa
Sirle;Kikkas;17.06.2006;N;60606178385;Kunda, Lääne-Virumaa
Ilja;Peterson;21.05.1969;M;36905212300;Ahja, Põlvamaa
Katri;Nazarov;23.09.1979;N;47909233751;Risti, Läänemaa
Marit;Nõmme;25.04.1989;N;48904251516;Aseri, Ida-Virumaa
Jarmo;Järve;01.08.1963;M;36308012519;Tabivere, Jõgevamaa
Mirelle;Filippov;23.03.1984;N;48403230231;Lähte, Tartumaa
Alla;Fjodorov;26.01.2002;N;60201268124;Haljala, Lääne-Virumaa
Artur;Miller;03.11.1982;M;38211031214;Roiu, Tartumaa
Angelina;Romanov;10.07.1975;N;47507107987;Põltsamaa, Jõgevamaa
Daniil;Uustalu;10.10.1983;M;38310101779;Kanepi, Põlvamaa
Meribel;Merila;02.10.2005;N;60510025163;Häädemeeste, Pärnumaa
Gabriela;Lillemets;29.01.1984;N;48401297868;Are, Pärnumaa
Emilia;Fedorov;26.12.1985;N;48512261649;Pärnu-Jaagupi, Pärnumaa
Yana;Koitla;02.11.1977;N;47711026919;Alu, Raplamaa
Lisett;Gerassimov;04.04.1971;N;47104046791;Kohtla-Järve, Ida-Virumaa
Maarja-Liisa;Kirillov;22.07.1986;N;48607226256;Iisaku, Ida-Virumaa
Ivika;Tõnisson;06.06.1961;N;46106061302;Olgina, Ida-Virumaa
Agnessa;Veski;04.10.1966;N;46610045919;Viru-Nigula, Lääne-Virumaa
Magnar;Pärtel;19.07.1998;M;39807190203;Narva, Ida-Virumaa
Lauri;Rüütel;15.12.1969;M;36912153945;Rummu, Harjumaa
Saamuel;Link;19.05.1967;M;36705192077;Õisu, Viljandimaa
Daniil;Mänd;02.01.2006;M;50601028751;Iisaku, Ida-Virumaa
Eva;Malõšev;10.04.1962;N;46204104859;Risti, Läänemaa
Cristofer;Must;03.12.1997;M;39712036925;Tapa, Lääne-Virumaa
Hans-Kristjan;Aleksandrov;27.11.1995;M;39511275475;Palamuse, Jõgevamaa
Mike;Lember;07.12.1963;M;36312076061;Avinurme, Ida-Virumaa
Aare;Saul;30.09.2008;M;50809304195;Lohusuu, Ida-Virumaa
Oksana;Kuningas;17.04.1989;N;48904179910;Mooste, Põlvamaa
Serafima;Jalakas;16.06.1966;N;46606161805;Voka, Ida-Virumaa
Kärolin;Ruus;27.03.2007;N;60703272713;Sadala, Jõgevamaa
Jevgenia;Järvekülg;07.10.1984;N;48410075599;Vändra, Pärnumaa
Miikael;Vahter;09.11.1961;M;36111096646;Lagedi, Harjumaa
Ahti;Viik;02.01.1987;M;38701025448;Kudjape, Saaremaa
Meelika;Nõmmik;06.11.1997;N;49711066545;Kureküla, Tartumaa
Marion;Pärnpuu;08.11.2006;N;60611083203;Olustvere, Viljandimaa
Vladislav;Trei;30.05.1986;M;38605305193;Kangru, Harjumaa
Karl Gustav;Solovjov;25.12.1975;M;37512257586;Rakvere, Lääne-Virumaa
Denis;Saks;29.03.2008;M;50803294505;Võnnu, Tartumaa
Airika;Abbt;17.03.1964;N;46403174718;Palamuse, Jõgevamaa
Maiken;Koger;08.06.1990;N;49006083813;Kose, Harjumaa
Kai;Mironov;27.08.1999;N;49908273267;Viimsi, Harjumaa
Samanta;Timofejev;24.03.2006;N;60603242126;Mooste, Põlvamaa
Jarko;Kiisk;24.09.1985;M;38509245699;Väätsa, Järvamaa
Kelvin;Tiik;10.08.1975;M;37508102392;Kadrina, Lääne-Virumaa
Kaja;Käärik;20.09.2007;N;60709204603;Kobela, Võrumaa
Rico;Grigorieva;20.02.1983;M;38302206130;Kolga-Jaani, Viljandimaa
Epp;Tamberg;07.12.2004;N;60412075984;Haabneeme, Harjumaa
Kasper;Kirs;14.09.1992;M;39209148908;Erra, Ida-Virumaa
Ege;Paju;25.12.2000;N;60012253385;Viru-Jaagupi, Lääne-Virumaa
Karl-Eerik;Sild;02.11.1993;M;39311023839;Kureküla, Tartumaa
Henrik;Konovalov;24.11.1966;M;36611246404;Aruküla, Harjumaa
Eva Maria;Soosalu;26.04.1988;N;48804266684;Tõstamaa, Pärnumaa
Angela;Põder;29.10.1994;N;49410298426;Jõgeva, Jõgevamaa
Yana;Muru;05.08.1992;N;49208058109;Luige, Harjumaa
Rainar;Õun;02.08.1970;M;37008028575;Võnnu, Tartumaa
Eva;Erik;03.03.1979;N;47903035205;Valga, Valgamaa
Keiti;Loginov;30.12.1992;N;49212304572;Kõrveküla, Tartumaa
Andry;Miller;06.01.1986;M;38601066637;Häädemeeste, Pärnumaa
Erle;Kangur;04.10.1996;N;49610044462;Assaku, Harjumaa
Nicole;Kodres;01.10.1978;N;47810018043;Kilingi-Nõmme, Pärnumaa
Aaron;Kroon;26.05.1993;M;39305265353;Võsu, Lääne-Virumaa
Alvar;Aas;01.05.2003;M;50305010520;Orissaare, Saaremaa
Karl-Hendrik;Raud;23.09.1996;M;39609238728;Roiu, Tartumaa
Taimar;Raudsepp;04.03.1980;M;38003040892;Narva-Jõesuu, Ida-Virumaa
Carl;Kala;30.05.1988;M;38805302643;Tihemetsa, Pärnumaa
Viktoriya;Põldma;28.07.1967;N;46707280490;Kadrina, Lääne-Virumaa
Kalle;Kolberg;09.04.2006;M;50604092448;Alatskivi, Tartumaa
Elen;Muru;25.11.1984;N;48411254030;Antsla, Võrumaa
Svjatoslav;Sikorski;01.08.1980;M;38008010082;Tõstamaa, Pärnumaa
Asko;Tuulik;29.12.1984;M;38412291534;Paralepa, Läänemaa
Eret;Soots;03.02.1965;N;46502035968;Tihemetsa, Pärnumaa
Jarno;Pärtel;09.02.1961;M;36102095771;Eidapere, Raplamaa
Simone;Roots;13.05.1962;N;46205138450;Antsla, Võrumaa
Andrus;Lomp;10.06.1993;M;39306101067;Sinimäe, Ida-Virumaa
Viljar;Karpova;10.01.1986;M;38601107570;Vändra, Pärnumaa
Edvard;Uibo;09.08.1962;M;36208095434;Põlva, Põlvamaa
Mariel;Hõbe;22.10.1979;N;47910227878;Vinni, Lääne-Virumaa
Liina;Mikelsaar;01.10.1978;N;47810013163;Avinurme, Ida-Virumaa
Arno;Kondratjev;22.04.1977;M;37704224484;Aegviidu, Harjumaa
Tatjana;Saar;15.09.1960;N;46009159339;Kasepää, Tartumaa
Elvis;Põldma;05.11.1965;M;36511058704;Võru, Võrumaa
Taavo;Martinson;29.12.1986;M;38612299489;Ämari, Harjumaa
Marco;Luik;25.06.2000;M;50006258127;Olgina, Ida-Virumaa
Karl Erik;Mäeots;19.08.1988;M;38808191810;Kuusalu, Harjumaa
Rünno;Kasemets;17.10.1966;M;36610171651;Järva-Jaani, Järvamaa
Devid;Popov;01.12.1980;M;38012017250;Kiiu, Harjumaa
Luisa;Rosenberg;12.09.1972;N;47209126989;Ämari, Harjumaa
Elar;Saare;16.08.2007;M;50708169792;Aruküla, Harjumaa
Vlad;Hansen;31.08.2001;M;50108318439;Lavassaare, Pärnumaa
Jekaterina;Krõlov;24.08.1963;N;46308248386;Leisi, Saaremaa
Jaan;Jaanson;05.06.1999;M;39906056614;Viimsi, Harjumaa
Helerin;Lunin;16.09.2000;N;60009166064;Voka, Ida-Virumaa
Kaur;Piir;07.12.1981;M;38112072249;Kambja, Tartumaa
Victoria;Mändla;11.02.1976;N;47602114311;Türi, Järvamaa
Arno;Pent;22.12.1995;M;39512224580;Ravila, Harjumaa
Susanna;Jeršov;05.06.1991;N;49106054280;Tudulinna, Ida-Virumaa
Kirsti;Ploom;10.09.1988;N;48809100656;Karjaküla, Harjumaa
Mathias;Holm;26.06.1983;M;38306260520;Kuremaa, Jõgevamaa
Leana;Õun;09.07.1989;N;48907090215;Kostivere, Harjumaa
Madli;Tiik;14.10.1998;N;49810142910;Mustla, Viljandimaa
Michael;Raja;30.06.1965;M;36506300019;Ulila, Tartumaa
Oskar;Makarov;22.05.1977;M;37705221455;Kuressaare, Saaremaa
Gabriel;Tomingas;03.03.1970;M;37003030853;Kehra, Harjumaa
August;Kuuse;15.11.1973;M;37311159874;Lohusuu, Ida-Virumaa
Artyom;Vähi;15.10.1968;M;36810156152;Häädemeeste, Pärnumaa
Artemi;Taal;11.09.1980;M;38009116657;Kehra, Harjumaa
Kristina;Jakovlev;22.04.1961;N;46104223629;Kaerepere, Raplamaa
Andrus;Reinke;17.04.1965;M;36504171396;Roosna-Alliku, Järvamaa
Annette;Mändla;15.10.1991;N;49110156350;Peetri, Järvamaa
Filipp;Kaljurand;10.01.1989;M;38901102433;Voka, Ida-Virumaa
Ester;Maripuu;29.01.1968;N;46801291681;Kunda, Lääne-Virumaa
Jürgen;Klaas;05.08.1998;M;39808050939;Simuna, Lääne-Virumaa
Kerti;Madisson;13.09.1989;N;48909132918;Ambla, Järvamaa
Ken;Sokk;22.06.1978;M;37806227032;Tsirguliina, Valgamaa
Meril;Varik;26.05.2007;N;60705268098;Ahja, Põlvamaa
Anna Liisa;Lepp;11.11.1996;N;49611113156;Lihula, Läänemaa
Karola;Kiik;30.04.1972;N;47204302323;Lagedi, Harjumaa
Mikk;Markus;24.08.1989;M;38908246080;Oisu, Järvamaa
Olesja;Belov;26.03.1995;N;49503264338;Viru-Nigula, Lääne-Virumaa
Hans Erik;Rand;15.03.1966;M;36603155558;Tõstamaa, Pärnumaa
Carlos;Oras;11.02.1964;M;36402114630;Viiratsi, Viljandimaa
Katja;Karpova;11.11.2007;N;60711113271;Kuusalu, Harjumaa
Valeriya;Gontšarov;22.04.1976;N;47604222447;Avinurme, Ida-Virumaa
Liivi;Alas;01.08.2004;N;60408012665;Abja-Paluoja, Viljandimaa
Valerija;Sidorov;08.06.1973;N;47306085220;Aste, Saaremaa
Sabrina;Reinsalu;23.06.1969;N;46906233785;Lihula, Läänemaa
Marvin;Koppel;24.09.1994;M;39409243257;Mustvee, Jõgevamaa
Nele-Liis;Zahharov;27.01.1983;N;48301271900;Lähte, Tartumaa
Kerttu;Raidma;27.05.2007;N;60705270708;Kolga-Jaani, Viljandimaa
Keitlin;Allik;03.09.1968;N;46809037924;Sinimäe, Ida-Virumaa
Rasmus;Tihhomirov;03.12.1987;M;38712036212;Väimela, Võrumaa
Liia;Gerassimov;14.10.1971;N;47110148107;Märja, Tartumaa
Lisbeth;Lehiste;15.10.1974;N;47410159195;Valga, Valgamaa
Margo;Kuznetsov;07.01.1985;M;38501077700;Vastseliina, Võrumaa
Vanessa;Kuznetsov;17.10.1972;N;47210172401;Puhja, Tartumaa
Erkki;Vinogradov;27.08.1971;M;37108276792;Nõo, Tartumaa
Jelena;Titov;13.09.1999;N;49909135955;Toila, Ida-Virumaa
Kärolin;Lätt;31.01.1991;N;49101315801;Raasiku, Harjumaa
Marianne;Lill;27.05.1985;N;48505271026;Kehra, Harjumaa
Piret;Filippov;10.07.1977;N;47707101823;Türi, Järvamaa
Brandon;Käärik;03.06.1985;M;38506034318;Lüganuse, Ida-Virumaa
Peep;Trei;19.10.1988;M;38810195989;Väimela, Võrumaa
Raner;Vahter;19.10.1990;M;39010196193;Lepna, Lääne-Virumaa
Rainis;Raag;01.01.1987;M;38701014115;Kureküla, Tartumaa
Oleg;Baskin;12.06.1980;M;38006128212;Saue, Harjumaa
Kristo;Belov;19.09.1976;M;37609197308;Sauga, Pärnumaa
Lev;Lunin;24.08.1964;M;36408241701;Ämari, Harjumaa
Kristiina;Pettai;14.05.1965;N;46505144487;Mäetaguse, Ida-Virumaa
Maikel;Medvedev;13.01.1967;M;36701136677;Häädemeeste, Pärnumaa
Stanislav;Abramov;25.02.1997;M;39702256560;Võsu, Lääne-Virumaa
Kristiina;Gerassimov;22.01.1997;N;49701227210;Harku, Harjumaa
Eliis;Raidma;01.08.1973;N;47308013934;Tõravere, Tartumaa
Aljona;Abel;29.09.1969;N;46909296189;Võru, Võrumaa
Carmel;Konovalov;28.08.1982;N;48208288390;Mäetaguse, Ida-Virumaa
Mathias;Leppik;14.09.1966;M;36609140692;Halliste, Viljandimaa
Artemi;Lind;01.12.1977;M;37712012566;Kudjape, Saaremaa
Gabriel;Toomsalu;28.03.2007;M;50703287310;Kose, Võrumaa
Kätrin;Vahtra;14.06.2001;N;60106147047;Vastse-Kuuste, Põlvamaa
Sofija;Raud;31.03.2008;N;60803317533;Sauga, Pärnumaa
Airiin;Varik;19.11.1998;N;49811197064;Õisu, Viljandimaa
Dmitri;Saul;20.11.1974;M;37411202181;Assaku, Harjumaa
Signe;Borissov;20.02.1989;N;48902204191;Tamsalu, Lääne-Virumaa
Mari;Fjodorov;28.12.1969;N;46912286642;Sadala, Jõgevamaa
Johan;Visnapuu;16.09.2001;M;50109161849;Loksa, Harjumaa
Margot;Kuus;31.03.1999;N;49903315655;Mäetaguse, Ida-Virumaa
Eret;Klimov;31.12.2000;N;60012319477;Voka, Ida-Virumaa
Helerin;Mikelsaar;08.01.1974;N;47401083305;Alatskivi, Tartumaa
Anatoli;Kodres;06.07.1984;M;38407065606;Viru-Nigula, Lääne-Virumaa
Maili;Laine;17.11.2006;N;60611173606;Lehtse, Lääne-Virumaa
Karol;Kärner;19.03.2001;M;50103192614;Ahja, Põlvamaa
Marelle;Tamberg;26.07.1970;N;47007269778;Kärla, Saaremaa
Helari;Teras;03.12.2008;M;50812031248;Eidapere, Raplamaa
Miko;Lomp;29.10.2008;M;50810294313;Värska, Põlvamaa
Merje;Jalakas;15.10.1984;N;48410153746;Kolga-Jaani, Viljandimaa
Kristen;Laane;05.12.2002;M;50212053028;Järvakandi, Raplamaa
Marta;Meister;24.10.1986;N;48610243876;Narva-Jõesuu, Ida-Virumaa
Marcus;Kelder;02.11.1978;M;37811023186;Kanepi, Põlvamaa
Alexey;Lukin;07.02.2003;M;50302071935;Kaerepere, Raplamaa
Jan Markus;Fomin;26.07.1985;M;38507268124;Palamuse, Jõgevamaa
Avely;Piirsalu;21.04.2004;N;60404210915;Tudulinna, Ida-Virumaa
Amina;Kont;30.07.2003;N;60307300492;Sadala, Jõgevamaa
Kregor;Põldma;06.12.1969;M;36912069256;Kallaste, Tartumaa
Eva-Maria;Sarv;14.08.1990;N;49008149929;Kunda, Lääne-Virumaa
Ele;Kuningas;21.04.1980;N;48004219715;Sillamäe, Ida-Virumaa
Gerli;Reimann;15.08.1963;N;46308157187;Kose, Harjumaa
Vladimir;Melnik;09.01.1965;M;36501090965;Kose, Harjumaa
Kristofer;Solovjov;24.04.1977;M;37704240741;Lohusuu, Ida-Virumaa
Silver;Powell;21.03.1987;M;38703217341;Räpina, Põlvamaa
Lily;Tõnisson;06.04.1974;N;47404066313;Hulja, Lääne-Virumaa
Miko;Kruus;30.08.1971;M;37108302823;Kiisa, Harjumaa
Jan-Erik;Markus;07.09.1974;M;37409073478;Veriora, Põlvamaa
Carmen;Loginov;31.07.1999;N;49907316377;Are, Pärnumaa
Sirli;Kilk;04.12.1999;N;49912044624;Puhja, Tartumaa
Meeri;Raamat;08.02.1963;N;46302080670;Aseri, Ida-Virumaa
Reili;Vill;20.05.2002;N;60205204392;Lihula, Läänemaa
Marilyn;Toome;21.11.1981;N;48111211086;Puka, Valgamaa
Richard;Meister;12.07.1976;M;37607125480;Viru-Nigula, Lääne-Virumaa
Nora;Koit;10.03.1972;N;47203107505;Lelle, Raplamaa
Feliks;Kallas;30.07.1966;M;36607301814;Tõrva, Valgamaa
Emilia;Zujev;01.04.1973;N;47304012489;Keava, Raplamaa
Nadezda;Muru;08.02.2002;N;60202082916;Varnja, Tartumaa
Koit;Tamme;23.09.1978;M;37809230607;Palivere, Läänemaa
Valter;Pent;27.10.1975;M;37510278695;Äksi, Tartumaa
Mathias;Õunapuu;08.12.1967;M;36712087610;Käru, Raplamaa
Kaimo;Kiil;08.06.1975;M;37506085905;Iisaku, Ida-Virumaa
Cristina;Kass;17.07.1982;N;48207179712;Viiratsi, Viljandimaa
Ago;Koval;13.01.1991;M;39101131460;Kudjape, Saaremaa
Rauno;Käsper;05.01.1982;M;38201058947;Mäetaguse, Ida-Virumaa
Maido;Ader;28.07.1980;M;38007286813;Ahja, Põlvamaa
Boris;Randmaa;29.04.1995;M;39504294639;Tammiku, Ida-Virumaa
Dana;Toots;10.03.1975;N;47503109980;Vasalemma, Harjumaa
Uljana;Koitla;03.04.1983;N;48304035456;Kehra, Harjumaa
Valeria;Põldma;09.12.1963;N;46312094251;Sääse, Lääne-Virumaa
Peep;Reimann;02.12.2007;M;50712024191;Valjala, Saaremaa
Aigar;Paal;21.03.2004;M;50403210903;Tapa, Lääne-Virumaa
Lisete;Lumi;23.03.1992;N;49203233294;Puurmani, Jõgevamaa
Karl-Markus;Kalamees;22.12.1964;M;36412220370;Äksi, Tartumaa
Alla;Sööt;02.02.1994;N;49402021797;Kangru, Harjumaa
Ruth;Oja;29.05.2003;N;60305297083;Tihemetsa, Pärnumaa
Katriin;Vares;14.02.1977;N;47702149282;Haabneeme, Harjumaa
Anna Maria;Pukk;26.12.1986;N;48612265155;Viljandi, Viljandimaa
Stiina;Viik;12.03.2008;N;60803128311;Pajusti, Lääne-Virumaa
Christer;Järvekülg;09.06.1965;M;36506093556;Laatre, Valgamaa
Aivo;Unt;25.05.2001;M;50105251344;Paldiski, Harjumaa
Stepan;Matvejev;06.09.1982;M;38209063361;Võsu, Lääne-Virumaa
Eliise;Jefimov;01.09.1985;N;48509011016;Värska, Põlvamaa
Veronika;Pettai;13.01.1972;N;47201133754;Olustvere, Viljandimaa
Eleri;Põldmaa;17.02.2008;N;60802175352;Viljandi, Viljandimaa
Raner;Kütt;25.08.1994;M;39408257293;Rõngu, Tartumaa
Yury;Parts;19.03.1993;M;39303192545;Keava, Raplamaa
Kender;Jakovlev;08.05.1994;M;39405087463;Haapsalu, Läänemaa
Mait;Maslov;11.12.1999;M;39912115457;Lihula, Läänemaa
Denis;Safronov;19.03.1968;M;36803194619;Väimela, Võrumaa
Villu;Iljin;01.01.1988;M;38801016115;Assaku, Harjumaa
Karola;Sander;10.08.1999;N;49908105125;Valjala, Saaremaa
Johanna Maria;Järve;08.10.1990;N;49010085574;Mõisaküla, Viljandimaa
Argo;Maasik;20.08.2001;M;50108209196;Kuressaare, Saaremaa
Lija;Männiste;23.03.1979;N;47903234900;Olustvere, Viljandimaa
Siim;Klein;18.04.1990;M;39004187347;Kamari, Jõgevamaa
Jaanika;Luht;03.12.1997;N;49712037119;Kanepi, Põlvamaa
Geir;Fedotov;02.01.1984;M;38401025007;Tabivere, Jõgevamaa
Marge;Õun;18.03.2006;N;60603181250;Kohtla-Nõmme, Ida-Virumaa
Sergei;Medvedev;20.02.2000;M;50002204470;Mäetaguse, Ida-Virumaa
Virgo;Bell;08.03.1974;M;37403087220;Loksa, Harjumaa
Villu;Koitla;19.09.1987;M;38709192559;Haljala, Lääne-Virumaa
Tamara;Pent;23.03.1964;N;46403233614;Tudu, Lääne-Virumaa
Artem;Urb;04.07.1965;M;36507042127;Põltsamaa, Jõgevamaa
Stenver;Kotov;22.11.1979;M;37911225606;Paralepa, Läänemaa
Alesja;Fedotov;11.06.2002;N;60206115413;Paide, Järvamaa
Raivo;Kasak;04.02.1971;M;37102049760;Avinurme, Ida-Virumaa
Mariana;Kilk;27.12.1999;N;49912279815;Sõmerpalu, Võrumaa
Voldemar;Kirsipuu;26.04.1976;M;37604269422;Kiiu, Harjumaa
Karmo;Kruus;13.05.1999;M;39905134546;Kadrina, Lääne-Virumaa
Ilona;Kolberg;18.09.2000;N;60009188035;Hagudi, Raplamaa
Fjodor;Põllu;02.03.2007;M;50703020983;Aegviidu, Harjumaa
Mark;Kikkas;24.02.1978;M;37802243410;Narva, Ida-Virumaa
Ronan;Sutt;02.05.1978;M;37805024434;Erra, Ida-Virumaa
Inna;Moor;17.03.2001;N;60103178226;Alu, Raplamaa
Elsa;Kivi;18.05.2001;N;60105181736;Kureküla, Tartumaa
Dariya;Nazarov;01.12.1983;N;48312010025;Väike-Maarja, Lääne-Virumaa
Arkadi;Renoir;14.08.1971;M;37108143479;Voka, Ida-Virumaa
Kender;Žukov;22.06.1961;M;36106224434;Vaida, Harjumaa
Samuel;Kukk;14.06.1965;M;36506144087;Kiisa, Harjumaa
Gunnar;Kissa;28.04.1963;M;36304289003;Keila, Harjumaa
Joosep;Lindgren;05.05.2006;M;50605056702;Are, Pärnumaa
Maribel;Ossipov;18.07.1974;N;47407189261;Oisu, Järvamaa
Alla;Kool;30.11.1991;N;49111304682;Virtsu, Läänemaa
Vsevolod;Fomin;13.11.2002;M;50211131301;Koeru, Järvamaa
Keit;Konovalov;27.04.1993;M;39304277824;Sangaste, Valgamaa
Janar;Kruglov;12.05.1999;M;39905121827;Helme, Valgamaa
Kätriin;Lapin;26.12.1971;N;47112263430;Uhtna, Lääne-Virumaa
Arnold;Lehiste;20.03.2000;M;50003202762;Väimela, Võrumaa
Kati;Sillaots;26.03.1963;N;46303269592;Mooste, Põlvamaa
Kristen;Arro;21.07.1968;M;36807218294;Aruküla, Harjumaa
Sille;Ossipov;06.02.1981;N;48102065541;Turba, Harjumaa
Elena;Karro;12.08.1974;N;47408120067;Võõpsu, Põlvamaa
Veera;Aleksandrov;21.01.1963;N;46301219547;Järva-Jaani, Järvamaa
Renet;Lotman;16.01.1965;M;36501164571;Aseri, Ida-Virumaa
Marta;Lipp;08.12.2004;N;60412083147;Kehra, Harjumaa
Darina;Põldma;02.04.1964;N;46404023453;Vaida, Harjumaa
Avely;Luts;07.09.1986;N;48609072560;Tabivere, Jõgevamaa
Marleen;Paal;22.02.1978;N;47802226109;Misso, Võrumaa
Alla;Grigorieva;13.04.1965;N;46504136253;Kiisa, Harjumaa
Cristopher;Holm;21.03.1987;M;38703216998;Aruküla, Harjumaa
Kerttu;Konovalov;31.05.2007;N;60705317150;Tõrvandi, Tartumaa
Ketly;Rüütel;03.04.1988;N;48804038179;Rummu, Harjumaa
Raigo;Lehtla;19.04.1960;M;36004191738;Keila, Harjumaa
Renata;Loginov;30.08.2003;N;60308301005;Hagudi, Raplamaa
Krete;Suits;12.12.1981;N;48112123073;Parksepa, Võrumaa
Olari;Simm;15.04.1969;M;36904152613;Koeru, Järvamaa
Merike;Tomson;07.12.1995;N;49512074781;Võiste, Pärnumaa
Kelly;Müür;04.11.2001;N;60111043661;Laiuse, Jõgevamaa
Bruno;Konovalov;17.11.1971;M;37111170247;Tudulinna, Ida-Virumaa
Karl-Markus;Ernits;29.08.2007;M;50708298215;Mooste, Põlvamaa
Leon;Mercklin;23.07.1991;M;39107233450;Mustvee, Jõgevamaa
Freddy;Leppik;13.11.1984;M;38411136079;Leisi, Saaremaa
Natalja;Pärna;06.02.1962;N;46202060538;Lehtse, Lääne-Virumaa
Kätrin;Liblik;04.12.1997;N;49712048189;Kose-Uuemõisa, Harjumaa
Maarit;Tamm;19.07.1985;N;48507199392;Viru-Nigula, Lääne-Virumaa
Nataly;Õunapuu;30.06.1994;N;49406300079;Narva, Ida-Virumaa
Meelika;Zahharov;08.04.1970;N;47004087949;Juuru, Raplamaa
Greta;Kuuse;31.12.1961;N;46112314575;Lähte, Tartumaa
Annabel;Valge;10.02.1984;N;48402100778;Kuremaa, Jõgevamaa
Evelina;Mädamürk;19.11.1976;N;47611199620;Lohusuu, Ida-Virumaa
Max;Vaino;24.09.1964;M;36409242257;Mustvee, Jõgevamaa
Siiri;Gusev;18.11.1967;N;46711180079;Valjala, Saaremaa
Liise;Kotkas;23.11.1986;N;48611235857;Maardu, Harjumaa
Anette;Jänes;26.10.1975;N;47510269316;Eidapere, Raplamaa
Taniel;Raadik;29.11.1993;M;39311292109;Ilmatsalu, Tartumaa
Elari;Klavan;24.06.2008;M;50806242423;Võiste, Pärnumaa
Maikel;Raidma;20.09.1979;M;37909204884;Vändra, Pärnumaa
Eleanora;Suur;12.06.1994;N;49406127182;Luige, Harjumaa
Evert;Sikk;28.10.1984;M;38410287588;Väimela, Võrumaa
Rain;Lehtla;11.10.1979;M;37910110994;Nõo, Tartumaa
Gertrud;Naumov;25.04.1975;N;47504257330;Halliste, Viljandimaa
Karl-Hendrik;Štšerbakov;27.06.2004;M;50406278537;Särevere, Järvamaa
Arti;Suvi;18.02.1998;M;39802189978;Oisu, Järvamaa
Marilin;Vaher;11.07.1990;N;49007110656;Keava, Raplamaa
Elsa;Martin;20.01.2000;N;60001201790;Lavassaare, Pärnumaa
Rainer;Nikiforov;01.06.1989;M;38906010659;Halliste, Viljandimaa
Birgit;Danilov;06.07.1979;N;47907062743;Oisu, Järvamaa
Artemi;Zaitsev;31.01.1999;M;39901316949;Kihelkonna, Saaremaa
Mia;Lumiste;30.07.1971;N;47107309479;Narva, Ida-Virumaa
Anžela;Oks;17.10.1970;N;47010178944;Tabasalu, Harjumaa
Ako;Kuningas;01.06.1990;M;39006015752;Kuusalu, Harjumaa
Alexandre;Anissimov;30.08.1966;M;36608306053;Simuna, Lääne-Virumaa
Krista;Vinogradov;02.06.2004;N;60406026356;Kamari, Jõgevamaa
Eerik;Stepanov;06.12.2004;M;50412069104;Rõngu, Tartumaa
Killu;Timofejev;25.03.1972;N;47203251877;Sääse, Lääne-Virumaa
Heino;Powell;03.11.2000;M;50011037732;Kostivere, Harjumaa
Marina;Nuut;24.05.1983;N;48305243894;Rakvere, Lääne-Virumaa
Xenia;Lääne;31.03.1997;N;49703315920;Kureküla, Tartumaa
Anne-Mai;Kallas;29.12.1960;N;46012298509;Taebla, Läänemaa
Kaie;Gromov;17.10.1967;N;46710171049;Oisu, Järvamaa
Jonas;Käsper;14.12.1963;M;36312148976;Õru, Valgamaa
Dagmar;Kikas;29.11.1998;N;49811297124;Põlva, Põlvamaa
Georg;Järvekülg;10.05.2003;M;50305108404;Rakvere, Lääne-Virumaa
Eleriin;Fomin;29.01.1969;N;46901293931;Vastse-Kuuste, Põlvamaa
Mari-Ann;Kaur;20.01.2008;N;60801208712;Alatskivi, Tartumaa
Mark;Sarapuu;12.07.1967;M;36707121496;Sindi, Pärnumaa
Marija;Sillaots;01.02.1994;N;49402018177;Varnja, Tartumaa
Timur;Kattai;13.03.1963;M;36303136156;Kallaste, Tartumaa
Olari;Rand;21.04.1976;M;37604217470;Raasiku, Harjumaa
Artemi;Tilk;05.04.1985;M;38504055679;Valga, Valgamaa
Jevgenia;Bondarenko;28.01.1979;N;47901280894;Märjamaa, Raplamaa
Bruno;Kolk;27.06.1990;M;39006273707;Lihula, Läänemaa
Heleriin;Õispuu;26.07.1983;N;48307267941;Võnnu, Tartumaa
Alondra;Laane;08.12.1976;N;47612085810;Valjala, Saaremaa
Merli;Orlov;12.04.2008;N;60804129175;Sadala, Jõgevamaa
Natalija;Juhanson;19.07.2006;N;60607198036;Väätsa, Järvamaa
Veiko;Makarov;13.10.1973;M;37310131512;Laiuse, Jõgevamaa
Merili;Mäeots;09.01.2005;N;60501091682;Väätsa, Järvamaa
Liia;Loorits;30.09.1989;N;48909300208;Kunda, Lääne-Virumaa
Nadežda;Michelson;03.08.1988;N;48808038972;Sonda, Ida-Virumaa
Elen;Hoffmann;29.11.1978;N;47811290223;Alatskivi, Tartumaa
Jako;Soon;23.02.1999;M;39902238716;Aruküla, Harjumaa
Kaia;Hunt;24.12.1974;N;47412242991;Palamuse, Jõgevamaa
Tiia;Vasiliev;20.07.2004;N;60407208083;Vaida, Harjumaa
Georgi;Müürsepp;28.06.2001;M;50106280399;Kiviõli, Ida-Virumaa
Anna-Liis;Filatov;17.08.1995;N;49508176458;Kanepi, Põlvamaa
Anastasija;Orav;10.05.1970;N;47005107174;Tsirguliina, Valgamaa
Arvi;Raag;05.12.1995;M;39512057147;Eidapere, Raplamaa
Nele-Liis;Romanov;04.09.1973;N;47309043059;Valga, Valgamaa
Annabel;Sild;23.08.1978;N;47808235727;Kihelkonna, Saaremaa
Isabella;Siim;26.04.2007;N;60704268516;Kihelkonna, Saaremaa
Saveli;Korol;12.05.1995;M;39505120759;Lohusuu, Ida-Virumaa
Galina;Martin;23.10.2007;N;60710230504;Tartu, Tartumaa
Leonid;Lebedev;19.12.2002;M;50212196935;Sõmeru, Lääne-Virumaa
Daniella;Kutsar;08.12.1999;N;49912087951;Kambja, Tartumaa
Dariya;Jürgens;27.11.2001;N;60111270671;Riisipere, Harjumaa
Cärolin;Krõlov;11.03.1963;N;46303118284;Võnnu, Tartumaa
Annela;Põldmaa;17.08.1978;N;47808179812;Häädemeeste, Pärnumaa
Sten-Erik;Malõšev;20.02.1977;M;37702201761;Karjaküla, Harjumaa
Kenert;Karro;05.04.1978;M;37804054924;Valjala, Saaremaa
Riina;Baskin;13.12.1979;N;47912136074;Ämari, Harjumaa
Heleri;Vlassov;15.01.1988;N;48801155740;Voka, Ida-Virumaa
Keith;Mäe;13.08.1970;M;37008130120;Kehtna, Raplamaa
Katriin;Nikolaev;16.04.1972;N;47204162293;Kiili, Harjumaa
Kristian;Toomsalu;05.04.1961;M;36104050451;Vastse-Kuuste, Põlvamaa
Anne;Gorbunov;26.03.1994;N;49403266989;Palamuse, Jõgevamaa
Morten;Kotov;21.08.1990;M;39008213408;Halliste, Viljandimaa
Britt;Aasmäe;17.02.1970;N;47002171160;Kobela, Võrumaa
Taimar;Valge;11.12.1974;M;37412114520;Kunda, Lääne-Virumaa
Kreete;Vorobjov;03.12.2006;N;60612032108;Raasiku, Harjumaa
Martti;Erik;02.03.1980;M;38003028163;Saku, Harjumaa
Frank;Roosileht;25.10.2003;M;50310253514;Audru, Pärnumaa
Ailen;Mäeots;21.06.1979;N;47906216432;Põlva, Põlvamaa
Svetlana;Säde;15.04.1996;N;49604157482;Elva, Tartumaa
Vahur;Laane;17.02.1986;M;38602171428;Toila, Ida-Virumaa
Maarjo;Volkov;11.08.2005;M;50508111947;Rannu, Tartumaa
Joonas;Paas;05.01.1968;M;36801059232;Mõisaküla, Viljandimaa
Vitali;Rätsep;10.07.1968;M;36807107827;Pajusti, Lääne-Virumaa
Nicole;Paju;06.05.2001;N;60105067216;Viljandi, Viljandimaa
Taniel;Rohtla;16.01.1976;M;37601166568;Kuressaare, Saaremaa
Meril;Baranov;20.05.1970;N;47005201353;Vaida, Harjumaa
Andres;Ruus;08.05.1984;M;38405084863;Ulila, Tartumaa
Eliis;Oras;27.04.2006;N;60604272468;Kallaste, Tartumaa
Sten Martin;Kont;21.12.1973;M;37312217461;Hageri, Raplamaa
Xenia;Valge;21.02.2005;N;60502215198;Keila-Joa, Harjumaa
Einar;Mihhailov;24.04.1981;M;38104240895;Lohusuu, Ida-Virumaa
Jevgeni;Žukov;08.12.1964;M;36412083931;Laiuse, Jõgevamaa
Taniel;Adamson;18.06.1967;M;36706188370;Uhtna, Lääne-Virumaa
Urmas;Davõdov;04.01.1996;M;39601046941;Karjaküla, Harjumaa
Marta;Toomsalu;03.06.1973;N;47306035346;Kudjape, Saaremaa
Helin;Pärna;06.06.1999;N;49906068390;Mustla, Viljandimaa
Mait;Mitt;19.04.2002;M;50204194206;Laatre, Valgamaa
Maris;Soon;25.02.1994;N;49402254013;Valga, Valgamaa
Getriin;Rosenberg;02.05.1967;N;46705024246;Sadala, Jõgevamaa
Kristopher;Markus;06.08.1988;M;38808063227;Mustla, Viljandimaa
Katre;Post;17.01.1972;N;47201179354;Abja-Paluoja, Viljandimaa
Kardo;Rumjantsev;29.07.2006;M;50607294465;Kohila, Raplamaa
Viktoria;Koort;03.03.1963;N;46303037955;Rakvere, Lääne-Virumaa
Eleri;Nõmme;15.02.2001;N;60102151879;Kostivere, Harjumaa
Felix;Vahter;24.05.1982;M;38205245270;Kose, Harjumaa
Liivi;Kallaste;22.12.1998;N;49812229497;Tabivere, Jõgevamaa
Regina;Kudrjavtsev;03.06.1981;N;48106034485;Kuremaa, Jõgevamaa
Kerly;Sarapuu;10.10.1964;N;46410108333;Järva-Jaani, Järvamaa
Hanna-Liina;Tali;28.10.2004;N;60410288679;Tõrvandi, Tartumaa
Urmo;Veski;22.01.1961;M;36101223929;Viimsi, Harjumaa
Maiu;Suur;20.05.1968;N;46805205385;Kallaste, Tartumaa
Viktor;Jürgenson;07.07.1981;M;38107075642;Paikuse, Pärnumaa
Kadri;Suvorov;10.03.1976;N;47603101026;Roosna-Alliku, Järvamaa
Tiina;Raud;05.04.1970;N;47004058477;Haapsalu, Läänemaa
Lilija;Kondratjev;26.07.2007;N;60707266565;Näpi, Lääne-Virumaa
Marvin;Sulg;01.06.1963;M;36306018087;Kostivere, Harjumaa
Karl-Hendrik;Tammik;20.04.1973;M;37304204323;Uuemõisa, Läänemaa
Nora;Tsvetkov;05.04.1972;N;47204051524;Klooga, Harjumaa
Ly;Lember;31.01.1969;N;46901311000;Kuremaa, Jõgevamaa
Evelina;Laas;26.02.1965;N;46502265392;Võiste, Pärnumaa
Ave;Ivanov;10.07.1991;N;49107109547;Jõgeva, Jõgevamaa
Amina;Kalmus;25.09.1980;N;48009259007;Mustla, Viljandimaa
Reivo;Bell;18.10.1969;M;36910187843;Kobela, Võrumaa
Epp;Vain;10.10.1992;N;49210104948;Põltsamaa, Jõgevamaa
Cärolin;Urb;29.07.1984;N;48407292348;Mustla, Viljandimaa
Hannela;Jänes;03.04.2008;N;60804037851;Rakvere, Lääne-Virumaa
Jorgen;Sokolov;06.08.1964;M;36408060073;Kolkja, Tartumaa
Anastassia;Jaanson;17.03.1993;N;49303171712;Narva-Jõesuu, Ida-Virumaa
Mona;Kull;12.06.1970;N;47006122604;Rapla, Raplamaa
Ragnar;Erik;07.02.2005;M;50502072682;Suure-Jaani, Viljandimaa
Ester;Hoffmann;11.04.1966;N;46604114327;Väimela, Võrumaa
German;Simson;18.03.2005;M;50503187639;Tamsalu, Lääne-Virumaa
Tiiu;Kink;06.04.1987;N;48704068923;Hummuli, Valgamaa
Juliana;Soosalu;22.05.1984;N;48405226644;Misso, Võrumaa
Teet;Pihelgas;13.06.2004;M;50406130183;Võiste, Pärnumaa
Märt;Maasik;25.10.1972;M;37210251705;Kureküla, Tartumaa
Nele;Tõnisson;13.11.2007;N;60711130884;Kambja, Tartumaa
Karl-Gustav;Simm;14.09.1979;M;37909142130;Alu, Raplamaa
Mattias;Nikitin;23.07.1983;M;38307234690;Kureküla, Tartumaa
Veroonika;Saar;13.02.1976;N;47602135954;Erra, Ida-Virumaa
Triinu;Kalm;16.06.1963;N;46306169404;Kaerepere, Raplamaa
Tairo;Naumov;08.05.1966;M;36605081035;Maardu, Harjumaa
Sylvia;Rebane;25.03.1968;N;46803252826;Kohila, Raplamaa
Berit;Raidma;01.10.2001;N;60110014995;Keila-Joa, Harjumaa
Veronika;Kotov;15.05.1988;N;48805156188;Lelle, Raplamaa
Maret;Gorbunov;24.02.1987;N;48702244994;Kallaste, Tartumaa
Tom;Hanson;01.04.1966;M;36604012831;Kaiu, Raplamaa
Eneli;Käärik;20.10.1960;N;46010205498;Võõpsu, Põlvamaa
Julius;Arula;19.02.1979;M;37902190376;Kiiu, Harjumaa
Kreete;Koit;16.11.1974;N;47411168107;Luunja, Tartumaa
Karli;Ploom;07.07.1995;M;39507075739;Tudu, Lääne-Virumaa
Serafima;Laanemets;13.04.1980;N;48004131760;Viru-Nigula, Lääne-Virumaa
Maiu;Tuul;04.06.2005;N;60506040691;Kilingi-Nõmme, Pärnumaa
Maili;Kolberg;30.07.1998;N;49807309944;Kolga-Jaani, Viljandimaa
Karl;Gross;24.03.1994;M;39403241224;Otepää, Valgamaa
Jako;Mäesalu;18.12.2003;M;50312186046;Ravila, Harjumaa
Egor;Tali;07.06.1999;M;39906071771;Kärla, Saaremaa
Ants;Lukin;16.11.1984;M;38411160429;Kuressaare, Saaremaa
Laur;Arula;16.07.1997;M;39707161648;Käina, Hiiumaa
Grete-Liis;Post;28.08.1991;N;49108287855;Kose, Harjumaa
Triinu;Sikorski;07.06.2006;N;60606079104;Pajusti, Lääne-Virumaa
Kersti;Salu;03.12.1995;N;49512037083;Kamari, Jõgevamaa
Reelika;Mandel;20.01.1964;N;46401205463;Värska, Põlvamaa
Yulia;Sutt;29.06.1981;N;48106293775;Uhtna, Lääne-Virumaa
Andre;Bõstrov;06.11.1980;M;38011068155;Eidapere, Raplamaa
Anet;Konstantinov;09.05.2008;N;60805094765;Ämari, Harjumaa
Lidia;Kool;03.03.1979;N;47903032345;Lepna, Lääne-Virumaa
Annett;Danilov;07.01.1963;N;46301079609;Rakvere, Lääne-Virumaa
Jalmar;Suvi;29.08.1962;M;36208299852;Narva-Jõesuu, Ida-Virumaa
Riko;Maack;03.04.1974;M;37404037521;Vastse-Kuuste, Põlvamaa
Alla;Belov;03.12.1984;N;48412032712;Kõrveküla, Tartumaa
Cätlin;Kadak;04.04.1999;N;49904049546;Erra, Ida-Virumaa
Stefan;Pärna;18.08.1973;M;37308188060;Turba, Harjumaa
Kardo;Post;24.12.1982;M;38212241416;Kihelkonna, Saaremaa
Elmar;Rosenberg;22.09.1989;M;38909223537;Valga, Valgamaa
Renno;Raudsepp;05.08.1978;M;37808050457;Simuna, Lääne-Virumaa
Lilian;Mihhailov;08.08.1995;N;49508083436;Roela, Lääne-Virumaa
Veiko;Rätsep;20.10.1965;M;36510200955;Avinurme, Ida-Virumaa
Anette;Luht;22.08.1999;N;49908228248;Oisu, Järvamaa
Triinu-Liis;Rebane;21.10.1994;N;49410215216;Are, Pärnumaa
Tarmo;Sidorov;21.03.1988;M;38803219929;Lohusuu, Ida-Virumaa
Kaileen;Pent;29.08.1994;N;49408298617;Risti, Läänemaa
Kerly;Renoir;01.01.2005;N;60501015477;Pärnu-Jaagupi, Pärnumaa
Airika;Poom;03.02.1991;N;49102030194;Juuru, Raplamaa
Tomi;Kaljurand;19.09.1966;M;36609199163;Võru, Võrumaa
Rebecca;Liiva;14.03.1967;N;46703147488;Rõngu, Tartumaa
Aliise;Kozlov;02.12.1979;N;47912020284;Saue, Harjumaa
Karl Kevin;Rätsep;24.06.1982;M;38206245295;Are, Pärnumaa
Mairo;Kiisk;02.12.1985;M;38512024436;Valga, Valgamaa
Sigrid;Abbt;04.01.1962;N;46201045212;Kuusalu, Harjumaa
Juss;Kurg;14.12.1961;M;36112140535;Kobela, Võrumaa
Alexey;Ojala;06.08.1991;M;39108060976;Eidapere, Raplamaa
Jessica;Markson;21.06.1986;N;48606216722;Pajusti, Lääne-Virumaa
Patrik;Kruus;11.05.1986;M;38605119912;Kõpu, Viljandimaa
Aljona;Aleksandrov;27.08.1996;N;49608274822;Kõrgessaare, Hiiumaa
Cätlin;Abbt;02.01.1999;N;49901028495;Viljandi, Viljandimaa
Anti;Pärn;12.02.1969;M;36902120389;Luunja, Tartumaa
Karita;Kull;22.04.1978;N;47804221845;Nõo, Tartumaa
Eva-Liisa;Aas;02.06.1991;N;49106024777;Olgina, Ida-Virumaa
Mehis;Poom;03.09.1986;M;38609035993;Kallaste, Tartumaa
Cevin;Smirnov;12.08.1994;M;39408126062;Kanepi, Põlvamaa
Milena;Järve;24.06.1966;N;46606245780;Lepna, Lääne-Virumaa
Leanika;Teearu;16.06.1980;N;48006169087;Narva-Jõesuu, Ida-Virumaa
Jorma;Jefimov;29.08.1990;M;39008294675;Võru, Võrumaa
Anžela;Aun;02.01.2008;N;60801023681;Karjaküla, Harjumaa
Karl Martin;Varik;07.09.1998;M;39809072115;Kehtna, Raplamaa
Elo;Heinsalu;17.05.1989;N;48905177053;Käravete, Järvamaa
Johann;Gromov;12.10.1964;M;36410120640;Puhja, Tartumaa
Teele;Koit;05.07.1965;N;46507059086;Sillamäe, Ida-Virumaa
Katri;Lõhmus;03.11.1980;N;48011034158;Sindi, Pärnumaa
Gea;Lindgren;22.06.1997;N;49706228150;Laagri, Harjumaa
Heidi;Laur;06.09.2001;N;60109060574;Laatre, Valgamaa
Kendra;Kuningas;19.08.1961;N;46108192238;Õru, Valgamaa
Filipp;Komarov;14.07.1992;M;39207147379;Tsirguliina, Valgamaa
Gertu;Lunin;05.01.2004;N;60401056273;Taebla, Läänemaa
Rico;Semenov;24.07.1969;M;36907246982;Jüri, Harjumaa
Kaidar;Jõgi;23.07.2008;M;50807232473;Kose, Võrumaa
Kris;Ilves;09.11.1987;M;38711091867;Tudu, Lääne-Virumaa
Egor;Grigorieva;26.09.1993;M;39309261148;Tõrva, Valgamaa
Ronan;Silm;08.03.1990;M;39003087694;Võnnu, Tartumaa
Marika;Luht;15.12.1964;N;46412152894;Torma, Jõgevamaa
Liise;Jõgi;11.11.1969;N;46911119901;Tõravere, Tartumaa
Kelvin;Lehtmets;27.03.1977;M;37703275988;Laekvere, Lääne-Virumaa
Tormi;Baranov;19.12.1986;M;38612193416;Kangru, Harjumaa
Elise;Lehtla;09.07.1966;N;46607091836;Kuremaa, Jõgevamaa
Viljar;Veski;30.03.2002;M;50203307086;Hummuli, Valgamaa
Marlon;Järvekülg;18.03.1991;M;39103180471;Kiiu, Harjumaa
Egor;Suits;21.01.1998;M;39801214873;Saku, Harjumaa
Ken;Õispuu;27.09.1982;M;38209277393;Kõrveküla, Tartumaa
Janne;Kink;26.12.1998;N;49812264369;Kambja, Tartumaa
Nele;Ott;20.03.2006;N;60603204869;Keava, Raplamaa
Loora;Kivistik;17.11.1988;N;48811174296;Laatre, Valgamaa
Astrid;Petrov;20.10.1972;N;47210207247;Aruküla, Harjumaa
Teet;Anissimov;01.09.1984;M;38409016804;Vasalemma, Harjumaa
Anthony;Saar;30.06.1967;M;36706309305;Tõrvandi, Tartumaa
Iiris;Sibul;20.12.1971;N;47112209722;Uhtna, Lääne-Virumaa
Voldemar;Nurk;29.08.1987;M;38708296000;Kangru, Harjumaa
Madli;Klimov;11.07.1997;N;49707119878;Aste, Saaremaa
Daisi;Rumjantsev;10.05.1993;N;49305101320;Kallaste, Tartumaa
Nikita;Reimann;03.10.1968;M;36810035387;Kohtla-Nõmme, Ida-Virumaa
Piret;Olesk;12.06.1963;N;46306120584;Keava, Raplamaa
Cristina;Sander;30.04.1992;N;49204305917;Peetri, Järvamaa
Brigitta;Pihlak;05.12.1989;N;48912051412;Lelle, Raplamaa
Toni;Heinsalu;19.08.1972;M;37208198753;Laagri, Harjumaa
Elizabeth;Gorbunov;12.03.2005;N;60503120147;Põlva, Põlvamaa
Harry;Lang;12.01.1990;M;39001122173;Kobela, Võrumaa
Eliza;Randoja;05.05.1982;N;48205056469;Loksa, Harjumaa
Epp;Urb;17.05.1960;N;46005178533;Keava, Raplamaa
Viktorija;Sarapuu;10.01.2000;N;60001100746;Vändra, Pärnumaa
Jakov;Kurg;20.03.2008;M;50803202360;Ilmatsalu, Tartumaa
Karl Joonas;Kuus;04.02.2003;M;50302045527;Kasepää, Tartumaa
Katariina;Laan;13.02.1981;N;48102133167;Tõstamaa, Pärnumaa
Nele-Liis;Mänd;11.08.1989;N;48908118479;Uuemõisa, Läänemaa
Hanna-Liisa;Vain;30.04.1988;N;48804300249;Saue, Harjumaa
Vanessa;Komarov;16.01.2000;N;60001161937;Lepna, Lääne-Virumaa
Loora;Lääne;30.09.1961;N;46109300409;Jõhvi, Ida-Virumaa
Julia;Adamson;06.03.2008;N;60803068375;Türi, Järvamaa
Karl Markus;Sergejev;06.03.1986;M;38603060643;Jõhvi, Ida-Virumaa
Konstantin;Markus;01.11.1965;M;36511019215;Avinurme, Ida-Virumaa
Lisbeth;Kuuse;24.06.1985;N;48506245311;Ilmatsalu, Tartumaa
Ruben;Põder;29.04.1989;M;38904295462;Varstu, Võrumaa
Taimar;Kasemets;09.08.2002;M;50208094275;Kärla, Saaremaa
Rebekka;Lass;13.02.2006;N;60602139375;Jõgeva, Jõgevamaa
Geidi;Ploom;24.06.1974;N;47406247418;Kose-Uuemõisa, Harjumaa
Patrick;Kirss;20.06.1979;M;37906200610;Avinurme, Ida-Virumaa
Kalev;Unt;07.05.1979;M;37905079832;Pajusti, Lääne-Virumaa
Carmen;Vlassov;12.08.1989;N;48908129506;Sauga, Pärnumaa
Angela;Nikitin;04.03.1993;N;49303046030;Rõuge, Võrumaa
Riina;Roosileht;06.03.1988;N;48803068429;Kiisa, Harjumaa
Kermo;Afanasjev;20.04.1975;M;37504208937;Õru, Valgamaa
Kaimo;Laine;01.11.1978;M;37811016334;Ilmatsalu, Tartumaa
Elis;Tomingas;23.01.1981;N;48101231072;Loo, Harjumaa
Merilyn;Allik;01.05.1975;N;47505010788;Kiviõli, Ida-Virumaa
Leon;Salu;11.10.1979;M;37910118577;Kose, Harjumaa
Reiko;Põder;25.04.1979;M;37904250806;Näpi, Lääne-Virumaa
Marcus;Laanemets;18.10.1998;M;39810182658;Hageri, Raplamaa
Mona;Maack;31.01.2001;N;60101314345;Lelle, Raplamaa
Ksenija;Simm;29.10.1984;N;48410294733;Alatskivi, Tartumaa
Mait;Timofejev;16.09.1987;M;38709163577;Viru-Jaagupi, Lääne-Virumaa
Viktoria;Paap;06.04.1991;N;49104065615;Ambla, Järvamaa
Elis;Raidma;21.07.2000;N;60007210576;Misso, Võrumaa
Sten Martin;Aun;11.11.1988;M;38811112313;Kose, Võrumaa
Priit;Schmidt;02.10.1984;M;38410022272;Kadrina, Lääne-Virumaa
Oliivia;Laine;30.10.1998;N;49810305645;Roiu, Tartumaa
Henri;Bogdanov;13.03.1962;M;36203136272;Turba, Harjumaa
Karl Erik;Härm;10.09.1986;M;38609105382;Kamari, Jõgevamaa
Tom;Raud;12.11.1971;M;37111125931;Kehra, Harjumaa
Annaliis;Lehtmets;09.03.1963;N;46303097763;Paide, Järvamaa
Alondra;Silm;25.05.2007;N;60705255796;Jõgeva, Jõgevamaa
Isabella;Roosileht;24.05.1981;N;48105248047;Laekvere, Lääne-Virumaa
Anne-Mari;Konovalov;15.01.1988;N;48801157837;Karjaküla, Harjumaa
Maido;Lumiste;08.07.2008;M;50807086441;Roiu, Tartumaa
Dagne;Reinsalu;15.12.2006;N;60612156824;Kihelkonna, Saaremaa
Kristofer;Randmaa;18.06.1993;M;39306187426;Karjaküla, Harjumaa
Elina;Sokolov;02.03.1994;N;49403023198;Varnja, Tartumaa
Janika;Sarap;28.12.1990;N;49012289606;Laatre, Valgamaa
Xenia;Kull;13.05.1994;N;49405133237;Kuressaare, Saaremaa
Veronica;Moor;02.11.1997;N;49711021347;Tõstamaa, Pärnumaa
Anastassia;Klavan;16.03.2007;N;60703165818;Pärnu-Jaagupi, Pärnumaa
Daniel;Väli;28.01.1987;M;38701285693;Vändra, Pärnumaa
Karl;Saul;03.01.1989;M;38901039089;Lepna, Lääne-Virumaa
Iiris;Salu;15.05.1980;N;48005158549;Äksi, Tartumaa
Lotta;Lang;22.05.1971;N;47105225058;Aruküla, Harjumaa
Rebeca;Bogdanov;18.11.1985;N;48511183368;Hagudi, Raplamaa
Christina;Viks;27.02.1983;N;48302272981;Olgina, Ida-Virumaa
Ranar;Suur;21.11.1961;M;36111217126;Sõmerpalu, Võrumaa
Inna;Lember;11.03.1998;N;49803117562;Laekvere, Lääne-Virumaa
Reeli;Nikiforov;31.08.1975;N;47508314326;Õisu, Viljandimaa
Leana;Markus;24.11.1970;N;47011248395;Sõmerpalu, Võrumaa
Krister;Ivanov;20.10.1986;M;38610204598;Oisu, Järvamaa
Aivo;Mägi;18.07.1964;M;36407184743;Kaerepere, Raplamaa
Liivi;Maasik;05.01.1983;N;48301051636;Lüganuse, Ida-Virumaa
Ian;Kisseljov;24.06.1999;M;39906243993;Kehtna, Raplamaa
Reti;Lepp;27.08.2000;N;60008274311;Puhja, Tartumaa
Eliise;Sillaste;29.08.1981;N;48108295046;Kõpu, Viljandimaa
Erko;Järv;25.12.1985;M;38512252293;Alatskivi, Tartumaa
Anita;Abramov;28.10.1963;N;46310284901;Järva-Jaani, Järvamaa
Janika;Lokk;04.09.1997;N;49709043854;Tallinn, Harjumaa
Älis;Saks;02.01.1988;N;48801022002;Kuusiku, Raplamaa
Kätrin;Sarv;06.06.1978;N;47806060740;Kose, Harjumaa
Evgeny;Must;04.01.1979;M;37901042026;Juuru, Raplamaa
Lada;Kuningas;30.06.1962;N;46206309254;Narva, Ida-Virumaa
Elari;Lauri;31.08.2000;M;50008316299;Tamsalu, Lääne-Virumaa
Kersti;Tammik;22.07.1991;N;49107220547;Kureküla, Tartumaa
Peep;Fjodorov;01.07.2002;M;50207017811;Vastseliina, Võrumaa
Janno;Gontšarov;01.06.1960;M;36006012380;Torma, Jõgevamaa
Marielle;Safronov;04.01.2006;N;60601046757;Toila, Ida-Virumaa
Riivo;Laht;16.12.1995;M;39512160736;Virtsu, Läänemaa
Meril;Piirsalu;04.08.2004;N;60408047968;Nasva, Saaremaa
Dominik;Talts;13.10.1987;M;38710135873;Oisu, Järvamaa
Anthony;Sobolev;16.04.2007;M;50704160864;Kuremaa, Jõgevamaa
Janne;Pärnpuu;13.06.1960;N;46006133055;Tori, Pärnumaa
Tenno;Kangur;11.08.1975;M;37508115475;Püssi, Ida-Virumaa
Karl;Sokolov;16.09.1998;M;39809162817;Võiste, Pärnumaa
Minna;Silm;14.05.1970;N;47005144640;Kõpu, Viljandimaa
Sonja;Trofimov;01.04.1983;N;48304017550;Märja, Tartumaa
Ene;Kazakov;12.06.1968;N;46806126114;Tõrvandi, Tartumaa
Birgit;Pulk;17.09.1963;N;46309171799;Võhma, Viljandimaa
Mattias;Naumov;31.08.1973;M;37308316114;Taebla, Läänemaa
Imre;Põldma;06.07.1978;M;37807060680;Märja, Tartumaa
Marit;Kodres;11.10.1981;N;48110119822;Kadrina, Lääne-Virumaa
Jevgenija;Tomson;02.12.1990;N;49012023135;Sauga, Pärnumaa
Elar;Klavan;25.06.1979;M;37906256388;Kõrgessaare, Hiiumaa
Rinat;Palu;26.08.1962;M;36208266026;Mäetaguse, Ida-Virumaa
Robin;Jakobson;23.08.1971;M;37108232880;Virtsu, Läänemaa
Eliisabeth;Michelson;27.01.1983;N;48301272594;Kallaste, Tartumaa
Ervin;Väli;17.06.1993;M;39306173073;Kambja, Tartumaa
Linda;Kurvits;17.06.2005;N;60506179989;Hageri, Raplamaa
Meelika;Raadik;22.12.1971;N;47112228350;Aseri, Ida-Virumaa
Liana;Nuut;28.01.1983;N;48301287486;Sillamäe, Ida-Virumaa
Loora;Vahtra;11.03.1987;N;48703117112;Haabneeme, Harjumaa
Kärolin;Vill;15.12.2003;N;60312154222;Narva-Jõesuu, Ida-Virumaa
Triini;Säde;12.04.2001;N;60104122181;Avinurme, Ida-Virumaa
Kristen;Baranov;13.10.1961;M;36110133783;Simuna, Lääne-Virumaa
Evgeniya;Kisseljov;17.12.1984;N;48412171260;Avinurme, Ida-Virumaa
Jaanus;Pikk;03.05.1979;M;37905035146;Ulila, Tartumaa
Andry;Baranov;22.11.1981;M;38111229235;Saku, Harjumaa
Käti;Järvekülg;14.10.1996;N;49610149094;Valga, Valgamaa
Nika;Jeršov;26.11.1961;N;46111260869;Palivere, Läänemaa
Veniamin;Kudrjavtsev;15.08.1966;M;36608154281;Alu, Raplamaa
Inga;Moor;17.03.1961;N;46103175651;Kiiu, Harjumaa
Aap;Randmaa;09.03.1993;M;39303097382;Torma, Jõgevamaa
Jesper;Järvesaar;20.03.1975;M;37503204699;Valga, Valgamaa
Karl Gustav;Kangur;01.02.1981;M;38102017484;Võnnu, Tartumaa
Mihail;Korol;20.08.1984;M;38408200738;Kiltsi, Lääne-Virumaa
Renee;Heinsoo;13.09.1999;M;39909136202;Loo, Harjumaa
Paula;Safronov;11.10.2002;N;60210118407;Paralepa, Läänemaa
Tiina;Sander;22.02.2005;N;60502224579;Kolga, Harjumaa
Geir;Moor;25.05.2001;M;50105256566;Viru-Nigula, Lääne-Virumaa
Enelin;Suvi;23.05.1991;N;49105231197;Kärdla, Hiiumaa
Valeria;Urb;02.03.1990;N;49003021088;Suure-Jaani, Viljandimaa
Lilian;Peterson;16.04.1961;N;46104162542;Turba, Harjumaa
Karolina;Lukk;24.11.1962;N;46211245491;Aruküla, Harjumaa
Randel;Mets;31.10.1972;M;37210310582;Võsu, Lääne-Virumaa
Raimond;Kalmus;30.05.1982;M;38205306534;Võõpsu, Põlvamaa
Silvia;Tooming;17.03.1978;N;47803179103;Kihelkonna, Saaremaa
Taisi;Kutsar;16.03.1972;N;47203167417;Kohila, Raplamaa
Ingmar;Baranov;22.10.1969;M;36910225490;Võiste, Pärnumaa
Liisa;Kuuse;25.10.1964;N;46410252713;Kiviõli, Ida-Virumaa
Moonika;Tamm;04.06.2001;N;60106042081;Sinimäe, Ida-Virumaa
Doris;Maksimov;04.11.2007;N;60711041095;Ambla, Järvamaa
Sanna;Jarvis;16.06.1977;N;47706168193;Kõrveküla, Tartumaa
Aet;Vinogradov;07.10.1979;N;47910074828;Lagedi, Harjumaa
Keijo;Aru;08.08.1971;M;37108087371;Käärdi, Tartumaa
Gretel;Raja;11.01.2002;N;60201113480;Vastseliina, Võrumaa
Heidy;Aas;05.03.1977;N;47703052158;Tsirguliina, Valgamaa
Asko;Klavan;25.01.1996;M;39601256874;Tõrva, Valgamaa
Ermo;Koppel;20.02.1971;M;37102204766;Haljala, Lääne-Virumaa
Kati;Gavrilov;08.08.1971;N;47108088449;Keila, Harjumaa
Kelvin;Tammik;18.03.1995;M;39503183723;Rakke, Lääne-Virumaa
Caspar;Sikorski;08.02.1992;M;39202086388;Orissaare, Saaremaa
Marken;Lääne;16.07.1988;M;38807167321;Kiltsi, Lääne-Virumaa
Alina;Kolk;09.08.1969;N;46908090315;Viiratsi, Viljandimaa
Karl-Gustav;Meister;06.11.1984;M;38411062057;Roiu, Tartumaa
Jarl;Bõstrov;17.04.1960;M;36004173417;Tori, Pärnumaa
Madli;Kuusk;21.08.1973;N;47308215803;Võnnu, Tartumaa
Taniel;Herodes;23.03.1985;M;38503236478;Tori, Pärnumaa
Simo;Loginov;20.03.1991;M;39103207645;Narva-Jõesuu, Ida-Virumaa
Simon;Romanov;05.02.2003;M;50302059532;Kolga-Jaani, Viljandimaa
Anastasija;Siim;08.03.1964;N;46403084232;Lelle, Raplamaa
Maarek;Grigorieva;19.12.1995;M;39512198824;Kehra, Harjumaa
Daniela;Org;09.11.1978;N;47811099154;Vasalemma, Harjumaa
Kerstin;Kiis;24.02.1991;N;49102241239;Prillimäe, Raplamaa
Käti;Urb;02.08.1986;N;48608023213;Torma, Jõgevamaa
Katharina;Kant;29.02.1992;N;49202294547;Saue, Harjumaa
Maribel;Adamson;01.03.1973;N;47303017932;Märja, Tartumaa
Hanna-Liisa;Korol;25.05.1992;N;49205255856;Uhtna, Lääne-Virumaa
Ilona;Jefimov;16.08.1998;N;49808160902;Põltsamaa, Jõgevamaa
Keily;Liivak;30.09.1972;N;47209304843;Narva-Jõesuu, Ida-Virumaa
Ksenija;Säde;15.04.1987;N;48704152106;Kuressaare, Saaremaa
Kärt;Saar;16.05.1974;N;47405164538;Kehtna, Raplamaa
Leanika;Gontšarov;17.07.1966;N;46607173949;Sadala, Jõgevamaa
Dariya;Villemson;11.06.1979;N;47906118351;Võiste, Pärnumaa
Sireli;Karu;09.01.1964;N;46401090927;Kuremaa, Jõgevamaa
Marite;Oras;23.06.1993;N;49306230291;Torma, Jõgevamaa
Reili;Müür;15.10.2008;N;60810151061;Are, Pärnumaa
Timofei;Püvi;03.08.1979;M;37908030825;Väike-Maarja, Lääne-Virumaa
Artjom;Loorits;04.03.1965;M;36503047196;Viimsi, Harjumaa
Rebecca;Nikitin;08.06.1991;N;49106080333;Kallaste, Tartumaa
Janar;Ruus;30.12.1990;M;39012308568;Mõisaküla, Viljandimaa
Matti;Adamson;18.05.1967;M;36705182384;Kiltsi, Lääne-Virumaa
Markel;Varik;16.11.1997;M;39711165885;Are, Pärnumaa
Karl Oskar;Ivanov;12.02.1966;M;36602120320;Loksa, Harjumaa
Karet;Arula;21.01.1960;N;46001214629;Tõstamaa, Pärnumaa
Harri;Laane;29.04.2008;M;50804291962;Ambla, Järvamaa
Tomas;Põld;27.05.1992;M;39205270011;Jõhvi, Ida-Virumaa
Emili;Nikitin;08.08.1961;N;46108088089;Elva, Tartumaa
Dana;Holm;25.03.1992;N;49203256230;Haljala, Lääne-Virumaa
Kaari;Põder;05.07.1988;N;48807058857;Otepää, Valgamaa
Frederik;Heinsalu;18.04.2002;M;50204189171;Kuremaa, Jõgevamaa
Elis;Kisseljov;02.05.1976;N;47605021071;Mooste, Põlvamaa
Karli;Johanson;10.02.2002;M;50202107679;Roiu, Tartumaa
Marvin;Sokk;01.12.1995;M;39512014952;Vastseliina, Võrumaa
Meeri;Anissimov;08.05.1990;N;49005080137;Paikuse, Pärnumaa
Juliana;Ossipov;02.02.1984;N;48402023748;Vaida, Harjumaa
Alexander;Sobolev;16.10.1982;M;38210169246;Virtsu, Läänemaa
Hardi;Vaino;02.04.1969;M;36904028885;Kangru, Harjumaa
Emil;Kolesnik;06.07.2008;M;50807066921;Kureküla, Tartumaa
Marko;Maripuu;05.09.1990;M;39009056531;Sõmeru, Lääne-Virumaa
Kairo;Pärnpuu;07.10.1966;M;36610075186;Pärnu-Jaagupi, Pärnumaa
Natalija;Kutsar;22.10.2002;N;60210220428;Varstu, Võrumaa
Karola;Mironov;04.07.1983;N;48307044796;Võsu, Lääne-Virumaa
Jaana;Anderson;30.07.1968;N;46807300244;Ramsi, Viljandimaa
Anne-Liis;Rebane;05.04.1980;N;48004058307;Sillamäe, Ida-Virumaa
Raiko;Pruul;11.06.1996;M;39606111598;Laatre, Valgamaa
Maarek;Kolk;27.01.1986;M;38601279918;Hummuli, Valgamaa
Oskar;Põdra;18.02.1988;M;38802187733;Sillamäe, Ida-Virumaa
Mikk;Jarvis;01.12.2006;M;50612017216;Puurmani, Jõgevamaa
Natali;Ševtšenko;02.12.1987;N;48712024958;Laagri, Harjumaa
Reeli;Teesalu;24.03.2001;N;60103248839;Kose, Harjumaa
Merle;Adamson;24.02.1995;N;49502241384;Audru, Pärnumaa
Eve;Popov;16.01.1982;N;48201169301;Uuemõisa, Läänemaa
Emma;Talts;04.09.1972;N;47209049738;Alatskivi, Tartumaa
Talis;Alas;06.05.1993;M;39305068382;Paralepa, Läänemaa
Krista;Tuulik;18.06.1990;N;49006187237;Loo, Harjumaa
Karl Kevin;Grigorieva;20.07.2003;M;50307201267;Kose, Võrumaa
Talis;Kuzmin;05.09.1973;M;37309050851;Sinimäe, Ida-Virumaa
Mari-Liis;Lotman;03.08.1965;N;46508037542;Mehikoorma, Tartumaa
Sarah;Kirss;06.07.1981;N;48107062685;Harku, Harjumaa
Valdur;Sillaste;22.11.2001;M;50111223494;Rõngu, Tartumaa
Jaroslav;Sirel;20.08.1970;M;37008205513;Laekvere, Lääne-Virumaa
Anna Maria;Lill;12.09.1964;N;46409122719;Ravila, Harjumaa
Evgeny;Mikk;10.08.1977;M;37708104317;Rõuge, Võrumaa
Eleanora;Vill;17.08.1984;N;48408177765;Leisi, Saaremaa
Sirli;Piir;18.07.1985;N;48507181437;Kohtla-Nõmme, Ida-Virumaa
Anneliis;Rand;21.03.1979;N;47903211764;Voka, Ida-Virumaa
Jevgeni;Sergejev;12.03.2002;M;50203128581;Rakvere, Lääne-Virumaa
Keitlin;Luht;12.03.1983;N;48303124378;Jõgeva, Jõgevamaa
Rando;Smirnov;19.11.1988;M;38811195535;Kuressaare, Saaremaa
Otto;Täht;09.09.1981;M;38109095697;Kallaste, Tartumaa
Epp;Kalamees;24.02.1997;N;49702243510;Võsu, Lääne-Virumaa
Ruslan;Vorobjov;01.05.1962;M;36205015436;Näpi, Lääne-Virumaa
Christina;Raadik;19.03.1974;N;47403199338;Ambla, Järvamaa
Helerin;Tõnisson;16.07.1991;N;49107167850;Kihelkonna, Saaremaa
Liana;Lind;27.09.1984;N;48409276336;Viru-Nigula, Lääne-Virumaa
Gert;Salumäe;14.07.1976;M;37607141821;Keila-Joa, Harjumaa
Nils;Randoja;31.05.1973;M;37305316823;Järva-Jaani, Järvamaa
Elsa;Kolk;20.12.2003;N;60312209330;Viru-Jaagupi, Lääne-Virumaa
Liisa Maria;Arrak;01.10.1961;N;46110017347;Roela, Lääne-Virumaa
Aleksander;Varik;29.05.2000;M;50005292341;Roiu, Tartumaa
Margarita;Kull;08.07.1987;N;48707083716;Viiratsi, Viljandimaa
Tanel;Viik;23.12.1968;M;36812239680;Vastseliina, Võrumaa
Even;Liivamägi;23.03.1974;M;37403233960;Kiiu, Harjumaa
Emeri;Sarapuu;26.09.1985;N;48509269437;Aruküla, Harjumaa
Lembit;Silm;13.03.1965;M;36503132014;Risti, Läänemaa
Kerttu;Lumi;18.10.1992;N;49210187901;Tori, Pärnumaa
Herman;Paal;02.03.1969;M;36903023478;Sõmerpalu, Võrumaa
Meelis;Martin;23.09.1983;M;38309231436;Klooga, Harjumaa
Simone;Paal;05.01.1962;N;46201053368;Hummuli, Valgamaa
Siim;Kaasik;29.05.1970;M;37005292963;Adavere, Jõgevamaa
Marita;Bondarenko;19.03.1996;N;49603196457;Parksepa, Võrumaa
Brandon;Sepp;22.09.2003;M;50309227816;Tudu, Lääne-Virumaa
Pilleriin;Lätt;08.04.1986;N;48604089735;Pärnu-Jaagupi, Pärnumaa
Elisabet;Kool;05.11.1998;N;49811056953;Käru, Raplamaa
Marcos;Kalmus;22.08.1960;M;36008228512;Põltsamaa, Jõgevamaa
Katarina;Roosileht;28.12.2000;N;60012289808;Alu, Raplamaa
Marite;Maripuu;04.04.2002;N;60204049545;Veriora, Põlvamaa
Hans-Kristjan;Pajula;29.11.1971;M;37111295816;Puurmani, Jõgevamaa
Cätlin;Merila;26.06.1982;N;48206262947;Parksepa, Võrumaa
Helena;Kiis;02.06.1992;N;49206029773;Sindi, Pärnumaa
Janet;Nõmmik;08.11.1968;N;46811086871;Puhja, Tartumaa
Sofja;Kolk;01.05.1961;N;46105010640;Siimusti, Jõgevamaa
Andrea;Viik;03.08.1963;N;46308038363;Kambja, Tartumaa
Maili;Raja;17.07.1960;N;46007173567;Nõo, Tartumaa
Krete;Kalda;18.04.1983;N;48304186639;Nõo, Tartumaa
Alexandre;Vahter;09.10.2000;M;50010096922;Elva, Tartumaa
Rain;Lomp;22.09.1995;M;39509221387;Haljala, Lääne-Virumaa
Virgo;Hallik;07.12.1989;M;38912079706;Leisi, Saaremaa
Johanna;Žuravljov;10.09.2002;N;60209109878;Käärdi, Tartumaa
Lars;Põld;17.05.1978;M;37805179786;Sonda, Ida-Virumaa
Elisa;Tammik;02.08.2000;N;60008029644;Antsla, Võrumaa
Ervin;Alekseev;29.07.1964;M;36407296081;Äksi, Tartumaa
Karolina;Kasemets;14.12.1989;N;48912146880;Karksi-Nuia, Viljandimaa
Margit;Korol;08.02.1996;N;49602081652;Prillimäe, Raplamaa
Ramon;Lumiste;12.04.1972;M;37204127709;Siimusti, Jõgevamaa
Tarmo;Soon;06.05.1996;M;39605062139;Kiiu, Harjumaa
Mehis;Vlassov;03.12.2000;M;50012038907;Simuna, Lääne-Virumaa
Polina;Jalakas;21.04.1999;N;49904219166;Kose-Uuemõisa, Harjumaa
Annabella;Aun;05.07.1981;N;48107050496;Märjamaa, Raplamaa
Fredi;Kozlov;16.06.2003;M;50306169015;Ülenurme, Tartumaa
Arles;Aavik;10.02.1996;M;39602109087;Kiviõli, Ida-Virumaa
Kristiina;Raud;06.08.2001;N;60108069469;Sadala, Jõgevamaa
Kristlin;Marksoo;11.08.1962;N;46208110716;Ravila, Harjumaa
Arabella;Kala;20.03.2004;N;60403208007;Vaida, Harjumaa
Ann;Kruus;01.04.1965;N;46504017929;Voka, Ida-Virumaa
Sanna;Kallaste;14.11.2008;N;60811149219;Rakke, Lääne-Virumaa
Ervin;Mark;14.02.1989;M;38902149583;Võru, Võrumaa
Enely;Säde;28.01.1999;N;49901282331;Virtsu, Läänemaa
Elise;Laht;19.02.1995;N;49502196072;Käravete, Järvamaa
Tenno;Lehiste;17.12.1960;M;36012177781;Kambja, Tartumaa
Talis;Kärner;06.11.1988;M;38811064461;Võsu, Lääne-Virumaa
Anfissa;Hunt;04.10.1996;N;49610048116;Toila, Ida-Virumaa
Ernst;Reinsalu;24.03.1993;M;39303241830;Valjala, Saaremaa
Maiko;Filatov;29.09.1966;M;36609292744;Haljala, Lääne-Virumaa
Joel;Kiik;19.01.1984;M;38401191799;Turba, Harjumaa
Erlend;Mändla;22.09.1960;M;36009221713;Saue, Harjumaa
Artjom;Jürgenson;18.11.2004;M;50411184585;Võnnu, Tartumaa
Gert;Soo;01.02.1989;M;38902019612;Lepna, Lääne-Virumaa
Kadri;Danilov;21.11.1964;N;46411215771;Hagudi, Raplamaa
Violetta;Herodes;11.06.2002;N;60206118319;Kuusalu, Harjumaa
Dagmar;Vinogradov;11.06.1995;N;49506115123;Lihula, Läänemaa
Jakob;Mäeots;25.08.1987;M;38708256144;Varstu, Võrumaa
Maiken;Sander;21.02.1966;N;46602219150;Taebla, Läänemaa
Tairi;Hein;04.11.1972;N;47211047629;Keava, Raplamaa
Artjom;Reimann;16.02.1982;M;38202165270;Kureküla, Tartumaa
Ain;Pavlov;25.10.1995;M;39510253266;Aegviidu, Harjumaa
Raiko;Toom;21.01.1970;M;37001214875;Prillimäe, Raplamaa
Johanna Maria;Voronin;02.04.1962;N;46204024275;Audru, Pärnumaa
Aet;Talts;08.11.2003;N;60311089793;Erra, Ida-Virumaa
Urmas;Suur;30.11.1975;M;37511303348;Kärla, Saaremaa
Marii;Kuningas;07.01.1994;N;49401075427;Toila, Ida-Virumaa
Markos;Ojaste;23.01.1973;M;37301232138;Aravete, Järvamaa
Ksenija;Jakovlev;10.04.1980;N;48004109068;Laekvere, Lääne-Virumaa
Anne-Mai;Pihelgas;18.06.1990;N;49006180757;Tudulinna, Ida-Virumaa
Eric;Afanasjev;20.12.1999;M;39912200861;Taebla, Läänemaa
Renate;Jegorov;20.11.1973;N;47311203945;Kärdla, Hiiumaa
Elvis;Peterson;12.02.1988;M;38802123029;Paldiski, Harjumaa
Elizabet;Veski;05.12.2002;N;60212057155;Otepää, Valgamaa
Jalmar;Luiga;07.09.1990;M;39009070643;Rapla, Raplamaa
Laura Liisa;Roosileht;15.07.1963;N;46307151483;Eidapere, Raplamaa
Anett;Markus;23.04.1964;N;46404237145;Kohtla-Nõmme, Ida-Virumaa
Marija;Konstantinov;18.08.1982;N;48208182766;Kohila, Raplamaa
Yana;Ilves;31.01.2003;N;60301318823;Karjaküla, Harjumaa
Markko;Kirsipuu;20.04.1968;M;36804205691;Väätsa, Järvamaa
Iris;Sikorski;29.02.1988;N;48802298846;Karksi-Nuia, Viljandimaa
Triin;Paap;05.10.1983;N;48310052332;Toila, Ida-Virumaa
Imre;Sild;21.05.2008;M;50805212030;Võru, Võrumaa
Merily;Antonov;11.02.1985;N;48502116538;Klooga, Harjumaa
Kadri-Liis;Laane;28.03.1988;N;48803285131;Mustvee, Jõgevamaa
Vanessa;Davõdov;27.10.2005;N;60510277450;Türi, Järvamaa
Mikael;Melnik;12.04.1963;M;36304129740;Sääse, Lääne-Virumaa
Eret;Saar;19.09.2001;N;60109192998;Voka, Ida-Virumaa
Janeli;Põder;04.07.1967;N;46707041253;Ülenurme, Tartumaa
Taago;Klein;09.02.1996;M;39602099501;Klooga, Harjumaa
Leelo;Kurm;06.10.1991;N;49110062148;Olustvere, Viljandimaa
Eleri;Kikkas;17.11.1993;N;49311178734;Suure-Jaani, Viljandimaa
Reet;Toome;30.07.1994;N;49407304814;Viljandi, Viljandimaa
Remy;Poom;29.03.1964;M;36403294908;Käina, Hiiumaa
Gennadi;Niit;23.03.1961;M;36103232679;Lagedi, Harjumaa
Armo;Sibul;06.03.2000;M;50003063210;Virtsu, Läänemaa
Marika;Vlassov;10.02.2006;N;60602107330;Tabivere, Jõgevamaa
Romet;Niit;09.03.1984;M;38403098310;Kärdla, Hiiumaa
Jekaterina;Kostin;23.07.1967;N;46707237066;Ulila, Tartumaa
Karl Jakob;Laanemets;27.06.1981;M;38106278496;Saue, Harjumaa
Julius;Uibo;14.08.1962;M;36208146979;Väimela, Võrumaa
Gerdi;Käär;14.07.2000;N;60007146294;Lohusuu, Ida-Virumaa
Linda;Sild;11.02.1980;N;48002116596;Kaiu, Raplamaa
Elis;Kulikov;06.04.1993;N;49304068915;Lihula, Läänemaa
Rihard;Kokk;02.01.2004;M;50401020017;Kudjape, Saaremaa
Brenda;Baskin;13.03.1996;N;49603130522;Lelle, Raplamaa
Ian;Jermakov;15.10.1987;M;38710154145;Vinni, Lääne-Virumaa
Katharina;Puusepp;21.07.1986;N;48607215744;Räpina, Põlvamaa
Dominik;Sirel;20.04.2005;M;50504207984;Tõstamaa, Pärnumaa
Meriliis;Liiv;01.03.1997;N;49703015862;Tudu, Lääne-Virumaa
Lea;Nurm;19.01.1983;N;48301193831;Keila, Harjumaa
Kadri-Liis;Talts;15.09.2004;N;60409158219;Ämari, Harjumaa
Artjom;Saar;25.08.1960;M;36008254910;Lihula, Läänemaa
Alari;Saul;29.10.2002;M;50210291686;Tootsi, Pärnumaa
Ursula;Jaanus;20.12.1999;N;49912200729;Haapsalu, Läänemaa
Leon;Vinogradov;11.11.1974;M;37411119235;Mustvee, Jõgevamaa
Triin;Kalinin;05.10.1986;N;48610055180;Abja-Paluoja, Viljandimaa
Marit;Piho;28.12.1987;N;48712282710;Narva, Ida-Virumaa
Risto;Lehtla;18.08.2008;M;50808189217;Ravila, Harjumaa
Anders;Prikk;09.06.1973;M;37306093455;Are, Pärnumaa
Vjatšeslav;Tamberg;18.07.1963;M;36307187992;Ilmatsalu, Tartumaa
Elsa;Soon;04.03.1986;N;48603041666;Jõgeva, Jõgevamaa
Trinity;Sirel;21.01.1962;N;46201215448;Kiili, Harjumaa
Kaileen;Kodres;30.09.1961;N;46109307004;Ahja, Põlvamaa
Martti;Põllu;02.03.1999;M;39903029794;Roosna-Alliku, Järvamaa
Miia;Lass;10.11.2003;N;60311107735;Viru-Jaagupi, Lääne-Virumaa
Märten;Müür;06.04.1994;M;39404061515;Ahja, Põlvamaa
Keiti;Kriisa;09.09.2008;N;60809099754;Lavassaare, Pärnumaa
Heikki;Klavan;27.09.1975;M;37509277731;Prillimäe, Raplamaa
Eva Lotta;Lindgren;22.01.1991;N;49101229593;Eidapere, Raplamaa
Deniss;Kool;26.10.1993;M;39310260148;Kuusalu, Harjumaa
Tanel;Kask;13.01.1991;M;39101136030;Laekvere, Lääne-Virumaa
Rebekka;Aasmäe;11.10.1981;N;48110113067;Sindi, Pärnumaa
Sigmar;Leis;06.01.1960;M;36001067884;Kudjape, Saaremaa
Carol;Belov;10.03.1960;N;46003107670;Mooste, Põlvamaa
Karl Oskar;Kirsipuu;25.10.2005;M;50510259672;Lüganuse, Ida-Virumaa
Vera;Viik;23.11.1990;N;49011236884;Tihemetsa, Pärnumaa
Geidi;Liiv;09.10.1967;N;46710090090;Tammiku, Ida-Virumaa
Janne;Kriisa;23.06.2007;N;60706235092;Varnja, Tartumaa
Vadim;Pärnpuu;01.01.1966;M;36601015219;Kuusalu, Harjumaa
Arkadi;Hõbe;23.01.1999;M;39901231621;Kiili, Harjumaa
Eero;Filippov;14.07.1962;M;36207148892;Roosna-Alliku, Järvamaa
Keidi;Konovalov;16.03.1989;N;48903166283;Aravete, Järvamaa
Elise;Pavlov;18.09.1976;N;47609187534;Kose, Võrumaa
Andre;Nikitin;06.05.1974;M;37405068806;Värska, Põlvamaa
Voldemar;Semenov;23.05.1976;M;37605230819;Kangru, Harjumaa
Enrico;Kangur;25.11.1967;M;36711251100;Kiiu, Harjumaa
Arnold;Panov;21.04.1987;M;38704219869;Võnnu, Tartumaa
Anna;Jermakov;10.07.1967;N;46707106661;Lagedi, Harjumaa
Kelli;Pettai;14.04.1968;N;46804142790;Puka, Valgamaa
Mario;Konovalov;07.01.1972;M;37201073996;Võhma, Viljandimaa
Revo;Afanasjev;16.02.2008;M;50802161569;Lavassaare, Pärnumaa
Nadežda;Käsper;05.09.1986;N;48609050764;Haapsalu, Läänemaa
Maiken;Jalakas;03.06.1998;N;49806036189;Kõrgessaare, Hiiumaa
Ian;Kiik;10.10.1995;M;39510107383;Kureküla, Tartumaa
Hannah;Teearu;14.09.1970;N;47009140166;Aste, Saaremaa
Jan-Erik;Poljakov;05.12.1980;M;38012058480;Adavere, Jõgevamaa
Sirle;Lipp;20.04.2007;N;60704201849;Võru, Võrumaa
Patrik;Orlov;03.01.1988;M;38801034912;Võru, Võrumaa
Eneli;Žukov;18.01.1991;N;49101186230;Kehra, Harjumaa
Milana;Gerassimov;09.02.1997;N;49702091910;Pärnu, Pärnumaa
Karl Oskar;Kiik;30.09.1965;M;36509301414;Märjamaa, Raplamaa
Einar;Männiste;20.06.1996;M;39606209585;Rakvere, Lääne-Virumaa
Kariina;Männiste;16.02.2007;N;60702160248;Antsla, Võrumaa
Randel;Lehiste;20.01.1962;M;36201204687;Jõgeva, Jõgevamaa
Käti;Adamson;02.05.2006;N;60605025114;Kohtla-Järve, Ida-Virumaa
Kertu;Kokk;29.01.1972;N;47201294626;Otepää, Valgamaa
Enriko;Uibo;12.11.2002;M;50211125521;Palivere, Läänemaa
Cristina;Paal;31.10.1963;N;46310317924;Vasalemma, Harjumaa
Danel;Vaher;31.08.1992;M;39208310932;Uhtna, Lääne-Virumaa
Felix;Drozdov;27.01.2000;M;50001276275;Laiuse, Jõgevamaa
Grethel;Raidma;19.01.1993;N;49301190356;Virtsu, Läänemaa
Anabel;Zujev;06.01.1977;N;47701063634;Hageri, Raplamaa
Hannela;Hõbe;06.06.2007;N;60706062187;Vana-Antsla, Võrumaa
Sofia;Kurm;19.10.1974;N;47410196933;Kiili, Harjumaa
Hardi;Aru;27.09.1983;M;38309278154;Käravete, Järvamaa
Melissa;Ignatjev;15.07.1966;N;46607156763;Räpina, Põlvamaa
Fjodor;Meister;01.08.1985;M;38508018418;Võiste, Pärnumaa
Ronan;Hoffmann;09.07.2003;M;50307091227;Adavere, Jõgevamaa
Maili;Lehtla;26.10.1964;N;46410268212;Haabneeme, Harjumaa
Anastassija;Luht;12.05.1981;N;48105128109;Püssi, Ida-Virumaa
Evelina;Võsu;11.02.2000;N;60002114030;Misso, Võrumaa
Erich;Reimann;21.06.1972;M;37206216728;Paralepa, Läänemaa
Ingvar;Abel;17.04.1983;M;38304177473;Tõstamaa, Pärnumaa
Taniel;Klein;23.06.1967;M;36706235758;Erra, Ida-Virumaa
Annabell;Stepanov;01.07.1985;N;48507014243;Tudu, Lääne-Virumaa
Svjatoslav;Piho;30.03.1983;M;38303302049;Hulja, Lääne-Virumaa
Elari;Sirel;03.07.1971;M;37107036896;Sõmerpalu, Võrumaa
Heleriin;Kruus;21.11.1978;N;47811210240;Särevere, Järvamaa
Gregor;Männik;22.07.1999;M;39907222688;Prillimäe, Raplamaa
Markus;Nõmmik;08.11.2001;M;50111082928;Antsla, Võrumaa
Meeli;Treier;09.04.1964;N;46404092684;Häädemeeste, Pärnumaa
Elari;Karpova;04.09.1981;M;38109041078;Orissaare, Saaremaa
Avely;Mikelsaar;01.07.1970;N;47007019403;Veriora, Põlvamaa
Ivar;Koitla;24.09.1966;M;36609241888;Ravila, Harjumaa
Ketlin;Poljakov;21.09.1967;N;46709215033;Vaida, Harjumaa
Renar;Kilk;24.07.1980;M;38007248851;Oisu, Järvamaa
Kersti;Piir;16.01.1972;N;47201161000;Räpina, Põlvamaa
Julia;Pruul;07.02.1980;N;48002074825;Kolga-Jaani, Viljandimaa
Miina;Sergejev;03.12.1998;N;49812039752;Näpi, Lääne-Virumaa
August;Jegorov;14.12.1973;M;37312149716;Otepää, Valgamaa
Markkus;Kaljurand;09.11.1993;M;39311096688;Kiisa, Harjumaa
Ruth;Anderson;29.04.2005;N;60504297178;Kiviõli, Ida-Virumaa
Reti;Randmaa;29.05.1986;N;48605298181;Juuru, Raplamaa
Maarit;Aakre;27.07.1980;N;48007271322;Eidapere, Raplamaa
Andry;Jaakson;30.06.1990;M;39006309753;Antsla, Võrumaa
Helin;Andreev;04.03.1975;N;47503046724;Risti, Läänemaa
Eveli;Vahter;12.11.1974;N;47411120350;Sangaste, Valgamaa
Katriin;Susi;22.04.1964;N;46404226206;Kose, Harjumaa
Art;Toomsalu;13.12.1986;M;38612130070;Uhtna, Lääne-Virumaa
Jaanika;Org;29.10.1986;N;48610291904;Abja-Paluoja, Viljandimaa
Sofja;Pulk;03.06.1986;N;48606034969;Alatskivi, Tartumaa
Nele;Pruul;22.01.1993;N;49301224281;Rakke, Lääne-Virumaa
Elmar;Roos;02.11.2005;M;50511020770;Sõmeru, Lääne-Virumaa
Uljana;Simson;20.08.1960;N;46008202102;Laagri, Harjumaa
Darja;Toomsalu;17.05.2005;N;60505175961;Paide, Järvamaa
Elen;Post;21.08.1972;N;47208218870;Viimsi, Harjumaa
Oliver;Sillaste;25.02.1969;M;36902257114;Parksepa, Võrumaa
Jennifer;Markus;05.05.2000;N;60005055207;Aegviidu, Harjumaa
Lisette;Põdra;16.08.1972;N;47208168445;Paikuse, Pärnumaa
Aap;Alas;10.04.1991;M;39104101813;Võru, Võrumaa
Angelina;Panov;30.04.1995;N;49504300907;Rapla, Raplamaa
Sten-Markus;Lauri;08.11.1988;M;38811081301;Kiiu, Harjumaa
Kätrin;Kuuse;11.07.1980;N;48007119166;Särevere, Järvamaa
Katre;Dmitriev;05.09.1969;N;46909056251;Ahja, Põlvamaa
Marily;Teras;08.04.2002;N;60204085101;Veriora, Põlvamaa
Maarit;Kiik;12.08.1988;N;48808122624;Kangru, Harjumaa
Timofei;Lotman;07.11.1984;M;38411073200;Orissaare, Saaremaa
Andi;Tiik;11.10.1971;M;37110113657;Sauga, Pärnumaa
Gretel;Jakovlev;16.09.1989;N;48909167238;Riisipere, Harjumaa
Kairi;Kukk;15.01.1976;N;47601157370;Harku, Harjumaa
Anna;Kivimäe;08.07.1981;N;48107085264;Jõhvi, Ida-Virumaa
Silva;Kolk;18.09.1991;N;49109188084;Kõpu, Viljandimaa
Anneli;Järve;17.12.1991;N;49112171817;Vana-Antsla, Võrumaa
Nikita;Truu;17.10.1960;M;36010170599;Kehra, Harjumaa
Karen;Järve;28.12.1985;N;48512285441;Sauga, Pärnumaa
Sören;Jõgi;25.03.1963;M;36303250181;Sinimäe, Ida-Virumaa
Merje;Kirillov;06.01.1994;N;49401068968;Kanepi, Põlvamaa
Mariel;Sorokin;12.10.1966;N;46610129441;Pärnu, Pärnumaa
Raner;Koppel;12.09.1983;M;38309120919;Koeru, Järvamaa
Cärol;Reinke;03.02.1982;N;48202038264;Lähte, Tartumaa
Kadri-Liis;Uus;20.09.1976;N;47609204775;Järva-Jaani, Järvamaa
Loore;Poljakov;12.03.1998;N;49803127307;Salme, Saaremaa
Julia;Kikkas;16.09.1986;N;48609168168;Ravila, Harjumaa
Andre;Org;21.08.1991;M;39108218996;Elva, Tartumaa
Tim;Uibo;19.03.1964;M;36403198553;Järvakandi, Raplamaa
Mirjam;Safronov;10.12.1986;N;48612105899;Kuusiku, Raplamaa
Carina;Sirel;17.08.2006;N;60608171748;Loksa, Harjumaa
Kätlin;Pikk;05.07.1969;N;46907053334;Mooste, Põlvamaa
Trinity;Erm;21.09.1961;N;46109215879;Taebla, Läänemaa
Kaur;Sarapuu;27.04.1973;M;37304275399;Aravete, Järvamaa
Mihail;Green;13.02.1984;M;38402139548;Sonda, Ida-Virumaa
Karita;Paas;15.11.2000;N;60011158123;Sauga, Pärnumaa
Arvi;Dmitriev;08.10.1970;M;37010086483;Kostivere, Harjumaa
Riivo;Gorbunov;27.10.2005;M;50510275529;Vändra, Pärnumaa
Natalia;Abramov;02.08.1964;N;46408025998;Vinni, Lääne-Virumaa
Roberta;Vaht;22.05.1994;N;49405220781;Sääse, Lääne-Virumaa
Anna-Maria;Meister;09.01.1975;N;47501099279;Sindi, Pärnumaa
Sten Martin;Kohv;04.12.1979;M;37912047909;Keava, Raplamaa
Risto;Mäesalu;09.03.1989;M;38903097030;Kangru, Harjumaa
Valentina;Veski;12.02.1962;N;46202120131;Vasalemma, Harjumaa
Emilia;Mädamürk;30.11.1968;N;46811305878;Hagudi, Raplamaa
Ardi;Karpov;28.12.1968;M;36812285303;Kohtla-Järve, Ida-Virumaa
Raina;Tiik;21.05.1963;N;46305216443;Olustvere, Viljandimaa
Simo;Täht;27.11.1986;M;38611276726;Aegviidu, Harjumaa
Maarek;Jakobson;11.02.1982;M;38202118028;Assaku, Harjumaa
Tormi;Lääts;14.10.1998;M;39810141126;Luunja, Tartumaa
Vjatšeslav;Ossipov;14.10.1960;M;36010142332;Saku, Harjumaa
Julija;Raidma;19.02.1972;N;47202196862;Ülenurme, Tartumaa
Tony;Kirss;04.09.1987;M;38709046895;Vana-Antsla, Võrumaa
Helena;Leis;15.10.1964;N;46410152956;Kambja, Tartumaa
Elvira;Klein;29.05.1974;N;47405292351;Kõpu, Viljandimaa
Karen;Pent;21.10.1975;N;47510216244;Puurmani, Jõgevamaa
Toomas;Laan;15.08.1960;M;36008154219;Tallinn, Harjumaa
Helen;Maslov;14.11.1970;N;47011145484;Raasiku, Harjumaa
Daniil;Lang;14.01.1994;M;39401141446;Vastse-Kuuste, Põlvamaa
Lidia;Hein;29.06.2003;N;60306290469;Viiratsi, Viljandimaa
Maido;Sikorski;24.05.1968;M;36805246718;Taebla, Läänemaa
Edith;Jürgenson;08.05.2005;N;60505080315;Käina, Hiiumaa
Lidia;Mandel;11.07.1975;N;47507111521;Pärnu, Pärnumaa
Helerin;Lang;13.03.1971;N;47103135513;Vinni, Lääne-Virumaa
Nikita;Kalmus;01.11.1961;M;36111012200;Are, Pärnumaa
Karl-Martin;Palm;26.08.1987;M;38708260960;Ahja, Põlvamaa
Valeriya;Andreev;13.11.1963;N;46311136975;Puurmani, Jõgevamaa
Lii;Väli;08.05.2007;N;60705089788;Keava, Raplamaa
Mariel;Jõe;22.10.1992;N;49210227334;Loksa, Harjumaa
Geili;Beljajev;25.10.1993;N;49310254151;Pajusti, Lääne-Virumaa
Saveli;Lepp;15.02.2004;M;50402159631;Pajusti, Lääne-Virumaa
Eliisabeth;Kask;01.06.1972;N;47206015502;Järvakandi, Raplamaa
Dmitri;Alekseev;04.10.2007;M;50710040185;Palamuse, Jõgevamaa
Edvin;Lipp;24.02.2001;M;50102240499;Olustvere, Viljandimaa
Gretel;Beljajev;18.04.1975;N;47504184085;Kohtla-Nõmme, Ida-Virumaa
Riivo;Golubev;01.07.1999;M;39907014565;Põltsamaa, Jõgevamaa
Sten Martin;Kruus;18.06.1994;M;39406182107;Kihelkonna, Saaremaa
Taisi;Kisseljov;13.04.1989;N;48904132738;Sonda, Ida-Virumaa
Dan;Kuzmin;31.03.1994;M;39403314430;Abja-Paluoja, Viljandimaa
Carmel;Parts;20.09.1988;N;48809201371;Veriora, Põlvamaa
Egle;Sild;30.09.1969;N;46909303746;Tamsalu, Lääne-Virumaa
Christer;Kikkas;28.06.1995;M;39506281161;Rakke, Lääne-Virumaa
Aron;Naumov;07.10.1989;M;38910074600;Pärnu, Pärnumaa
Ethel;Lehtla;12.10.1979;N;47910129630;Lihula, Läänemaa
Liia;Uus;17.06.1971;N;47106172575;Abja-Paluoja, Viljandimaa
Janelle;Sikk;23.04.1998;N;49804230050;Tudu, Lääne-Virumaa
Elena;Liivak;18.03.2005;N;60503185056;Varstu, Võrumaa
Cätlin;Laine;15.02.1984;N;48402159255;Misso, Võrumaa
Karoli;Sikk;09.08.2005;N;60508094741;Vändra, Pärnumaa
Cätlin;Kuuse;13.01.1977;N;47701135395;Virtsu, Läänemaa
Annett;Reimann;17.08.1962;N;46208174070;Äksi, Tartumaa
Geili;Tomingas;29.03.2008;N;60803291610;Ämari, Harjumaa
Sven Erik;Kolesnik;27.02.1966;M;36602276838;Ämari, Harjumaa
Randel;Melnik;08.09.1962;M;36209083383;Keava, Raplamaa
Käti;Abbt;27.08.2000;N;60008271999;Tabivere, Jõgevamaa
Mihail;Dmitriev;29.01.2006;M;50601298360;Roiu, Tartumaa
Kaimar;Kull;17.02.2000;M;50002178310;Vändra, Pärnumaa
Janari;Maksimov;07.11.1997;M;39711075621;Tsirguliina, Valgamaa
Enriko;Suvi;21.02.1961;M;36102211743;Lelle, Raplamaa
Jörgen;Mann;23.10.1967;M;36710233146;Siimusti, Jõgevamaa
Mariin;Pikk;02.12.1981;N;48112024788;Nasva, Saaremaa
Kristjan;Klimov;03.11.1994;M;39411032752;Rõngu, Tartumaa
Liise;Varik;28.07.1972;N;47207282528;Rakke, Lääne-Virumaa
Vladislava;Toome;09.04.1996;N;49604095241;Lepna, Lääne-Virumaa
Karen;Denissov;01.12.1991;N;49112012925;Tõstamaa, Pärnumaa
Ron;Jõgi;16.08.1979;M;37908168982;Narva, Ida-Virumaa
Grigori;Paas;15.10.2006;M;50610156214;Iisaku, Ida-Virumaa
Ailen;Bogdanov;03.06.1989;N;48906035844;Tõrvandi, Tartumaa
Erle;Kink;01.12.1974;N;47412013340;Lihula, Läänemaa
Christopher;Müürsepp;01.02.1968;M;36802015870;Suure-Jaani, Viljandimaa
Sten-Markus;Sillaots;05.08.1984;M;38408059835;Jõgeva, Jõgevamaa
Deniss;Palu;28.10.1999;M;39910280422;Eidapere, Raplamaa
Dana;Vähi;31.12.1987;N;48712312331;Saku, Harjumaa
Kalev;Mann;07.09.2004;M;50409077380;Kambja, Tartumaa
Karl Oskar;Jaanson;16.02.2007;M;50702165404;Sadala, Jõgevamaa
Lauri;Õun;22.06.2004;M;50406225856;Kunda, Lääne-Virumaa
Olivia;Markson;01.04.2008;N;60804013610;Aseri, Ida-Virumaa
Violeta;Ojaste;01.10.1994;N;49410015359;Iisaku, Ida-Virumaa
Arabella;Lokk;29.10.1982;N;48210296054;Parksepa, Võrumaa
Brenda;Jõgi;02.07.1977;N;47707021189;Pärnu, Pärnumaa
Kristiin;Vahter;03.02.1996;N;49602039757;Mooste, Põlvamaa
Evelyn;Koger;28.02.2004;N;60402282358;Rannu, Tartumaa
Johanna;Kirs;03.04.1999;N;49904033549;Vinni, Lääne-Virumaa
Elo;Rosin;26.09.1971;N;47109266494;Võõpsu, Põlvamaa
Karl Kristjan;Oja;09.08.1981;M;38108091749;Ravila, Harjumaa
Ranar;Allas;30.05.2001;M;50105309046;Kadrina, Lääne-Virumaa
Kristiina;Salumets;11.10.1964;N;46410111375;Tudu, Lääne-Virumaa
Helari;Naumov;18.08.1984;M;38408189667;Vana-Antsla, Võrumaa
Cristina;Sibul;07.06.2001;N;60106079202;Kaiu, Raplamaa
Mariin;Raid;13.04.1990;N;49004132047;Ämari, Harjumaa
Mai-Liis;Silm;19.11.2008;N;60811196194;Kangru, Harjumaa
Artur;Moor;25.08.1985;M;38508256488;Kangru, Harjumaa
Annaliis;Visnapuu;07.10.1992;N;49210074092;Võsu, Lääne-Virumaa
Keiu;Hõbe;04.01.1969;N;46901044914;Jõgeva, Jõgevamaa
Anna-Liis;Kolesnik;26.05.1975;N;47505260022;Ravila, Harjumaa
Tauri;Lotman;09.04.1965;M;36504099539;Luunja, Tartumaa
Rainis;Frolov;03.02.1990;M;39002037287;Aravete, Järvamaa
Margot;Štšerbakov;29.04.2004;N;60404297265;Võhma, Viljandimaa
Karlis;Reimann;27.11.1980;M;38011275915;Saue, Harjumaa
Ivo;Abbt;05.07.1983;M;38307053801;Võnnu, Tartumaa
Adeele;Nõmm;01.11.2008;N;60811011949;Kehra, Harjumaa
Gea;Kalmus;15.03.1988;N;48803153037;Räpina, Põlvamaa
Allan;Võsu;19.01.1992;M;39201199475;Näpi, Lääne-Virumaa
Ermo;Vorobjov;02.03.1991;M;39103020922;Avinurme, Ida-Virumaa
Carolin;Timofejev;13.03.1996;N;49603139968;Kose-Uuemõisa, Harjumaa
Simon;Johanson;13.05.1964;M;36405131792;Prillimäe, Raplamaa
Frederik;Rätsep;29.05.1979;M;37905296638;Võru, Võrumaa
Geidy;Varik;10.06.1997;N;49706107061;Tabivere, Jõgevamaa
Maido;Gorbunov;26.12.1970;M;37012265402;Kadrina, Lääne-Virumaa
Geir;Ojala;13.04.1997;M;39704139165;Maardu, Harjumaa
Robi;Mark;26.05.2006;M;50605262562;Mustla, Viljandimaa
Heidy;Lõhmus;10.11.1993;N;49311102112;Varstu, Võrumaa
Elari;Must;14.01.2006;M;50601147109;Kureküla, Tartumaa
Albert;Koitla;08.01.1967;M;36701087452;Pärnu-Jaagupi, Pärnumaa
Raivo;Kärner;15.06.1965;M;36506152599;Vasalemma, Harjumaa
Ander;Männik;27.04.1975;M;37504276396;Viljandi, Viljandimaa
Patrick;Ilves;25.07.1994;M;39407256089;Varnja, Tartumaa
Signe;Klaas;04.03.1961;N;46103044064;Luige, Harjumaa
Gertu;Kaljuste;16.08.1996;N;49608164812;Türi, Järvamaa
Ranar;Roosileht;27.06.1982;M;38206277723;Viljandi, Viljandimaa
Kristi;Merila;25.10.2006;N;60610250098;Viiratsi, Viljandimaa
Piret;Kostin;11.03.2000;N;60003110254;Kilingi-Nõmme, Pärnumaa
Grete-Liis;Palm;21.10.2001;N;60110219792;Adavere, Jõgevamaa
Jarno;Mercklin;20.09.1972;M;37209201629;Tihemetsa, Pärnumaa
Cärol;Jegorov;07.10.1989;N;48910077319;Keila, Harjumaa
Christer;Käärik;14.08.1991;M;39108144000;Abja-Paluoja, Viljandimaa
Toomas;Hanson;14.01.1986;M;38601141290;Olgina, Ida-Virumaa
Karl Johan;Vorobjov;19.07.1981;M;38107192538;Rakvere, Lääne-Virumaa
Kennet;Härm;27.10.1990;M;39010272910;Koeru, Järvamaa
August;Loorits;11.06.2005;M;50506112203;Loksa, Harjumaa
Stiina;Beljajev;25.01.1968;N;46801252796;Väimela, Võrumaa
Annabell;Lunin;15.04.1995;N;49504159966;Tõstamaa, Pärnumaa
Oksana;Õun;05.01.2000;N;60001054537;Paldiski, Harjumaa
Urmo;Herodes;19.07.1964;M;36407197726;Sinimäe, Ida-Virumaa
Robert;Suur;05.07.1980;M;38007059477;Häädemeeste, Pärnumaa
Sergei;Mändla;05.08.2008;M;50808059615;Varnja, Tartumaa
Sandra;Valge;29.06.1964;N;46406290424;Käärdi, Tartumaa
Tiina;Antonov;08.09.1960;N;46009089998;Lelle, Raplamaa
Õnnela;Kohv;02.10.1972;N;47210020409;Kanepi, Põlvamaa
Miko;Lepik;17.06.2004;M;50406172971;Valga, Valgamaa
Karolina;Rebane;29.07.1997;N;49707290241;Kuusalu, Harjumaa
Laura;Malõšev;03.06.1965;N;46506033919;Kuressaare, Saaremaa
Ülari;Sulg;11.06.1984;M;38406116838;Kasepää, Tartumaa
Gloria;Bõstrov;19.12.1999;N;49912196995;Orissaare, Saaremaa
Ardo;Järve;25.10.1980;M;38010258913;Ravila, Harjumaa
Edgar;Heinsoo;01.11.1998;M;39811012885;Kärdla, Hiiumaa
Daniil;Mihhailov;21.08.1988;M;38808213648;Räpina, Põlvamaa
Alexander;Palm;18.04.1966;M;36604181554;Paralepa, Läänemaa
Gregor;Gusev;26.07.1985;M;38507269515;Kadrina, Lääne-Virumaa
Christopher;Klaas;12.05.1963;M;36305121644;Keila-Joa, Harjumaa
Sireli;Jarvis;16.05.1995;N;49505162404;Kiiu, Harjumaa
Regiina;Aun;17.03.1984;N;48403177827;Türi, Järvamaa
Aljona;Kurvits;03.01.1965;N;46501031192;Torma, Jõgevamaa
Heidy;Oks;05.03.1970;N;47003057635;Kunda, Lääne-Virumaa
Enrico;Green;16.06.1967;M;36706162978;Väike-Maarja, Lääne-Virumaa
Anette;Mann;27.06.1969;N;46906273312;Palivere, Läänemaa
Matis;Vinogradov;12.10.1995;M;39510127186;Assaku, Harjumaa
Otto;Hoffmann;20.01.1972;M;37201201608;Nasva, Saaremaa
Martin;Hanson;01.11.2006;M;50611019601;Kärdla, Hiiumaa
Markel;Nurk;28.01.1997;M;39701285217;Sangaste, Valgamaa
Uljana;Taal;19.03.1977;N;47703197427;Ämari, Harjumaa
Triinu-Liis;Matvejev;06.09.1965;N;46509065691;Haapsalu, Läänemaa
Mariel;Danilov;05.07.1988;N;48807055196;Käina, Hiiumaa
Fred;Gontšarov;21.01.1968;M;36801215439;Lihula, Läänemaa
Märt;Marksoo;18.05.1994;M;39405186423;Aravete, Järvamaa
Andres;Kuzmin;23.08.1985;M;38508232475;Uhtna, Lääne-Virumaa
Marleen;Kadak;24.12.2001;N;60112247918;Hagudi, Raplamaa
Margareth;Fedotov;30.03.2005;N;60503303312;Kõrveküla, Tartumaa
Jevgeni;Lukin;14.01.1998;M;39801144227;Sillamäe, Ida-Virumaa
Ergo;Viik;03.09.1971;M;37109032751;Aste, Saaremaa
Egon;Rein;30.08.1978;M;37808302997;Kõpu, Viljandimaa
Liilia;Zahharov;08.06.1977;N;47706088998;Tootsi, Pärnumaa
Loora;Laanemets;30.03.1965;N;46503306520;Vastseliina, Võrumaa
Marcos;Laks;10.06.1984;M;38406103142;Häädemeeste, Pärnumaa
Luisa;Õun;13.11.1970;N;47011137615;Puurmani, Jõgevamaa
Heleriin;Männik;15.05.1978;N;47805155181;Haljala, Lääne-Virumaa
Gendra;Villemson;27.12.1977;N;47712275024;Tabivere, Jõgevamaa
Markkus;Baskin;20.10.1969;M;36910209878;Võõpsu, Põlvamaa
Inna;Drozdov;11.12.1985;N;48512115846;Peetri, Järvamaa
Matthias;Nikitin;01.10.1975;M;37510014587;Ambla, Järvamaa
Juhan;Mädamürk;11.11.1963;M;36311111651;Kolkja, Tartumaa
Mait;Hanson;03.10.2004;M;50410032990;Orissaare, Saaremaa
Daniella;Maack;16.06.2008;N;60806161905;Varnja, Tartumaa
Villem;Puusepp;26.09.1980;M;38009264776;Õisu, Viljandimaa
Moonika;Aun;08.12.2000;N;60012089039;Ravila, Harjumaa
Arkadi;Kodres;02.07.1997;M;39707023945;Tõravere, Tartumaa
Pille;Kallas;31.03.2005;N;60503319487;Mäetaguse, Ida-Virumaa
Ivika;Mõttus;23.02.1968;N;46802237588;Mustla, Viljandimaa
Lisbeth;Kolesnik;15.12.1967;N;46712156851;Loo, Harjumaa
Jessica;Ivask;03.04.1987;N;48704035302;Kehtna, Raplamaa
Alexey;Urb;09.05.1960;M;36005099942;Palivere, Läänemaa
Mairo;Koort;10.05.1992;M;39205109733;Rõngu, Tartumaa
Gertrud;Lomp;24.05.1973;N;47305247568;Haapsalu, Läänemaa
Ken;Laane;04.11.1990;M;39011047925;Äksi, Tartumaa
Deivi;Niit;07.04.1971;N;47104072980;Särevere, Järvamaa
Albert;Mironov;23.11.2004;M;50411234760;Kaerepere, Raplamaa
Ave;Nõmm;18.01.1979;N;47901185990;Kobela, Võrumaa
Martti;Pettai;04.02.1988;M;38802046373;Kiltsi, Lääne-Virumaa
Kardo;Leht;01.07.1974;M;37407014265;Tudu, Lääne-Virumaa
Taago;Tamme;18.04.2000;M;50004187196;Näpi, Lääne-Virumaa
Jorma;Abbt;26.08.1994;M;39408268215;Märja, Tartumaa
Dmitri;Fedorov;02.01.1999;M;39901026674;Tõrvandi, Tartumaa
Anastasiya;Org;01.07.1992;N;49207011721;Hagudi, Raplamaa
Riina;Merila;12.02.2008;N;60802129997;Kanepi, Põlvamaa
Taniel;Hunt;05.08.2006;M;50608056676;Särevere, Järvamaa
Julia;Martinson;09.08.1962;N;46208095604;Helme, Valgamaa
Yana;Rohtla;15.11.2007;N;60711153551;Saue, Harjumaa
Cärol;Ploom;28.02.2002;N;60202284606;Olgina, Ida-Virumaa
Kerti;Anderson;06.12.1962;N;46212069505;Värska, Põlvamaa
Üllar;Paap;16.04.1974;M;37404161085;Vändra, Pärnumaa
Pavel;Käär;12.11.1969;M;36911122234;Käru, Raplamaa
Taaniel;Green;02.08.1989;M;38908029884;Hulja, Lääne-Virumaa
Jarl;Kozlov;29.08.1965;M;36508297891;Antsla, Võrumaa
Armin;Nõmmik;29.06.1960;M;36006298189;Aruküla, Harjumaa
Simona;Laht;01.01.1970;N;47001012736;Palamuse, Jõgevamaa
Eerika;Mäeots;09.09.1962;N;46209098094;Rõngu, Tartumaa
Grethel;Kasak;14.11.1978;N;47811147763;Oisu, Järvamaa
Artur;Suur;08.04.1996;M;39604087772;Vastse-Kuuste, Põlvamaa
Milena;Frolov;11.09.2004;N;60409111059;Kanepi, Põlvamaa
Marlen;Tiits;25.04.1985;N;48504257823;Roiu, Tartumaa
Hardi;Sidorov;23.10.2003;M;50310236777;Pajusti, Lääne-Virumaa
Geidy;Raudsepp;04.04.1990;N;49004049519;Mooste, Põlvamaa
Ayrton;Must;09.07.1961;M;36107097123;Põltsamaa, Jõgevamaa
Liilia;Põllu;08.05.2005;N;60505081638;Kehra, Harjumaa
Ander;Järvesaar;07.02.1977;M;37702077925;Tallinn, Harjumaa
Cristofer;Urb;21.03.1961;M;36103210594;Puhja, Tartumaa
Karet;Fjodorov;24.08.1973;N;47308244373;Halliste, Viljandimaa
Alika;Laur;18.02.1986;N;48602180322;Rõuge, Võrumaa
Carolina;Kruglov;17.01.1988;N;48801171382;Kolga, Harjumaa
Martin;Ernits;21.12.1989;M;38912219239;Harku, Harjumaa
Elise;Marksoo;22.04.2003;N;60304224262;Kärla, Saaremaa
Grete;Järv;28.07.1971;N;47107286981;Jõgeva, Jõgevamaa
Daisi;Jermakov;20.04.1978;N;47804202483;Tartu, Tartumaa
Georgi;Sulg;01.08.1963;M;36308014845;Kärla, Saaremaa
Ain;Raud;09.02.1988;M;38802099846;Kuusiku, Raplamaa
Ahti;Randmaa;03.11.1991;M;39111038908;Palamuse, Jõgevamaa
Karmel;Kattai;19.11.2007;N;60711198246;Kunda, Lääne-Virumaa
Elvira;Moor;08.12.1987;N;48712084361;Tallinn, Harjumaa
Vlad;Oks;22.08.2007;M;50708226116;Ahja, Põlvamaa
Maksim;Leht;02.03.1994;M;39403029461;Eidapere, Raplamaa
Ervin;Erm;21.07.2000;M;50007217264;Nasva, Saaremaa
Airi;Valge;13.03.2002;N;60203134411;Kose, Harjumaa
Jessica;Vaht;12.04.2008;N;60804126004;Viru-Nigula, Lääne-Virumaa
Christer;Lehiste;24.09.2007;M;50709243424;Räpina, Põlvamaa
Laura-Liisa;Simm;11.07.1996;N;49607118609;Püssi, Ida-Virumaa
Kerly;Klimov;06.01.1969;N;46901069811;Käru, Raplamaa
Märten;Romanov;06.06.1994;M;39406061125;Veriora, Põlvamaa
Üllar;Meier;23.03.1991;M;39103233506;Sauga, Pärnumaa
Rasmus;Luht;25.01.1979;M;37901255663;Kehtna, Raplamaa
Ingmar;Martin;07.05.1987;M;38705072036;Pärnu, Pärnumaa
Emma;Lill;22.08.1973;N;47308223810;Lepna, Lääne-Virumaa
Maik;Bondarenko;12.12.1970;M;37012121724;Vana-Antsla, Võrumaa
Romet;Piir;30.04.1981;M;38104307191;Väätsa, Järvamaa
Ketlin;Tuul;03.09.1974;N;47409030852;Kostivere, Harjumaa
Kaspar;Raja;20.02.1961;M;36102204577;Sadala, Jõgevamaa
Karin;Kiik;07.08.1986;N;48608077375;Laekvere, Lääne-Virumaa
Kätriin;Solovjov;22.09.1967;N;46709222645;Kiili, Harjumaa
Janika;Kalamees;08.09.1999;N;49909089916;Palivere, Läänemaa
Silja;Kutsar;29.02.1992;N;49202295113;Võru, Võrumaa
Valter;Raud;22.08.1963;M;36308223015;Hulja, Lääne-Virumaa
Hans Erik;Sillaots;20.02.1966;M;36602206805;Puurmani, Jõgevamaa
Simon;Kangur;16.01.1969;M;36901161438;Kolga, Harjumaa
Maksim;Smirnov;25.06.1999;M;39906259928;Kobela, Võrumaa
Vitali;Põldma;14.07.2007;M;50707149362;Võru, Võrumaa
Riho;Kalda;01.01.1985;M;38501011725;Häädemeeste, Pärnumaa
Edith;Jegorov;14.02.2004;N;60402141175;Tapa, Lääne-Virumaa
Dimitri;Jegorov;29.09.1969;M;36909293564;Sillamäe, Ida-Virumaa
Eveli;Piirsalu;16.04.1988;N;48804160983;Õru, Valgamaa
Marlon;Kirillov;28.09.1995;M;39509281189;Keila-Joa, Harjumaa
Brit;Nurm;10.02.2006;N;60602100616;Lepna, Lääne-Virumaa
Saara;Kapp;14.09.1968;N;46809141537;Viimsi, Harjumaa
Kreete;Toome;27.01.1981;N;48101279574;Kõrveküla, Tartumaa
Carina;Hallik;12.01.1973;N;47301122401;Hagudi, Raplamaa
Robert;Rein;09.03.1991;M;39103090763;Aseri, Ida-Virumaa
Eret;Afanasjev;07.01.1976;N;47601077239;Kiviõli, Ida-Virumaa
Arko;Aru;31.10.1976;M;37610318874;Audru, Pärnumaa
Kregor;Sisask;28.04.1990;M;39004287577;Toila, Ida-Virumaa
Rebeka;Frolov;31.07.1991;N;49107314942;Kiisa, Harjumaa
Andry;Pärn;10.08.1978;M;37808105288;Äksi, Tartumaa
Jaanika;Lauri;22.03.1987;N;48703220062;Rakvere, Lääne-Virumaa
Daniela;Aun;21.07.2006;N;60607210983;Paralepa, Läänemaa
Leanika;Vasiliev;18.06.1990;N;49006189046;Siimusti, Jõgevamaa
Kerly;Lätt;09.04.1970;N;47004092257;Pajusti, Lääne-Virumaa
Eva;Renoir;24.03.2008;N;60803241057;Kohtla-Järve, Ida-Virumaa
Emily;Ernits;30.08.1969;N;46908305623;Karksi-Nuia, Viljandimaa
Kert;Stepanov;14.01.1974;M;37401148167;Viru-Nigula, Lääne-Virumaa
Viktorija;Võsu;06.05.1985;N;48505065296;Lagedi, Harjumaa
Gerdi;Michelson;01.07.1975;N;47507014465;Vasalemma, Harjumaa
Kristiine;Koort;29.12.1992;N;49212298034;Türi, Järvamaa
Irena;Melnik;04.12.1962;N;46212049695;Lehtse, Lääne-Virumaa
Mait;Kissa;15.08.1974;M;37408151366;Kose, Võrumaa
Egle;Tamberg;13.01.1984;N;48401137476;Saue, Harjumaa
Renet;Truu;03.09.1963;M;36309039782;Palamuse, Jõgevamaa
Marie;Piirsalu;01.12.1990;N;49012019983;Lavassaare, Pärnumaa
Joel;Lepp;15.03.1978;M;37803158081;Oisu, Järvamaa
Deily;Fomin;09.03.2006;N;60603090091;Vasalemma, Harjumaa
Anti;Palm;26.12.1990;M;39012266347;Vastse-Kuuste, Põlvamaa
Melani;Štšerbakov;28.01.1995;N;49501281691;Tõrva, Valgamaa
Mirko;Gorbunov;21.11.2003;M;50311218085;Saku, Harjumaa
Kätlyn;Panov;10.12.1994;N;49412105130;Tamsalu, Lääne-Virumaa
Armin;Davõdov;21.01.1992;M;39201210793;Kudjape, Saaremaa
Andres;Kolesnik;05.12.1974;M;37412055606;Kehra, Harjumaa
Kadi-Liis;Teesalu;17.11.1974;N;47411178889;Mehikoorma, Tartumaa
Carina;Mann;05.01.1961;N;46101051870;Väike-Maarja, Lääne-Virumaa
Uljana;Malõšev;27.05.1987;N;48705273068;Lagedi, Harjumaa
Nadežda;Kangur;15.05.1973;N;47305157905;Mehikoorma, Tartumaa
Carolyn;Kuus;08.01.1979;N;47901087197;Tabivere, Jõgevamaa
Kunnar;Hein;21.08.2000;M;50008218948;Ülenurme, Tartumaa
Ege;Urb;13.02.1978;N;47802135643;Valga, Valgamaa
Meril;Vaht;10.02.1984;N;48402103967;Lüganuse, Ida-Virumaa
Gerttu;Marksoo;31.08.1965;N;46508312956;Halliste, Viljandimaa
Matthias;Grigorieva;13.02.1960;M;36002135770;Hulja, Lääne-Virumaa
Ainar;Viik;07.01.1995;M;39501074379;Rummu, Harjumaa
Tobias;Sööt;18.09.2008;M;50809184464;Klooga, Harjumaa
Kristlin;Põld;26.02.1991;N;49102268122;Jõhvi, Ida-Virumaa
Marlon;Stepanov;11.08.1971;M;37108112262;Risti, Läänemaa
Nikita;Raadik;14.11.2003;M;50311143695;Väimela, Võrumaa
Oliivia;Aakre;01.12.1982;N;48212014664;Sinimäe, Ida-Virumaa
Eike;Bõstrov;02.07.2007;N;60707026299;Ilmatsalu, Tartumaa
Erle;Nikolaev;05.04.1980;N;48004058165;Kiviõli, Ida-Virumaa
Dan;Kallas;23.01.1983;M;38301232298;Sindi, Pärnumaa
Toni;Kikkas;10.09.1962;M;36209107835;Tudu, Lääne-Virumaa
Mari;Kangur;24.08.1984;N;48408240771;Leisi, Saaremaa
Sireli;Reinke;04.02.1999;N;49902049844;Loo, Harjumaa
Elery;Kelder;19.09.1969;N;46909199477;Viru-Nigula, Lääne-Virumaa
Janete;Kalda;09.02.1998;N;49802099232;Iisaku, Ida-Virumaa
Olev;Trei;15.11.1979;M;37911158588;Viljandi, Viljandimaa
Gregori;Palu;23.10.1993;M;39310232745;Lihula, Läänemaa
Kirsti;Õispuu;06.10.1960;N;46010067185;Pärnu-Jaagupi, Pärnumaa
Lukas;Soosalu;07.03.1968;M;36803073297;Kiltsi, Lääne-Virumaa
Margit;Pärtel;03.08.2001;N;60108039596;Laagri, Harjumaa
Eliisabet;Kuusik;05.05.2007;N;60705057289;Tammiku, Ida-Virumaa
Karoline;Sidorov;20.08.1974;N;47408201136;Kudjape, Saaremaa
Kardo;Saks;08.02.1983;M;38302082792;Hummuli, Valgamaa
Marge;Powell;28.01.1971;N;47101288905;Klooga, Harjumaa
Renata;Ots;16.02.1998;N;49802160605;Lelle, Raplamaa
Simo;Sarapuu;28.07.2006;M;50607285414;Haapsalu, Läänemaa
Tamara;Annus;20.03.2008;N;60803203923;Puka, Valgamaa
Pärtel;Õunapuu;02.05.1971;M;37105024419;Paralepa, Läänemaa
Eerik;Nurk;25.03.1975;M;37503259622;Tudu, Lääne-Virumaa
Kristine;Suvorov;08.04.1987;N;48704082887;Olustvere, Viljandimaa
Nataly;Lumiste;23.06.1986;N;48606230496;Tabivere, Jõgevamaa
Liilia;Lunin;29.03.1980;N;48003297405;Lehtse, Lääne-Virumaa
Valeria;Kulikov;06.02.1971;N;47102065706;Puka, Valgamaa
Albina;Männik;19.02.1976;N;47602197570;Kohila, Raplamaa
Ronja;Hallik;03.02.2000;N;60002036064;Paikuse, Pärnumaa
Valentina;Tuulik;11.12.1965;N;46512112974;Luige, Harjumaa
Kaileen;Kurvits;07.08.2001;N;60108074509;Tudulinna, Ida-Virumaa
Kaarel;Sisask;11.05.1995;M;39505114957;Alu, Raplamaa
Jargo;Borissov;16.07.1975;M;37507162193;Vinni, Lääne-Virumaa
Tony;Sidorov;12.02.1988;M;38802126138;Salme, Saaremaa
Semjon;Heinsoo;02.09.2001;M;50109022926;Vastseliina, Võrumaa
Jesper;Ivanov;22.09.1996;M;39609226536;Uuemõisa, Läänemaa
Kaimo;Andreev;25.07.2008;M;50807256258;Tõrvandi, Tartumaa
Mailis;Põder;05.01.1990;N;49001051696;Kehtna, Raplamaa
Leana;Siim;26.03.1983;N;48303260345;Elva, Tartumaa
Arno;Mändla;10.08.1984;M;38408105652;Lepna, Lääne-Virumaa
Eret;Säde;26.11.2005;N;60511268166;Audru, Pärnumaa
Bogdan;Oks;30.05.1996;M;39605307449;Vändra, Pärnumaa
Kaidar;Veski;12.02.1994;M;39402122950;Prillimäe, Raplamaa
Maribel;Moor;09.05.2003;N;60305098054;Kõrveküla, Tartumaa
Karl Gustav;Tiits;18.04.1965;M;36504180926;Tori, Pärnumaa
Grete;Solovjov;11.03.2008;N;60803115631;Narva-Jõesuu, Ida-Virumaa
Merilin;Lipp;14.12.2007;N;60712149182;Kolga-Jaani, Viljandimaa
Randel;Nurm;25.09.1972;M;37209252311;Narva-Jõesuu, Ida-Virumaa
Ene;Mitt;16.01.1988;N;48801160219;Rõngu, Tartumaa
Stepan;Erik;17.10.1975;M;37510171301;Lehtse, Lääne-Virumaa
Gennadi;Kutsar;05.01.1989;M;38901057493;Ämari, Harjumaa
Alexey;Kohv;20.10.1970;M;37010203867;Kostivere, Harjumaa
Mariann;Lember;06.02.1961;N;46102062997;Tallinn, Harjumaa
Moonika;Pärtel;13.01.1992;N;49201138242;Lagedi, Harjumaa
Ann;Oras;17.09.1986;N;48609171584;Tabasalu, Harjumaa
Renata;Gusev;20.06.1960;N;46006201468;Kureküla, Tartumaa
Steven;Sisask;17.09.1960;M;36009170315;Kangru, Harjumaa
Meribel;Siim;29.07.1977;N;47707290151;Keila-Joa, Harjumaa
Kaari;Annus;15.10.2002;N;60210151534;Lohusuu, Ida-Virumaa
Emma;Kool;19.02.1964;N;46402191322;Kangru, Harjumaa
Anabel;Pikk;20.05.1997;N;49705209897;Erra, Ida-Virumaa
Markkus;Sööt;06.08.1967;M;36708061892;Ilmatsalu, Tartumaa
Robi;Lokk;29.12.1990;M;39012296349;Luige, Harjumaa
Sten-Erik;Jeršov;21.09.2004;M;50409212848;Rõuge, Võrumaa
Ave;Sarap;10.03.1985;N;48503100427;Sinimäe, Ida-Virumaa
Gloria;Sobolev;24.01.2002;N;60201241312;Võõpsu, Põlvamaa
Marita;Kalda;17.02.2005;N;60502175197;Lehtse, Lääne-Virumaa
Helari;Beljajev;04.09.1961;M;36109043889;Paldiski, Harjumaa
Marlon;Allas;11.07.1966;M;36607113078;Simuna, Lääne-Virumaa
Andra;Panov;01.02.2006;N;60602012787;Vana-Antsla, Võrumaa
Inger;Bogdanov;27.11.1970;N;47011271151;Juuru, Raplamaa
Gabriel;Vain;16.05.1986;M;38605169128;Iisaku, Ida-Virumaa
Ronald;Koort;03.06.2003;M;50306034981;Kunda, Lääne-Virumaa
Pjotr;Sokolov;04.04.1972;M;37204046743;Virtsu, Läänemaa
Aron;Sarapuu;01.08.1971;M;37108014327;Keila-Joa, Harjumaa
Karlis;Põld;25.11.1970;M;37011252672;Tõrvandi, Tartumaa
Mattias;Panov;16.04.2007;M;50704165300;Klooga, Harjumaa
Mirell;Kesküla;21.05.1973;N;47305213792;Klooga, Harjumaa
Heidy;Karpov;28.04.1983;N;48304280421;Lepna, Lääne-Virumaa
Helery;Bõstrov;28.05.1990;N;49005286212;Väätsa, Järvamaa
Renar;Teearu;17.05.1980;M;38005173923;Hageri, Raplamaa
Ivo;Maack;10.06.1994;M;39406103124;Kõrveküla, Tartumaa
Liilia;Tihhomirov;14.03.2007;N;60703143813;Saue, Harjumaa
Karl;Sarapuu;01.02.1991;M;39102012038;Märjamaa, Raplamaa
Stefani;Kikkas;20.12.2001;N;60112209433;Märjamaa, Raplamaa
Hanna-Liina;Zahharov;09.04.1979;N;47904094474;Kihelkonna, Saaremaa
Ranel;Anton;15.10.1990;M;39010155697;Jüri, Harjumaa
Vanessa;Novikov;31.03.2000;N;60003314203;Are, Pärnumaa
Rainis;Vahter;26.04.1997;M;39704263979;Aravete, Järvamaa
Aivo;Golubev;10.06.2000;M;50006109981;Lihula, Läänemaa
Kaari;Sillaste;15.06.1962;N;46206154089;Orissaare, Saaremaa
Evelina;Panov;04.05.2001;N;60105041206;Jõhvi, Ida-Virumaa
Christopher;Silm;09.03.1971;M;37103091478;Põlva, Põlvamaa
Agris;Raidma;22.10.1979;M;37910224981;Põlva, Põlvamaa
Eret;Peterson;28.02.2008;N;60802281161;Torma, Jõgevamaa
Virko;Lind;26.11.1974;M;37411265032;Kõrgessaare, Hiiumaa
Lada;Vähi;26.04.1978;N;47804268240;Õisu, Viljandimaa
Heleri;Liblik;25.07.1992;N;49207256419;Märja, Tartumaa
Karl-Kevin;Vaher;24.10.1996;M;39610249782;Keila, Harjumaa
Marius;Kodres;20.12.1992;M;39212204531;Tudu, Lääne-Virumaa
Olavi;Hanson;11.07.2007;M;50707116885;Olustvere, Viljandimaa
Mona;Palu;20.10.1961;N;46110201140;Oisu, Järvamaa
Erika;Ots;24.01.1999;N;49901242855;Kohtla-Järve, Ida-Virumaa
Kaimo;Baranov;11.11.1984;M;38411112136;Tabivere, Jõgevamaa
Arvo;Stepanov;20.11.1968;M;36811204856;Rakke, Lääne-Virumaa
Ariana;Ossipov;17.11.1986;N;48611172767;Kose, Harjumaa
Lisanna;Rohtla;27.03.1970;N;47003274489;Tõrva, Valgamaa
Christer;Merila;17.02.1975;M;37502175622;Jõhvi, Ida-Virumaa
Keijo;Jaakson;20.04.1990;M;39004200564;Sadala, Jõgevamaa
Rain;Kuningas;29.08.1982;M;38208294205;Tori, Pärnumaa
Mihail;Sisask;27.10.1963;M;36310271475;Risti, Läänemaa
Jorma;Maksimov;26.03.1997;M;39703263345;Ämari, Harjumaa
Keiti;Jakobson;10.02.1996;N;49602101054;Puka, Valgamaa
Rico;Luht;25.05.2002;M;50205254195;Kolga-Jaani, Viljandimaa
Vanessa;Järvesaar;27.09.1971;N;47109272646;Tammiku, Ida-Virumaa
Kertu;Vares;13.11.1986;N;48611133782;Kiili, Harjumaa
Sven Erik;Kaljula;18.06.2007;M;50706183073;Torma, Jõgevamaa
Mait;Sisask;07.09.1976;M;37609075090;Sõmerpalu, Võrumaa
Marju;Teras;25.11.1968;N;46811254343;Adavere, Jõgevamaa
Stepan;Kütt;19.08.1973;M;37308193775;Nasva, Saaremaa
Saskia;Mark;27.11.1969;N;46911271421;Pärnu, Pärnumaa
Koit;Kudrjavtsev;26.02.2004;M;50402266284;Vasalemma, Harjumaa
Elery;Nikitin;10.09.1979;N;47909102229;Ülenurme, Tartumaa
Kädi;Oras;04.10.1971;N;47110041133;Räpina, Põlvamaa
Ave-Marleen;Täht;22.09.1970;N;47009226227;Järva-Jaani, Järvamaa
Kairo;Leht;03.12.1990;M;39012032384;Uuemõisa, Läänemaa
Melany;Suits;20.09.1975;N;47509200766;Ravila, Harjumaa
Ave;Danilov;17.02.1991;N;49102177384;Ravila, Harjumaa
Tarvi;Meister;10.10.1966;M;36610107909;Mustla, Viljandimaa
Jelena;Laks;16.05.1968;N;46805165146;Võõpsu, Põlvamaa
Janar;Petrov;21.04.1990;M;39004217065;Värska, Põlvamaa
Marius;Taal;16.04.1996;M;39604161967;Tõstamaa, Pärnumaa
Erik;Medvedev;07.12.2000;M;50012075457;Pärnu, Pärnumaa
Annika;Ots;25.05.1986;N;48605258074;Särevere, Järvamaa
Emil;Klavan;08.07.1963;M;36307083166;Jõhvi, Ida-Virumaa
Margus;Vorobjov;19.09.1969;M;36909195327;Rõuge, Võrumaa
Enn;Peterson;22.12.1962;M;36212226073;Tallinn, Harjumaa
Aljona;Post;03.03.2005;N;60503030588;Varstu, Võrumaa
Emily;Borissov;01.07.1972;N;47207011294;Nasva, Saaremaa
Karel;Kodres;22.10.1962;M;36210221749;Kõrveküla, Tartumaa
Andero;Tihhomirov;04.04.1993;M;39304045156;Võru, Võrumaa
Mikael;Arula;31.05.1987;M;38705313949;Laekvere, Lääne-Virumaa
Dan;Kruglov;21.02.2008;M;50802214162;Lähte, Tartumaa
Anfissa;Borissov;07.11.1967;N;46711076634;Otepää, Valgamaa
Semjon;Lokk;02.12.1965;M;36512024419;Rummu, Harjumaa
Vladislav;Männik;05.06.1993;M;39306052934;Koeru, Järvamaa
Eva;Pruul;21.10.1985;N;48510210469;Mõisaküla, Viljandimaa
Viivika;Mihhailov;25.05.2002;N;60205257793;Laagri, Harjumaa
Evely;Krõlov;27.11.1963;N;46311276276;Kolga-Jaani, Viljandimaa
Martti;Nõmme;18.06.1962;M;36206181545;Sauga, Pärnumaa
Ranar;Mikk;07.12.1989;M;38912078318;Laiuse, Jõgevamaa
Sofija;Maack;06.09.1984;N;48409063010;Lepna, Lääne-Virumaa
Valeriya;Kärner;06.11.2006;N;60611065043;Otepää, Valgamaa
Ilmar;Karpov;11.10.1962;M;36210111207;Varstu, Võrumaa
Silja;Pent;12.06.1980;N;48006126740;Karksi-Nuia, Viljandimaa
Dagmar;Žukov;06.05.1971;N;47105068580;Saku, Harjumaa
Elise;Parts;13.01.1975;N;47501136248;Are, Pärnumaa
Vassili;Säde;05.11.2007;M;50711056438;Kambja, Tartumaa
Kaur;Luts;30.09.2005;M;50509307746;Harku, Harjumaa
Eveli;Volkov;11.10.1987;N;48710112954;Loksa, Harjumaa
Janelle;Iljin;18.08.1997;N;49708183269;Kehra, Harjumaa
Nelli;Laan;05.08.1980;N;48008053325;Lihula, Läänemaa
Mona;Hein;27.10.1973;N;47310276332;Aravete, Järvamaa
Eveli;Kokk;09.06.1998;N;49806091777;Ülenurme, Tartumaa
Georg;Käsper;14.11.1995;M;39511141422;Tammiku, Ida-Virumaa
Airika;Powell;23.03.1966;N;46603237887;Lagedi, Harjumaa
Reigo;Lätt;08.08.1960;M;36008083874;Kunda, Lääne-Virumaa
Loore;Tali;13.03.1980;N;48003130890;Olustvere, Viljandimaa
Rodion;Vain;27.04.1980;M;38004270940;Valga, Valgamaa
Mikael;Kirillov;20.02.1962;M;36202208079;Viru-Jaagupi, Lääne-Virumaa
Kaie;Viks;06.06.1998;N;49806067093;Käravete, Järvamaa
Stina;Juhanson;09.07.2001;N;60107090934;Väimela, Võrumaa
Kalvi;Suits;17.01.1989;M;38901179050;Palamuse, Jõgevamaa
Jan;Kirs;26.09.1976;M;37609264892;Ambla, Järvamaa
Eliisabeth;Aasmäe;14.01.2001;N;60101146567;Tamsalu, Lääne-Virumaa
Rainar;Kala;27.11.1977;M;37711279403;Pärnu-Jaagupi, Pärnumaa
Karmel;Vain;13.05.1960;N;46005133727;Aseri, Ida-Virumaa
Jörgen;Koort;16.01.2004;M;50401167691;Kolga-Jaani, Viljandimaa
Veljo;Ernits;20.06.1994;M;39406207672;Jõgeva, Jõgevamaa
Karoline;Võsu;29.02.1968;N;46802299752;Adavere, Jõgevamaa
Vlad;Adamson;31.12.1992;M;39212318256;Kõpu, Viljandimaa
Oliver;Abramov;20.11.2000;M;50011200966;Kilingi-Nõmme, Pärnumaa
Aurelia;Konstantinov;24.02.1992;N;49202240194;Are, Pärnumaa
Karl Robert;Egorov;28.09.1979;M;37909282219;Pajusti, Lääne-Virumaa
Inna;Ivanov;18.09.2003;N;60309189314;Kaerepere, Raplamaa
Valeria;Kallaste;30.01.1968;N;46801308866;Misso, Võrumaa
Edvard;Danilov;25.12.2003;M;50312250919;Ramsi, Viljandimaa
Kennet;Kaljuste;11.07.1997;M;39707119723;Karjaküla, Harjumaa
Eva Lotta;Laks;25.07.1993;N;49307257606;Haabneeme, Harjumaa
Gregor;Klimov;03.10.1970;M;37010035535;Ämari, Harjumaa
Heiko;Korol;20.05.2007;M;50705200585;Kudjape, Saaremaa
Aivo;Rebane;27.05.1984;M;38405277756;Rummu, Harjumaa
Hannes;Kuus;19.08.1995;M;39508197804;Äksi, Tartumaa
Leelo;Popov;28.04.1968;N;46804287353;Ulila, Tartumaa
Serafima;Kasemaa;13.11.1981;N;48111130573;Õru, Valgamaa
Eero;Kuningas;12.03.1960;M;36003121064;Tõstamaa, Pärnumaa
Ene;Veski;14.06.1963;N;46306141145;Haabneeme, Harjumaa
Nicole;Teras;04.02.1999;N;49902045779;Luunja, Tartumaa
Madis;Safronov;26.08.1993;M;39308264900;Pärnu-Jaagupi, Pärnumaa
Carlos;Pavlov;29.06.1970;M;37006295353;Ramsi, Viljandimaa
Deniss;Trofimov;09.07.2001;M;50107093933;Hummuli, Valgamaa
Meril;Järv;23.10.1991;N;49110231389;Lavassaare, Pärnumaa
Freddy;Abel;05.12.2007;M;50712057743;Simuna, Lääne-Virumaa
Elvis;Võsu;15.02.1964;M;36402157380;Sillamäe, Ida-Virumaa
Meeri;Koger;13.06.1973;N;47306137120;Ülenurme, Tartumaa
Evely;Hõbe;30.01.1992;N;49201308384;Tabasalu, Harjumaa
Markel;Kruus;22.07.1988;M;38807220574;Kehtna, Raplamaa
Berit;Beljajev;28.11.1970;N;47011288865;Rummu, Harjumaa
Kerstin;Lauri;02.03.1964;N;46403022214;Võõpsu, Põlvamaa
Lisell;Niit;24.08.1967;N;46708241667;Uuemõisa, Läänemaa
Annika;Kuningas;02.12.1995;N;49512023222;Käru, Raplamaa
Kaisa;Lepp;07.02.1993;N;49302074287;Olgina, Ida-Virumaa
Elena;Borissov;30.05.1977;N;47705301928;Laekvere, Lääne-Virumaa
Elisa;Laas;09.04.1961;N;46104090354;Alatskivi, Tartumaa
Enar;Anissimov;24.04.1975;M;37504240937;Paide, Järvamaa
Anu;Uibo;10.02.1968;N;46802107729;Järva-Jaani, Järvamaa
Marius;Tuul;28.12.2007;M;50712287469;Puurmani, Jõgevamaa
Älis;Michelson;06.03.1960;N;46003063575;Käru, Raplamaa
Triinu-Liis;Reimann;12.08.1991;N;49108129026;Vana-Antsla, Võrumaa
Epp;Suur;10.11.2008;N;60811108771;Peetri, Järvamaa
Dagne;Madisson;01.11.1980;N;48011014515;Kohtla-Järve, Ida-Virumaa
Cristopher;Filippov;20.06.1960;M;36006200132;Sadala, Jõgevamaa
Rando;Lunin;13.05.1997;M;39705132092;Tudu, Lääne-Virumaa
Sten-Erik;Rätsep;21.06.1987;M;38706210633;Sadala, Jõgevamaa
Gunnar;Kudrjavtsev;06.10.1972;M;37210061877;Räpina, Põlvamaa
Emili;Pihelgas;14.08.1998;N;49808144752;Viiratsi, Viljandimaa
Eva-Lotta;Lepp;08.03.1985;N;48503081088;Veriora, Põlvamaa
Amanda;Suvorov;29.08.1997;N;49708298430;Märja, Tartumaa
Tairi;Saveljev;01.01.1979;N;47901015775;Audru, Pärnumaa
Endrik;Jürgens;05.10.1986;M;38610052354;Mustla, Viljandimaa
Daaniel;Baranov;03.02.1999;M;39902033584;Põlva, Põlvamaa
Renee;Piirsalu;31.05.1978;M;37805316628;Erra, Ida-Virumaa
Kevin;Anderson;28.05.2005;M;50505282371;Virtsu, Läänemaa
Christofer;Allas;06.03.1973;M;37303064325;Assaku, Harjumaa
Indra;Gerassimov;30.12.1979;N;47912305432;Sõmerpalu, Võrumaa
Jasper;Karro;15.02.1982;M;38202154841;Juuru, Raplamaa
Aksel;Golubev;12.05.1971;M;37105125045;Rakvere, Lääne-Virumaa
Agnes;Lepp;19.09.1975;N;47509192912;Halliste, Viljandimaa
Eva Maria;Ruus;16.07.1980;N;48007166554;Võnnu, Tartumaa
Amanda;Ojaste;16.04.1990;N;49004162451;Klooga, Harjumaa
Vallo;Pärnpuu;28.11.1971;M;37111281430;Aruküla, Harjumaa
Feliks;Oras;10.06.1965;M;36506107168;Jõhvi, Ida-Virumaa
Anett;Soosalu;18.11.1994;N;49411188805;Narva-Jõesuu, Ida-Virumaa
Johann;Koval;25.11.1977;M;37711259002;Tabasalu, Harjumaa
Thomas;Saar;22.05.1993;M;39305229837;Särevere, Järvamaa
Danil;Tuul;03.08.1964;M;36408036000;Luunja, Tartumaa
Ranno;Abbt;16.12.1990;M;39012169166;Kuressaare, Saaremaa
Herman;Kass;18.04.1974;M;37404182932;Riisipere, Harjumaa
Kristi;Kikas;22.10.1970;N;47010220248;Viru-Jaagupi, Lääne-Virumaa
Marek;Loginov;07.01.1967;M;36701074781;Halliste, Viljandimaa
Mihkel;Sillaste;20.11.2003;M;50311207535;Häädemeeste, Pärnumaa
Tuuli;Müür;12.08.1984;N;48408124172;Vasalemma, Harjumaa
Eliisabet;Makarov;31.05.1997;N;49705311853;Ämari, Harjumaa
Taavo;Kiisk;21.05.1972;M;37205211627;Karksi-Nuia, Viljandimaa
Helery;Leis;12.08.1997;N;49708126355;Tartu, Tartumaa
Terje;Nikolaev;07.06.1967;N;46706070324;Tõrvandi, Tartumaa
Kätlin;Frolov;29.07.1974;N;47407292573;Klooga, Harjumaa
Raigo;Kask;07.07.1970;M;37007072395;Kilingi-Nõmme, Pärnumaa
Gustav;Klavan;14.10.1982;M;38210148709;Ülenurme, Tartumaa
Kris;Sokk;21.10.1983;M;38310219485;Kose-Uuemõisa, Harjumaa
Marcus;Jaanus;26.09.1965;M;36509264072;Taebla, Läänemaa
Anett;Mürk;10.09.1968;N;46809105941;Kiviõli, Ida-Virumaa
Lilija;Põldma;16.11.1997;N;49711166130;Kaerepere, Raplamaa
Marek;Mürk;10.06.1960;M;36006106046;Paikuse, Pärnumaa
Indrek;Jõesaar;03.12.1983;M;38312031314;Paide, Järvamaa
Karl Marten;Käär;22.05.1973;M;37305221066;Simuna, Lääne-Virumaa
Viola;Abel;09.04.1960;N;46004097954;Kohtla-Järve, Ida-Virumaa
Karl-Gustav;Sidorov;28.10.1963;M;36310283885;Vasalemma, Harjumaa
Karmel;Täht;22.12.1964;N;46412229435;Näpi, Lääne-Virumaa
Denis;Vaht;28.04.1966;M;36604288422;Laagri, Harjumaa
Vallo;Lipp;19.04.1991;M;39104199101;Kiili, Harjumaa
Enrico;Fedotov;27.10.1991;M;39110274951;Ülenurme, Tartumaa
Karl Kristjan;Kivimäe;15.03.1988;M;38803150497;Kose, Harjumaa
Lisett;Mänd;28.05.1972;N;47205283880;Kõrgessaare, Hiiumaa
Angeelika;Kink;07.11.1988;N;48811078684;Virtsu, Läänemaa
Dominik;Konstantinov;30.01.1979;M;37901305799;Väätsa, Järvamaa
Kendra;Sokk;13.12.1979;N;47912138990;Sangaste, Valgamaa
Henrik;Väli;27.07.1965;M;36507270601;Võhma, Viljandimaa
Kaur;Mölder;13.12.1970;M;37012134930;Kuressaare, Saaremaa
Germo;Mägi;27.08.1970;M;37008272619;Halliste, Viljandimaa
Minna;Siim;08.11.2005;N;60511080207;Nasva, Saaremaa
Mona;Leppik;27.10.1970;N;47010276912;Kohtla-Järve, Ida-Virumaa
Auli;Abramov;10.02.1966;N;46602102355;Lähte, Tartumaa
Ilona;Reinsalu;05.03.1974;N;47403053754;Lähte, Tartumaa
Agne;Liivak;02.12.2000;N;60012021751;Ahja, Põlvamaa
Toivo;Kukk;24.11.1973;M;37311246709;Klooga, Harjumaa
Violeta;Saveljev;18.11.2001;N;60111184927;Vastse-Kuuste, Põlvamaa
Juss;Pruul;21.10.1973;M;37310214354;Valga, Valgamaa
Maiken;Merila;02.11.1982;N;48211029814;Lelle, Raplamaa
Ursula;Tooming;13.07.1984;N;48407136692;Iisaku, Ida-Virumaa
Alina;Kissa;28.06.1997;N;49706284356;Turba, Harjumaa
Elerin;Laine;17.07.1985;N;48507176448;Kolga-Jaani, Viljandimaa
Rita;Annus;31.08.2000;N;60008318740;Sindi, Pärnumaa
Astrid;Rosenberg;08.06.1984;N;48406081505;Märjamaa, Raplamaa
Isabel;Kiis;04.10.1974;N;47410046437;Ilmatsalu, Tartumaa
Marju;Vlassov;08.02.1996;N;49602088184;Paldiski, Harjumaa
Inger;Solovjov;24.08.2005;N;60508242779;Sinimäe, Ida-Virumaa
Iti;Nuut;25.06.1974;N;47406251627;Õisu, Viljandimaa
Sabrina;Mercklin;29.08.2002;N;60208298303;Märja, Tartumaa
Leonard;Orlov;01.12.1981;M;38112015415;Sillamäe, Ida-Virumaa
Carmel;Kruus;03.12.1994;N;49412035081;Klooga, Harjumaa
Kristjan;Lotman;24.09.1991;M;39109241740;Kose, Harjumaa
Lilija;Kadak;08.01.2008;N;60801083036;Alatskivi, Tartumaa
Peep;Naumov;13.05.1987;M;38705132909;Palamuse, Jõgevamaa
Hannes;Kiis;12.10.1960;M;36010123065;Kuressaare, Saaremaa
Sarah;Kaljuvee;04.09.1983;N;48309043623;Aseri, Ida-Virumaa
Oskar;Tamme;29.01.2007;M;50701290164;Tori, Pärnumaa
Max;Kalmus;26.08.1996;M;39608266738;Puka, Valgamaa
Lembit;Jürgens;18.05.1961;M;36105187843;Valga, Valgamaa
Carol;Liivamägi;15.05.2008;N;60805151405;Ravila, Harjumaa
Edgar;Lääts;26.11.1999;M;39911260055;Kadrina, Lääne-Virumaa
Boris;Lehiste;06.11.1994;M;39411066412;Kilingi-Nõmme, Pärnumaa
German;Klavan;03.12.1983;M;38312031319;Väike-Maarja, Lääne-Virumaa
Ardi;Liblik;12.11.1973;M;37311122869;Ahja, Põlvamaa
Tomi;Mikelsaar;03.09.2008;M;50809039098;Väätsa, Järvamaa
Britt;Rosenberg;28.05.1964;N;46405283003;Elva, Tartumaa
Kersti;Kink;21.01.2004;N;60401215593;Tammiku, Ida-Virumaa
Jaana;Väli;11.12.1969;N;46912111949;Loksa, Harjumaa
Evely;Püvi;05.06.1980;N;48006052121;Mustvee, Jõgevamaa
Brigita;Kodres;17.03.1999;N;49903172618;Kobela, Võrumaa
Lii;Toots;01.08.1985;N;48508015788;Kõrveküla, Tartumaa
Mariell;Powell;03.08.2008;N;60808036708;Assaku, Harjumaa
Katja;Oks;01.07.2003;N;60307014660;Karjaküla, Harjumaa
Reiko;Sorokin;09.05.1989;M;38905095938;Kadrina, Lääne-Virumaa
Elise;Tsvetkov;26.03.1991;N;49103267706;Virtsu, Läänemaa
Otto;Vaino;30.11.1998;M;39811304154;Jüri, Harjumaa
Kregor;Laht;04.10.1981;M;38110044577;Maardu, Harjumaa
Melani;Sokk;02.01.1986;N;48601021975;Puurmani, Jõgevamaa
Heleriin;Allas;13.04.1980;N;48004132905;Kohila, Raplamaa
Tiit;Jõgi;20.09.1994;M;39409204403;Kasepää, Tartumaa
Arnold;Kask;19.05.1998;M;39805196517;Hagudi, Raplamaa
Sören;Tammet;29.03.1997;M;39703292608;Ilmatsalu, Tartumaa
Geili;Jürisson;27.07.1982;N;48207271753;Taebla, Läänemaa
Ave-Marleen;Viks;05.05.1977;N;47705051057;Loo, Harjumaa
Merily;Mironov;08.12.1998;N;49812080390;Kuusiku, Raplamaa
Lev;Paas;05.01.1967;M;36701051327;Kõrgessaare, Hiiumaa
Laura-Liisa;Koit;10.06.1982;N;48206104951;Kanepi, Põlvamaa
Valdur;Sirel;14.11.1980;M;38011145348;Keila-Joa, Harjumaa
Valter;Zahharov;03.12.2006;M;50612036450;Haabneeme, Harjumaa
Sander;Safronov;19.12.1974;M;37412192944;Taebla, Läänemaa
Vladislava;Laane;01.07.1984;N;48407011609;Kõpu, Viljandimaa
Ermo;Vain;15.08.2004;M;50408155855;Käärdi, Tartumaa
Hannabel;Talts;16.05.1972;N;47205162830;Jüri, Harjumaa
Risto;Õun;23.04.2002;M;50204233323;Mustla, Viljandimaa
Lev;Poljakov;19.08.1972;M;37208191426;Mustvee, Jõgevamaa
Vladislava;Kikas;09.08.1995;N;49508092854;Luige, Harjumaa
Liivi;Maslov;07.12.1973;N;47312076791;Orissaare, Saaremaa
Karl Markus;Sikorski;17.02.1998;M;39802174584;Rakvere, Lääne-Virumaa
Harri;Karpov;05.07.2000;M;50007058684;Aste, Saaremaa
Miia;Hõbe;11.06.1979;N;47906113029;Lähte, Tartumaa
Daniela;Vares;08.08.1992;N;49208088738;Jõgeva, Jõgevamaa
Taisi;Leppik;01.12.2007;N;60712014922;Kanepi, Põlvamaa
Filipp;Tammik;16.03.1969;M;36903161581;Käina, Hiiumaa
Violetta;Karpova;03.11.2004;N;60411035136;Kõrgessaare, Hiiumaa
Jana;Toomsalu;24.04.1984;N;48404246133;Saku, Harjumaa
Kaidi;Salumets;23.04.1995;N;49504233456;Värska, Põlvamaa
Janari;Lehtla;01.01.1978;M;37801013288;Kiili, Harjumaa
Sofja;Fedorov;28.11.1999;N;49911281044;Järva-Jaani, Järvamaa
Liisi;Suvi;26.08.1961;N;46108263219;Narva, Ida-Virumaa
Nikolay;Green;22.09.1982;M;38209227637;Paikuse, Pärnumaa
Johann;Raja;25.10.1966;M;36610251025;Riisipere, Harjumaa
Kamilla;Saul;22.04.1997;N;49704227710;Abja-Paluoja, Viljandimaa
Tõnu;Sutt;01.01.2005;M;50501011346;Sonda, Ida-Virumaa
Brigita;Tamme;10.10.1964;N;46410104216;Prillimäe, Raplamaa
Jane-Ly;Kasemets;23.11.1993;N;49311230566;Näpi, Lääne-Virumaa
Jaana;Kulikov;08.01.1960;N;46001080508;Viru-Jaagupi, Lääne-Virumaa
Randel;Sibul;01.03.1996;M;39603014737;Kolga, Harjumaa
Mirtel;Kroon;19.01.1966;N;46601199448;Oisu, Järvamaa
Marelle;Koitla;03.01.1962;N;46201033834;Kiviõli, Ida-Virumaa
Keity;Koort;22.01.1982;N;48201221698;Narva, Ida-Virumaa
Keijo;Kotkas;23.07.1982;M;38207233801;Kolkja, Tartumaa
Helen;Randoja;17.07.1985;N;48507170991;Kiili, Harjumaa
Valeriya;Allik;25.10.1964;N;46410255915;Sõmeru, Lääne-Virumaa
Reili;Kasemets;23.02.1999;N;49902231131;Kuusalu, Harjumaa
Marken;Järve;15.04.1977;M;37704154607;Ämari, Harjumaa
Remo;Ivanov;07.04.1964;M;36404073824;Näpi, Lääne-Virumaa
Lilija;Sobolev;05.07.2002;N;60207056547;Vana-Antsla, Võrumaa
Gregory;Koval;06.03.1997;M;39703061131;Lavassaare, Pärnumaa
Nikita;Vlassov;20.04.1974;M;37404206267;Risti, Läänemaa
Arvi;Siim;19.04.1971;M;37104195297;Vastseliina, Võrumaa
Rita;Peterson;09.02.1975;N;47502093761;Kiltsi, Lääne-Virumaa
Dmitri;Melnik;01.06.1969;M;36906017088;Tsirguliina, Valgamaa
Jevgenija;Pärn;20.07.2006;N;60607200564;Loksa, Harjumaa
Enriko;Jürisson;07.02.1997;M;39702075890;Olgina, Ida-Virumaa
Erki;Võsu;05.05.1993;M;39305055298;Simuna, Lääne-Virumaa
Karl-Erik;Jeršov;09.09.2002;M;50209091772;Turba, Harjumaa
Ergo;Rebane;16.01.2003;M;50301161911;Kostivere, Harjumaa
Imre;Lääne;21.07.2008;M;50807216741;Narva-Jõesuu, Ida-Virumaa
Taisi;Sarv;19.02.1961;N;46102193243;Kiisa, Harjumaa
Mihhail;Raag;23.11.1979;M;37911232157;Vasalemma, Harjumaa
Aliis;Drozdov;05.06.1968;N;46806057018;Ahja, Põlvamaa
Kevin;Unt;04.08.1982;M;38208048600;Kilingi-Nõmme, Pärnumaa
Anne-Liis;Remmel;24.11.1970;N;47011240500;Valga, Valgamaa
Lea;Komarov;24.10.1979;N;47910244768;Kärla, Saaremaa
Kenert;Solovjov;04.08.1995;M;39508047959;Halliste, Viljandimaa
Dan;Tuul;17.03.1964;M;36403177750;Lihula, Läänemaa
Ege;Borissov;30.06.2002;N;60206302256;Tammiku, Ida-Virumaa
Holger;Ernits;12.06.1970;M;37006120655;Varstu, Võrumaa
Michael;Sobolev;19.12.1964;M;36412194749;Helme, Valgamaa
Valeri;Parts;19.02.2001;M;50102195071;Raasiku, Harjumaa
Viktoria;Ruus;11.01.1964;N;46401113880;Jõgeva, Jõgevamaa
Darina;Tarassov;20.09.1984;N;48409205971;Mustvee, Jõgevamaa
Lada;Uustalu;10.06.2005;N;60506105410;Viljandi, Viljandimaa
Agris;Roosileht;28.06.1993;M;39306282295;Püssi, Ida-Virumaa
Christian;Säde;29.10.1967;M;36710292186;Kõrgessaare, Hiiumaa
Terje;Oja;16.01.1974;N;47401163509;Narva, Ida-Virumaa
Tim;Soon;27.08.2002;M;50208277228;Puka, Valgamaa
Emma;Kuus;24.02.2004;N;60402248655;Helme, Valgamaa
Anabell;Salumets;05.01.1969;N;46901050532;Puhja, Tartumaa
Mailis;Pettai;16.01.1967;N;46701161037;Tammiku, Ida-Virumaa
Lada;Luts;16.03.1962;N;46203166880;Kihelkonna, Saaremaa
Juri;Vain;17.04.2004;M;50404171443;Parksepa, Võrumaa
Art;Lepik;21.12.1985;M;38512216244;Kolkja, Tartumaa
Keity;Soon;01.12.1994;N;49412012865;Jõgeva, Jõgevamaa
Marten;Golubev;01.03.1964;M;36403011145;Antsla, Võrumaa
Pille;Kriisa;17.04.1972;N;47204177958;Lohusuu, Ida-Virumaa
Sofija;Nõmmik;13.07.1968;N;46807131442;Lehtse, Lääne-Virumaa
Gert;Liivamägi;09.08.1980;M;38008090400;Abja-Paluoja, Viljandimaa
Karmen;Sarv;01.07.1978;N;47807019343;Puhja, Tartumaa
Eliisa;Rand;02.10.1962;N;46210024728;Rakke, Lääne-Virumaa
Patrick;Toots;26.10.1986;M;38610262449;Tsirguliina, Valgamaa
Marit;Matvejev;26.08.1998;N;49808262628;Narva-Jõesuu, Ida-Virumaa
Kaia;Rosin;06.12.1991;N;49112060894;Kangru, Harjumaa
Riivo;Koppel;20.05.1978;M;37805204516;Näpi, Lääne-Virumaa
Liisbet;Oras;05.01.1965;N;46501050797;Alatskivi, Tartumaa
Gerly;Müür;30.11.1972;N;47211302511;Kose, Võrumaa
Markkus;Mõttus;22.03.1971;M;37103220580;Viimsi, Harjumaa
Heikki;Jaakson;22.06.2008;M;50806222304;Jõgeva, Jõgevamaa
Claudia;Marksoo;17.08.1967;N;46708170910;Varstu, Võrumaa
Valeri;Tihhomirov;28.03.2002;M;50203287062;Alatskivi, Tartumaa
Triinu-Liis;Leppik;23.04.1968;N;46804239198;Luunja, Tartumaa
Deivi;Kruglov;21.06.2004;N;60406215605;Rapla, Raplamaa
Brittany;Kutsar;01.02.1996;N;49602010770;Keava, Raplamaa
Tanel;Ader;25.03.2004;M;50403257192;Türi, Järvamaa
Brenda;Timofejev;17.02.2003;N;60302177651;Kuusiku, Raplamaa
Kaire;Lember;02.08.2001;N;60108020142;Käina, Hiiumaa
Pilleriin;Nõmme;15.09.1991;N;49109152415;Keava, Raplamaa
Johann;Sobolev;10.07.1991;M;39107103586;Alatskivi, Tartumaa
Keith;Fomin;17.12.1995;M;39512173528;Paralepa, Läänemaa
Aire;Mitt;24.04.1985;N;48504241166;Narva-Jõesuu, Ida-Virumaa
Stanislav;Pettai;20.05.2003;M;50305203729;Hagudi, Raplamaa
Arseni;Marksoo;19.05.1991;M;39105194186;Tabasalu, Harjumaa
Ursula;Anissimov;26.08.1993;N;49308264588;Uuemõisa, Läänemaa
Evelyn;Abel;28.09.1990;N;49009288791;Järva-Jaani, Järvamaa
Merlyn;Holm;16.03.1999;N;49903163370;Helme, Valgamaa
Laur;Rebane;02.06.1998;M;39806028420;Mooste, Põlvamaa
Nils;Tammet;21.08.1974;M;37408216451;Adavere, Jõgevamaa
Minna;Zaitsev;12.09.1974;N;47409122200;Põlva, Põlvamaa
Eva-Maria;Ots;15.10.2004;N;60410159269;Mõisaküla, Viljandimaa
Aap;Vain;29.07.2004;M;50407292858;Kuusiku, Raplamaa
Ken-Martin;Herodes;28.04.1996;M;39604284143;Tõstamaa, Pärnumaa
Hannes;Martin;19.11.2005;M;50511199433;Püssi, Ida-Virumaa
Karl Mihkel;Kivistik;30.05.1984;M;38405309439;Kaiu, Raplamaa
Meeli;Reimann;17.06.1994;N;49406172204;Käravete, Järvamaa
Igor;Anderson;02.04.1965;M;36504025270;Mustvee, Jõgevamaa
Agris;Vlassov;28.08.1993;M;39308287682;Haljala, Lääne-Virumaa
Natalia;Käsper;15.06.1994;N;49406153834;Kose, Harjumaa
Gleb;Kirillov;12.07.1977;M;37707124245;Palamuse, Jõgevamaa
Jevgenia;Rüütel;02.09.1998;N;49809025878;Varnja, Tartumaa
Eleonora;Nazarov;07.08.1992;N;49208073670;Kolga, Harjumaa
Ilona;Jegorov;28.07.1987;N;48707288594;Võsu, Lääne-Virumaa
Natalia;Kõiv;04.07.2006;N;60607045417;Virtsu, Läänemaa
Virgo;Mölder;08.09.1990;M;39009083968;Hagudi, Raplamaa
Viivika;Laane;30.04.1972;N;47204302580;Sillamäe, Ida-Virumaa
Keiri;Õun;31.01.1997;N;49701318965;Kehra, Harjumaa
Gregori;Maksimov;16.08.1981;M;38108167284;Kadrina, Lääne-Virumaa
Jonas;Järv;24.05.2008;M;50805242113;Ulila, Tartumaa
Janis;Vahtra;19.11.1966;M;36611190098;Avinurme, Ida-Virumaa
Annett;Lindgren;04.10.1976;N;47610041678;Järva-Jaani, Järvamaa
Dana;Suvi;05.08.1994;N;49408057380;Lavassaare, Pärnumaa
Kenneth;Männik;22.06.1990;M;39006227735;Luunja, Tartumaa
Lisanne;Viik;03.04.2003;N;60304037611;Roiu, Tartumaa
Jakov;Kruglov;06.01.1968;M;36801060153;Veriora, Põlvamaa
Liia;Juhkam;16.07.1985;N;48507168748;Keila, Harjumaa
Katriin;Tiik;17.08.1967;N;46708170389;Lohusuu, Ida-Virumaa
Rainar;Aas;12.12.1986;M;38612120355;Tõstamaa, Pärnumaa
Maik;Vain;03.04.1978;M;37804039875;Võhma, Viljandimaa
Isabella;Žukov;09.04.1987;N;48704092268;Valga, Valgamaa
Jan Markus;Rosin;19.08.1966;M;36608195282;Mäetaguse, Ida-Virumaa
Enri;Kuznetsov;04.02.2000;M;50002048682;Haljala, Lääne-Virumaa
Inna;Lukin;13.07.1983;N;48307134045;Olustvere, Viljandimaa
Artjom;Abramov;31.08.2007;M;50708314340;Mooste, Põlvamaa
Iris;Fedorov;15.11.1996;N;49611159445;Tõravere, Tartumaa
Hannabel;Kask;14.11.1963;N;46311141381;Märjamaa, Raplamaa
Argo;Kuus;28.11.1997;M;39711285291;Viru-Jaagupi, Lääne-Virumaa
Artyom;Müürsepp;08.12.1964;M;36412084776;Tabivere, Jõgevamaa
Lisbeth;Kuuse;25.05.2003;N;60305258240;Kostivere, Harjumaa
Ketrin;Post;03.09.1973;N;47309033026;Väätsa, Järvamaa
Evgeny;Malõšev;06.08.1986;M;38608064085;Kõrgessaare, Hiiumaa
Maidu;Piirsalu;10.09.1974;M;37409107865;Roela, Lääne-Virumaa
Enriko;Denissov;19.02.1961;M;36102191145;Paralepa, Läänemaa
Margus;Talts;28.04.1997;M;39704283653;Kohila, Raplamaa
Lev;Liivamägi;07.05.2007;M;50705071360;Lepna, Lääne-Virumaa
Dmitri;Jürisson;31.01.1999;M;39901310085;Suure-Jaani, Viljandimaa
Kirsti;Uus;31.01.1997;N;49701310347;Kuremaa, Jõgevamaa
Samuel;Gerassimov;15.12.1999;M;39912152383;Kangru, Harjumaa
Karoli;Semenov;12.11.1992;N;49211127004;Valga, Valgamaa
Agnes;Rosenberg;15.11.1965;N;46511158428;Audru, Pärnumaa
Romet;Beljajev;04.08.2004;M;50408041748;Rõngu, Tartumaa
Liina;Afanasjev;27.01.1986;N;48601275970;Väimela, Võrumaa
Priit;Kikkas;30.08.1967;M;36708309678;Kuressaare, Saaremaa
Stefan;Roots;02.08.1974;M;37408020628;Kuusalu, Harjumaa
Fredi;Eller;08.09.1996;M;39609085943;Laatre, Valgamaa
Kadri-Liis;Kont;15.08.1970;N;47008153078;Kõpu, Viljandimaa
Aleksander;Johanson;16.05.1967;M;36705169230;Kallaste, Tartumaa
Nadezhda;Ivask;02.03.1987;N;48703023216;Narva, Ida-Virumaa
Dan;Sidorov;16.06.1993;M;39306162859;Olustvere, Viljandimaa
Külli;Rand;22.03.1965;N;46503222016;Rannu, Tartumaa
Vahur;Markus;07.03.1989;M;38903076141;Aste, Saaremaa
Greete;Anton;24.02.1980;N;48002249696;Võiste, Pärnumaa
Heino;Järvekülg;05.12.1961;M;36112052805;Hulja, Lääne-Virumaa
Kaimo;Poom;18.11.1982;M;38211182383;Luige, Harjumaa
Kirsti;Madisson;31.07.1972;N;47207316166;Jõhvi, Ida-Virumaa
Ingmar;Krõlov;26.09.1961;M;36109265739;Räpina, Põlvamaa
Raiko;Laas;30.04.1980;M;38004303240;Vastse-Kuuste, Põlvamaa
Alondra;Alekseev;08.07.1990;N;49007082744;Jõgeva, Jõgevamaa
Rebeca;Mikk;30.09.1960;N;46009301830;Kiviõli, Ida-Virumaa
Roger;Kallaste;24.10.1965;M;36510245553;Tõstamaa, Pärnumaa
Gertu;Saare;26.09.1966;N;46609266031;Jõgeva, Jõgevamaa
Helari;Madisson;14.03.1968;M;36803142800;Virtsu, Läänemaa
Kirill;Pikk;04.07.1968;M;36807048298;Jüri, Harjumaa
Siiri;Kalamees;07.11.1979;N;47911078341;Käärdi, Tartumaa
Aarne;Meister;05.10.1983;M;38310053589;Rakvere, Lääne-Virumaa
Fredy;Voronin;24.07.1988;M;38807241025;Aegviidu, Harjumaa
Maxim;Klein;22.01.1965;M;36501223590;Kiiu, Harjumaa
Christer;Karro;18.07.2001;M;50107182432;Peetri, Järvamaa
Lennart;Vorobjov;10.03.1962;M;36203101462;Väike-Maarja, Lääne-Virumaa
Melissa;Soosalu;14.11.1996;N;49611145806;Iisaku, Ida-Virumaa
Aap;Rumjantsev;23.10.1982;M;38210235258;Kangru, Harjumaa
Rasmus;Arro;14.04.1982;M;38204141723;Juuru, Raplamaa
Iti;Gavrilov;17.07.1977;N;47707173331;Kiviõli, Ida-Virumaa
Rebekka;Gromov;31.10.1981;N;48110319590;Kiisa, Harjumaa
Auli;Toom;19.03.1985;N;48503194617;Kanepi, Põlvamaa
Kerdo;Andreev;02.03.1963;M;36303020295;Torma, Jõgevamaa
Merje;Abderhalden;01.11.1987;N;48711011681;Käina, Hiiumaa
Lilija;Karpova;30.03.1995;N;49503305300;Laekvere, Lääne-Virumaa
Janno;Remmel;04.09.1968;M;36809048013;Sauga, Pärnumaa
Morten;Kattai;29.06.1962;M;36206297231;Keila, Harjumaa
Karl-Eerik;Kodres;23.02.2000;M;50002237432;Aste, Saaremaa
Timmo;Kostin;20.05.1989;M;38905207541;Lohusuu, Ida-Virumaa
Sanna;Lotman;25.05.2001;N;60105258021;Lüganuse, Ida-Virumaa
Roberta;Hõbe;29.09.1967;N;46709295602;Laekvere, Lääne-Virumaa
Kiur;Michelson;26.11.1966;M;36611260208;Puhja, Tartumaa
Tristan;Raudsepp;21.05.1990;M;39005214307;Aegviidu, Harjumaa
Georg;Lillemets;06.11.1988;M;38811068227;Tihemetsa, Pärnumaa
Emily;Mädamürk;14.06.1980;N;48006143372;Uhtna, Lääne-Virumaa
Arvo;Markus;31.03.2006;M;50603313473;Kallaste, Tartumaa
Anita;Uustalu;18.08.1987;N;48708185860;Uhtna, Lääne-Virumaa
Lisete;Järvesaar;11.01.1980;N;48001118462;Märja, Tartumaa
Anne-Mari;Malõšev;12.07.2006;N;60607123724;Õru, Valgamaa
Siiri;Kütt;18.09.2008;N;60809183736;Puurmani, Jõgevamaa
Eliisabeth;Liivak;26.01.1982;N;48201262250;Rõngu, Tartumaa
Elise;Mann;31.12.1966;N;46612315072;Tammiku, Ida-Virumaa
Karol;Käär;15.06.1969;M;36906159254;Kudjape, Saaremaa
Hannah;Palm;29.02.1992;N;49202299686;Võhma, Viljandimaa
Sofia;Kaljurand;25.08.1987;N;48708257171;Nõo, Tartumaa
Rait;Mürk;15.12.1981;M;38112154777;Juuru, Raplamaa
Eliisabet;Trofimov;26.06.1987;N;48706261629;Kõrgessaare, Hiiumaa
Heikki;Poom;10.01.1970;M;37001105671;Raasiku, Harjumaa
Olev;Luts;06.04.1962;M;36204060514;Vana-Antsla, Võrumaa
Ester;Heinsoo;14.11.1976;N;47611143067;Võõpsu, Põlvamaa
Maiu;Kokk;07.01.1970;N;47001075029;Elva, Tartumaa
Eva Maria;Zaitsev;21.02.1985;N;48502217359;Kehtna, Raplamaa
Milena;Leppik;06.06.1964;N;46406067723;Käärdi, Tartumaa
Maiu;Schmidt;06.06.1988;N;48806068051;Jüri, Harjumaa
Tristan;Kisseljov;01.11.1995;M;39511017581;Käravete, Järvamaa
Carmel;Kriisa;09.09.1999;N;49909093574;Kureküla, Tartumaa
Greete;Nikolaev;12.04.1960;N;46004121206;Turba, Harjumaa
Andre;Kotov;06.03.1993;M;39303064240;Õisu, Viljandimaa
Talis;Kivi;28.01.1998;M;39801281796;Järvakandi, Raplamaa
Kärol;Kiisk;08.08.1963;N;46308083988;Ambla, Järvamaa
Ruslan;Härm;23.03.1987;M;38703239273;Järvakandi, Raplamaa
Ayrton;Klavan;19.02.1968;M;36802196941;Kolkja, Tartumaa
Hanna-Liisa;Jakovlev;29.06.1977;N;47706297920;Viiratsi, Viljandimaa
Villem;Jürgens;11.02.1998;M;39802116072;Karksi-Nuia, Viljandimaa
Carol;Müürsepp;28.06.1974;N;47406286889;Kasepää, Tartumaa
Kairit;Kallaste;07.10.2001;N;60110071449;Tudu, Lääne-Virumaa
Ivar;Sidorov;27.03.1983;M;38303278131;Assaku, Harjumaa
Veera;Nõmm;28.01.1962;N;46201280097;Roosna-Alliku, Järvamaa
Eerik;Õun;04.10.1960;M;36010040667;Kudjape, Saaremaa
Ksenija;Paap;03.06.1990;N;49006031659;Tsirguliina, Valgamaa
Helene;Tilk;19.09.1979;N;47909191740;Orissaare, Saaremaa
Mariin;Filatov;12.06.2002;N;60206128024;Kose, Harjumaa
Jalmar;Kalm;01.07.1973;M;37307015267;Loo, Harjumaa
Iris;Kuningas;20.07.2006;N;60607205537;Tihemetsa, Pärnumaa
Maili;Lember;16.09.1991;N;49109161766;Varnja, Tartumaa
Kätlin;Salumäe;27.10.1960;N;46010271756;Veriora, Põlvamaa
Meelika;Susi;01.08.1993;N;49308014997;Sillamäe, Ida-Virumaa
Lisell;Pukk;19.04.1988;N;48804197154;Varstu, Võrumaa
Tarvo;Miller;06.02.1960;M;36002061271;Lihula, Läänemaa
Elin;Põllu;12.02.1978;N;47802121789;Uhtna, Lääne-Virumaa
Keiro;Paal;26.11.1975;M;37511265128;Loo, Harjumaa
Katri;Semenov;23.09.1989;N;48909231275;Püssi, Ida-Virumaa
Viktoria;Pruul;28.10.1964;N;46410289298;Roosna-Alliku, Järvamaa
Peeter;Rätsep;25.06.1973;M;37306252174;Orissaare, Saaremaa
Joel;Niit;13.03.1965;M;36503134794;Salme, Saaremaa
Gea;Kalinin;16.12.2004;N;60412160851;Are, Pärnumaa
Claudia;Aus;20.06.2008;N;60806203375;Tõstamaa, Pärnumaa
Marten;Sild;23.03.2006;M;50603233600;Raasiku, Harjumaa
Sigrid;Ivask;03.02.1965;N;46502037265;Assaku, Harjumaa
Heiki;Sarv;30.10.1985;M;38510309148;Varstu, Võrumaa
Martha;Kirillov;22.03.1961;N;46103222652;Lelle, Raplamaa
Cathy;Kangro;19.10.1976;N;47610199302;Kuusalu, Harjumaa
Karoli;Dmitriev;04.10.1974;N;47410042375;Antsla, Võrumaa
Karola;Susi;21.01.1967;N;46701212908;Keava, Raplamaa
Mailis;Orlov;18.08.1985;N;48508188451;Märja, Tartumaa
Anne;Luht;04.10.1986;N;48610042735;Juuru, Raplamaa
Hanna-Liisa;Siim;02.05.1986;N;48605028024;Keila-Joa, Harjumaa
Kaupo;Varik;03.02.1991;M;39102032658;Turba, Harjumaa
Antti;Arrak;23.12.2006;M;50612233479;Lehtse, Lääne-Virumaa
Marin;Tammik;16.04.1987;N;48704160730;Võiste, Pärnumaa
Hanna-Maria;Vasiliev;04.01.2005;N;60501043687;Veriora, Põlvamaa
Kristen;Paas;14.09.1965;M;36509147067;Roela, Lääne-Virumaa
Ethel;Soosalu;01.12.1992;N;49212015770;Uuemõisa, Läänemaa
Keidy;Tamberg;29.03.1984;N;48403293363;Sinimäe, Ida-Virumaa
Tomas;Vill;20.01.1967;M;36701206639;Olustvere, Viljandimaa
Fred;Talts;09.10.1977;M;37710094416;Kehtna, Raplamaa
Jarek;Varik;18.12.2002;M;50212181326;Kõrgessaare, Hiiumaa
Timo;Nikitin;03.02.1986;M;38602030411;Alu, Raplamaa
Kardo;Sorokin;29.08.1997;M;39708294889;Ahja, Põlvamaa
Ekaterina;Loginov;19.11.2001;N;60111197543;Rapla, Raplamaa
Keily;Liiva;08.02.1993;N;49302083640;Laatre, Valgamaa
Silvar;Johanson;25.11.1975;M;37511256218;Kaiu, Raplamaa
Nikol;Kask;22.12.1972;N;47212225255;Mõisaküla, Viljandimaa
Paul;Ojala;08.05.1997;M;39705089034;Tõravere, Tartumaa
Tiit;Gromov;11.12.1985;M;38512113826;Kärla, Saaremaa
Olivia;Poljakov;05.01.2004;N;60401054014;Püssi, Ida-Virumaa
Karoline;Sergejev;05.07.1976;N;47607050791;Nõo, Tartumaa
Laura Maria;Sirel;06.10.1995;N;49510060670;Voka, Ida-Virumaa
Maie;Siim;17.09.2004;N;60409178712;Lepna, Lääne-Virumaa
Annabella;Rohtla;28.02.1986;N;48602289381;Narva-Jõesuu, Ida-Virumaa
Erlend;Kudrjavtsev;27.09.1985;M;38509275807;Paide, Järvamaa
Hannah;Teearu;24.04.1978;N;47804249473;Lelle, Raplamaa
Veronica;Raudsepp;18.06.2004;N;60406189656;Võru, Võrumaa
Maia;Nikiforov;27.06.1978;N;47806271417;Kunda, Lääne-Virumaa
Kuldar;Sokk;05.09.1999;M;39909052219;Koeru, Järvamaa
Holger;Paas;13.10.1991;M;39110133170;Puurmani, Jõgevamaa
Jarl;Kõiv;07.09.1968;M;36809073376;Õru, Valgamaa
Violetta;Medvedev;27.02.1988;N;48802278836;Uhtna, Lääne-Virumaa
Tauri;Pettai;03.08.1985;M;38508033341;Õisu, Viljandimaa
Tuuli;Säde;16.03.2003;N;60303167743;Kuusalu, Harjumaa
Sergey;Oks;02.08.1978;M;37808021627;Õru, Valgamaa
Enrico;Must;12.04.1987;M;38704124123;Võru, Võrumaa
Meeli;Villemson;25.10.1979;N;47910256495;Otepää, Valgamaa
Sabrina;Trei;29.05.1994;N;49405292937;Varstu, Võrumaa
Stepan;Sikorski;30.06.1997;M;39706304552;Keila, Harjumaa
Nika;Vares;09.12.1992;N;49212093483;Kõpu, Viljandimaa
Sonja;Gerassimov;09.09.1992;N;49209091352;Loo, Harjumaa
Vadim;Kalamees;14.12.1984;M;38412140123;Rõngu, Tartumaa
Elar;Kesküla;26.10.1983;M;38310269585;Võnnu, Tartumaa
Karl Mihkel;Malõšev;24.12.1993;M;39312248480;Pärnu-Jaagupi, Pärnumaa
Kristi;Võsu;15.05.1978;N;47805153656;Keila-Joa, Harjumaa
Diana;Kõiv;22.09.2000;N;60009228374;Juuru, Raplamaa
Siiri;Vaino;15.04.2004;N;60404155963;Audru, Pärnumaa
Heleriin;Kuusk;02.12.1970;N;47012020809;Käru, Raplamaa
Mona;Grigorieva;08.04.1961;N;46104087213;Keila-Joa, Harjumaa
Izabella;Kaljuste;16.03.1982;N;48203164170;Roiu, Tartumaa
Anastasija;Kuusik;30.09.1962;N;46209300332;Olustvere, Viljandimaa
Joanna;Ernits;13.05.1980;N;48005130891;Puurmani, Jõgevamaa
Karin;Adamson;19.11.1988;N;48811192190;Tsirguliina, Valgamaa
Sigrid;Ševtšenko;03.12.1995;N;49512038844;Käina, Hiiumaa
Sten-Markus;Komarov;15.04.1990;M;39004155132;Tori, Pärnumaa
Triin;Beljajev;08.10.1962;N;46210083883;Kunda, Lääne-Virumaa
Evely;Vinogradov;19.12.1986;N;48612193380;Tamsalu, Lääne-Virumaa
Liia;Jalakas;04.02.1987;N;48702042549;Kostivere, Harjumaa
Timo;Kazakov;13.08.2006;M;50608133308;Kohtla-Järve, Ida-Virumaa
Endrik;Pärna;11.07.1988;M;38807116880;Kuusiku, Raplamaa
Tamara;Paal;04.12.1995;N;49512042631;Harku, Harjumaa
Karl-Eerik;Unt;01.10.1990;M;39010013923;Mooste, Põlvamaa
Kristin;Tsvetkov;24.04.1985;N;48504249269;Varstu, Võrumaa
Ander;Gavrilov;16.07.2001;M;50107164770;Valjala, Saaremaa
Elo;Vorobjov;01.03.1987;N;48703016539;Suure-Jaani, Viljandimaa
Tim;Kodres;26.07.1983;M;38307263260;Kehra, Harjumaa
Aliis;Gromov;03.08.1976;N;47608039028;Saku, Harjumaa
Deniel;Kull;26.02.1992;M;39202264162;Mustla, Viljandimaa
Riho;Ruus;31.12.2007;M;50712312146;Särevere, Järvamaa
Merlin;Lääts;23.01.2005;N;60501231577;Parksepa, Võrumaa
Madli;Komarov;20.09.1997;N;49709209798;Assaku, Harjumaa
Lada;Lukin;30.06.2002;N;60206301902;Märjamaa, Raplamaa
Oskar;Org;07.11.1996;M;39611078349;Hummuli, Valgamaa
Alexandra;Koger;28.07.1999;N;49907282279;Roiu, Tartumaa
Dariya;Maripuu;23.05.2000;N;60005233717;Kuressaare, Saaremaa
Holger;Ots;13.03.1967;M;36703131501;Õru, Valgamaa
Maarja;Pihelgas;13.08.2004;N;60408134378;Värska, Põlvamaa
Anžela;Männik;02.11.1981;N;48111027190;Riisipere, Harjumaa
Ruben;Andreev;27.07.1986;M;38607279266;Simuna, Lääne-Virumaa
Markos;Kohv;18.02.1961;M;36102186897;Lagedi, Harjumaa
Anne-Mai;Martin;03.01.2006;N;60601030953;Kuusiku, Raplamaa
Matvei;Männik;16.06.1995;M;39506163884;Võõpsu, Põlvamaa
Aili;Järvesaar;13.02.1983;N;48302138669;Näpi, Lääne-Virumaa
Rahel;Lehtla;30.11.1990;N;49011307585;Peetri, Järvamaa
Kardo;Nazarov;06.11.1997;M;39711060280;Vastseliina, Võrumaa
Eva Maria;Ilves;28.04.1977;N;47704289858;Vastse-Kuuste, Põlvamaa
Keiu;Gavrilov;01.07.1999;N;49907018056;Käärdi, Tartumaa
Jesper;Kalinin;01.12.1982;M;38212015222;Lihula, Läänemaa
Janete;Kriisa;02.05.1979;N;47905022513;Puhja, Tartumaa
Ruslan;Saare;30.08.1984;M;38408305966;Kõpu, Viljandimaa
Arabella;Laht;08.08.1973;N;47308082890;Viru-Jaagupi, Lääne-Virumaa
Johannes;Nurk;15.10.1981;M;38110155861;Kohtla-Nõmme, Ida-Virumaa
Jako;Soots;02.03.1988;M;38803025431;Kärdla, Hiiumaa
Alan;Mäesalu;18.10.2006;M;50610181877;Käravete, Järvamaa
Gea;Raud;07.05.1972;N;47205079407;Kobela, Võrumaa
Teet;Lind;02.03.1982;M;38203024396;Türi, Järvamaa
Iris;Bogdanov;02.08.1990;N;49008023385;Uhtna, Lääne-Virumaa
Ott;Pärn;31.10.1996;M;39610314561;Sillamäe, Ida-Virumaa
Kärt;Tammet;07.04.1995;N;49504077257;Tori, Pärnumaa
Ethel;Randmaa;13.08.1990;N;49008139911;Räpina, Põlvamaa
Igor;Johanson;28.08.1965;M;36508285964;Järva-Jaani, Järvamaa
Vladislava;Õispuu;09.12.2007;N;60712092353;Märja, Tartumaa
Marleen;Poom;18.02.1991;N;49102181888;Mustvee, Jõgevamaa
Janet;Talts;21.05.1982;N;48205217746;Roela, Lääne-Virumaa
Irena;Jaanus;21.09.1999;N;49909218764;Rakke, Lääne-Virumaa
Valdo;Trei;15.03.1998;M;39803150543;Sõmerpalu, Võrumaa
Hanno;Ilves;12.09.1990;M;39009121827;Kadrina, Lääne-Virumaa
Ingrit;Leht;18.06.2008;N;60806184637;Kureküla, Tartumaa
Valerija;Markus;04.11.1981;N;48111040970;Türi, Järvamaa
Chris;Parts;27.12.1991;M;39112278693;Ramsi, Viljandimaa
Gretel;Jõgi;11.02.1976;N;47602117299;Kambja, Tartumaa
Kristel;Trei;10.08.1971;N;47108104794;Rõuge, Võrumaa
Grete;Soo;27.12.1972;N;47212276710;Loksa, Harjumaa
Rudolf;Herodes;16.06.2003;M;50306161758;Torma, Jõgevamaa
Elari;Karpova;03.03.1963;M;36303036133;Aravete, Järvamaa
Maido;Kass;05.09.1969;M;36909055237;Viiratsi, Viljandimaa
Elar;Nõmme;26.11.1971;M;37111268829;Püssi, Ida-Virumaa
Astrid;Ševtšenko;23.07.1972;N;47207232076;Kose-Uuemõisa, Harjumaa
Sten Martin;Org;21.11.1998;M;39811214106;Karjaküla, Harjumaa
Gregori;Nurk;10.02.1976;M;37602106892;Vastseliina, Võrumaa
Kristi;Fomin;02.07.1972;N;47207028795;Laiuse, Jõgevamaa
Egor;Hein;14.05.1991;M;39105145113;Haljala, Lääne-Virumaa
Vallo;Täht;10.08.1991;M;39108109223;Tabivere, Jõgevamaa
Elvis;Kivi;27.09.2004;M;50409279016;Põltsamaa, Jõgevamaa
Virgo;Kirsipuu;22.09.1985;M;38509221197;Tapa, Lääne-Virumaa
Sten;Žukov;15.12.1994;M;39412158632;Vändra, Pärnumaa
German;Poljakov;17.11.1991;M;39111173785;Vaida, Harjumaa
Johanna;Remmel;16.05.1964;N;46405161983;Sinimäe, Ida-Virumaa
Simon;Saar;15.01.1975;M;37501158431;Mustvee, Jõgevamaa
Anti;Orlov;05.10.1977;M;37710052276;Parksepa, Võrumaa
Raivo;Lätt;09.07.1998;M;39807094406;Kärla, Saaremaa
Anatoli;Fomin;15.08.1972;M;37208152190;Tabasalu, Harjumaa
Rein;Remmel;05.07.1977;M;37707053610;Varnja, Tartumaa
Marianna;Müürsepp;20.01.1973;N;47301206355;Kohila, Raplamaa
Marje;Lass;25.05.2000;N;60005258410;Audru, Pärnumaa
Marie;Kurg;22.02.1973;N;47302226719;Tudulinna, Ida-Virumaa
Argo;Naumov;16.03.1969;M;36903168698;Prillimäe, Raplamaa
Taivo;Kuusk;12.05.1983;M;38305127681;Märjamaa, Raplamaa
Ramon;Teearu;02.02.1961;M;36102020760;Hagudi, Raplamaa
Magnus;Org;14.09.1980;M;38009144724;Karksi-Nuia, Viljandimaa
Tiiu;Popov;04.01.1970;N;47001042321;Näpi, Lääne-Virumaa
Xenia;Sikorski;27.08.1987;N;48708279572;Kanepi, Põlvamaa
Liisbeth;Filatov;28.07.1965;N;46507284201;Tootsi, Pärnumaa
Rihard;Laanemets;07.06.1982;M;38206070938;Keila, Harjumaa
Andreas;Sarv;16.01.1993;M;39301160919;Saue, Harjumaa
Taniel;Borissov;21.07.1966;M;36607218942;Toila, Ida-Virumaa
Tony;Rumjantsev;24.04.2001;M;50104241860;Kaiu, Raplamaa
Sofia;Kangro;27.04.1963;N;46304279779;Lavassaare, Pärnumaa
Jorma;Kadak;21.04.1962;M;36204217748;Roela, Lääne-Virumaa
Ilya;Saveljev;28.05.2007;M;50705282557;Jõhvi, Ida-Virumaa
Keiro;Urb;20.02.2008;M;50802204731;Ramsi, Viljandimaa
David;Kallas;06.08.1962;M;36208062295;Haapsalu, Läänemaa
Rebeka;Reinke;11.04.1962;N;46204116833;Tudulinna, Ida-Virumaa
Veronica;Golubev;09.12.1984;N;48412090112;Kangru, Harjumaa
Anthony;Piir;14.06.1996;M;39606141350;Suure-Jaani, Viljandimaa
Natalia;Lauri;03.06.2007;N;60706034822;Kõpu, Viljandimaa
Nadežda;Reimann;10.08.1980;N;48008100549;Keava, Raplamaa
Boriss;Sutt;11.03.1985;M;38503112382;Sindi, Pärnumaa
Keven;Piir;30.01.1990;M;39001309872;Kohtla-Järve, Ida-Virumaa
Kiur;Suvi;13.05.2006;M;50605132551;Jõgeva, Jõgevamaa
Marilin;Pärn;29.08.1964;N;46408292594;Tootsi, Pärnumaa
Urmo;Vaino;16.05.1969;M;36905168895;Õru, Valgamaa
Maris;Jakovlev;19.07.1967;N;46707190058;Turba, Harjumaa
Miina;Talts;08.08.1979;N;47908080039;Võhma, Viljandimaa
Alari;Jõgi;01.09.1976;M;37609015950;Assaku, Harjumaa
Nadezhda;Vasiliev;28.05.1963;N;46305288257;Väätsa, Järvamaa
Karl-Martin;Nurk;31.08.2003;M;50308319247;Olustvere, Viljandimaa
Raimond;Sikk;02.07.1964;M;36407021636;Kehtna, Raplamaa
Heidy;Novikov;12.10.1969;N;46910129735;Kiili, Harjumaa
Polina;Pikk;08.05.1990;N;49005088746;Koeru, Järvamaa
Kregor;Pärtel;02.12.1976;M;37612028850;Aseri, Ida-Virumaa
Timmo;Piho;17.04.2003;M;50304171182;Iisaku, Ida-Virumaa
Simona;Rätsep;26.07.1972;N;47207268126;Kehra, Harjumaa
Harri;Markus;09.01.2001;M;50101099349;Aste, Saaremaa
Adeele;Saar;10.10.1994;N;49410104396;Roela, Lääne-Virumaa
Lii;Gerassimov;13.05.1993;N;49305133984;Siimusti, Jõgevamaa
Marcus;Lass;09.01.2003;M;50301093358;Vana-Antsla, Võrumaa
Aron;Randmaa;19.12.2000;M;50012196432;Märjamaa, Raplamaa
Kunnar;Maksimov;07.11.2002;M;50211076678;Jüri, Harjumaa
Patrick;Randoja;11.02.1974;M;37402117294;Mooste, Põlvamaa
Teet;Teearu;15.03.2005;M;50503150305;Pärnu, Pärnumaa
Ingmar;Beljajev;20.12.1965;M;36512206586;Riisipere, Harjumaa
Viktorija;Kallas;01.04.1983;N;48304010242;Pärnu, Pärnumaa
Magnus;Kuus;23.06.1985;M;38506230854;Mehikoorma, Tartumaa
Lisell;Palm;14.03.2008;N;60803147949;Sonda, Ida-Virumaa
Liia;Fedorov;21.01.2004;N;60401217038;Orissaare, Saaremaa
Uljana;Arro;06.12.1976;N;47612066095;Raasiku, Harjumaa
Anti;Lõhmus;15.03.1990;M;39003157886;Halliste, Viljandimaa
Albert;Salu;27.11.1969;M;36911271213;Türi, Järvamaa
Ivo;Randoja;23.11.1985;M;38511232770;Roosna-Alliku, Järvamaa
Anne;Pärn;02.02.1986;N;48602022670;Loo, Harjumaa
Elari;Melnik;05.09.1982;M;38209054646;Vastseliina, Võrumaa
Mirelle;Kruus;15.07.1972;N;47207152163;Võsu, Lääne-Virumaa
Allan;Sorokin;04.12.1990;M;39012049062;Kõpu, Viljandimaa
Margo;Michelson;26.09.2003;M;50309260771;Siimusti, Jõgevamaa
Filipp;Prikk;02.02.1983;M;38302027712;Vastseliina, Võrumaa
Anne-Mari;Tuulik;02.11.1998;N;49811029563;Pärnu, Pärnumaa
Mona;Kutsar;09.12.1961;N;46112090230;Kohtla-Nõmme, Ida-Virumaa
Evelin;Kasemaa;22.01.2003;N;60301220510;Palamuse, Jõgevamaa
Minna;Pettai;25.01.1997;N;49701254424;Vastse-Kuuste, Põlvamaa
Geir;Laur;31.05.2008;M;50805312142;Kuremaa, Jõgevamaa
Airi;Vinogradov;22.11.1990;N;49011227335;Vaida, Harjumaa
Anders;Leis;07.02.1998;M;39802075589;Türi, Järvamaa
Katariina;Aakre;31.01.1966;N;46601314351;Kuremaa, Jõgevamaa
Reigo;Gavrilov;22.05.1974;M;37405225501;Viiratsi, Viljandimaa
Matvei;Aas;12.03.1967;M;36703127794;Lohusuu, Ida-Virumaa
Risto;Lukk;23.08.2005;M;50508234498;Põltsamaa, Jõgevamaa
Ahto;Tiik;11.10.1992;M;39210117638;Tootsi, Pärnumaa
Sille;Kuus;12.05.1989;N;48905121108;Rannu, Tartumaa
Georg;Mercklin;31.12.1968;M;36812316863;Paldiski, Harjumaa
Maili;Koort;07.08.2006;N;60608079397;Tabivere, Jõgevamaa
Jaroslav;Kikas;18.02.2007;M;50702182308;Tudulinna, Ida-Virumaa
Rinat;Soosalu;12.11.1986;M;38611126267;Kõrgessaare, Hiiumaa
August;Koort;26.07.2002;M;50207262462;Tammiku, Ida-Virumaa
Janar;Vares;06.11.1996;M;39611065553;Torma, Jõgevamaa
Rebekka;Michelson;16.07.1991;N;49107165065;Kohtla-Järve, Ida-Virumaa
Maarja-Liisa;Link;26.11.2001;N;60111260060;Rannu, Tartumaa
Natalia;Kondratjev;26.11.1967;N;46711266294;Kasepää, Tartumaa
Regiina;Kaljula;07.03.1982;N;48203077998;Tudulinna, Ida-Virumaa
Alondra;Lebedev;31.07.1962;N;46207318806;Vana-Antsla, Võrumaa
Germo;Orlov;22.04.2002;M;50204221676;Adavere, Jõgevamaa
Kristel;Lõhmus;03.11.1967;N;46711032757;Kolga, Harjumaa
Jaan;Saare;12.03.1982;M;38203124166;Jõgeva, Jõgevamaa
Keiti;Danilov;28.05.1983;N;48305284684;Kaiu, Raplamaa
Juulia;Saul;14.08.1984;N;48408149749;Tõrva, Valgamaa
Peep;Rätsep;28.01.1973;M;37301283612;Kuressaare, Saaremaa
Brit;Mandel;13.04.1989;N;48904130483;Mustvee, Jõgevamaa
Carlos;Rohtla;13.05.1971;M;37105138642;Maardu, Harjumaa
Maido;Kask;08.05.1977;M;37705082858;Sonda, Ida-Virumaa
Jako;Ševtšenko;14.03.1972;M;37203143745;Aseri, Ida-Virumaa
Tauri;Popov;15.09.1968;M;36809150755;Kõpu, Viljandimaa
Norman;Jõe;14.05.1970;M;37005145314;Häädemeeste, Pärnumaa
Martti;Abramov;04.02.2006;M;50602046577;Rõuge, Võrumaa
Loora;Soo;25.03.2004;N;60403258961;Ulila, Tartumaa
Daisi;Tsvetkov;15.08.2008;N;60808156636;Rapla, Raplamaa
Susanna;Tõnisson;20.05.1986;N;48605207738;Audru, Pärnumaa
Arles;Laur;29.05.1991;M;39105291192;Sindi, Pärnumaa
Olivia;Jänes;30.07.1987;N;48707308864;Laatre, Valgamaa
Sten-Markus;Tuisk;13.11.1998;M;39811132768;Võru, Võrumaa
Vjatšeslav;Sööt;05.07.1975;M;37507058958;Keila-Joa, Harjumaa
Milana;Drozdov;02.06.1970;N;47006023611;Voka, Ida-Virumaa
Gerttu;Väli;02.03.1976;N;47603020717;Tallinn, Harjumaa
Adelina;Püvi;16.05.2000;N;60005162243;Võnnu, Tartumaa
Juss;Mägi;26.09.1987;M;38709267681;Tõravere, Tartumaa
Margaret;Rand;22.11.1983;N;48311220179;Voka, Ida-Virumaa
Sille;Jarvis;10.11.1961;N;46111109575;Pajusti, Lääne-Virumaa
Marianna;Raamat;16.09.1961;N;46109166135;Abja-Paluoja, Viljandimaa
Ranel;Allik;04.03.1999;M;39903042305;Väike-Maarja, Lääne-Virumaa
Sander;Oras;12.08.2005;M;50508122045;Sillamäe, Ida-Virumaa
Ülari;Paap;30.06.1969;M;36906308404;Kuusalu, Harjumaa
Leana;Safronov;31.08.1984;N;48408310078;Turba, Harjumaa
Raimo;Jakovlev;10.08.2000;M;50008103446;Ämari, Harjumaa
Katre;Kaljuvee;02.04.1982;N;48204021873;Rakke, Lääne-Virumaa
Simona;Maripuu;12.03.1978;N;47803125439;Paralepa, Läänemaa
Rûta;Kļaviņš;31.12.1999;N;49912311234;
Elîza;Kalniņš;31.12.1999;N;49912312345;
Dārta;Bērziņš;31.12.1999;N;49912313456;
Šaša;Želežnjov;31.12.1999;M;39912911235;