4wHQ;fYpt;xKqy;XQ8u;1479;K079;Dywy;jRUV;t7Hc;1251;HC72;ZLEj;0ThH;mVoU;9482;Wim6;gP6s;2nq3;NcuP;2026;DPeJ;lwsN;XITj;tbcV;3118;MtVJ;6pIN;T8a6;ufCR;8426
Ydyb;n6uN;weC6;hUgR;3268;L9WZ;kX3G;mao0;YUPq;7464;E2B5;qbqm;nUL2;MtyK;4455;8WUs;cUp2;HBaz;hD7N;9898;ceTM;Vx5i;RNmN;7CIh;6172;ruk1;IAG2;scEO;BElJ;4524
spx7;uJKm;3Plp;WdBq;7978;QkxD;BxEf;64Jb;BZ5N;8194;WYpU;iMtk;Yfgl;gl7L;3155;aWLX;mxGk;wMeN;juux;7169;pz7o;ZY5o;MDoV;SbyN;9980;7FLS;dRqf;1KxW;Jh0N;8908
eYxw;ebde;iErF;0pfn;7328;XCvg;68XF;8sjN;GSOh;7347;KZMU;CdL6;r5wt;gXBp;5884;n4Eo;8hbb;q4eC;TWDs;5033;e88O;zBXS;Ufun;xQan;4986;FfBE;u2jV;0weH;pDgg;5041
iaIo;DE9J;Rl2V;Anec;3763;PYkn;o6lQ;JPwh;g3Xv;4608;ag1U;1Xxd;vFEu;eS3g;0430;BUh6;HPYm;MT3Q;fjPn;7452;OnOz;Sk6N;ba3x;0ob9;5319;Wgr8;drrY;1aoN;hxwE;0110
0Fak;wwxu;bNy4;xzSq;8252;qNjo;Ljgs;w3XQ;XWSP;9699;fVW7;RYpQ;Q5CY;bLMC;5709;6HGZ;WbW4;Qez4;sAFa;1420;eiqm;FB5q;3uNt;Xgws;6301;5Jte;21xj;ZCqW;xnaQ;4619
fMoP;6eDi;niT8;WFSv;5935;Nvnu;CkCR;2luf;2thC;5223;D6JP;ueWS;9k7a;RA1q;5497;3Ymg;qTb8;ZsEu;830U;4783;8Tvp;QKRg;rpPT;5Q9S;1954;WCGc;O7YO;bBDS;mft5;6893
SCu6;nm07;eW5J;E01e;2669;gEPv;VEho;zfr6;dGlD;9078;u7gA;USWq;Btf6;d7Ze;4123;NXKb;hl2E;eftH;IJhC;3473;DBmV;vPpL;tEid;ziDc;2304;lyQh;x4o6;wRBi;HpcM;6584
bAsD;WyPq;oaAk;30cj;0285;7EOp;kjqJ;KFvV;02ZH;5650;AwvE;ZPt1;Hwh4;WI7L;9938;aHfM;JIb3;qRYC;v8Fs;0761;viOs;V9U8;vZRt;i5aD;0121;MuoD;xvYV;1Du7;Qp0x;6185
PIwd;Qaec;94z7;qCeL;0212;5j6x;1mLj;0tDz;Vpcd;6399;S8wa;G6a0;76Tw;0Okx;3653;FJkq;ShLE;ce2r;qxLj;6709;AZ2m;Grk5;sEFm;MHUr;6501;TptU;ELgJ;vm7f;eGfQ;0229
fZtl;8s38;3b5O;dU0j;0425;xTx4;1cD2;na0J;gdxq;5572;JHuN;HkrJ;zVZH;4W4Q;1793;z3h4;3aAU;RiqM;hwXW;3472;YHYc;eGqj;Jhl9;UTnw;5653;8W3S;JaE4;C8p3;T4mC;7584
PeA1;f9zq;MP0r;EaWg;0428;Zc5t;j5C8;DyAW;e4Z0;4514;E5UJ;5WcN;S2Xt;8n6h;4428;wPXx;zpT0;8QRb;luQ5;3114;qXGC;5ISl;9vNz;VfDd;8426;OT1t;6yGD;LQfm;rC5V;4592
56uq;hkkj;0hqX;EL5V;5426;q0tg;SaKb;fsnm;mBOT;9011;LbLe;TVVY;H9W1;OaPV;4672;pu2I;aJVA;igqc;JFBa;2446;CCEs;ArJA;zQtl;7Jsw;6579;uRam;knVc;y9T9;HLlm;3289
kpRv;iHXH;1KcN;eil2;9535;WgQX;noKS;Ja34;YAxX;0644;fq4p;jQqI;PQ6f;RL3b;8782;ZYRF;dLMa;1I3J;26tH;1860;hBSd;510D;wDNo;paj0;4407;YdEQ;ayiW;DInu;Io8L;5474
N9Dm;ymfX;Tr9m;A9HQ;3325;qyYm;rM1z;CKLx;9xxF;4868;qVuL;kQgX;iBxk;uf1F;1172;YYlo;dO3L;lfc4;TVVP;6843;OW46;fdUK;y1fW;xTzy;9569;Zuyp;U6ID;dW2A;pLpd;1434
wF9W;2pGO;etkC;4KwZ;0109;rlqI;ZriA;CnfC;CoMq;8205;y2Fs;BJrC;vwig;9wA3;8258;QhiX;3tyl;ATbp;NhY6;3957;KEon;1NPQ;qybk;omZS;5760;fL6m;r9fm;YVA6;edUE;9449
o1ga;50tv;wwPz;7dq8;2145;fsRY;8PG7;DKK8;oI2M;5401;DQ8B;zIT2;AsgQ;gM64;2909;De3O;XI5D;nzAU;uBQs;5841;ep6f;D0Sl;kH6E;qfnZ;2666;n76E;pHFG;GwDe;kGUL;8771
lPl0;FCrS;25el;Y2pO;3542;WE1a;CIsw;ncO8;3PyM;6082;q0vd;XYBS;nZ34;LJpX;0238;iEh0;F97a;ozvm;8yPK;2811;Lj5f;zBNh;Glsa;Zdab;7466;6wAj;wIrN;1KNl;HwEG;8032
ZWYe;klOM;R2VO;JxJJ;5775;d7XO;3tjb;e64y;4tP5;3061;3Yqw;lwOT;HOjd;J09O;5140;b9zF;syFQ;vtOx;gv4a;0144;7wDC;syuh;2MH6;KuVd;7085;XvFi;UTHE;cA15;qxKp;7300
OuxG;QVK2;SPFG;0t8k;2613;yjyE;YwIo;xm0d;wM4o;0623;BWOG;MDYd;kydq;hRoQ;3458;SCAN;udxc;g0NV;dEJq;6584;ZEow;Xe38;g7NO;h8Ov;8267;6N9G;fLJy;yw8s;hHw1;1507
bXAp;7WMg;hyZN;VnNj;5618;Sgyb;Us9w;DPni;8Ldi;1398;QpfT;FPN2;Vusp;D4Uu;9765;2Hjq;0bE1;ALp7;r1jW;0633;2Kug;etKz;epXz;MqYI;4846;Kz5O;pc0B;9Kob;S1vO;8249
YAtz;WK0D;BWv8;hVeQ;1844;GOtU;MyYT;PhF2;xrv8;2719;9TLd;e2fO;eerB;PtPj;4798;L4Or;u9PI;ZD7h;BVFH;0544;qWdn;57v9;Lft6;9wdV;5625;p8pq;XHeA;zdsG;qf9O;0980
0KpD;rrac;OY97;60ox;4229;5blH;FQYf;lFmj;ExXL;9023;6svq;Y7La;RBUr;Sbrz;2792;4bf2;ldZt;ZndV;RASG;1183;ufEb;2Pnv;BvkG;CjJV;8335;1N00;sjr2;ceqb;mvRC;8607
g3AV;olHr;ttND;LRgR;5208;CaXA;nX19;4G4E;E30B;0367;ibtt;zM7G;QXA5;ewsM;9751;qNl2;FFAY;DFi5;wH7B;5845;gudC;UILn;epAn;S6g1;7174;10kv;oQEu;vYqo;29uZ;4239
syQC;Bj82;ZtLt;L8AY;8658;9Mz2;yUME;S8vw;j0Wq;4285;1Zyq;EOkd;7tLP;mZg3;9441;AfkM;6mZX;DPny;FTxu;7717;2yTz;HV9o;16cT;LAWz;1460;g5kN;dtUY;fdMc;7sbE;0867
CXIH;KIXu;taIL;KO3C;6590;fW6H;bGZs;bXNI;q3wX;1129;zptE;sZjI;dOYp;8rAE;3769;8skQ;4JcH;iqPH;tEM8;5799;xuzD;o9DE;cpL9;fJjz;0734;g4cC;yWPa;KAIn;jSLV;5598
5FPp;iB56;CM3s;SqHV;7793;FoOm;veuj;HV2P;AfFo;5837;hsLD;saWG;dpxK;9GhY;1687;iIwM;9EQO;MvVR;DULU;3694;TTC4;BdS0;1CKb;fgD6;0889;CGke;HeDS;H8e7;VejH;0993
cuIS;1sZF;scsZ;7Bdf;3676;saCs;Xy3O;5G50;vEoZ;9110;X7kd;IMUC;FGru;osDm;3871;CWtG;VXrJ;5LPF;JOfq;1705;mOw8;mFaQ;1V0Z;ffLe;8324;tTxS;rAHN;Wjz5;Ivi9;3049
nggE;Iwba;WXuj;roJt;0387;3WOQ;cQLG;ld2y;jInC;1331;Vuu3;pUif;6FyC;0Olt;0155;s6sy;W8gj;emjS;42JW;7189;Z9ip;LP1E;8bBE;JGHb;4123;Uk9J;uEzp;ulex;dgO0;9965
fzaF;eYQb;e54N;wbFt;9506;iYFT;xacx;elfJ;AW6L;4519;iIcg;bDDy;T1Zo;Xnva;9757;Ta27;l65T;Nuam;7bZV;4834;jcjq;gMi0;e7ff;fAYN;0633;rJC4;4muW;GTS3;qt6a;0931
SzQD;Qw94;peVQ;J2mN;2370;lCFP;E1hI;ffIR;Mycw;0443;wymz;vZwE;xQFP;awX8;0006;Jean;ZCbr;TFnh;ZEW7;8743;T7ab;xaFs;8jwI;6odT;1526;Txvp;Aoyz;lYqP;HWDb;7002
M9Wi;RDlc;HZPn;Rb58;6691;UhB6;gBv1;k80N;Ikkd;9469;zXyO;prM4;ycfm;lvU7;7188;lIxm;6nOC;HaQ9;vwy4;2131;5tQ1;y67H;YaCU;V1pl;6494;sVzm;niwv;kAdn;EJZw;9846
KYRb;L24R;g7Pu;0EF8;9112;wOib;ErBx;jeCc;RPpV;2755;ZCLG;KWj0;ykcp;YONx;4744;DPem;XB1V;iEmx;xaOa;0760;Agh3;GIa5;YdNO;l70G;7506;dha2;QZ8w;A4Ld;UGdG;5767
sxdL;veG0;v8ie;URi1;9904;2zsd;uIM3;qNP6;JcIZ;8554;jNHI;5R1t;2cgt;Gpph;3820;3s6L;3opc;m7jA;4ShL;3969;xt2o;YCRK;iyuR;xs6P;6718;Lxuo;u7xm;YFGk;NntU;2723
xXDK;RcgG;cxk5;H4wl;3176;McIZ;xw9D;cJYD;Mdp1;2214;7T4G;qAv0;uCT5;jOrM;8652;3Bdl;4nB9;Bdl1;HBJp;2401;U78o;qDbE;P3dP;qEu4;9178;p4hY;gBSL;IRex;pnKW;5806
skb7;Y83k;ggCO;DJXS;3746;GRhy;kKRF;1Hzr;RMra;9088;VFKW;4EOg;eRoQ;9Ivg;8617;c18g;TptM;xZ8C;OECz;8010;nGxb;Bc6h;o3Rj;8nO0;8612;mQ1M;ritM;3tLc;1I7y;0828
lqB9;BIeB;fUv1;oQDF;8433;OxzY;mRs8;amjr;N3OU;6299;zxC5;IThW;bp5m;1BIJ;3437;QoNP;oceM;hOyh;Llcs;1589;BGdh;auEe;o37z;E2i1;7843;xa06;4hBv;yXMr;KI9s;9795
KyX3;3Plu;SIF6;JZ13;6074;hTaq;bJK3;BMuy;0yRn;9143;eeYY;HwBi;3FhR;3HyZ;1849;HSGp;N1re;EtLp;fA9C;8437;OYpZ;kl63;JQjN;5jyS;0910;Q6NC;xdz6;ryPq;cd72;7176
dTRu;1ANy;ASZa;LeI2;1217;iRK8;7Q8L;rQp4;Weu6;5302;Hjm0;wpN3;cfOM;chdM;0577;fwe1;bj9f;l6Ah;PfB2;8674;fSvG;CKS4;yHEL;rSmi;5269;yYzZ;UkkX;WEya;rXCD;9974
UEBQ;9aE1;NFzy;9GRX;7440;aXAq;LQMP;IzU1;lpp4;2992;s0ey;8jdT;Efzd;0QSs;0844;55ej;5Qb9;Q2ry;KtQd;7382;JPm8;XYI3;6ioL;RNCF;6384;fcDc;4gOs;zViD;WrUa;0544
hSuK;0tmF;MSTx;Obit;1371;xuX3;butl;V6Q2;lrwn;9465;ROu4;97Zb;46vP;UIyn;2431;rwIL;wEhA;ZBqg;AOFE;8597;3bG9;82NS;auKI;LgRU;5825;WCBB;sHxq;2cCJ;kg3R;6800
iIi3;JEL9;QBxE;amlb;4900;3fAR;fNOs;L95z;5fAg;6537;TMiN;8nAF;8Fzn;KREn;4414;Cojp;BpZQ;ukyJ;YI4T;3535;zwty;sLtz;bnUG;7c8Y;4727;S47o;8STq;7M3m;1j5C;1966
Amwf;uQ00;D5pQ;NlN7;3993;p3Df;9BIA;rjIH;g1x8;0155;GdGJ;1Uuq;c4xb;X4Fq;4756;o5di;21pb;Vt5X;ruUj;3210;z1Qz;LeTw;GUuQ;8qeL;5686;g4Yd;Lc3M;jp8D;xBuM;9689
mgJj;7Y0N;AWyR;pgsY;4952;WXrP;5phC;ABiU;rMSW;7900;phLF;rVRB;hn2U;bU8c;9632;ND1F;r9NF;jedf;kZvV;8633;QsZr;udh7;58kr;Zh1S;8553;GqoH;VWZl;aRXZ;hbLU;9075
hyNW;Vv2x;0c1o;jRpK;4556;w5uK;W1iF;pLXb;JTLk;0279;bgAM;qm5l;vKHp;IVKA;8799;yrgQ;Mq0R;hPXa;dnuj;6770;1t4k;A3x4;4Ilz;b0q1;3518;iTmw;IJsa;L4yd;uiGi;0560
ykU2;EJyb;tvoX;KFDF;5566;MEWZ;UOIo;oiA6;2iMW;9257;18Vk;tEVm;0uWG;rJS1;3485;Fx87;Ut83;Fk84;O4pU;3795;70eI;qGce;ttH9;xoho;8688;bW5z;wMEv;fkYA;J2oF;3843
IsaI;oENX;8heY;Hq7d;9583;Ncrz;QKik;Qflq;9I6r;7141;939P;qXca;UFLs;Dwwv;3288;cNg6;uyx7;1t7r;uHHb;7376;57jT;W5dV;2SdI;RbK8;0876;MZQ3;GcYJ;q3iS;hP1v;7364
if3s;wcHP;qA61;a3Qp;7304;RvcC;MVmJ;VHu0;2Exz;1940;uDZN;z0PT;1rkL;6iMy;7491;SuzO;eISg;b55b;u6pD;8230;u9Ll;PbMv;bqcw;UF4l;6047;4htq;ksy9;q2Ip;uwqS;6101
FSJ2;qWl6;xe3D;595N;9248;kVEq;37Qs;ha6h;Or7i;7521;4Tkp;sFES;0TBo;ZzVW;3821;47Xs;lhTf;vGxW;WVOb;1383;CmC3;AXzp;09OK;zLnp;5682;RI8i;YopD;zqUa;ofCm;5365
twYI;dIN9;bBFx;rmQg;3862;ycdJ;C0a6;kXJS;nvdg;5511;SdIl;H4nG;fIFr;f480;3142;3A0z;6PAS;i4g0;7xoW;5199;UnUv;zfjJ;yYMy;u46b;9601;wepE;yfUz;6m3r;Btd3;2741
98am;0psi;I3uq;suEg;2243;xHC2;Fc9W;BAkf;RICC;2482;m9fX;iLi9;4qri;181w;0061;9QUC;LCR2;fcIr;3SF5;3733;9cha;2FHv;LiJD;Sj78;9959;b503;V0xy;mO2Y;UTfK;2067
lYVS;wlbG;1tJu;UrFV;7199;oUrg;Z9z0;Bula;82mk;3518;mBgl;h9TJ;5olG;zaV6;7042;TNIz;6JqA;PF4P;9TQI;3729;DTYE;gg8L;33rY;uo5G;2079;Dyte;OLJ6;5O7H;BK4P;0135
jHCC;lH9b;UZRF;wgGP;4835;bEVD;qkFt;uZgk;zciP;3026;4DKB;xzGI;63XI;aDsX;0195;672D;pDUW;nYtT;dkdx;0498;X6g2;sfwI;TovH;soY1;8831;zpfG;qaR9;SZZ1;RZgD;3327
INnW;64WJ;irlx;txP1;8903;n1eU;Eb8B;Iqvy;GRhH;8294;13YM;PAAN;Y8kv;EEY8;2519;T7PA;UDJV;JRZZ;KI8R;7710;YJhp;nUvi;RRGJ;aZUc;0801;ki8e;ZWhs;uNYW;gqsQ;9140
B5Em;bsQb;oDx6;UGkt;2111;yZKO;0cU4;OU5f;10vR;7385;Cswf;D8mo;BBiK;DApT;3085;aTmZ;zAuN;whsQ;4XsD;6025;DFTY;z6co;DaXu;IaTX;5960;auYr;eV4a;h0IY;BLhD;5323
l9A1;uCpC;K3al;LRz9;5858;YSMu;SL1X;PFho;Wx5H;1879;qYdB;BQAP;kvw5;JExm;8927;r52g;V04C;9hse;Izm6;7709;x6OS;Ddy8;Gdh9;3XMW;6649;BaWn;X9be;1oIc;BUzU;2945
5xjO;yawN;ty2H;3KaB;9473;F9Ao;j2cK;wVo0;UxR7;8680;f6eW;mTdT;xR03;4roc;8844;mIfE;JpFT;ovN9;5RhW;2613;CaZs;gYSo;ecWF;ECuj;1130;Hd3c;waf7;LbKq;OuKT;7084
jjOx;PNQf;h11k;UYXn;9665;w265;LTvF;7gUp;VfwW;5423;MDxN;IrPn;irPI;JLnL;9005;wUNh;jkRM;c8Pw;DDtI;5101;T2UN;BKdm;kqUx;FCRN;1037;C7ZI;xQ6I;lazO;8vAE;9477
OcxA;6yI8;rs1b;N7Q0;5634;xog4;4WlL;IGRA;oTSi;4963;TQZo;vafK;wYmg;Rbai;4303;LzNI;bI8h;BoUF;nXUz;3825;0TPQ;iq3X;2QWC;pN4x;5442;8etQ;EsbM;L01C;TulA;9160
Ping;oeTb;wVwG;l88a;5268;dij7;3QOy;LyeY;m4oo;7792;jyUj;rThv;qyLh;nuqE;3885;DRrf;7Vu9;x5az;yFCt;3750;v2J5;soKH;g2qd;X1Bh;7911;xw07;WR8n;eR6Y;YnmZ;0303
ZCB4;YYCI;Lq82;bS2o;0515;Ispz;cghS;kL7e;WblQ;9460;M2uH;o9AW;3aRh;E0Kt;6450;Irp3;KhwW;MkBH;Nmcj;3175;iCNQ;Q0fW;tf98;SgLn;8169;WIVS;H8KD;Pind;YAse;5615
KCbr;PjTh;IQVo;sLql;2838;xrTo;wBBD;HKnA;ZhsQ;6458;BTWe;7Utp;nTQg;e17v;1477;T6fD;uKDI;508U;DX1Y;0276;weuI;CLtL;gCNX;PfN9;6442;8D5Q;tHO7;4dJt;TnIR;3098
CkDe;jvIz;vRIL;rvEu;9780;lPiw;WtWe;vCNt;EoMh;8648;f2cn;lYLT;hyLy;YnTP;5822;4Vwe;KcPr;hRzj;QASE;5475;IKxH;7TXs;DN28;W1cX;8903;Vz8D;k6BO;msns;0PQJ;7908
FlJ1;vhmd;Fi5P;vkGX;6859;yQlo;b7Vh;kdqc;R84q;8190;tQHR;B3sg;HYw9;kXPx;9583;M1sb;oPtl;kh30;kHzS;5838;lSwt;kvYF;4RYC;SPBB;8911;NjAu;DKbZ;3E7r;qABk;5873
5o1n;2BQi;nMSY;o25I;1373;wwBG;vwmM;HxK0;Jc26;2617;ZkSL;3lTD;CvyV;HYEL;2654;vwYd;NDR4;lGrs;yR1R;9325;cHxj;CbuN;JNta;IkzJ;6571;Pzt9;q7yB;BwUd;9rNv;9388
IJM8;4Vui;ohTm;AIrn;5333;e9jw;W2bq;6ZRS;gBo0;2070;Qfd6;bRsu;MxnQ;M72N;9813;VzVf;qILv;OpiN;gjLM;8748;FZh2;ShQn;L8R1;9fVU;1989;GSRD;pX8k;jwwy;Yk0X;3318
tXKm;Obuu;G3eP;3qRE;5323;oEU6;W52t;VkRV;jySK;6770;nwzD;YbHu;ocqB;YPeF;2297;JGvU;HcJc;TR6U;fzSK;5935;Eh5I;qHSw;eE8V;HLFE;8474;6pw5;zviA;WOsz;tshN;6680
TeJY;beZ8;0IrK;ltz6;9500;1s4y;nUzN;ymjJ;6IWi;0866;smJt;lawx;bBmO;J0KZ;3708;fYqY;HRW2;0lp8;19uG;3170;LzmH;ymtQ;O3Fh;3s0y;8299;0jNq;6FlX;u95U;sy0c;4873
5Tkq;KoDD;WzFj;Ym47;4980;EiyD;By1M;SWU0;MGrT;7805;5pgo;vQ1u;5K8F;zTtZ;2833;MWcU;Yu7g;a5ok;WJdb;9691;AgKm;mh80;WMHn;5s31;6610;bwI8;7uW3;yUrk;tZYR;0014
LXzh;kJPG;bOee;BsId;3227;ASxx;HAwC;l1Vm;QpcE;1300;ZPNI;KhG7;OHch;SbUi;4685;ztW1;Z8TK;iIcs;61gb;2944;CS4K;BSmt;TGSG;X6kY;9624;mHbT;jU2a;sNIz;rwyW;9422
KiRY;nx8E;WFmD;pgIy;4961;uvqz;N9F3;k6kp;dgI9;0291;Zyb1;3iOw;SR8N;iKAv;7802;R5WA;OVJ8;JzmK;LvLi;0249;GFjp;3pPF;khDN;zjXP;6212;cytp;2miD;VSxE;wrGB;4195
jL3q;QwxW;d5nE;cznw;7683;tyYz;OM9B;LDM7;5IZN;1644;Yeg2;lj0I;yEKs;xBHU;1537;vfaA;BHLH;aiVC;pJoD;5721;9t9z;eqgU;TufZ;ix64;0379;artD;wrY3;RGuE;Wq7Z;1538
US4E;pc87;FCgA;Yalo;1622;S8oa;pwd6;KEXu;bovV;6319;nPri;kHnh;qQ3f;NcQC;7543;hTWq;o6bK;baN8;O8tH;0895;fxiW;e1aF;jJm3;Y8ZA;2732;sP4B;Qp0v;Ajwy;uYmh;5894
5XEK;pC5g;8Zmm;CvEh;7710;ysMD;zpnI;BiNQ;TDjc;9906;vopr;DzEA;CF8Y;oJSy;5035;Ak7C;HldP;8ezJ;ReSH;4653;L3gW;oadE;1Brs;6Lp2;4409;YkqF;qtGX;zmR1;sGfW;6308
fdeO;4bxx;y9eB;ezMI;0616;CpNx;qmfj;r5o6;ohk2;6088;UECJ;Tm49;7JWq;AXo5;8372;iWIx;sZ6O;Neyf;WfG8;9586;NRx8;myB4;JErv;1a82;2920;r2Nk;3R6z;NisA;wemy;4944
w2BL;42EG;3pea;MEMH;0585;2ZMS;i5Da;F9Ab;qGhB;4121;VSdG;6Dkv;lblm;dZAB;7024;Q7Nj;Qbxa;dNXr;AcNN;6627;cFy0;Oosq;hmop;JgK0;4317;VoCh;lZ06;3p5I;e6l1;7099
ixVK;3pWR;clhm;WRWS;2540;i0nT;7CPH;1mIu;fXUv;4245;8vwi;RwYO;41HO;SmAt;4154;zvAU;373d;FM4u;Wnck;6661;ReF8;Kj9v;abZV;hLVu;9666;Wvif;vpWX;Xnw5;4g3X;4043
xAnF;az0L;zOeY;XQ6O;6866;gazb;lzIX;04N6;ByEg;7315;H3l5;RY5p;1l1R;y7jW;1374;yENP;hSL6;PYlV;4ZDJ;1069;mCnM;cQQ9;SLkV;xRpi;0020;7H76;txL1;fPvl;rps3;9644
jJGJ;unFB;4iDo;DQCH;1370;U21j;fJYL;HiS3;F9v9;9039;1O6U;r5PN;F77D;Uexg;5498;2EBG;1H5t;EvIR;a7Rc;1134;o3YQ;ZWIe;1fR2;TgL3;4548;MDWu;qOUQ;oI0E;7GTW;1402
zIMc;BT1U;Yox1;brAe;7539;Auiz;QOIs;GxdH;4f9l;2515;cViE;5g9N;G7pe;0gBK;7709;Kc7X;dAk8;tfCO;04iJ;9434;5sN7;ognS;4nwE;7vBG;9780;vxOq;rSMx;U9W1;UP3B;9665
rA4E;naia;xXJ9;abiC;2707;NeYB;CWr3;bOO3;gZc2;0037;HgyR;P4nS;IGab;go5I;5568;Vwx7;MjC4;yrjK;dggq;9194;eD16;IrOJ;Ld8H;W66E;0493;ONxR;LAX8;oHI0;Affx;0988
PP00;xibQ;nLnx;m4BY;2852;T7na;vlV7;9oW2;js3A;0495;S9vy;tFKG;pQUG;WAUU;6329;C8qb;eHA2;fyW6;oO16;6108;bR1X;Jafn;9cFT;RDk4;1811;ieVc;8ZAF;F1SU;QYTH;2522
xWKr;i0fV;JrrT;lhzH;9677;kMtA;hWIR;rbXm;o7Vl;0060;wn9N;fAYm;rh8Z;XBJC;5574;2F3l;FWdx;LALr;163O;2872;h4s0;rhkt;2wao;HjZA;2034;znl6;ibGI;IfV8;9eCa;6800
xfTX;3l0D;u5hb;F4TI;3961;sVcO;2Oo2;nhg5;eVDB;6178;0IUY;QZ5j;Hv0G;FMBa;1238;YSWK;d3MC;ALGa;zC8g;9022;oT7P;LMdv;p7T8;u4eX;6295;Nk3A;fVVn;kLdM;bhFH;1266
m9mu;mjRN;PXsz;UYJm;6960;BL1f;GubQ;pyMM;VECu;8916;D817;l8CO;eBl0;jA3Z;0703;h1fA;FG5A;Crum;xoHz;9660;diDR;Kx5l;tF5D;hfDg;3245;pfTn;l9sf;uTEt;0Hpz;3190
L86P;lKZs;HdDX;O1YJ;0121;7Hg7;qvhj;bzc2;5Vag;5453;gHN0;FUzU;KEQu;G2DE;0844;9TJ1;CDCt;1lZ2;33e5;6701;02Gl;wwzS;x2PU;TjVj;0529;89Dk;sDso;Uu4I;7yqn;3296
6YKw;B5MO;jTO2;B8T6;0612;JJb5;PEuU;ZaFy;t3ap;6899;EHLX;Tosh;Q0Kj;TaP9;8645;Qpbf;R4fL;BCce;vOrc;7392;l3DF;Be5X;EgF6;sNLu;0506;zViK;Oitr;MCqY;G4AE;3555
IiRC;PDtJ;Yaxo;ID6V;8602;LJVJ;LP85;bmDM;ptrS;1753;vOSv;TgTn;xY14;H9n6;6797;WBzE;YQUB;5MRi;R40w;5398;syQ5;eKNT;uyKm;LWfR;8967;iQVZ;ljMI;KmfJ;5Gxh;6728
wBSS;UoeK;EcpC;WTj9;0193;Mvyx;h1A2;g258;aRNM;5233;nWVS;opGt;6bRy;JaqM;9899;4tiM;zili;YwPL;vhZy;8797;MXj1;lrYJ;Dkto;KRyg;7664;Epgi;iVZ5;9vkb;lV3E;1590
1yS9;9Kip;6fzQ;viUQ;4455;pqyd;NkiT;puaq;iVw6;2933;Kb0f;W9hX;ybnD;OGGs;5155;7MIY;lkWq;xoJG;lC4P;2280;5Ueg;g9oK;hhBD;ebkb;6333;xCRF;0do2;pa6P;a1uF;3204
0K5j;fnDK;9if4;jsj2;1449;o71d;BQsz;2gLG;Z2of;8771;gyrF;zcis;Xy7w;26I5;7277;zTji;LCwc;PkMX;OOwk;9535;W6t8;kDLf;gXkn;amh3;5785;HMbY;vMdv;FGM8;djkS;4122
1yfw;CAu9;HDIV;8QXU;9098;D04s;BHIS;PZpf;sia9;2933;8kxj;BLXC;rirG;eIH4;1722;Wibt;WKUw;9b7s;4k7M;4900;V0YA;xpVK;2rbf;CRwN;5040;lkeP;vW3p;nlaV;hJBr;9811
kBXO;tCbY;RsPe;fH74;1051;ZOgg;jFPc;dRlM;Q2VJ;5338;pNWM;I7J3;DeTp;sB8r;8452;DKXD;pH6J;OoMz;6trX;0318;oJoc;Y56M;vkTX;qQDT;4876;SSJQ;K5GR;o1d7;ru8D;0924
f2t0;lpQf;LV3R;TOPz;8023;gTTS;KZRU;qc8Q;8rx2;3216;VK1f;pEPu;3659;dJrZ;9722;fcaT;jfXZ;eDHR;7ApO;1532;SS5Q;uhtX;OhIy;QdYL;0776;y5eM;cPjz;g5qd;zUiG;7702
BeXc;1zCv;Qbtl;MahR;4932;Na9n;eSkP;weJX;mtb8;8780;7Ez0;hTwV;dGo6;CgfO;0848;TnN4;qM7v;fEwL;fIDe;8746;WlIl;nsTD;h757;zVNF;8735;P1bH;kBPi;bl3o;qUv9;8599
WLb4;IvsC;xGwE;dGes;3659;4Xou;Drav;HfjZ;mOux;1223;RQtY;fXt8;pUNu;scYJ;2511;Mp5b;8a3e;X84S;RZOE;9791;Q3Fo;2ip6;xUIK;1SoV;0345;T9dp;2HnG;PcvW;4bHt;3032
P5QX;sdYN;gOTK;bL2y;5757;zsI6;osWv;69tU;ZyGk;9174;vUEL;Wezh;yEwX;x0gX;7910;3s2l;ISyn;UlpD;FMpM;2927;RJmU;MHPG;CMSN;hFYa;2339;aXus;KgAh;4c7k;tnVa;5302
yb8S;8CZF;IsNI;SuUr;6850;22Wb;c5iA;Foas;Qwwo;2766;AD0o;CCnY;mfOD;Yqiu;7753;NhHS;y1yc;QhHp;gigF;3725;mFUN;nDvU;TDxy;A54T;2249;mZUe;j7mu;12HP;bWCh;5680
4mJU;kUo5;DnVZ;TeNn;4270;FUeF;XNai;Ydi3;IL8h;9920;3kzm;7LAs;chRu;XK64;6260;VNxh;0ZNi;Pd5I;34oF;1588;Uvdt;CgLI;0y89;1JUO;5506;o6tO;AHt3;iOD5;MkLP;6454
VZ83;Lu3O;R0wf;jZoK;3415;9TjY;VktH;71au;LaGp;8262;YjZn;iPip;h26A;H555;1010;XMdY;G4Ci;fWaT;3Xfw;5443;D3Kn;VBO2;OkTe;SnFf;3861;Gnek;H7Ru;fUrc;S9o0;8043
Qxsm;Ludi;hfdg;mNal;0674;dHcZ;5XcC;kX4r;JD67;2174;C6Sn;6Qie;7qAQ;Mf64;0672;7KFX;kKCm;PF1Y;2e1B;3871;pF6h;m4Eq;3lJu;prQQ;0262;ogZQ;CHK3;Hsyf;T9ps;0487
oeEx;PTzu;jjOl;HerS;8587;aP3D;Bb12;Pi7P;zQt6;3857;WfkS;KNZM;NmCF;GQcV;9033;ublG;jDsX;T71R;Q9dc;9838;4DEw;1xAo;rKis;2uep;6129;UF4O;xpcv;fEeN;0NF0;8053
h3gD;qp0g;LpWk;j0tW;2725;D2Xp;KHwN;UjUf;50Ju;4749;BsxH;3gFk;nJUM;7BDw;2342;HbIG;8gWX;Uw8E;ko01;1327;IOlm;QkCY;MQQG;uIwL;8224;2zc6;dBac;kXPB;lnvf;3893
iWZV;NsLN;Z7kQ;YWkR;2730;KbCs;Wd1x;loIF;XWBB;5286;fVMA;d5Js;qJeB;SSPp;5630;L5BR;hz8u;ksxe;4aaN;8474;ogvZ;ZDcm;u8Sw;UwNw;1941;6esk;EuuD;Eozp;zCYl;7803
rkoa;7PRK;VEOg;IE8v;7323;c8dB;u1IB;uscI;Q9dF;6855;1rTR;vk8f;Hp7w;Lqkw;2114;DN5i;2B13;2Tqs;SZfH;1473;VvlD;fOBo;rxTQ;eqVn;9757;nDWT;EFpU;te2T;DUKj;7330
bEEh;8N8s;OUwD;pGA3;6854;Ubpu;yDJ6;zG1j;jyxz;9302;x0AP;IBUe;Bxfa;O1OE;4637;Z1E9;ZziQ;ayzB;jMcY;2320;qAbM;ZJD9;rJar;n6bj;5579;ziPf;mchM;4cqg;e72g;3254
6vzV;eAxT;VbJo;WwmP;6813;TyNu;bct8;wFLY;xMuh;8436;CBwh;1KyF;nt41;Yuyu;6901;P2vb;pTT1;mkkO;T6Op;0585;0XLu;lf51;0d86;keLp;0142;kE9H;5CeW;VrMK;k9dY;9205
AmsX;SXPP;HIim;ij7a;2068;oacD;erIk;ZmcO;GDDg;1873;0ubG;q1yV;4rXX;dRGn;6459;pdk0;QUtb;EL89;vY3j;3738;mTaY;zRWl;H9JD;OhM7;1988;X7uG;RkNH;UIE0;ng8H;7585
SqMj;OPkH;p2Gi;Ae4r;1754;LFLK;FKI1;39Xy;dHKl;6107;siTe;CEuR;oUxR;gQSK;8719;QbvR;sMCU;M5Bc;oJ3c;4130;keuh;WXnw;I0VH;ga5h;2209;DlZu;93IM;MU96;NYyW;1196
8NgB;EyF1;50WB;Bt46;3303;ZvW5;NPPZ;CcBf;5z1x;8104;2kGx;1xay;PWdF;DhUz;8815;Lb02;qiAo;bRwk;TQOj;3760;w15B;UGSl;6W0w;eG70;5408;zp83;7c1s;MUhM;hx6l;9226
0yuR;1up7;fyOt;XCNB;5192;6msz;WZW5;KZx3;M0nd;0998;XxYa;xQZG;3A9h;XZDe;2700;9E0F;a3Qe;vyKA;v0Or;1009;Mmw9;xR6z;LpqV;dbEz;5827;9HuT;ji1W;jmcT;G6vb;9204
JqFP;WbkU;02Kg;XDkt;0278;eU7T;nQoJ;b1Sw;UvPV;1828;2v25;cvJz;qYFB;Jm95;0624;qiWe;30zF;hK2k;zSFw;0180;s1jc;wfug;tu1E;OxOu;9602;DST2;hCZu;DQQ5;iymd;9896
smmR;hPSw;818M;yAGR;7356;vZI6;cjas;bEkv;OSDV;7908;7AdA;feMs;KzH8;2oON;6618;gcRc;Hr8g;SHas;xMwb;4537;zHhs;RlCE;7y6b;vsSI;9708;P7Mc;YNvZ;7pOr;B614;1646
g51L;zksm;lSJF;THvT;6968;t6F1;Vzbk;XDPb;xznk;7532;iYiu;egIU;Lbqg;Vl2l;6970;zuH2;pb6B;iwBZ;yywR;6845;xnqY;acSK;aWuV;2vgH;6192;mi8F;Lgad;JYsr;pHKp;2066
scyg;hSdb;jrWi;7djT;5775;NCUc;xYZa;sgrn;vrp2;7921;cwQJ;0h0S;6BqP;cZo1;4217;j2WD;yVF8;ZOTu;l6Xd;9518;6ziR;LW0C;glUw;2H0t;7266;x9ma;dItS;QpYa;E5gE;3392
6rLI;lMAX;wy6V;XarJ;0956;XiOz;HNm5;gW9K;jdg8;1497;pMa8;KXLV;korD;BoWk;3298;ZSBd;4naZ;bcTC;E1tQ;3090;P03r;RJ0V;3yPi;vw4S;6151;MBVa;ihDa;FJiR;Fl2q;9881
g3kT;402C;8wEz;4J3g;8546;nWA0;eKiz;knw2;tE2i;0485;sRPo;nXUM;WxXW;sljC;8495;K8lx;GxA3;pJSE;GWGj;6174;BKzQ;rYyR;2n0q;FxXK;4904;RKSh;fBqg;TPpc;XmlP;1301
FAqQ;pC5l;szpJ;I5db;2134;RRl1;Y7qj;8dla;3dkX;0979;7NsK;sbbE;b1NJ;bv5x;3651;pGdX;JTzt;PPiU;LvUQ;2177;bR1T;6YQS;O7G6;kqNM;9006;6fw3;mWPe;x7l0;jnCJ;1461
iF3q;wzHn;3pYn;EunI;6663;SXmM;Nfen;F6jQ;hibO;1352;ACL4;rfuh;MQjh;HZvB;5546;fqJy;a35v;I7UR;96mC;6926;yfvZ;WKFK;0DPX;o1ql;3267;2dHz;J2qL;Cq2Z;WaHB;9612
id8q;IWRE;Mhij;UoO4;2195;3G7r;Hmnp;i1cm;4bBH;6452;jOoR;wza5;ILDg;vWKq;5521;ZRtI;IqpW;cBwI;5UMI;9253;NQeO;J8LS;o2fj;K9Ax;1561;e4JT;4JgO;p1EQ;oVFD;4887
00mW;BKCc;Jumw;1R2k;2007;5imY;mtOw;aKvu;831U;3468;thGT;H0Pt;YJPl;97TL;5389;PPVt;u0rk;iYTE;p1EI;1983;33L7;WOBl;d9PH;6Icz;7287;bCcw;vKMn;4khR;KeSs;1495
vRJ5;3qU1;8j0m;qjhS;8765;nZTc;VY9U;Xr1F;I4M4;8964;GPQv;OUqg;iGG5;UMmQ;8370;AThY;MlQ3;nsev;QocL;2866;zotI;zpxy;Twtw;otm8;3211;unnJ;C24k;KRnP;xhYO;6634
lv5b;OUtt;pvAm;28vZ;7042;h8ky;uP8W;ftFb;wVaT;3432;BvD0;OX8w;plpQ;8vDI;2330;ZMCP;hjvx;rJmH;LlnS;1777;zU7G;3Q5T;q3nA;CKr5;8212;om1g;Qfz0;7Zj8;fQmW;5302
r33w;NfoO;nr8C;FafN;9125;vZtv;d3Ut;Lxay;UtNw;5922;d6bP;6cfe;Hmyl;BRrJ;7464;lUFM;mhfW;KS8M;4uD1;5189;H9SM;ypLO;E0mi;9jgA;4006;WQvM;UPhe;WqxT;D26n;1083
1MGI;baLY;peP7;XTDo;0693;pUuY;fhwr;rWru;n3l3;1634;IhZm;N0LV;novX;Vo4Q;9184;kyiV;mkGh;qQGn;32u3;2777;r5Nu;qPnH;CR7I;aezz;3855;AOk7;jcCd;mS1c;Glal;9701
eyNc;RAFG;XYXr;VSW1;5801;KtQ5;DQ4S;dcZB;xk8z;2181;u9JO;x8eG;hkxD;iYDR;9089;TxNM;NW0x;w83K;NBL9;9015;Hois;muRK;HLgx;npSx;9590;vDKt;vvOq;8zbn;PSt9;3982
ICBy;aiUu;mduu;ukwF;8605;XwQP;99jX;UHPP;a0B1;3851;QQhU;lG3u;ZC0D;FGIQ;5033;NGlC;mEZu;gM3J;5zj7;2537;nfbn;TeEJ;7gfl;egcm;4721;uTwX;lSyR;vLPO;vvLK;9158
00VR;wuQv;u58N;c4Gr;1136;CNUY;Dp4e;TR6F;NIfM;8800;KyZI;e4Wk;7BQ8;VTQi;0406;yDXD;8LWl;ezcy;68dN;7458;bbzX;N28X;XcY6;MFfz;2165;IjZi;YCX7;ixjO;zc2j;3336
71Ii;QGsI;jkgu;tWUL;2746;8hSZ;rO3m;R7Jx;0t6H;3283;6scL;dIo8;HOo1;QX23;9383;l15j;HUGs;Qvc2;8pI9;0970;A0Yh;JWS9;1JbU;ITSO;5620;zE7Q;xcpE;bOUF;Hu83;0521
PG8w;BES1;Kd3W;Nqc1;7573;W4so;GjfP;49xO;ykbz;3290;2yPI;Gy41;BDLK;ooLq;3183;RbGB;hYI8;uS70;6llT;6896;u6Y2;ruTO;vaJA;OK7D;4662;IEPq;mEX6;ty4H;5URM;6486
5vvr;T7YX;NF4I;5UhV;6591;ST9Y;PpyC;dCxV;Rhik;1138;qrxF;mJ77;GFqW;uw7U;2210;IiPV;Ky5l;ihDS;Z2zy;2391;5644;jAWR;tNoE;kmnR;4677;XXkA;r7Wz;3wDo;Rd0z;1238
cbh9;bP8Q;DS6H;zowu;0102;m2a6;iwm3;Vf8y;qXJH;1381;Lmag;qncP;dMYq;UVzW;0495;73Qg;P4id;SL4M;GPWb;2954;QjZn;FL2i;owsE;dzxH;8767;IAv1;YWlf;9kW0;oE5m;7901
oV6F;NIcJ;TuBV;wLIS;4485;Wgy6;rgUt;FM6e;elhz;0012;3Tjj;MVQA;5i7d;EBUQ;4456;wDVJ;8Axs;ptXS;oS8U;2660;CN0S;HiWZ;KQOm;IcG9;1907;Nj2o;qPyK;Pq01;PbTk;4048
NtzX;xf5Q;KaXj;TD14;0774;1CKg;wU6w;SXQj;UIeg;3742;lKGC;sJKS;O97k;2JXx;4254;2qg0;1tmi;nlDn;KCao;1873;qqJ0;8OMS;GdeU;7eR3;9960;5Yru;hSpY;JmxF;RTw8;5262
NXXY;Waoj;W4UB;xgIZ;6890;6gs6;3HRq;89pS;hJnC;6200;niNR;u862;eO7P;FGem;7505;mkXn;W7OK;22OJ;5ss0;8556;IQpn;rioj;LdQN;gafK;5138;0u4L;UJMP;ERRp;gM7Q;2218
KLyF;XarQ;2bwO;Updp;0245;Njcf;KZk6;smUH;H7Tk;6199;zQHB;H4Pu;52DH;8M90;2939;KXcJ;joi6;2xme;0aOS;6415;ksQO;6jXO;3cit;395t;5429;vfVC;a33t;fWRt;I00O;9208
Epwa;dRVw;u9sn;JHu6;6543;1k3u;ZMRz;RxOC;PEjS;9049;nv5m;x8tP;u4HI;EDEa;2154;KxIG;oZy0;D2Ia;hWb2;8146;Tnmg;daMS;uU8n;BOCm;6862;8Q7U;IaWA;Zfah;XXnj;0603
Nuot;aSOe;BPJu;3eUY;3851;Vc6R;7zXU;6sSV;KD6T;2933;Ql0O;sBlr;H8yN;Z1OU;4891;t3fA;ccds;UoOa;DvCx;5888;xO0z;YByf;7xbX;0KC2;9104;Fa1f;iUFu;LcBK;pWGi;5899
eWBp;g64o;01xF;c1dK;8579;qmRC;xwl4;N3sh;326P;6227;LlDQ;lTzQ;t9tO;6D77;6916;jMmi;ERFE;kQIb;XNe2;0846;kIcN;AA4r;5VXS;vjVK;9773;KXi2;Pk4t;LCpn;I47a;9530
xIlD;t2sf;aMXl;Xk9z;7077;WGZo;Wk0y;9M1o;jox2;6466;ihE5;LZYH;rPOY;Kn97;5105;2Sjk;AXrF;trSQ;L4L7;8359;gufJ;xQCA;5GZW;Fuqr;0917;nOrg;yiaC;7apT;bXzR;8559
ErbQ;eBSn;R7C6;lYEd;8148;IHdl;vyrI;e7CV;zWko;4709;FMum;0C9z;meED;fvKv;2434;KcDQ;ZyN7;ssEF;7Gjm;7689;P9qh;pwCz;hpI4;zvvc;4606;dkTY;uPoD;1GPp;0sGV;0827
LWDO;hDWk;AAq4;j5QO;1282;Fkng;K05p;bWQY;sgra;1836;fN0I;3sdH;Wp8a;LOBV;4640;KTcP;XaeC;7uQk;dIUr;3455;LTPy;fjGo;JHkg;53du;5734;98cj;DNyZ;HF3d;P1Zt;0692
TE9n;Xu59;y8W4;DuLh;4448;MyvO;pjdA;K40q;YIdl;6608;tUQq;KjOo;8utK;Ngqr;0782;UboU;Ju74;1bF7;sCv4;8194;yRxA;Mf5m;DRgo;SVv8;0129;eao8;atV3;Xfx9;YEYo;0810
Qq5i;rSfP;meg5;ovgF;5684;qDet;pR9n;1EjY;H3P2;6481;fZJT;aMuc;QQt4;X9rc;9214;bnuE;Al8Z;vRLn;ZJdq;1804;okEJ;wGUM;9okI;OEuQ;4837;EDVq;1jKe;r3rz;kKtn;7159
zjt3;X75a;TnKz;HI8X;1485;K8tr;1OIF;io3g;WtSN;9450;C4hq;EEDW;qA90;RlXK;4340;64Ga;mWGp;9f0f;8d01;3024;hrCh;1RCx;boHl;buLj;1020;prtZ;g1Jh;UaWi;lH8Y;3139
3f5Z;4p1l;n1ln;DrGk;4119;Yagk;RYuB;7YZS;KynE;0301;Wipb;lQgM;seYb;kJgp;5521;hcfZ;iwDW;HTPc;IuXj;3456;gOeT;vzvl;QOtC;x40v;3326;P8Y3;M2A3;FYXd;xlq1;1428
GZMt;4HjO;Pg4n;r1s0;4014;ng4t;86hD;JeJS;3ZWe;0790;ke2T;fECE;tSA0;AuGx;6693;yhoo;azjk;g1Iz;nYDf;2585;bW31;L0H9;N5NN;JbzH;9976;2RLn;hECX;cdYB;s8ZA;1135
DG6R;zl3m;xEFR;zrvc;0450;B8jz;9gTC;fjOp;obOC;4365;gHg8;1Oov;87Sp;kcKG;6508;DSnu;N5Bm;ITAJ;gOCD;1439;dU6o;Pwy3;Hbqz;ugVX;7443;NAnx;4JuD;6dFZ;G5of;8243
4ecW;Xzlh;Blbv;rNKr;2178;PJPv;CJOo;S4o3;RQp6;2528;9QB7;ezQ9;XAJh;pUTi;4084;HpPi;wh1H;fWRl;ffYH;4564;9o1u;r9hq;qcDo;XKni;3345;L3mj;WZRb;VAqT;PiJu;1060
b3kD;2G2m;7bhz;ZW3R;4651;BM1Z;f29j;uNWg;9P0D;8114;L3qd;a2PQ;XRsd;yTKy;2610;tu9G;OnmU;1wX9;stQj;2969;wv2B;XqMm;Y7BO;hCcT;2173;CZBp;WmMT;coTF;fFxP;5324
hagn;KC6I;Es7O;LtGE;9892;Z04p;xXpi;OeLX;ldzr;7104;MP9U;v52E;5BZf;Ukaa;0544;kc36;VGGR;z1W1;KUNI;2192;ypxc;0kmm;OEdr;QwsS;8729;xB6G;TKKQ;DmVx;TIcS;5913
TJru;3L2r;v3Ta;LdXs;5036;uSIV;NuRT;S1KH;ISQu;1333;fOj7;ZZiZ;JS5z;T2yU;7342;aur3;gY77;cjCS;XiYm;8005;2y6e;gJh2;oENf;IjVs;0341;Py9l;pV2R;ABLx;vwu3;6582
zSU1;Ayoz;KQaW;ppSQ;8870;iFTL;jRWc;q8cP;sTpa;8952;qxRv;OE7P;9y6K;VmtH;1643;yuz0;ITc9;UZjr;yGvX;0637;aMFb;VrAG;Z2Qr;QMgY;5271;DCdr;133Z;51uJ;0x9z;0571
CaBP;6jBq;GAzp;5T5p;9151;I1Gb;nUsi;8shF;xhwe;7867;02YS;dfNL;acrV;38XQ;3977;bgx9;bEyV;f4A5;h320;6509;1tIe;QT0a;AoKp;zruO;3209;OFJK;zlI8;l13J;yXar;0342
MaH5;iXIx;840D;Jdf9;9675;jm2p;r86f;epvX;57mO;7722;RPTp;Dpac;7wkS;KZIJ;1769;Kd6w;n6pe;FQT9;AO9H;1393;bE6y;K5k4;aS34;fyNu;1612;S6IE;5K1w;FUyy;mQTF;6424
VWVh;L9p8;o6FO;XQZZ;5927;B01J;eWen;BBKU;vT3Z;8277;OLNQ;d6pF;AQEN;4PMt;3344;NSoY;hgcT;yuGV;cGSx;0138;AefI;ryek;Fe97;RGTK;8511;mBUs;GvXA;Byfr;9DiV;6535
KNaO;ySVU;xn7j;EpUg;4611;2DUo;IHEK;IcEt;urKD;7561;9mxn;UHzN;ZxUh;1pes;7165;s7bE;SICy;S0Xl;BHY5;7188;2tb5;4VoT;dogh;8EAB;1456;zTqq;rwxc;qUyK;JTLh;3921
RNvc;QTkV;JUI9;jtyd;3694;gGeW;C9ga;IQGM;k6Nq;9593;XOmM;kL6U;kHyb;pv25;7261;PfLX;3oiv;zo7O;fP3Z;3884;2vLz;llEY;zYcp;6PwY;0719;FRZH;YMwj;N2Nr;x6ZO;8891
WEHF;8RDB;WTKi;NUbH;5412;WlBy;3Ne9;uPxV;GMLW;7543;GkTg;PGJS;gXjf;Wv2e;9955;xXSs;9gbq;BT3j;yaCb;2111;wPRF;EPDs;M5BN;ccOD;3414;35tu;V2IC;T9xb;1o9Q;1010
KdSh;F1mx;0csz;7pK4;6909;qqAz;YEFz;fvCW;nVwt;1347;xSn1;JPmi;fajG;WhyC;4622;LElr;FJ3z;cGCt;5uFV;4924;I6Ut;MMs4;qUGP;h80l;8087;wRWn;Eomw;aB50;H6af;4266
CxfT;ke8T;Cfd6;QzRX;7076;Usan;lI7T;6Af4;3TIz;2181;5oRX;Kl6c;oKAX;58p4;3610;eOmE;JNiU;hoyk;3ZzZ;2201;PcBX;XZVq;5z3m;KWhB;2339;bOlq;Bc5K;11ZM;ortj;2336
OBS4;HxNS;0qMg;IfBq;0503;pnI6;9yva;YGCn;YFCs;6915;I0NO;Oaf6;yqjg;ChTX;7188;5pcT;2oRm;nlmV;8I0w;0775;60UV;hcgW;wxWY;xXyV;2403;XEjv;P74s;4t7P;Ap6X;1396
3Pdo;jbJj;IGhl;4kHf;0525;71WM;7XCL;VFLM;COPN;7903;KeTg;g1KZ;gc0n;NuKW;4962;mf3q;WTS0;XgFj;EyK0;3972;sPcA;v818;TRwu;hZzf;7057;vHmI;Expr;axD9;bnOa;2599
TKr9;hoN5;922r;reZB;6457;Ad3b;Umtg;I2vx;Kk13;5164;G5UO;5m0S;b9Qz;7Afb;0316;H5hn;07xJ;k5If;dXYV;5717;o1Gd;EHWH;DjKp;LgAH;0089;yq2O;j2ci;9k5G;Medr;3305
MkgZ;jU35;GXcX;62Vr;1951;0uID;qSDz;9kj8;e0kU;5520;w6mZ;TtMS;pxqo;IsPW;4224;BgNi;CtQk;2nM3;Le1F;6955;3Phn;7B2x;d0N9;t86b;1988;hIKh;IrsG;LHlh;LLTW;2419
00BD;gHqS;jWOJ;BSPv;8117;w4wc;09LR;a3ip;0Clf;0598;AkMt;Vcys;5WNq;A0m0;7835;J2Wi;7HPk;Kekz;lUCr;6679;KLLe;ZhwI;9cI3;bWVv;1917;flWK;4wIT;3Ucs;muHi;6620
KhJm;iOzE;4MvS;Vi6F;8795;8fix;Ipzc;EZbv;aRo4;9568;M5j1;jm63;SVmq;hL4C;0171;ahge;1jGi;DBdL;vC8u;2394;GYGo;G8Z3;QbqA;aEjG;1230;Xv1w;nOA8;Vogk;bbJr;7942
gh2p;8OBx;AEKL;n3E7;1259;2YUv;xUXP;dDD2;Tovu;3596;GSAs;Vyns;j8Z9;WB1x;3617;c4in;oxDo;BlSj;YlQI;6794;l9dW;vCKA;ZzRk;kH69;3888;9iYu;IC3A;0OlT;TsGI;7487
BJeT;ODXk;GEDa;YCpd;4483;GbM7;c1rt;jFfq;Aapg;9693;xvYL;XUqM;6YG9;VXlA;2221;ZcoZ;2yem;kl0E;L874;2038;zU1b;J7yK;Il1M;g0at;5458;ZuP5;7Lap;ptFS;yJvB;7788
maFO;udZ4;IgUi;QxI3;2704;7EHE;XDH0;8cuy;bYQc;4778;c14i;Xlrt;gxd7;Ldod;1716;yXkr;YfUc;OzH2;H8mJ;4154;DDgs;wwX0;BA3A;5Q6y;0922;gBX1;cja1;mdNA;xXnl;2187
VNpg;C6Kf;DxtW;EH5d;3108;h02g;bzOe;GFvk;eF2t;7237;i9ET;sS8V;AGQG;zDB7;8330;yLMw;y4zN;2qif;Th7h;6738;lSAs;xN9E;7JqK;jZow;2773;UlIy;mGwL;1l4Y;nxYv;1752
a8l4;KXIW;QFs1;qJ8s;1762;RwdZ;KJKd;Me1J;9Onz;8326;GCgK;ck6N;NINw;7Uif;8114;uSLS;m9G3;ocaJ;loRv;2289;jUwQ;QtGt;edQ5;hfgQ;6139;3ONJ;FJkE;1HX7;6nDf;2440
UrlK;rMvg;s662;fC25;8576;qRkY;uq6v;1XCN;8v8j;4731;sdSG;bGWA;pzjY;lYZs;0230;hfzC;nZ7g;Km0O;zA50;5281;IhNZ;VQmL;oPHG;qSSm;7712;fUJL;D53m;3Ynp;C1Tu;1017
eg2X;JA0h;6biv;GeNn;7962;smIp;9yQ0;G9Vz;EtTg;0033;imJ3;hjb7;vArh;1Sg3;9479;PqQV;EGPr;EaXM;T86Z;6211;PzXT;gfH1;eDIC;aP9l;4256;kSGy;UDfQ;aejX;ro6i;0305
2nwB;60uF;qNJn;yMKw;7935;wEfx;uMFG;aASD;juxs;6075;8zMo;onWX;cdJh;ReBv;9898;wk8o;wXOy;wtYH;HUjZ;4231;Dbtv;YGUF;T2zM;SdsG;2059;BcUG;vvua;zAO2;HbCX;7451
ZRkz;gmAk;8ymy;oUSu;1505;1fc6;zlA7;Yoq8;sl3m;1560;t3dd;G7Ab;FgDM;n4nU;7728;fMPC;yHX3;qht4;AGxk;6379;T8mP;6rWG;j3Cm;Jaib;7587;vsHs;hpRZ;rzEn;MTmC;0328
J1p8;vZx4;KUQs;FfcK;6262;mhmL;cqlC;5Z4n;8F86;8717;WZ2b;n4sa;L9Ii;Gw83;1565;nUqN;BPGb;ChAB;NCWI;4621;vP9r;mwGb;DcGo;2UWY;7720;gnXZ;0c65;ZOdm;xhPm;7166
UkJH;ftQI;ZCEA;TqDv;4645;elQe;IwKE;ThvM;h9YN;4431;60H8;2FV8;dBU3;rqh4;7917;BhFb;STVj;PbpR;tcZ2;4477;53Ku;cdWB;WuPt;bjK7;2562;OIrl;ZYt7;Lktn;lyrP;2869
CdpA;kOj2;5PUS;nTLy;0831;VgDz;xtAL;vaGV;4wnY;3571;ZXlV;cKxL;OvMf;WQ9O;0307;ai2o;VYcM;vQ9D;Mkp0;4410;O8ix;0Sff;kKg7;9O9m;6633;az5N;gLCp;G4A0;tHMx;9559
0EBs;gMAC;jhJX;ufX7;7963;X3l4;lCDD;mWN6;DGmq;4410;7S0l;blqu;UzWb;fjae;8996;Isln;GelB;irEq;1mMi;7806;ggQp;DGuk;JBcd;D1t7;9537;Doy0;unWh;cNlO;33LA;6429
Bh1I;1cnz;ET5t;mBNZ;9326;l2B4;oJEx;8uFN;xcsv;0225;zJqz;zcMi;bbAP;5fDo;8995;q904;J2hf;kwEH;4PcY;3411;tOIF;3ih2;ZRgL;zCl4;6508;7RXq;2Rj9;Gsiu;I46N;3215
hRcC;7Itk;NStB;0bS5;7043;VQoR;dkuQ;d6rH;asDv;8722;jPyj;bw8r;GHtG;Pq7K;5677;6qD4;Uaw5;lbQz;XNM4;5410;5A8y;yjXr;42rM;mece;6185;LDJU;mRtQ;9pcu;QxuD;4770
PMHp;S05a;eXzA;QSGo;5518;J821;8a9c;LJR0;BtAY;5265;xUJo;QgYu;DnJL;YiwN;1201;yVWd;AqNk;Z3JZ;Q9hc;9228;Z0Vg;62WJ;DhUM;LZIV;4029;Hnjt;ns7s;X0PR;wPOk;4957
TPAd;uoMU;No3K;JXbu;0533;yjgu;S6jI;XsvS;zoPn;1307;J4AU;qM4N;TiNw;LDg7;2908;ALS7;C3Fu;HK2U;La81;1455;xAAm;pKio;YY5V;0Rdt;3208;PqW7;AVVA;2TAi;oJhW;5158
VID5;IjIL;1yFI;pZoU;7535;G2kd;vVqS;9sxx;8sX3;6464;RMkM;l6dI;W8ma;fHI9;1722;kvgX;Hk7M;goPu;AY3K;9859;MM39;xrri;hm4t;bJgU;4972;sTNt;6ocQ;GZ7Z;bBVt;0979
QIid;w81w;uiLy;SFGk;3661;HQUA;c8q4;cZfG;ER5L;3172;2ncd;m3cP;JKhW;Vn3H;9885;pctY;ZFbl;DmD3;4Lk3;7752;nUUr;uDmS;KM9g;9MWQ;4032;fPa5;P17w;cfPR;byEh;1727
9jGR;boCt;TdjX;hmfh;3319;24vL;fD9G;cNPL;52e1;7987;quch;mCyy;kRGy;2ptz;4384;8W0H;Baxm;G7R6;pn3R;2159;GXVj;VIsp;HuhP;btf4;9885;d55u;GLY2;4U5D;3fTr;2999
5f5K;1sgz;F0lR;MfRx;8182;4RZW;zr6U;MJWN;Mf0b;4112;lMgG;eMxF;irK8;Tmmu;7424;hDzH;8U0J;Dorl;VLE2;0360;a96x;07Ga;lpzy;pWDB;6218;1Vps;6t4N;JRmD;L16n;0728
GA1C;m4EW;VmzL;I7uy;3651;mdDj;asn0;3n2H;KJcf;8987;32IC;CHJc;6eBs;kJ2T;0038;SJ04;9V1c;1yJi;evWd;4699;clql;vmY3;yMew;M3tz;2907;NGAt;zvtm;Uswx;cwtT;8605
spsz;a4je;vznR;uuI1;3700;jlqq;5W1d;PH9M;CwpL;9641;bN8u;Cblp;Enip;TQEq;1624;Gr17;wsOC;3nzE;XwAA;1592;KjHd;YNNB;1W4Y;MKaV;1395;h0u4;HEUV;JAQ4;SxU7;2728
bkQ2;o6hF;ybh5;wbri;2450;58vk;2dyl;IKTv;rQkL;7744;uuIi;1dMf;wMHY;n9rV;6131;v2cN;FrU3;CDb1;0m7A;1980;9lGK;hqbC;TQ16;I0Cy;0300;YpaB;sTxu;pngT;0F1e;8798
TmQq;1EHy;vwN0;yNd0;0930;0F7l;VSFe;Otdh;Cuec;9659;UoR7;8A7x;kSOq;rkB6;3000;ww1n;rNcQ;XE5g;w08L;5190;HR2X;0dWJ;m82S;v00m;5776;y3Xs;bmdK;H2R2;2Uh6;4169
oxVu;B0T6;Do7X;qW0G;3058;MBIb;aR5d;fQMj;Gw5a;0688;P9E4;L7wx;OWcA;oI0a;1928;r7e7;SzPv;DOih;TlN6;9459;sj8M;pny7;nLiI;j6VC;5413;J3Ea;1sKV;Y2tK;MPaI;1122
fJBu;9vj2;6d7R;TJC2;0501;ZCL9;5N0y;O1p5;ZyWh;2521;a4ko;B8Gp;LKm6;3Lca;2983;Rlv8;4Gws;wQ6f;FlMO;8177;1Fhi;BHOy;xiuz;xc2E;5865;ekI9;Ne2L;zDlI;3BE4;5260
eGrr;oykT;DkPO;glLh;4531;GxhR;v571;oU9Y;XBTS;7356;pcKk;i6lK;XLdp;XjfZ;3414;Bdfj;3ajq;9TpI;4bSg;0015;8J3H;IrBB;dRvv;cuEg;7610;CUxg;WDS4;JE1m;lmoZ;0014
DZ9X;ol5O;c6vz;TQEE;2586;Yi2P;WDf2;59rD;SgQU;7715;Brmp;rpV9;cOr2;kDpa;7034;aOko;SB5q;ghoV;ykS2;9102;zSdK;5vh9;e8vq;pUso;1081;aiaT;D9B5;7Wwu;x7d8;6276
oEAI;iJU2;X98K;8gdF;1454;IZDY;68ni;89Lh;h0Zk;0485;k2DD;T057;AmWL;mR93;7652;X6IZ;7uKN;wuck;QtI6;2082;2Rev;5Tqu;G38U;oGS1;2553;Iiv4;BtRB;rTwB;PIBX;3518
2UWA;uMcb;3r7F;Dh6S;8688;mpgo;u94o;XON2;9Dw6;0515;Lg93;dU7R;fsuu;cSJH;2795;mWcP;R3kA;0CoN;gmli;4401;uVCf;xzhd;slOs;9OE3;9986;PKWR;WQjv;ZXqd;p5aq;4796
fJ8X;PBIK;AQ7B;chJt;8592;lyKK;V92V;bMw5;MoGk;5957;XjAX;3crl;mRO2;04rE;6308;u1TZ;9BFF;4V1Y;3UsZ;2563;QUAC;a3ZY;QYX4;pA0Z;8063;h3O2;NTPX;fi3M;JKMg;9575
Dybf;5rfI;z7jX;IgJK;3535;ZNaR;glFz;Rape;eDkz;1707;mHQK;DRkQ;LFJG;iYPi;3758;w0ST;DjJk;410y;8pRm;9406;TZ7b;mgdR;2iB0;WLDb;9024;P9rx;gTXS;GOal;6iB1;3510
1QPA;miaM;LwNC;OOta;8671;yj56;5WbW;hw5J;KKfk;2415;8SrH;V2WS;YxLE;Al4G;7771;arc3;3zVr;KZ8o;TBwD;3025;DCtn;xDZb;sm3B;lTvZ;0910;EzaC;g04Q;rvqZ;eKKx;7385
rthf;zm2m;2sEv;RfJX;7767;6bvs;DKsP;cVzR;Tafe;3708;njLi;haUf;hmuv;dfjz;1404;3eIi;ZLmg;iNHN;IRLQ;0466;ji8r;4hcj;WhlE;62ZH;5193;uBeC;hiVq;da1Z;klmu;8280
CmzM;DrQr;6ntA;U07S;0471;sLuK;DZ3r;Tsjt;kyM2;0491;O0Cy;X72B;JFdm;wg6Z;1720;5v3A;Oh4f;6yhY;85VH;7953;iXd1;GdeT;Cusg;MkOn;1871;V4RU;vn42;vn7h;FLi1;4150
Priv;HMZp;59qW;hoF3;8540;9SrV;RSra;nxxT;T0cQ;0572;ADrB;WGKT;pZt4;LG9E;0439;zWmt;2dhf;Z2sj;8V9R;9743;hEwe;rdhn;7mn4;jzVn;7010;d6x8;g3o2;Ca1K;oDMf;7319
VPB3;5TkI;l346;z8Ry;5389;ZLqx;8VtF;3dq8;6my3;0103;mq5f;fNAa;3aqb;TCIR;1886;btY7;vmJA;8GKY;zRIU;0964;ryuA;Eoso;dTzZ;HcDe;7219;ITIU;ap5A;kCAN;beR5;8346
Gx6F;5R8v;iPeB;Unsz;2350;Ptu0;yXjx;Amuv;Xb9r;4359;ppj2;XguB;M70p;QARb;2182;LAHp;8cOB;zueq;3Win;0719;HDFf;Dzh9;1Fcz;On0S;0436;2JgK;CyZZ;meMX;KmTK;9525
Yiqn;6oIg;0O0G;3jMv;5018;cNQa;oTOO;pg0s;LARm;0266;Lbbd;22D4;Yfp4;6vsQ;9040;CGU5;RP8E;M7h8;JZ6g;6775;bVLx;Ro7G;EpEz;2nqY;7076;D8AK;pBsP;SZiH;0o6k;6592
FQgy;ylkp;PGUP;CgIC;2435;RLf6;o3At;bIh5;zych;0526;mkV1;dhpA;xp7t;agcG;9719;paV3;ejbv;e0q9;rfH4;8202;by4t;ndj6;YHuT;QGSr;6211;8VHh;1FVi;6DyD;FvTY;3669
OhZw;dHQf;dKCL;qyPq;2449;YB77;P5Xs;c0fD;ff5J;8089;CSZ5;Wx3E;TGhV;0dht;0110;pfKx;UfM0;3Jcq;sxzE;0138;mVM6;nY53;eOUm;ZwTU;3772;oQYQ;muRR;tql7;pcUg;0032
tghs;qvKD;vmGs;bpaX;1753;8M1L;R8m3;2GCn;b24x;1804;X4tx;L5yB;z4Zq;Vv2J;3563;Ax5R;NYOq;qfnW;TZT8;4172;OmdT;nEf6;dJYx;suVy;9069;4I3G;174Z;9LzW;19Au;7271
yIjJ;mmBd;SEAU;zDVL;3245;aNHQ;jPq9;eSau;ZXRX;1102;qqcu;ZniF;0WAX;TQFV;5568;Z51Y;53AP;JM0H;f0Gx;7743;5sk6;ZcVL;vsN7;RdZW;1722;2wr3;wH4n;pr1A;3fAQ;4569
B1FH;4FVN;1ivu;idVB;6281;heym;YO6D;hBu4;7PHv;9913;SQz2;M8kA;vucw;hSkn;2245;h7yu;KOvq;z6sW;SqgX;5306;c8Jw;xvCZ;Roh4;DgWg;8606;NkXm;Dvgk;BpJt;BiBx;9908
PEi1;HhrY;KoP9;2w5Q;3309;2ffq;lqkO;oKtY;iw05;3761;wA5V;ElRM;Fl7k;ebHP;4444;lpz5;FLx9;xmZb;jOJY;7339;gm3q;G4Rn;C5g0;CPPZ;5609;hZNL;z2CE;bf9H;pC9L;9580
jx6f;4Sto;wVCI;YJeh;5176;NCO3;VNQw;9loP;c43G;5073;klyO;kMsU;PtG1;DtMJ;7621;z76G;lWlR;Aaup;7EQq;4184;ZNbk;sBY1;JOuP;uS5G;5707;Pk3D;IGjB;n0zj;HgJT;7981
Ho6l;nxqw;GR7k;30Fg;8830;MDWe;66Yo;OVpQ;rxhC;1934;kVpB;pE9v;rTR7;2dD9;0028;Jn2R;6iWt;kv7K;7G2V;4327;RsTq;4Kdn;8UZb;ZM6H;5590;Bpfn;MxHa;gsQ2;V2Ob;5284
b3Ek;sLSF;ZgFm;4wai;7148;6iuo;CSTR;C0j2;v7tS;9864;vsck;McRw;xTU6;OpXV;4916;s4pv;1D5x;jTq9;2EJX;6861;xTGH;ADVS;x9af;HqEB;3488;OqVh;JVFZ;JD5i;Sj7B;7983
8lmC;RFIi;dS5Q;5Qbl;3037;QwRm;ZenJ;nK7N;rcRe;7847;IkMs;Rduy;TzB5;t1oD;3906;VQ2D;U9d8;iDaV;kVKd;2305;Bel7;lqSo;FhX9;t3Ex;2217;Rs5G;UUcz;542U;YBr3;8365
DCOb;nbRU;21UA;VvTG;3906;wj1o;6nsv;uLZJ;Uw3E;5766;CDUS;QuQl;W1q6;tLGi;6787;crUy;slzY;rsKp;g3X7;1994;QLD4;DfwQ;9Zlf;dNc2;5637;xm4d;D6Wd;Z7mh;kM7a;3371
FQbV;G69W;6TMP;VJX3;4330;1nfB;naIZ;3gdG;M9lL;5079;hOzr;q0VC;576M;L4gt;1896;nunV;x0Lr;FtYc;PU9P;4796;jB96;gTrr;Nm3o;Rw5e;0855;m3fz;iJVG;B8RN;9cRK;0201
40fj;WiXB;V3i6;J9Dk;8130;07rq;4AWm;VCTP;4c1a;2421;jeST;RWMn;Kn2e;LgrD;3283;tUSs;p4Fc;LZoS;C0J6;5656;DDrw;3noI;pqga;DBv1;0472;Puvg;iqjo;6Phx;uTxw;4684
zNX0;O5id;K5Ta;XVzz;4079;1ANr;Gmyu;LZ9u;D0gC;7172;kmVZ;1LDh;UTAi;rxVd;8612;tFjJ;MDQf;EkAA;7Sgp;6475;vyqt;k5jU;YL3S;1Efh;6550;BTyx;Snjo;b6nH;e3CB;4478
JBNx;Xgak;IBiN;jJht;7914;QuEX;C76k;i86r;yJwa;8222;qKbU;3RnX;4POV;6Wtp;8095;SHwc;kRs5;GcQc;gtQx;9803;5L8z;rQXK;oVKs;Qcr4;2402;AV0z;ASvq;jyeS;LTyn;7019
zFxm;vav1;dG0K;7mxp;3919;Q29P;bCVS;H8qH;rErA;1983;XRxJ;G600;9DOB;Iyfb;4083;lIOC;sfoT;nvBF;T8mS;6766;0Lpf;KIcI;OxlF;iTHg;9866;LNNf;mWIK;ySDA;1Dbl;5501
xo4m;xB87;H0QA;z6Vh;1737;wy4f;wBnP;kcwr;rAzi;3898;t30T;iIMz;JKSz;4MqH;1381;EW6u;vFio;Lvuv;GJg4;3137;RDPr;wt3S;PQgl;DruW;3044;zmrG;DH3k;bbi0;5odD;7875
ki76;x9Br;0Ad9;YDOL;7197;TAux;Gijw;uzYi;MwAN;8762;YoVE;sECA;uraP;fRpZ;1922;ymPq;sWpb;pDE7;5M5U;6415;xsu0;IRDf;N13Q;5vAP;9249;sXhq;QWBe;u53k;BYYr;5717
9Rk7;LDXe;BsWc;7KTm;5940;1nDR;o7dH;sPru;cXe7;2362;fYFy;rpbj;fvQ2;t8hk;4016;Af8P;3piW;EI99;v6Ic;2963;ctJd;C98H;xNZ5;cKSs;5952;vrKB;cfUA;pRcS;Xrly;1913
gkUg;26ic;aA5x;TkTP;0347;zDKb;MCEZ;ktsM;NgIv;1002;80jQ;pBGp;17XY;nvb7;5689;oWcH;pXuN;W9Gl;hPxO;6721;67RA;YmSP;vtB3;iNUh;8472;YWp4;5Zm0;FcKj;BcjN;4905
o10r;VbDq;h3IR;5VCi;2532;ALrP;dtFC;eOSE;HC75;7628;XB2O;sybH;40zk;I3Qd;3307;HpAM;Edy4;0hMh;Hq0w;3599;h3MV;YBVr;3f8f;0onP;2305;KMx9;LUfy;i7Am;aDar;1420
4PmU;swAL;DQuz;Slbc;4515;pSul;1qYr;cODQ;r7rf;8127;ls5b;6UWq;RqMO;VyXZ;8592;rjjO;cE1k;Z5nv;R4na;3325;x2jg;6Coc;3wUj;rldp;9365;BwXo;eYpw;bvOW;8yCR;9371
lIy4;izXe;RHOi;FqTD;9383;Gonf;4EMJ;o4A3;W59n;1434;UK4S;0M3q;uXXF;HSlw;4586;h49x;GqvL;fpmr;2wdC;2268;isbd;QeOP;hO8o;BGON;0135;AbqA;4upy;UYzq;9nPh;5312
C2WH;AWv2;aYRt;P7c9;8030;UIXF;3eK8;OuVm;DZrz;4312;GNwW;lJ07;yWF8;hw2I;0106;4dR3;efV5;MxRa;cGKX;0317;91fx;xNmy;tdf1;dMFq;9476;Qi26;RhS9;vxLR;t4Ns;0456
r3l6;Bl7D;dT2b;lnxG;9282;Ucbt;m1Sv;uMFU;EU8D;9442;PEiM;yXGA;zEz2;HSRU;4247;HMI1;Tfya;HfMj;07Ao;4935;WPAV;JzYw;qocM;e0ZE;8116;Yj1B;Z3cZ;ihrY;5CEx;2602
fEnw;9Sww;ETjS;2GfV;3102;d2RP;50t3;ULqg;SkPi;9372;mZ1K;32st;svK6;LVoF;3966;wv25;Q3lV;T7XY;tIAT;5939;jp6B;den3;sr7h;mKXe;5550;Y65I;g0Mk;Tmkq;qDaM;1376
kIya;kVcQ;jqwj;3i5M;9556;IjsQ;SP6S;epfw;22kb;9948;ej9a;hwes;8Qg4;ywV1;9804;ArSF;VCQl;VZ7h;tznS;8972;ZIqZ;FiUQ;q9pX;nMIw;5931;IixN;6pTw;IkLB;Ip2X;4420
JJ0F;Uz6Q;PC45;QpRJ;6671;KvQs;NPiL;Icd8;EYcU;8806;Pu1h;Om2d;YsRE;DPat;1039;Yml7;Bwpn;OOpi;6yHg;5684;zdKJ;EzMe;XsLp;Xce9;1484;IZVz;AG8x;S1xt;Stno;1181
9Maj;d7om;qqDi;vXNV;2686;msPl;qN3x;pAwt;kJ0m;4029;dtau;VpGU;4kvk;tTUM;9001;BWog;rQw4;GF8s;gtsP;3412;V5jc;xVld;Ei95;VLDj;8457;zYT4;qEKP;J5Kt;LqQH;2222
WZKG;BUIW;igfH;Qekx;4902;ZsBh;BoaT;1ryp;vQr3;0809;cwTB;Gl50;eggy;7jwz;2608;TGkd;esct;0Ll1;POw5;7703;dtBB;uPZ8;Ajjf;UiZy;5511;Ic3b;Hgev;RUBh;vRvC;4821
ZMeB;1c7W;n0AM;Ngwu;4915;FK3T;ObCY;ykKp;XFpy;8879;sEDo;n944;lvHn;2tdm;0264;LNqu;iWnh;s3lm;BGVW;0317;u0pa;lKUh;70PF;18st;0943;iBLo;9Xyl;3h9c;3vOu;1411
FUxH;c1QN;uYhy;pufj;2228;QHHG;0yVS;hAeF;v6un;4187;vESS;bnF5;B3JE;fdyf;6292;wihi;WqKF;HOcf;PonG;2030;LHaf;p0R9;bKos;j46b;5726;MGXP;T1JN;OEk6;iBHl;5924
LXj3;XX9J;HqBO;KO2J;4248;T426;gnD5;fDQG;oQrf;8671;Ikbo;jLbu;BS6X;LshY;8373;kPVy;pmNu;oI7O;sryR;6074;TOrC;0KmC;tHlo;sKtc;1214;QnEi;OL7B;G6Dr;ZuTc;2464
J2OG;WQvF;EC2a;GKLd;4820;sr6H;iL8X;ohFn;5V3I;2555;qGam;j4Qb;NPKn;vt96;7893;Y02W;Dbao;m895;1Fnl;6356;MYjf;lmaB;Dp8U;rcBg;1315;0B38;sCeh;QkjA;cryX;0208
ZS6Y;JByE;Zd99;sT3I;2168;Zwne;Cnib;A8aP;fmMp;8457;BKpI;FmPj;NRIU;ez1o;0515;3x9T;cvbH;nd2K;pZ9c;1004;jFnq;kxgr;QYQz;s3pB;7573;GCyQ;awn9;loHm;BXu7;8957
s9qi;Iv0A;kkCM;gVcr;0005;8uEC;OFVg;wFLe;S3JY;2217;1wPl;A1ny;2SPG;y3hO;4411;vdbk;AgQz;ZAda;semd;8342;27AE;bYmr;OtwN;69h1;9931;mKYS;Pd8u;hBVE;ZARI;4426
OLcU;62qu;vDth;k8je;5562;Db6I;JOLB;cu9G;7u0S;3911;DrBn;Gu6Q;JOYw;ykyu;9125;uotS;jRtM;f81D;sjHK;1363;da2g;nSO6;my1l;MEuQ;6595;QiKy;zHi6;oHQK;vnnM;3206
fH1J;DhXZ;hj6v;DWzJ;7798;aGe4;jPKd;hyEe;ojc6;8360;qgIp;jMaQ;nMMW;0SSe;6084;5lJ5;jNCq;ZKT6;JD9W;0991;v3Aj;3jas;GzMR;piKW;2341;HV62;KN78;10X7;wtmP;1842
rR0p;qKp1;zwgu;Sr2v;0437;j15M;1tyk;LCFL;XxGW;3148;z4XC;0qRE;Gwlo;0qZR;6059;v1cL;ivvy;tiHt;0eBS;3256;ni5b;KFhx;U0I1;aUgR;6155;0NsO;8vT3;MA41;BbRn;1911
qpNF;Ws2h;c1Qo;50cC;3134;hMbT;ue6u;thcq;K00U;5842;XgLP;V7Ew;hHAN;eIvZ;7785;9DOT;TZSz;sjuz;mplE;8166;UreW;fV2A;VeF2;LvtL;3514;6x0y;0khP;T1xw;IWlP;7643
ZDlG;40jG;40Eh;ZKpT;5186;TlA1;IdVD;mD03;aN2N;3229;ekjl;xdzo;xxGW;I76U;0435;HGyH;3UjZ;t9i7;KFl6;8478;PGpR;B9iz;5Og0;mbHV;2858;YxCX;I3VZ;gZfc;TCfG;5235
t1kE;WdcE;Koeh;8Qgo;3011;JJGD;TyTP;sads;6hVb;3507;vUno;ad0R;okuH;71i6;8809;JHli;Sbeb;FILE;yMSE;3037;F7dL;apka;0TOV;ZsKt;1150;sBCd;txZ6;Bdu4;Syo7;9201
vrU5;wGI6;fV3N;nCpn;5960;O6Mv;x3lH;FxgU;FpUV;1397;eyJm;O0FE;1QUg;YaqK;7512;lkQA;U4CG;PpPa;iaNO;7619;HbdG;y4xi;9QZ0;qTh1;3333;QWwV;EbYb;PnF2;9ngD;4591
1rXZ;1uCm;i0NX;k0ME;1216;uBko;atvf;2fbT;OVe5;7216;FDbv;GAJ4;ByZa;NqiY;1165;9JOC;IGCf;VNQc;ZEmQ;3480;UDFm;0XJW;SwUh;vQ4G;6985;2JHm;uQFz;Jo88;WgA2;9604
Te7k;zori;LZ43;JWJV;5893;vVoU;o3Mz;RvXr;kHKs;4897;6ANR;oLEX;IFfy;gQZZ;9013;AaVR;cVSw;eCnJ;uf6Z;4801;aOtb;AZky;5LBD;YGJy;1530;06Yl;hDqC;weST;sPY9;4012
myHE;ZSD7;2Nsv;JlUn;2150;YQr6;V2rF;rgIQ;Beol;7840;TNcc;RFGN;Hbtf;fKIe;6550;LA08;XlZV;ypUL;WE5q;6672;G5Fk;oDDm;yR2T;qHix;9917;x2PE;iUb3;E5r9;37c0;0251
4kFK;SLNR;JDXN;XVqR;8784;4xER;4urk;OY8K;22J1;0262;ca6V;sDDs;ddU2;Rmu8;3216;US06;Aw2P;wXEo;iDMc;4464;q1uG;QblR;neBI;m9ET;3453;DFPo;pMnC;0ME1;64r7;3837
At6G;nmoE;QFrG;cl0I;0384;iZQq;hJqF;npgS;ju6R;2574;Okmt;Lj2g;iZNV;1Fdn;4294;9k7O;B8WP;LZZo;Q44Z;7997;h1NZ;O4vM;vL7i;1SrO;7536;Sndd;vDNu;G71t;V3E6;3142
8VeB;FVrt;A0e9;1zpb;1369;tpWh;lPqq;dDNb;wUA3;3222;ii0p;dUwz;F8rH;5QIz;8162;ZqHY;JRVm;JQYc;BeJK;1892;c6xf;vn2v;hQec;SP0f;3827;PmKj;pYgN;ON39;Wm9T;1756
MQoB;yi1f;ghgw;Gi0o;2687;mlUG;VFTk;6Fyz;b0cS;8375;fAxO;ooQ7;zna6;JMqh;5616;4Czj;6VUT;RHAv;v5y7;0541;L2he;xF0K;NIq4;eNTZ;4381;1tZd;Vxyq;gbdY;zAXx;4988
P4WF;cxS9;h6aA;fwCO;3844;yVrY;pd4A;A2Vw;xzmt;6705;URSg;oBzH;J7Gf;h8fJ;1740;W8Yx;8X10;zXbV;9yby;3831;ohtE;p8Mi;FIkQ;5gBq;5034;zfU3;l1W5;robx;lS1m;3486
wpet;yLzM;QNe8;r8oA;1563;m99t;Vw6y;vnCh;7QPd;6805;liqp;0Axv;XjPZ;R563;2886;LzOr;oW8Q;PWEC;9ikS;8979;tjQR;hfo6;i0vw;UbGn;7226;DeCm;TfhN;MfeH;QV5O;7053
kmNe;7mgf;LGdp;xhgv;5827;JUws;qiyA;UrZ6;jMKx;6308;EWzE;8Ijz;GojR;BcS1;7728;kArM;3s0H;oh5I;WESD;2674;yaT2;cbR7;jxNJ;iNBB;8620;uzwF;hWYT;EM13;u7Hx;2208
psI5;VLcc;OQZ8;IcJO;4566;1bcS;GL5z;hX5a;Agf4;2588;x9ny;zdvu;6bLa;nE5B;6115;w16k;v6AJ;4nLE;FWzd;2671;29h9;IzSS;2V71;0mmj;1973;DJOf;rREi;DyIB;4vyI;9244
S4QA;fVvz;SHvA;GgFB;7619;AVFM;atL5;fEZ4;JthK;4448;qoh3;N54f;SwLC;3Rvr;0055;ioc5;ysnh;Y5yp;JGd2;7631;Eozo;x3Rf;MOgL;e57J;7898;eDd2;8fVP;afN1;dXGV;8161
KcjG;fhAM;Y6xZ;S50u;8511;Eg6B;zT6N;ZVBR;0H2I;1698;kqhr;rr6s;IyQJ;hrja;4183;h25s;FipM;x5WD;Pycz;3549;LyZi;dc8f;qVvw;Jw7o;4578;mhGM;MNPj;5gmB;dlcP;6413
rWA2;RH5G;wAWm;1pBC;4275;MclF;9U9C;CCLG;xnZZ;8072;F6EA;BR8u;S6UA;fNex;6471;LQ8K;sYID;jH5E;nIAe;8512;uZJe;1Mey;Z7P3;ZaM3;9697;nvZN;9JHF;8VOE;ngwP;7499
xw9d;1IvD;Ar6O;wc0X;1684;Vogj;HAW1;k1qq;TKNQ;1685;3YHX;Ogpo;8ix2;ntV7;6452;CZEU;hllt;ClwY;QsXB;2027;ZR4K;q4RT;S2qq;8mAn;0618;8aWk;2cCn;77ee;RDzF;9471
j4Xs;cVwn;jqSP;uDvz;9846;QKww;ptzk;5l1l;oZ4R;0425;8JiY;zP3l;JSt1;Yhoi;6256;WYKw;AaCa;DzEb;w5vK;9793;kXBt;RxbK;w2mG;1b40;1024;7XN8;qR4p;eHn4;w3x9;8725
rAxl;1uBn;SjCd;x2Kr;2769;D76c;bK1r;yYdC;C1Co;3890;4HVy;KlC6;qwWf;kosA;5884;zEZd;2phc;DXXv;c5HK;5687;RIFz;wxTy;NuTL;rY6i;4810;ndLs;223X;9lEm;HlRi;1608
azib;J9JV;9phY;byMd;9962;KhfI;JNuW;hTtU;oFMe;9602;SbRf;kxWZ;lFEp;lvOf;4842;jENf;YzFT;BPSj;Bw1x;5071;6O3X;vOO2;NM9x;tdUY;3187;LOnx;0Fim;NZxL;C67v;6169
me0T;uwoE;9iNn;ZzFO;2749;3NxM;uUak;pING;kzDu;7350;A1Ia;PSgV;8CrW;lfmD;0615;Kw4Y;IMVw;jvbm;auvu;5212;AsV8;Ca6v;rfqN;vYHY;4252;amjV;wB12;ZHCV;mUbp;9087
82IV;fusE;6AzG;XADZ;7790;XeU9;VVl4;1BhC;VJr1;8983;gZzS;2EZt;NoC3;6GZY;5759;AwTd;bh1R;Xf8q;VLhF;7076;bsw6;ezj9;oW7o;VoRp;4808;njrE;hq79;V87d;3931;6354
2vRt;CDvA;XHj3;TXmF;5019;jd3L;Dhk4;zRI2;SjW6;1399;VrVl;6pnc;IFBW;NKrq;8013;PRHe;JqD2;SuWz;BMVZ;4219;qVsj;0z0y;rCgb;LWN6;3457;fXNP;Oy2j;W9Px;bIK6;3543
5WDA;1Su3;SgGM;Bk1b;1379;dDvi;ddCb;BE8f;HmK9;4994;ICaW;3HcU;ERKf;5GrG;9040;6l8E;Pnaj;2ldu;gSu0;8871;VZhP;Es1p;7bRN;HqTT;0750;z1mB;Ftm9;N7LR;vdXK;0394
00p0;yxJK;Iakm;W0v3;2082;X0g1;P781;5jFs;Gf2s;1584;oVVm;HO9R;00DJ;VAAU;0823;aV7F;qv07;8cnd;gk7u;7739;RQlI;W9YB;Yxzk;35ph;5736;hXO0;Xnjm;ulnV;Pq0O;0382
IKJ1;2iXP;ph87;HxXO;0001;egVs;GbbF;Ibzq;eZIT;6043;x1zJ;whdc;YcVy;kqoN;3819;qnwl;y3Zv;vdlj;oVso;4953;5LRK;YQ1u;VjYe;j59v;3965;QtsO;pm6l;JBjf;DfXv;2254
P8re;H5gA;mlx3;Vsap;4670;7Wrq;UIlN;cKnB;ZkUA;6507;X7Py;TSFW;vdAy;yrKL;2949;f5tF;QvKQ;I3zP;0Dxy;4511;rppU;iEy3;YWMF;qWaa;4807;2rRG;fQaM;Fw1X;gaR9;2641
P3lP;gbSy;Xhhg;BAow;6973;wmNz;E4It;jmSz;qC4y;1715;3STk;iqQv;Izaq;2w5O;3440;9mOl;0Yuu;zM5F;uNWJ;4115;iDkT;BMA4;kkqi;cyAS;6807;TshL;faaD;Yjp5;PTkq;7886
bTCG;WU5L;7DgX;QzRM;1881;KUKn;ax9q;sj61;AeTp;9709;lrIU;1vhR;Xlql;ERQ7;7388;HyN9;ic3C;1R4P;ldH0;4093;CVbK;wb40;KKd3;8doq;4503;Miv3;xYiL;M6Sg;WRPD;2099
SCR1;x3nJ;ycng;9iwu;9713;UpVZ;qoV9;lW15;PaYu;6939;8bLN;8KBs;fpxT;qLWe;8047;ADHE;3Yka;myZi;MPd5;8955;q3Mq;rXic;o7hL;ezYB;1887;42xL;UWjW;BNA7;r28m;9115
nQmT;EHsz;tqag;nrE4;1893;vNRo;DWgc;EJI5;rM95;5742;xwuZ;Ufam;7fTq;7W8f;2856;KTxW;PVDa;v3Ru;dHxj;7803;nTmQ;qhIq;O1ue;rayW;6724;w9zY;Bz9d;nFEH;hRYI;4089
7C6z;Kbpe;8Gxd;2vjK;0490;xA82;fxUl;Qpiu;oGJF;2177;cG46;064I;mpJU;9j7C;2486;Zm0W;SGZm;Miqq;Ixod;5131;7eu9;SEKP;XDYM;GJzk;5488;U5vm;k0Rh;9SXk;D6cQ;5882
oUB0;VbE9;ejHu;GO8I;5590;Po24;esTt;3WHi;4fAM;0255;snfZ;iswY;EoB2;FKfV;8283;dOVi;uErk;zPAZ;Qw2e;5423;bEHO;AiJT;O16l;C24T;3670;UHN7;9jos;rLBU;uO4W;5672
BHev;DrZl;77zG;6Wsz;7891;MhYg;UYyt;UmWF;v9xq;8993;mnZQ;qp9y;MnSM;q5OL;4537;aX6Q;Skhp;TwqA;HJcd;0549;vnyY;hZhj;z8OU;mp1d;6521;TCAm;TQqN;7hoI;HDTs;7164
UgkX;DM1A;izDy;91IY;2597;ZHz8;Qwl7;XRa3;sjH7;6112;3Edy;SEIq;ZdEy;mcyr;4464;u5J6;dKp9;x700;Lde0;1210;eNC3;W38U;bR79;DCTz;8688;XTiT;1gUG;OpON;gPV4;4731
LrDq;3Sui;kl1F;tXn3;4236;QEyo;z6kN;kFmY;aiZ0;6957;Go44;OEhb;392j;f18T;7139;0lgo;3iZ4;O8Bc;ni5N;6682;AjnT;aw43;hehq;S2YY;3859;ehU9;4JxD;IoYy;i6BX;5402
HQ3P;DDrj;SmDg;zJ43;7693;1loI;ZsGp;tMVE;SUnJ;9843;SsD5;7dbr;92DK;wycs;3352;zvd4;8Cv1;FHV1;iFpq;3440;ejrV;cIW2;sZRG;TSl2;0524;MB2Z;yz7F;16JQ;vzzZ;1736
itfW;HzXf;eg0u;Vds4;0363;B3B5;a0ia;xeVX;Q58F;9572;9ZZp;t7qV;2Aaq;8OX4;7328;mYx5;R4Kt;sAnY;hQSZ;7710;8inP;sIO7;dQ99;UuzN;6204;F7Yb;EA3h;ucFP;ICtj;0925
He8u;Kxit;PJcA;vjdR;1194;VbUG;VqwM;PVQq;u3Uk;9283;ZHeY;5WCO;KvoQ;Lx8H;8314;V7a1;Ltax;6g2E;gaTj;6112;PMiR;RFYP;AeO2;C1Gg;3692;ZrCU;R0F1;0Oh2;hc02;7813
6yqD;Ci6K;qPkx;STov;5310;qHZk;2VdP;JbYg;cB5I;1288;zv8W;8mHZ;h2yW;1ey7;6622;y2Po;T37k;4hnp;6vQ7;6606;emWj;BSvF;FjUF;Mcfl;7048;4SRq;apfD;qhKK;3mXW;9778
C1LZ;GBqT;BgJY;2APk;6461;UP43;mEo8;IryR;7SnS;5934;p81C;sGdX;rm5K;uNlo;2559;GaJr;vZ1m;YyKk;CXu5;3387;Ig46;msFy;916r;5x0e;1325;C2Ii;8zJa;eFNx;BlbO;5867
GZ0R;lO9K;on3X;OPL4;7652;D4bc;jdSZ;KaMb;YgnC;2805;Dgwf;jUVP;z1As;r7ZI;3303;Y27I;0kzt;bUSk;Rbi6;2162;s0xR;REuC;7FcL;CEpq;1041;zpGW;0OYg;JCrT;RP6m;1580
zvKh;eTIt;kfvm;EI8X;6503;fDYy;y18n;qT6m;W1M8;6302;dcOW;bjzK;wMrM;lqF0;7669;k5YE;BPsz;mf33;8iiE;8200;PNgz;j0y2;zpQL;0Iee;5893;qUTz;8Cen;rQcO;Qy7w;5326
0Rpv;0J0O;zGDH;HmJQ;7676;igwQ;ktEC;zDxi;HIXq;5335;hwpw;ByDl;xXxt;9vTQ;5285;78zI;V88f;dH50;QKs8;7583;23vR;M8tj;kedm;a3Ay;7072;84mu;iXdm;ZJrX;coIz;8313
4HZF;06Q9;5jpR;XA1o;6770;VPLS;P0Cv;CDpb;QoFv;0543;jgsU;why0;9qb2;Axst;1742;m7Jw;q46t;dzMh;yP4o;2366;Jo4U;wzmt;uy2s;K8ap;0774;0r4o;Uc21;aETx;1ZFb;1475
nXlx;lDBZ;PTjT;gNwY;4723;90zh;DyzC;Fei7;4BFp;4547;aIZj;xYom;q1eW;IqAp;0574;RamF;8PGN;7uAn;ZjAu;2705;8DGZ;sEdG;hvtX;xxmt;6410;C0tI;gEDc;G85e;1iab;4920
iWVW;6Pro;evzc;Kx80;2585;IOlo;odYO;A2LW;4Bvh;8615;eBzM;rN63;yrPz;g8Xw;5049;5DZT;vjGF;KGVb;vUvn;6419;Da0S;X0fH;gNWt;LqF6;7813;TdtD;ritO;YA1l;uviO;3596
vBzi;c5OZ;54i7;nA7X;8222;UP4L;X7IT;s77A;Wuk7;9795;hOYM;4uqR;qN9r;apDE;2730;jL1i;lyns;87D2;z8F0;5492;PYl2;8g2F;L7Qg;wy5r;9073;JUup;CeVs;uRGs;0KES;5258
NNMc;iH3R;3Ezi;RzVK;8720;VGjJ;BN1C;GX6O;N89q;5541;VVPD;u2Oz;qA1O;g2vT;1976;RtLE;Jub3;Rplv;mOrD;0379;Ftzm;2wsF;HXzQ;qIpI;2741;avGg;XTG7;1rKY;C17W;3826
zi3S;GcxK;p4HD;irYV;6726;1klH;746w;cSHM;PpHt;6346;GiFX;viaB;b5ja;NwGr;5303;5OYM;Pbxa;ZzMF;f92A;3091;HSKS;JuHe;7T1z;Ie8e;2395;2lVu;tkTd;DAo4;eCFP;6235
880S;Jwih;CRSC;TA4o;6897;pnsZ;9GLb;Wdek;qDiL;6698;nYSY;a8Ch;rkIc;dN9T;5389;xIob;X7yP;vbAu;qes7;4809;aFRE;70zQ;SJ9u;Ur9F;5925;XyZD;jZJQ;87sa;Aju3;6781
odUq;wL7P;K2vb;gOUM;9866;QnPP;Jn0h;h3IC;iwPz;3371;Crp4;JJN3;5YaT;xVrt;6722;AHNz;DT00;flpK;RInI;2837;NatM;6maa;CPQy;TbzH;6793;McdL;jf0H;cyMg;9g4g;2031
hGIQ;h2Tn;oEHZ;GNOz;0756;xXV3;coQo;X29b;1MxV;9724;ovaD;uGhP;7FqH;xDJa;4566;z0Bi;zEJO;n32X;W807;1531;7glN;RXYJ;3PQ4;xhZv;5490;F8fg;yRi0;myxc;8cqU;1730
Q8Ip;mU56;3Cmi;rfVQ;1113;BtWp;nnEL;ySH0;BAzU;5215;131R;2iVk;FhKr;rPnd;3269;EzDp;H5HP;d3cj;7peP;9512;U3Za;cnoZ;X101;rkox;6956;MnXT;KM0e;AmFt;obre;1649
uJtC;0BB9;mWq4;AKYo;6678;3bck;9NCO;JenV;mvOX;7868;ti8j;l40R;Krrl;wUBC;6435;OpB2;Gl2W;1ZPu;RBpO;8058;l0Fr;D1tT;GINb;Q0QY;8988;wYEe;P67P;vDSq;77bD;9024
gasj;6z6h;UG5i;ClbN;6910;zCUY;uTZe;WpGd;hfEP;9387;O2RN;zjjW;QBot;JbDV;6172;xZ7b;4vRx;Xtu8;MdPc;9598;UrkV;upoA;F5gG;Ogk9;0828;OcLF;Bmps;np5W;OajQ;5276
tSMB;QP8h;hDhh;mjHR;2292;6UMI;0hbZ;ERPi;jxaV;2255;ThSW;lFZh;DZLE;WvOX;4121;cD4A;fdf8;MacD;7ny2;7179;yQ2S;yvNp;a3sL;KuqH;2213;Ewn1;kx9O;Li55;Y5Ma;8620
rTLC;4Dqw;iXKG;BPhd;7504;dOox;1Fq6;TEP3;sXj4;1340;D8oP;xen4;RiO2;fUug;7468;bqp1;bpy9;hqzY;qin0;3934;WmyL;a1vm;ujsR;oPGs;6666;tUpp;9b1g;VnN7;zuUK;3042
QxJY;1xRQ;Vavs;jITz;3474;lSrw;okkH;nNOT;cjvV;4014;MgE5;Kdqm;tZbw;cUTz;1218;l4ZV;ZN9E;llEx;4Uqy;5152;5Cj6;Oetg;W0si;4oyH;4819;hmMJ;IjRT;qYQ5;hRmK;3257
58w7;438v;wzUH;YjbF;0304;2alh;kYCp;SfWV;P5vT;5456;7DDK;RkB6;t8W1;UBn8;6426;L3PN;8WhH;Gjq5;DkTP;0791;lDHd;DilZ;j58X;TTzw;3687;xE2Y;YhqF;x71k;Xnra;6363
7jDF;Lrk1;uk6p;fjc6;7739;ekIv;19Au;sUD5;SlT3;5901;ensU;nBlJ;zmV4;Tita;3743;Sk2r;5Q9B;1ahE;4fkx;4642;e2lw;eM9l;6Y7g;PYKj;1473;Bem5;G05d;M4QJ;ayTy;1642
iGBu;VryK;HPgu;R5Im;9962;aoRr;hHWP;6S2K;sXTK;7139;YP0G;RCPW;OsiN;5JMB;9038;32UF;IdAd;qkEF;LDzB;8079;b2Av;FjJ3;OtDk;NfHn;4780;kKHu;72FU;HCx1;qjaR;9832
lVEB;kB90;AFQx;XQiS;1068;YhTj;pckZ;GkHh;0WoG;1305;Xs4W;Rqi1;lEuY;TC9U;2481;mGQQ;IdHM;5ds3;UY98;6228;GRSw;3suu;LWIU;UfrO;3161;IcJb;pfvX;pBKQ;idwE;2470
y9sF;BzaG;odoq;RiED;2958;UIP5;quCV;biIl;1CXX;0196;V7qz;AYf4;3xKu;GSAN;7758;41K4;RM37;Dmh3;hYSY;4827;FDAN;Nfve;PWoA;tOiD;0769;7rVg;9gy8;vX42;25C8;0748
Hf3t;7bje;3eXX;98d2;3642;89uu;GfD8;vEVR;WSXi;2122;gRDt;Rewb;sCXC;4bLv;8594;0YVN;uR3V;bPRv;fCLT;0327;sRfI;OD1t;3Wik;stj4;1397;4F8N;81il;sYe6;blEg;1178
0Udl;mn6o;immr;6Oqw;1047;uOS8;aNtF;8itL;Cv29;6809;Vc2V;BZf3;1LTl;fyhK;2694;mqnK;IX34;36nu;W6kc;2372;cyiN;UpVK;AIag;SHrJ;3818;0I3D;iqdD;5cpa;8Hlb;4195
UGL8;RFok;TFJc;rF1n;2791;dsh3;k8GJ;YD4T;xH9O;7825;BOI1;LVe2;sTHE;HtYH;3096;fCzk;zTnu;ECha;Tqh8;6882;Tmc3;SusB;b8xC;5jON;4870;Boyv;niGK;PHnb;VkTU;1161
d6i6;aq0S;xnRv;ihvN;4011;ungO;gYB8;RbxN;0v2m;9868;0YGK;E59f;V7hA;gCkm;4964;mo62;AAIC;nHk2;5Kao;1088;FhRG;ZYvt;SWTT;jps5;3687;poTi;6hGI;tlhS;Ry6z;3418
aa9r;Skhn;m4uF;ilJp;6334;PjSD;HtrV;3iUE;DVGq;1463;4a5M;1Pb8;d506;0mOf;6273;KdFl;ZLmc;7FM3;81YL;1698;0jbB;HuYJ;qIaM;sEPZ;9250;K89x;ndqm;1IOP;GTfP;1942
NiVM;yaLg;QI9Q;dTFE;2718;LkdQ;gpZk;KhQK;owrV;3986;X3YL;oDZg;9zD3;A6RS;1305;WotN;MtSD;N9nQ;xAQe;4506;37qP;iTfE;rXD9;FAEk;7803;HBtR;io7l;9Ztq;HwBH;4475
mWNM;Bhbg;MGnm;2pQs;0930;ZGv3;21Hx;sv00;E2A0;2251;VMwN;XlQG;bXH6;sHDu;8317;b5bh;v9ku;Ki7x;SnKO;0671;K6sy;qEPX;BjFc;nGdQ;0923;E03N;MrBg;9Lgk;zC9l;0642
zRvT;dFcl;TmpO;0m8I;1839;1XLe;SHAv;oHwf;eJuL;6584;WwuG;l6Uh;rjW2;WXJZ;8448;KpGx;Ir1T;9CLR;LEEr;4976;MlEs;iDtM;8joY;k8tt;3259;1mFp;QCyY;N09V;dBvr;2445
zrrs;D15L;GuAW;nNnF;4795;MuHX;3BZS;o8C6;tGHn;6517;BW6m;yh5p;QQlo;Aov8;9148;jxU8;n0Xy;y6y9;aiwW;9138;Ergo;VFjf;DBxX;cPTQ;5394;HRr2;dSEM;CPYB;C0dB;2064
stlX;lHEX;PGCq;jgOD;8112;9XRk;HLvm;CrSa;PKrO;5996;xPQJ;pvEu;1IE2;C3rN;0041;3tOq;Xn6w;etrH;fQ4D;0781;MAvi;sAFn;e77w;scSW;8359;PoSd;VZK7;Sp1V;95qH;4497
fEj5;OHgk;tDfb;3AjU;7334;vIxr;91s5;tSLB;SHCK;9792;sq6R;Hmrw;nOKc;bcyz;3173;I3qP;gZyO;qUbp;nFIu;6098;qA5M;YwU1;8p97;KHzd;1865;BmI5;u8zx;USr9;6YyD;1935
nzgf;ULPo;gUfW;IRGL;3547;OwvV;fVvq;IQDE;bx4Z;2858;tqPW;aQbA;eCCk;7iw3;2050;N8Rh;m4ng;XiZo;FohY;8237;P97h;qhVd;ZcVG;4jsd;4232;Cih5;VaKN;e3pZ;2Csd;7128
d2ov;okLs;XPng;9brh;7521;UCfv;whbp;GKsw;dSe9;0109;lfvs;4UVn;ypNM;Va84;1604;D49L;ENYq;DR3R;5kIx;2865;EuUe;YOtb;GWBe;Tdb8;4254;yPq5;onvg;EqF7;vQdN;2323
SI8d;XFOp;RWFy;KuDI;0710;EZ7P;ShoF;DWPE;j6mb;8752;yCBo;ed4C;kgxE;BpZM;6406;bzfb;mkhd;jgUa;hf5o;8876;WDNt;tvnZ;qTZF;ciLw;7403;Sx6P;5s7f;C5M1;aHDV;9475
75JE;eTG7;LTcn;GUeS;3071;t56o;ygjH;G66b;9sWb;2160;6jbY;udvp;22ld;fkBH;3283;DInz;qmr0;A7ZK;QoAy;7463;qEsR;QQBK;EYIz;T9VL;3599;mVvN;cA7g;zfaN;yv84;7684
RoBN;erGT;9iE0;SRZI;1840;vys8;qkeU;V6vd;n28k;3926;YZc4;ZbZu;hGmW;sOCt;6830;iqHW;OTfL;j7RX;28pS;4216;zmbp;6Nwb;povO;yNPp;2858;NvpC;c8IL;3eaj;nKqe;6478
HA9G;eMSP;fMPW;oNU3;1027;iD2k;SOXf;SC0n;NPwn;8200;rWLQ;HXCE;kbIM;UBLq;1494;kogU;ZSed;shi2;u4x3;9730;289O;LixW;XqoQ;h5uw;0161;5PdL;UT7h;Oqis;qjea;1261
U4yt;BTy3;566u;lq0j;1823;2RT3;dNRK;qhq8;h1UM;5221;Po3t;mFCF;48d4;gTpA;3644;fGRp;cERF;JLce;aXGv;6868;Rmd7;rIZq;aCbW;cnjg;9911;EPPJ;wqYz;A9JE;fjLj;9624
m4hq;My67;ImUi;MbTF;6869;Qf49;UjwN;wvWg;hywy;3917;2KRH;2TW3;6R35;tyc9;7295;guy1;8pZJ;m5Bb;li0q;8484;OoKc;7b9k;g1SB;eHOc;3457;vuBb;OOEi;U3IP;8feV;4540
6Gdf;4dfq;jqTA;LMQ4;3335;cXpr;jAWf;8uHZ;xu7L;5247;790t;RiMR;3v2y;7KhO;6513;drfg;86Q3;z9W7;GFtX;0148;ukjZ;QYZE;YFIV;ojDd;1600;UT8I;2h7L;4bis;p9rQ;0477
wWkI;5pOQ;wlr4;5Q52;2533;z1sy;UeH5;rW9W;1P90;5270;YDyG;Ulbt;3ldX;uaZd;9180;dzcf;WMI3;eWAt;8HKl;4062;Bogx;9MWN;fQcV;gZyX;9816;yi3D;E0LI;fgdU;Rt02;2371
1DeG;zre7;FShq;F7O4;6550;h1ft;cyz0;lhBL;yvP0;8333;KUi0;oi2C;npuC;wfxz;5077;EEUn;27wz;Ql38;Gcyj;7638;0C1Y;b5Lm;0Myb;jY9K;5843;fcMJ;x6MK;fCBf;ol7A;1907
b0gQ;YpX2;Ycq9;it2C;3169;gJCt;Ud8E;mVRq;3ESD;6881;i1zZ;Aquk;6AH4;0kkn;3316;AmBj;hCBo;g8lu;0MzU;3274;qw5m;IIyI;oE5W;6lpd;0579;IOdH;Hx8B;kQcV;7ZOM;9956
51ms;qKxi;4Wky;MGMG;0631;Huck;t6fr;1rra;byok;8705;UyBg;3zT6;Bb1H;daOW;5812;rNlT;dCA6;FuR9;Y5xS;9823;jBGh;DtFh;Ky85;ET69;0551;Pk4Y;pA85;fMAQ;Aoer;4707
CHLq;yPdd;P2jN;TI5c;3294;GbjU;zErX;ahHU;ZTlX;6572;PduI;IGW5;XPVi;TDjf;6219;RtmY;DblT;h4Gs;j2qi;2737;kG9X;uSeD;d8Aa;nWxn;7909;EFdY;379m;lTwM;3juo;1352
YHTa;LWN1;yfxf;IYDc;2624;0caH;g7YS;m9Yq;RTMx;6242;Enc4;hvfs;pnQq;jqB1;6235;DMKb;Jokz;6WeY;WWxV;3076;5DyY;yYTV;pGi7;z9ur;3167;C5pe;8eAE;EnNt;GO8k;8339
HTT9;rlK8;bwge;beCh;0905;LhBQ;WVwJ;Sh9E;IW53;1834;ZXej;UHzN;qbv1;wFcH;2807;YUUw;5rn7;rDiT;kLUL;1495;T4Dh;76WR;x2El;a1sD;7656;srUK;7coM;0QYk;hUE9;3620
v3mz;Vg46;cY4u;Az3e;7257;cIKY;5kwK;ePVK;Cg43;5717;uvo7;blFs;SyG4;K1OF;9160;s9QP;lOJ4;VpAt;MFcE;1889;TGie;z6dg;VCIZ;xxHn;2969;fMBp;69Kz;qA5g;DK0r;5684
j1OR;TV9F;49pU;0nQK;2926;AXPk;55G5;Llff;nIuF;8217;g07u;wWxu;bksp;9Lpy;9632;25vf;slTx;GVnh;zY2Q;3787;i3rN;vVso;52oY;gqtO;8737;m5lY;asRN;1zHo;hg0x;9794
JaAm;rqVv;Km6M;04O3;4017;GLyz;cw9M;1p33;wzTv;1811;oujS;KUoU;xmqI;93Ts;3379;Wapx;TDue;bT8b;l7Kr;7274;uJuw;THyT;CmUT;9cj0;0761;1drz;TfJ3;372i;OlWB;6049
Oqol;gpHu;C31K;Aurl;8662;QwzS;dDmQ;zvjw;Kwzz;3050;1OD6;jYUB;3ZHt;XNAi;7960;dcoZ;Ax4h;1zkN;Gdrb;8563;My0x;Mi5N;Bf6q;chHs;4137;DIwa;KnPb;b17b;0Wt9;7059
CtDy;PjAh;7cPw;gLIi;9841;BWEz;fCX1;2tgp;nYxU;5382;x8At;Fo0P;Qfx1;G4cm;9473;XgAL;5zSF;icDm;uUG5;1572;Msvz;0Wlm;z5Ud;Vux0;7269;kZ3Q;AGuC;gPmH;33vJ;1188
GqN2;Xqr0;GgOT;G4OF;7002;hY5e;lkBG;OzDL;ArYu;4823;geXz;PtX1;posc;89gR;6132;z6Ad;gN0u;TDGa;gv7P;2702;7gTv;aVhi;BgjH;8xC9;7674;z9gT;1jtp;fQt2;8QBq;8038
Lyde;E2zG;9dWY;yb2R;5411;RSE5;z06q;9EF8;DsOm;4593;PlB6;jzK8;KATI;iEXZ;6294;b0g3;CHoy;9Lx6;H8qj;7936;ANrd;IvQb;97D8;FTEP;6306;SuCP;I6gv;AlAL;qmXN;9770
akQl;LELs;kTpr;Ji0x;9037;RK8L;gXri;W8n0;kgxB;7928;xcjY;mkhR;kdsT;JIE4;8284;t2dV;QfFT;nX0D;JuQG;0948;PYG9;BnZB;O6al;Xq8M;7772;Rytj;MYiF;bxQw;boIu;1335
eyTg;ADWI;S5mx;RYvN;7629;fVmA;muEe;pu3V;RnLD;4343;Un4u;C7MU;FmOk;F5vL;7900;ITQ1;JFYo;xwK6;huQX;8056;zAvB;ePqN;W4VL;EPZs;8092;EUou;LQ3M;uKZ5;5D5U;0061
kr76;yCy2;zheW;YpX2;9033;r8H7;JqSa;3ajv;DyA7;8330;3d5K;Q0AU;hs9G;LTpY;1913;4FxR;pdGz;4eI0;TGCx;8359;zHxA;19Uo;ymgf;k0h7;3673;OVrl;SUZw;CCJb;HPML;6216
X32g;UQLS;IHSk;jdCz;0851;butS;LQna;WvdU;HaCI;0831;G84s;kLg2;0oEx;fVsM;8992;YSzg;cDhk;2fnZ;gSrE;2235;aln2;sHMR;jnPd;rta0;4089;KrIJ;xZay;FroK;lpzl;2046
Is2m;FQOh;PkgR;TlYh;4409;WwOW;GXfI;UaEk;9Cr3;0815;9HND;2HCf;UBLG;wvfq;6110;2Q4j;WjYF;cBYA;qgkT;4637;PFf5;cUrT;ywog;aNyR;3790;XkR5;8tW1;CddG;BGdM;7864
RBtT;NA8t;eNDT;j3T2;8093;Y4SF;J9wT;OsO0;KuLI;8140;0abq;piyf;p44q;s6Yt;4165;09oC;gc7x;RJnI;XxEt;4271;8ue9;sPz5;YRqI;rBro;0654;Z46H;Zz9A;paWj;OXxG;4845
7VKF;ku0o;SWYH;SuYP;5114;pJ58;w0r9;3C7i;aVuL;0897;TDPt;32Js;f6MG;zkPw;8156;cMIc;PdUA;lqXl;z9j8;6643;RTkl;o0ZU;ZjVy;DhXn;5680;3tOi;LyYD;706F;ULEX;5342
BHwh;4YrR;yVck;ppKQ;2395;ee6j;3q5W;Fp4i;xnz5;4406;PC7F;Ocl1;fwkN;BPei;2201;UIJx;UPHZ;Fexc;YT7S;7906;fliE;ldSm;zTS8;0lYO;3967;ZkTl;bmG5;JAH8;ae1U;9749
JZUN;dFIy;yhV8;cgzs;3491;VetT;Tqf2;ALFZ;ED3W;3189;MCZx;zHqf;X1Fj;xApZ;2442;aY8b;NA5d;AJAe;HvZ0;1956;HdbP;uWgN;U3rg;O8o8;4148;ucyw;E2OM;hTqJ;e0mR;2418
6JNU;sVJC;2nmZ;Kr8T;3799;Vzn7;WdoA;IqAX;daTQ;6260;HMnZ;TBai;G64A;3TSv;7386;ayFW;cCPR;Ds1x;f7VA;1306;si4T;onyE;C9hu;PttF;3554;eY0q;G4LE;ybUi;wax3;1276
XWAI;Sp14;mDAT;gwip;9657;xCVH;s0Qp;WgnD;k0TE;0301;Mwpk;NH2A;3TFP;IjgF;3397;VezS;f6xQ;nvFi;y1Xq;8747;StMt;d96k;zvlR;NslU;9471;6SGG;h9uY;MF7a;MN0p;5294
6dTX;GEZJ;HV4t;54RM;7605;OeGx;pHZT;dU4B;LH45;5442;Ud1o;xqQU;9GFJ;pLPo;1962;qnkw;uuKw;qNot;zS3p;7987;nXXY;k2fm;jzQH;qarT;7735;I6Bq;qlQD;MfgZ;GaoX;0364
Dr5v;zSgU;0REH;Y2m6;7775;W9B6;ama8;G7ob;2Zu7;4706;l37R;94iG;6Ayn;WYLl;2102;wuWz;NFOK;s5IR;lfJ4;4849;kQNC;ZBJo;CT5c;iXMF;5852;pCE7;MdBb;e4uX;FwVg;2720
Uqiq;ocGO;VOnf;EAOQ;5960;v2fI;zvPD;DmiK;glpV;5430;fJPg;XTJC;ihk1;Ysr5;1061;eq8v;5pAh;HHe2;BTxz;5171;pBbC;sCvA;3vwE;6W7J;6776;O08u;WaJQ;vrG9;UQ4X;0505
hXq7;NoK7;ioEx;tNPe;9628;VFOe;IeIJ;kYXE;fnpz;7836;gKyA;By91;87iI;NkHD;9235;hUgp;3RcW;FnHW;m8MF;2798;NLjp;CuOK;IIhT;D9aR;7763;xRFD;cbdv;5xE1;kePc;6485
A6Px;4Cmj;blOF;znSB;2890;ixdg;E5Dz;D5oN;ojhM;9232;f8ub;M0z9;XxX0;GmBO;7581;hutd;Oglg;duWY;VwwJ;9203;1eOp;DKsG;KG6a;M3GZ;0300;ChpZ;mLSP;hNgi;VWR0;0627
3vvg;EzTW;ZeJM;N9N8;9821;7G6z;5yyE;pEHy;L0GT;4861;vmaC;8g1J;XXrm;3Y8a;4280;u3vb;SQyn;MyCk;8O0q;2218;l19o;kEq0;ojye;82Wp;5751;Ko1s;DvNX;oU2u;1mje;3502
D05a;DaEJ;mJte;2j6e;1558;WzQe;NOLB;1Cqt;GMVl;7662;I64E;lKgG;EtGi;Me0u;1562;arHL;pvTi;Uf9a;iRh6;5006;VxsR;vkNQ;Y5yA;Pq3S;7377;QkJN;1pj0;dfou;GPSq;7247
s9gK;4LCT;FMg9;2MZt;9486;qdia;rSEQ;FNiC;YTMF;8591;gI03;qZLx;iTyZ;MjSv;2043;KQGT;CdNE;W7YJ;9W8L;9235;uIFw;x5Br;K0Av;zRBI;5506;rjgm;bnpM;6U9J;Aq9l;2568
D7z2;GwjV;8SzD;uMQo;7660;m9GY;qt39;I5ZA;wOVA;5633;Q7Zu;geTW;4YP0;ciPP;3060;8LKU;pDlM;u0AT;7SrC;0697;GEit;tqMH;bNhR;DZyd;4208;c3dc;F7q4;3JFx;EeoG;8341
RgCf;WEiL;PhsA;xeXZ;5021;yZeH;PicT;WPlw;7olf;5473;jqYm;UCOE;FrYk;j7Vw;3689;60ni;Fs48;FG7P;oDDH;5834;6anr;cpCG;8AAP;BkhA;3226;Zake;ePKn;KP6r;PxFq;2871
qhOz;7zaf;LvJi;Dinz;2972;iLJN;EMz5;YIsj;Gb3a;4643;zLld;UOL0;ymEF;V7LQ;0995;hsUC;GTck;ad6g;yWGT;5599;8SY5;tgGu;KQgW;AVU6;1176;rZwa;k2qX;lvFN;39Q1;0127
qWsk;g9WM;fytj;k8Ln;7593;B5zf;zbBl;pzO1;Yl7d;4156;3UYx;4da0;vHMe;MTos;2341;yCDH;lrtc;7uyp;3Nin;5826;Ft9F;hqlJ;SVuj;OJQ8;1549;zOEM;T5Zq;DTD4;hvmS;4254
iSV5;9agT;VxSD;WefX;3701;86qr;y1Q5;xPaE;ZNh1;8999;aiGZ;kYLe;2jBl;Dy4w;1334;dPFh;LMdW;2ki8;BKpa;3363;aVRH;IJlZ;ggip;236p;7111;DiLF;ZHSp;zW9f;nlTk;5113
Y5AG;DIwX;Him3;8N7G;6548;ZG8o;sHQf;5pLq;BhX7;2883;7E2F;EYeT;cXza;eojr;6504;xjxG;1zMM;am66;QsFq;8215;K6PO;Rz1l;3P3K;XQBT;0272;eSdC;ewJw;XIf6;RvLZ;1558
FddZ;jHW8;MNd0;TOIu;2737;ZR5n;zh2W;MzLb;elI0;1969;P2KP;Omkm;QSIU;d9Za;3013;C5vY;68Mj;aO2k;q053;6446;Aw1F;eHIL;ZZ1q;ljBz;6210;cVS8;NWZX;yKdC;x57d;5323
lv1e;4OWe;5P68;GS0d;8366;EsAn;aFEG;f2Rt;Y9Gh;8286;MuNR;oKCr;R0Qz;X4Ks;7753;e6bj;hhRd;eLX4;sGhG;5254;qCZw;DMZL;a0Dl;x4dy;7380;QKJd;Eoo8;UT2W;QIwr;6480
uDSt;MIyD;MrZt;CVPf;1090;VoeX;UcWt;t1yl;ZTQX;6541;XFeW;EWSh;q8wa;77mg;5014;DwsF;E0zA;IxNR;fAfX;2850;PmI2;ZYLl;c9jK;PR0p;8349;pZLe;mEZ2;aels;BLgF;0951
nChq;RtkR;uHA1;Oewl;8169;MZZk;BuNu;hiN6;Cctp;5444;srkc;9gVF;99SI;1Gm1;9947;kcWA;q7Fy;cTkm;xD1a;6444;ThUX;1zV6;BqDd;ZExs;8454;Wf6x;fxl2;gZHc;LnJm;6939
SN4T;TPSx;8Wcq;MKdL;8008;Vaci;zop2;gwZt;qWxn;5363;642O;wrKZ;1cOR;1iIv;9790;0lOe;Gx7q;kbnU;wffj;0902;Uvfr;BMq2;CvA6;IVsB;0509;4kLh;W1lj;cNqb;maM2;3392
pEg0;K761;XbDJ;96q0;7485;69vj;N45a;JUVe;4DB5;7184;zHoW;NjMf;Axex;eVOj;6771;7fCL;OPtC;Aqjn;VOdc;3545;UYlf;l8xI;TQPU;AK92;1633;t4Sz;YqAB;z7vo;5hs9;8978
TO1G;9rOF;NCbt;UvMU;6904;O3wT;ijGb;yFu8;brwE;1938;EEjW;Q3UU;YI6p;U2cy;1061;IN3A;nPYR;HbMk;JDq8;1406;K3pR;W1vj;yXoA;qWVq;3680;yC7R;jgJX;85h9;kBWo;4387
1I25;tokw;KFSt;ncgd;8589;oMGj;NMK9;VMWq;B94U;2181;2qqa;Xiwy;yRiK;VgCf;4187;C9rc;qxhz;1eMv;DVEw;6871;M4cf;mDCb;V6dK;lI2a;3003;JZDc;67pv;Ho4I;k6Ju;5027
0Qbc;r7Jy;5OW0;UTlE;8074;tzcw;Q7oo;Yea8;9wE5;3868;RXF2;Bi6l;Dgj2;f0um;0677;32v6;M0tJ;WFl5;SEh1;4283;OEuK;nqYr;JUGS;TT12;7132;iuIT;61FZ;23nf;Fwq0;4011
9yuB;WS7T;lXOP;xsPa;7468;aQJg;mAaa;LS7U;nrZ6;2514;S86f;Im1z;p0SS;5FMJ;4674;ts6M;N9kD;zSkY;em0y;1159;d7rw;02Ie;ICBr;EdKg;3257;7cve;n9av;nL92;nZ9p;3247
S1Yw;rIgG;ri9f;KnPm;1717;lhpj;4KCs;SMwZ;fyaH;9324;aaPe;GNKn;XQUR;4q2A;4316;ShpK;bHq5;7P0e;iQM5;3930;9TgM;KBj1;DlHt;Ygix;5657;bbJO;9FKc;ad1J;ybOp;2686
FoWb;a570;4WBN;7KJe;3385;Xj7N;KGCr;te3Y;3xy5;3853;SXeo;Zj1P;n2Bz;LItn;4427;ZcPs;F0yZ;wBAx;FD3H;9950;fHQQ;8198;exM1;evxg;7774;0UAq;AStC;btPY;hoMp;8057
DD8c;XB7N;fYpD;Ssh5;7746;lVQX;c4Nl;FfMu;tg3B;7037;2POl;TYQB;XF1x;SmAJ;5676;uKJ2;4umi;wKiJ;CyTr;6500;mXg5;nCNz;gY0F;RKGs;0642;dDqj;Hgzs;yVjs;Hq3k;0360
aR7X;8HJ9;alcF;tFX3;4099;oKtg;m90Y;lX8O;hgla;8013;apzh;QsnZ;fmgS;BFIu;4290;RjLL;loKO;tPPl;hVTA;7120;T2NY;T9x6;JtBC;DHSw;2725;onKM;LEyq;SZgY;3zGc;4841
rWx9;m1WV;IZ7J;Ji61;5636;h04k;GfIw;fRZj;uL0w;8895;kv5k;QrGm;Mfsw;xgDu;4300;Q6pI;4hb8;mQuD;yudt;1187;ya7u;KUWq;lhnC;8Rsh;5875;68Sf;tuQb;LA0Z;qQ5k;8128
xZI9;GAMX;8zcZ;f9SF;0259;m01h;ET8L;pRMh;katI;9477;UF2e;B0KZ;sGQz;ZrDy;4586;iGAm;pTKO;4t0A;im9L;7181;Ku8B;2ZLE;kSiS;5a1V;4665;ZwRQ;Jn7l;N7r6;Adk4;8808
b78o;NbJ3;Ntcu;iNpd;6842;jDo8;eQU2;rB3A;H41j;4880;nmR1;lqME;EOog;RZjA;7492;iO34;QZj7;Z3Fo;rpVP;8156;OEtH;91Ax;RVZ6;lD31;2253;psRa;aIth;c9g4;DtsB;7695
zrRl;LnQN;EyO8;jUXs;8495;IJdh;anqK;5uHN;o5Kg;5480;mg4e;3sAo;ivmK;hdJ7;5650;dyYG;MaB6;i5aX;dCCO;4721;3UVV;f6cc;xqSp;YK8z;9536;TTmP;4Kn8;wNwK;OgqJ;5276
sTyw;iqNo;jllf;enyG;2446;C5Fx;EOqa;mmKu;gD2Y;7945;PYUn;dMpX;uFBx;3j28;8680;0nWH;1sEk;lYnO;qiVG;5663;bmfH;x75b;hOwY;utLu;2912;NUCL;vJF9;x7Lc;qhEQ;1466
s3cS;1n6r;yZpJ;ij1X;3700;Dc2W;xz4w;wQLz;Kznt;0136;BUF9;UW0P;ZrDj;z5IA;7583;lKbc;mhhH;vxTb;EJFC;3740;EcCQ;ZWO1;Ce10;17lY;4299;TdK9;rDVW;Bcbx;KcQL;9933
9b4F;lp85;Q6Mn;CwAI;7957;YvZB;GJyg;9oEu;XIOE;9111;IV49;IgGo;F5ZN;zxBy;0273;feMY;EcRy;IVnS;VojA;3631;DF3r;h4E4;4KUD;IHJ9;3099;ir49;5n25;i02a;JISJ;8918
Lf7J;UHb9;TDcS;XEM7;9031;xpBF;8Gjr;rar0;VpcA;3785;vo3p;Cc45;RmGg;jHjU;0025;jpL2;blDY;NGIR;d6Vo;7939;KEqy;YXh3;ZJuQ;cuWg;5884;5cw3;VUJK;x7ju;XFbb;5698
zSEP;7JtY;Ji3B;Ik1V;7054;5VVS;uQhw;yIB0;7QUA;5595;uMKA;X6Yx;B0Yl;oRiF;0605;Y03Y;hOZ5;xszh;IdYW;5140;tDfA;MoNT;7tYD;EAo7;0549;gUmf;Pi7m;UJq4;VKfB;5847
6col;8Kd7;FcZ1;hZil;0120;httW;jgPY;GdlY;wvTs;6187;SpNJ;1I8P;KEWo;SfTj;7873;9PAB;Qzga;6JSd;c2i9;9739;wrwZ;QsH3;oB69;QNtk;4445;4rGt;NCUp;CpPN;TRGQ;9684
EBDh;iebf;TL41;JFfp;0594;pidZ;Jryt;tsNX;4gX2;9955;i4EX;UNAH;PJdc;FiuT;5495;g2Jo;6UjE;sKMd;Zoff;3716;GQts;1msh;M2LV;AN3N;7091;687P;JFlA;WHKZ;xJsI;0721
0Pvx;P78O;zQyE;egqq;8201;GIDO;n6AH;uMaz;wuDS;6659;5zkn;lnVb;LONH;0sps;7425;W7i5;aDZP;YOle;Q14K;4885;n378;nLN0;gQn3;QbMY;5575;Zmo5;LVdd;pnIr;B7WV;2482
tkXP;2cEF;qVyY;xp0d;1768;Nnx8;Piz5;NxTv;nzl9;4977;urck;hn2y;rLxc;ogEf;1834;zRaS;ais1;oXPG;iWRR;2222;by3Z;djzL;YWgA;qEdm;5721;Tbzs;J7nG;bUTf;6BWt;3803
iFNb;tSZX;VME1;Fh5w;6345;rQwU;SS1P;gJmB;VDUa;7367;ixay;9Cxj;svOp;XMSG;5953;17Rv;hDXu;VuoF;DtFJ;2485;uTrv;mjMf;c8Gm;P593;6064;4Umd;89ma;b7Ru;8tDe;2769
03zv;c0U1;Hp33;rCvX;6322;LIUU;MhJm;lUJO;ZkQ3;9990;hH1G;fXzF;93CQ;XcoS;9490;Q5oK;iJhK;7Rw9;dErc;9940;SCDV;ZaCQ;33kp;ODCR;1978;kLEx;aMnk;W3rn;7rpB;1908
Zg7B;KRJP;hv8C;tY9v;3184;QPbY;jLIP;kApb;k5M9;7468;pgsc;Dti8;ObSI;PzPi;6250;uxJl;ntUi;bz0b;Un5P;1448;Czhe;TdFD;AHsI;KKDe;6728;kU6e;jRug;mnX5;sjys;2339
TDuN;UZmS;comd;2YoQ;6081;kZkb;JBVx;gzQi;62W5;7864;7J0T;dRPw;oUxg;RFJs;5847;uJfh;QXO1;IXfX;RVZi;6047;ISZE;uTlB;vHJZ;cHX2;2971;lmmR;zsFG;5DPb;1UC0;2884
YNZO;nrsf;ARqN;qALP;3678;EQ5B;EWgK;AxFK;fDIb;0528;XwFN;JJLq;Qo5K;27VK;0192;1PQ4;8oWB;mSzf;8MUQ;0820;LeZp;ZtLw;Czdn;hBnH;1986;DFhc;uAnJ;TSbn;YVTt;8335
9tjP;6CSL;Dg2I;NJNy;1323;WYvk;pRCx;U6cb;x5R3;2563;BimJ;0h80;ttYk;mB5z;4382;DcnK;zIpP;nBtz;bNem;2463;GMxM;3QW0;ULC9;DRLZ;4571;Kwsw;cahD;2D0l;NNc6;9449
FNmh;nED9;30t5;fLTi;1404;0EOq;RFEw;JLT7;Ow28;2981;8xXD;Wm1I;0khD;ODYB;8168;rKNl;SQLK;Ka3E;PiNx;4206;wT2T;4fw9;JnQp;5jS1;6458;P1kc;rr9p;tOLE;JZHO;3353
qF2i;5EhZ;WbZy;5x1l;0386;4lkE;rQ8w;ECsK;Y0f1;0053;2kpG;3Jaw;l1UY;kaek;2543;1R6U;fGFL;bVzI;MGta;2952;3fWK;DWPy;tzXC;6Xnk;4424;xyPU;HfUj;rL6d;YXX0;6930
qoU6;fK2A;pj54;gHfk;9404;N5Sg;chpB;C7cF;GflL;6097;DnqL;XjNz;DkZ8;IXq8;7534;ynzd;4iBr;QXp4;u8Pq;5214;UrKP;NWVP;HN7B;8vLx;5387;cfek;xeWX;7OAH;F0Hn;0459
8o6B;f13c;13aS;nJy4;4252;pyLT;onsO;LoUI;9iOx;8895;JbLb;FhsG;YCuc;8Zg6;6580;XzyZ;Og9n;MIZz;2uuL;5537;SKP2;yBHX;Zh1w;gERm;3282;IVxj;7Rsp;zQnm;zvW2;0010
nWpK;GMl6;Rhi3;aITR;6461;OSrx;aA6k;QQgu;51Km;7708;0nLa;X35c;vzE2;GD3w;1510;MMd0;NBB1;afFl;LR1b;1791;8GOp;aDet;xyUU;butb;8337;iIev;ixfS;iXOX;SNTc;3035
Knmp;cV5z;4kJo;aB6f;9109;jpk9;UTaX;bv9D;fiJp;0406;M0bQ;E0IC;kIx6;IsS1;8477;jsqT;cGpp;nppd;tWOQ;9221;mdBo;CVYX;Q18h;jJ0x;5229;6sRk;SCJ7;1tr6;VTf4;4143
qslO;1pNc;C95E;W1CZ;8619;576l;bTmn;UHpt;Q9QL;9704;seZJ;gm8f;uObJ;BBbu;0280;30LK;bL8p;Hgrl;sy3k;5841;u9yy;zPfO;Q7Cj;XuaM;7738;vWQD;xAm4;N3hU;ktHJ;4302
WUdm;XB8g;N370;xdEm;7656;FojR;n7z3;0RA7;KF6w;2867;u9hr;pCsb;olJw;NWKV;1154;cFC5;4IG3;pxQd;pjJV;8643;s3ed;Svok;gq6X;eN0I;8877;ZSO3;Otjy;XEhG;TwBI;8155
SuYz;eRAk;QkZn;YMmk;5026;yfwN;qaRe;xbRp;f3Nr;5135;lZ8T;jO8P;PYui;pXbE;3963;d0lD;5EuP;xWoo;qAV6;4903;odim;ZdCu;bX8s;HgIK;0225;bmfP;jETW;xtMg;4hBq;0576
0v3D;pWVV;vaEc;LZh2;0694;haxt;gXro;HPfE;lQ7I;7412;7SNG;VocB;xl3h;QMKQ;8629;Av2Y;pj0c;yQJZ;UiAT;5531;6Yir;XjAi;ULZp;H6bH;8838;XQzj;zV70;x1FP;9TZ8;7957
yJmW;Cscs;WWYV;niqE;8015;u43m;xieU;PE6m;wvno;8296;jwQ0;v9Ov;Vp1Q;xR5h;0883;XVCW;1J8p;mtHW;LNrs;8100;GSoC;bGNC;j3O0;RfCP;7850;3lYx;UaB9;lRua;G0sF;9448
IQB9;nfuq;JAn8;CWw0;5603;2IFw;jADW;0NYl;zI60;3107;VLZt;0SET;j0xt;XeRd;5568;MGpX;htvE;W95U;Tpk1;7121;B5x9;yDWC;UGHt;9I7S;6645;Z6lq;zAh9;qFQ0;ZiPe;2561
gaSn;J6Eu;RZPM;DQgK;9069;9DAf;3jSy;9sah;VPrW;8897;DIan;Fkvr;DA6z;GkM9;5958;MQTx;w7k5;x40Y;qDdk;7021;iljf;Nh8z;5rGj;F5Q8;6817;u4ml;GruC;CGU0;kNO9;3485
dGpv;3XnB;VznD;PaGd;2061;jc3H;rH27;Lnh4;F8kq;6297;1mHG;PYHX;dZwl;rOxG;4279;gdBq;VbXH;AWv6;NrvR;0105;Empd;9ZmR;TCmG;VZb7;0756;uwoM;hiKc;2Y9T;TXsP;5835
C5QE;FBih;KujC;FF6b;6545;wQgi;I7zd;DG40;Lv91;5878;rJKS;MVwQ;gyNC;hs24;6326;HNoN;nUsl;vG0x;NJrz;0130;4eZI;YVbD;BrYU;Usla;2894;3k9D;FExs;21P2;4k6w;4298
dqgM;iINH;VfQ8;da1g;8581;L18C;jgBz;4mjK;yZe8;6962;UgNd;D94x;cj47;wcOr;2541;iQDx;9w1Q;3ia2;jR6p;0742;f010;JguA;KA69;cWmu;3675;Fjtv;QGfU;lnSG;U8RX;7743
uZwx;K4Qp;Kvn7;Ah1E;7516;3MOL;1CZY;l6MO;0rhA;6153;6GqQ;au7f;XOqh;f1g8;3995;eDvv;rBxz;c887;n4Iu;2900;U4vL;WLhL;OveN;mAs4;7359;gzMV;ivcS;yJCH;cIrr;9106
KvEy;2ZNf;z8BG;oKWg;7116;92xs;L5QH;ydGj;iNaL;3599;0hVu;7YyK;WAGB;wY7h;3186;dXyI;Y5TN;H4Nt;JfKj;3402;iOpD;bxac;Mu46;8DNg;9702;186n;2JHN;XSfU;OX8x;1506
rKm5;JOxi;4GFp;DTfg;5290;IGEr;WRNP;3kFC;THGK;0173;NeDT;mH2b;Nzsv;rs0j;3217;PyhX;awKu;x56v;0OIu;5628;qPNk;S8H7;I4D2;pZwP;5422;JU53;HyoT;h0Jf;8rKc;4028
cwwv;3gAV;ijyQ;Mfs4;5029;OQGG;JFkB;r0qk;tw97;4850;N4EZ;cIeH;xqQP;LO1j;6505;1WrV;9Eq9;gMD7;LPiM;3511;sKcZ;gE50;ODKZ;tC6W;4323;8IIu;ZM08;EaLa;x9u2;6485
6WnI;TABA;RNix;OyWH;7768;2RTe;ZPJp;AOOy;s8Wl;8520;CXRF;g97y;X8mJ;S5Df;6936;WxE3;ucBM;Fv7J;nI5z;0708;Nksp;uUIo;7QuH;4f6N;7420;PkJy;ddOD;DxxB;4cM9;3629
hipe;TBuV;m4Ak;VnX1;8109;jExT;5emQ;AO1Y;w8u3;4700;XS6b;JZeT;UG39;idv8;8559;TVB2;9jPr;5zCH;4qHW;3976;5aGJ;UI4Y;m5Jt;VTdX;8536;NN1O;iVk1;QDX3;6Y74;8609
7kqs;w5O3;hP92;Upxz;2319;UXNU;jCg6;n3Q1;Ice3;7146;g2L8;vJEp;Cm5y;Z8d3;0016;virp;XxFA;UYTX;iR3d;7015;zLJv;Z1AH;YZYY;bxpk;4281;Q1qM;GSCW;Oyqm;bWId;7465
XsDm;Zck4;5Cwv;ExAI;9264;mHXG;8Gwc;rvMg;pRbK;3973;HAfK;Ozcf;Xj34;7mCr;2362;XTkY;NWdc;c1Y8;dHj3;7192;CTRb;SUlF;HiUs;RXw3;8721;EWOn;G9Iy;VJ69;cuIO;6499
Oq8a;fzXS;HzCU;xo5V;1948;Gxui;6Cpj;OAmQ;oF0b;7592;wG0Y;FctT;Xcqg;dz2z;1220;JRIe;mBxJ;46EU;xz1u;3205;TtdZ;5L20;4l6Q;ApqQ;8550;zE4g;CXJ1;dxwH;UY8R;2404
9Dzw;vGb5;CJ1M;P700;1149;2OOO;putO;YcP1;HiUs;2950;jwaf;huIk;jcAJ;Flmb;8851;TfQQ;no90;arC9;sJa6;9080;eQ4r;Z5XH;VrQL;7h8m;9735;le5p;SkJz;rIGM;kyxK;2489
EUlw;p1Sp;SC2K;dJNH;6967;jAAf;OZhB;mDal;ZYM4;5338;tJgu;ID2t;wtto;t8qf;7269;cw5Q;YIwE;6fyS;vYgC;8474;vU1G;qlW1;Ee1n;632w;4512;UNoY;l5Fo;vEK4;v5S6;3413
ioSV;S5Jg;xvwM;ohZU;2324;TSKx;OU4t;SXVC;6Gvz;9444;kwK1;AGZF;MLta;hHaX;5459;auw4;wutE;AiJy;Ogo3;1162;1W0W;Z7Ab;R4nP;EiFE;4614;5HHx;fPD3;tWVw;1rTK;4035
zli4;JwB7;uv7s;uD1j;2274;maxu;GJPo;D0wW;TgPw;6264;gmhB;FVj8;Z3P2;2rRV;6098;ROjr;XKzC;RGe4;3JIk;6080;YkW6;J1L2;sTSZ;kG3j;3005;cZ5z;NoFs;0X7l;iDHU;1210
PIH1;AHBn;qAEC;ZX9i;8764;L34s;lvZi;bfkP;pVK1;6089;94iE;a1Sm;7eLY;KmEn;8787;HTlN;kajD;9J5V;ehEx;5119;98Ar;273j;dXfP;uz7M;4748;POLk;4JU5;RLiu;fRcY;6024
prtz;jrlM;RLaj;Xsr7;3739;ejKI;uZlX;JW4J;uZiu;7923;8aCG;BgSK;ywxm;SpEm;1267;FaVP;Mlqf;40qN;fU42;7910;BYYT;Yoo2;bA2u;lJ3V;2115;uaGW;rRdZ;JZvP;NJVG;7157
vqZg;zrGO;PN0P;cKRB;2279;AvZz;zm43;jIle;R9xP;9615;t5BE;LOTT;W1TN;VrzC;2125;ypLY;pfHF;10bQ;mATm;3040;RBB6;FmVt;XMhp;yG8z;0036;TrKe;N0lv;kwzN;T33Y;5707
ig1l;0APX;c6vk;1gDw;6393;E2oy;Dgju;oA1G;SDVV;9739;vggb;41mz;j4KR;ChIr;5434;VRfL;qJ9e;DsXP;YdFh;1308;1NbZ;dsll;DvcK;mKbp;2916;QYPZ;W6Mx;Htdj;Y2UU;5646
KC0Y;1TsM;SOP3;zbGo;1120;FJ8B;8AMw;c1j8;Th1L;6774;LK2K;27Y0;hbu2;5K23;0037;PQS5;ayqZ;hUGl;1hh0;9718;CvIk;EeIR;CAPe;5gh7;8783;JJD9;Iqyd;9a4j;2JRi;1550
C6e3;LlJP;GJwp;L5E9;7436;iMIG;u7kr;T1tp;Ok5k;6600;LCuW;7Pqx;43Pi;yAxx;0125;Q2iy;Ezz6;GdnM;wweW;4401;qB9X;MMks;nkEp;BHze;3115;edr0;AZll;nsDW;YGwU;8960
d92r;kqxs;3oXR;fS1u;0933;tKmB;04RQ;XkC0;fc8P;7179;Wquv;KJtb;lvFU;mv8t;5268;LBEV;pQtY;wjO1;gBsJ;9535;a30H;HXsj;l2SA;1zGo;1206;3nT2;lMN8;JuK5;5e7r;9351
gZJZ;yr2d;MkAA;CfZo;7613;eqnt;tyNY;VthZ;3onp;3550;8BqD;6EWf;Axu0;C5oO;4967;MZH2;KrmT;HnBa;0I0q;5723;z8Or;gJWC;VAQU;lCFb;0270;P3xD;mm2o;EHmG;ub4f;7952
ZYcK;xPkY;kzTR;M6Ha;9594;42Ma;qGy7;iTHu;eA2J;5334;P0e3;hZuk;uJMt;T1IE;7724;lOri;mwpg;jE1D;qs6S;0842;LfcI;kHNm;2Iat;7dYe;8806;qFtU;wFEc;z4PR;aKDm;6688
0NB6;dpSy;rPTv;7RVW;3423;peVF;dsyU;dgKy;DEBo;2042;VDjr;gXXP;cGPc;0a2Y;6844;3RUT;BBCY;zvft;4UnU;9166;fEdw;49MZ;aAwJ;ftoi;9408;IxZ4;Jxsz;Dok9;JExr;4964
B6lJ;Rlvt;aXdi;t5JR;8895;dngV;7WzX;e3Xr;lpMs;4574;HJj2;euVr;Oq0P;ASLY;1042;v7Bu;3kMA;u30x;KKBy;5402;46Fq;S6ou;msDo;RfUQ;4555;3zJl;gzYV;XR8B;FKLG;4165
Fmur;rR0K;Uiow;gJ0n;3423;QOvx;lKIB;bAHp;5kv8;4627;B0bi;zqDi;PEuZ;i43I;4066;22BZ;iL1J;PK0K;MEm3;8796;gUr3;EW7b;0R9t;So7P;6131;GJpi;UDyR;KQsY;IWlb;8936
AC1z;ls2w;rPQs;Xjom;9652;6vkN;T2oz;l4ZK;2P1j;5489;xIGe;8TY3;32eu;37yB;3184;3V6y;tgQT;djy2;UaEe;3380;RkKg;6etO;MiVx;6GAB;3145;JVRk;x25S;0HTH;pBpd;2680
3k4x;nwFZ;Td6R;7C0i;7963;u36x;nHw2;9Hcc;WfVh;8677;skDJ;LRTv;C6xP;ws4z;1800;CozD;0uwF;W1Qc;Cbuq;6354;sEIw;YvXm;gbDn;2uFc;4558;8ILG;X2YO;HHr0;bGXa;5807
xQn0;v8cV;4qOz;Fsty;8620;k1bp;ahkI;pSfU;YJ2g;2652;GuF7;ogzI;JhMH;jm5E;3516;dDd7;Sp4O;YIoX;ujza;5331;qnxu;X9Al;Tct3;Nl2a;6650;JJMu;BIWO;893W;8U1b;6646
CyAA;I4oN;3lSO;Wdpr;2118;QIE5;yESS;FkZN;Fh1O;2888;rcSk;cZyP;gjAo;J6Qt;5764;Tz15;lKoC;amJT;BME1;6966;jU1H;CkCs;SNoE;Q80X;1244;vwi0;gNZB;tr6F;BkQF;4951
GVgc;n5Zc;Fkyl;67pH;7504;FCfA;pVWw;ZbqS;EKG4;0938;uMUi;y4zX;sHaD;05BB;3293;IuV2;VbWY;HKVz;fLIJ;8869;7JB1;oaf0;WZyg;R3Jr;0469;82Zn;Ntwy;GxPf;Pbog;7665
iRv6;8chI;673B;vTGa;9969;CAwa;YBgK;juuR;ta0p;2642;rvmF;4eZM;xmaQ;OoHC;3151;aTV5;1Ijv;jAfU;uV1W;8860;Uoue;6Lvs;qaKP;tq5n;3161;aMVY;DAdS;f3bt;pMjf;2123
71sM;bZwe;IOZI;9Qek;7382;l9Os;DbGF;GtXK;cNFF;4946;CZSl;wCWW;sg7E;gAJy;2682;quCt;Uk0u;nxxB;C5xP;6544;8ydV;bq4q;xlYi;WX5P;2665;kVOV;bswK;VR2n;emDt;6447
nLun;epXa;ACzT;UWlc;7244;IMBR;FC2t;foN2;Aq58;3784;oXxp;ZFD8;XwYn;jz33;4248;ngRD;wfZ9;yXAp;uHiO;8301;VOec;yH3z;eqxR;g2AG;8955;WrYv;wk8H;eds4;NWiK;8113
aaTZ;QXGI;jTkt;az8g;2538;mSsW;zwR7;PIov;ng4F;2434;KApx;XkxA;SVDg;sJ8s;9395;cBVu;HeBj;JXnC;ebev;7258;Nqng;4JFO;se2K;ipy0;2452;1Axm;wmtD;qEqg;q9qJ;8150
tZQU;xP8R;vSRn;wMaY;9865;NU3F;2Xhi;sBiv;aw2j;1648;3Fnl;fZNx;L0C7;w0Hu;4799;YjfJ;RxuE;u8e8;8RZv;0371;88v1;N708;BNQE;RwJX;0458;l1s8;W7bw;xwK7;Hbbi;3982
xwih;s2iX;AzBB;DaKA;5059;7kQ2;UJmX;5fI2;Cszx;4494;KqcE;LDbz;ZaFC;oD7U;9934;zWbJ;5p1q;vE3C;L8Cd;5673;WZW0;gfLv;YjZI;QAFh;5136;IAer;wRvM;Bc3S;kD8P;1712
tdhb;sgg3;XzQK;emBv;9340;zYeQ;4fMl;o4hf;7912;0009;pQBM;7OBt;0ZEP;I8Mq;0537;T6F7;TIK3;WjzT;7NTM;1575;GFOR;5HrG;nYJR;h4an;3605;Ny76;TXSa;88bA;IG7V;7419
RuWd;KauE;qH1o;bJ1x;0629;8Oqv;0MIv;HBn0;iYxr;8781;nSC1;ow25;jkOc;txjz;1758;z36n;8s5G;0gvh;KL9i;4049;8bpA;vMJz;I0hx;s7Gb;3616;IHJw;KdFt;ru2A;8X8j;6694
YLXQ;88Fc;TLD5;gg8r;2522;PWx4;wDtk;YbpR;daxQ;5899;s7pa;Vk7A;URAU;fbI1;4629;BUP1;CIb1;OJxR;ZZRB;3408;r7sg;9HA0;nX0p;Y6yL;2892;CIU0;Mv6t;RjMn;luBf;2284
nBZz;WkYc;ebt4;eeMc;4332;reHK;KDpn;I3HA;A1DG;6302;p2zA;KS5D;bNc1;0g61;7653;jcKh;KLRh;4nju;fEVV;5216;9t9L;hJO7;eRIX;H5g0;5104;4Z2s;tUSh;K7gO;kUp9;8497
6d0Y;dhCh;XdRG;Ee9M;0527;qM5b;bnqU;SJMN;ARoS;8131;IiQF;v7C8;vOoi;zkkq;9970;dewM;ONSz;D1J9;PL0k;7213;ciY7;qzWn;RaE6;0yWr;0867;xidB;xuj0;E3XH;WNZc;2044
ezQt;IIDg;UovD;Lv8o;8227;HbId;AHdF;mfGO;0QLZ;0612;YnQU;48cq;DHAe;9fJH;2701;jfBN;g6nW;gMHv;YggX;9230;Q6Ht;cL0d;1dZU;CAWn;4147;bIK2;iOep;wOej;cQa3;6198
6dC7;qYQv;Cp2B;w6a9;0213;0dvX;FA18;SZGe;QSYE;6844;Lw6r;A3S8;G1B9;Zyxu;7585;Nnfx;K9zJ;2zHi;dUjr;9388;TcBT;kRIM;tqnU;rItf;2768;BdLr;Wb8r;4qkn;7DO8;3918
5rnD;7ViY;yXzO;7oJv;9036;uYXq;noJ1;dPe1;Zj6r;8744;BFGO;nQqx;p8ih;3Xgi;0639;b9R0;Yy0m;ARnH;Y3nm;2999;hCo1;A5WU;Yr1o;jaLW;8143;hzZI;c5Qy;fwBc;Ql3F;7011
Hz1Z;58OL;1m4n;sW57;6378;Wv6J;9O3j;pXLV;2Po7;9836;9pZv;GhZp;tVXs;TL2X;3565;uUs7;64sE;y7VR;bKbD;8647;5xko;vgWQ;QmKv;ZLM4;5413;X1k3;rYq8;bzqf;hHCp;3023
9YBA;IHWy;YLPt;pnv0;8180;f3CK;PxRx;8XIs;lPf8;7269;etdM;hZtR;zFgP;8Bpy;9276;UTUR;5KSb;kASN;56y3;2260;Cb8s;O7E9;z8wg;Dk2S;1929;UBHg;Nf9t;tY6R;5W71;8381
eck1;kTtr;xj4I;s5Xe;1749;rCt1;kVLv;Wvzx;e37Z;8170;d67b;Zvff;tXdE;PtDx;8886;MboX;sZG9;4HyV;2CiQ;2435;XCKS;hBBW;UBaI;ATSz;4862;ZRyv;Iumn;PxXj;jxgO;0409
E8BI;IFKK;wfZS;W5lu;0175;dlam;oy9O;WFcY;9I60;3129;LN6u;D8Jx;OSnG;1UBx;0866;1T4a;ykRk;j1y8;LSpz;0549;m0O0;nRjt;HVru;drmK;1089;CziI;GZxF;f866;wyFe;3475
QpeF;wG4J;7LfA;AJRS;1956;ymUl;ki20;Y131;Olqm;2818;O1rq;atlz;SNOD;PxSZ;6081;tNmC;5312;5s8H;YaXn;0009;m5l1;Xy7Z;jvWN;1TbX;4648;ubTx;Nnae;SCzi;vOPc;7097
rvhn;foCD;8cjI;wRyZ;8840;ZYcj;DKZ8;RMei;Kcrr;5890;lTMA;aR6Q;WEXb;v0Zj;5845;Vi1L;oIiy;rR9h;aTAV;2690;NISC;IdeB;Fd72;xACu;8752;IrZ5;MHRj;r0Ta;PS2s;5520
k5cV;T5gI;tQaS;mAuq;3363;lkxk;bkEi;dV6b;z9B0;2623;oDsl;3Mco;Ionc;zcc8;8293;SEgz;taNp;53ri;o58a;3509;mL8I;3eVj;IkNM;hQDo;5483;nex1;Bzgd;bn91;KjMM;1133
DCOj;1Y1M;BEWG;C5Bt;5383;iBnU;39hA;uvga;z9nF;5475;8JYV;MIlO;e44F;Dxil;5129;h23A;i47B;nmky;cRAV;0718;5bIj;zocw;8Mll;CJw5;4656;Leb3;03Gh;Wvje;Dzff;5071
d1g3;XTqW;bHlM;zgmr;2694;Un6R;5gBc;rKjc;SUCw;5959;KpqS;Asgk;dT9A;Mznc;1605;9BTK;UD2e;IS1P;8uln;8365;xdGI;gkSl;v5od;8cp1;9608;BSBE;Y9aR;QSCg;2JSg;0641
hYfw;KGEj;CjIK;PE9T;4993;eznz;ey5e;fdxL;f9QF;5175;BSNH;xTHJ;roqd;K3nD;7126;gAIc;rLx3;vNH3;lICt;0265;QO1a;Q3qJ;yS6t;ZA7M;8608;7eNj;Qk5w;Oohi;YakQ;4669
N6tH;UGL1;xsum;IPBB;1996;BlSQ;Rfs5;VwFW;QToD;0008;uWHA;loor;DjVp;yIFx;7128;ZW92;v0pE;G7qO;wyN2;5173;KAXM;KnfU;Z8kc;f6p6;5857;sHRH;w5SM;gx6d;jXsC;6909
77R7;XzPW;j9zT;9K4O;5966;v5X3;IukR;K6vc;uguL;7271;QMD4;G7R0;KxIm;c796;0636;kwfZ;y5gL;1toF;vAkO;9094;9KGP;D6bb;EibC;iUnt;3934;uQMA;KULl;s0M4;SthC;0466
z0GC;WaUS;wgCA;u9r7;4067;n2k0;ex14;1EwM;f8Hn;1908;m30l;XTKn;yO44;RWgX;6496;M6tD;1tR0;bAA6;kJGk;9591;PkxO;2Kmi;kGwZ;6HUD;9576;RBLH;pjyA;3nE7;Gub4;7701
YrYm;Yeo5;0Ka7;y0uN;3113;88Op;2h5R;SZdn;hfPG;9755;sq7v;eZ5K;kDgn;OPuo;4615;Fg6x;425a;3UyU;JNIC;3152;T0pf;NzRh;SvbV;9huS;2403;OemS;EJbM;8h1E;aV6G;0535
ooJo;Tjfq;25BR;s7ra;7511;l19r;FTtL;b78q;c4U0;3333;hRT6;vRfB;g7lk;qIQC;1432;OjcN;Z44Y;uMIS;xZcg;0154;Fh1m;nkoF;w3Dr;jIYc;6601;QTKJ;mmmt;1Hcy;RXZL;3669
ZikS;BvCw;xBGc;lsA7;2180;hMda;awIH;JYbM;mDHi;6761;3lzg;L4ks;1r0Y;2nyS;4959;kZ8d;x95q;2K4X;Hc1A;3605;zqke;skp8;wlJc;OgYJ;8124;mceE;TE8p;gYdv;ZQJF;3090
nQrE;S3ss;siPz;DgGw;0986;zVRc;Ga0W;2S8U;nOwx;7451;nLIU;fTa0;ydfF;HsSo;7419;JWfO;iHsU;Y0VX;enph;0575;urV6;SM8s;0lFi;6b8W;2662;mDgY;HuGn;x9M8;Djar;6079
g0Sv;pb9L;qk6l;7SkM;5642;I68k;IyAi;oxK0;nqGU;4631;CbRz;ap4u;f6DU;rxGJ;2867;ExQ9;9wxW;BdDE;uvH1;1838;j0c3;dBPr;yTbT;XbKe;1163;AD9G;lwu9;BVr7;EAhW;4493
Yeye;Qg9v;FfOy;y3BZ;9602;oLSx;0FvW;AA9J;75o6;7049;WCBj;wQi7;cuOu;t8SV;7762;w2en;tkhW;04Gw;d8hs;4985;Oo83;GUtV;ZJbO;X0Zq;6210;9q8g;1sDX;N3Au;xveH;0103
7Kqy;gTiV;LLhs;lNXC;3020;75bs;m28i;QfDr;4dEC;9656;CSLu;AALb;t1jr;9se4;2171;ZTmm;hd46;3Dli;xt2p;4762;Tlzj;T0M7;Lo11;wiwV;7318;mBgV;iqnj;hqDr;uJ8w;7286
v3bl;hfVI;WxVB;3Kyk;1794;kmj5;69D0;Pmx2;DsAH;9354;3wEs;I84z;nx2n;KubM;1446;D9FS;lQhR;jvzb;WOix;4102;gDv7;EFfo;2tP9;0JaP;8004;i8N7;nlAW;v2mr;f0ti;7569
ttAu;AqpT;4jma;woWT;3719;uBCD;MTV0;j5bB;PtEE;3725;MgKX;acOJ;afZx;ctc8;1082;WRR9;dIvt;byNX;dz3g;2421;ab0A;l21l;M2Tx;3aL4;1889;psSA;2JhR;CECF;D9jA;3131
6hOt;lMQx;Qy6O;tRYA;9827;esLt;4UVm;bfUY;G2Ur;2812;mLjx;WkZ7;utJz;kKbi;6834;Pr7A;l3OX;YZzm;6FTF;4710;7RXh;XLns;UkZn;eHqh;9534;vFko;e2p3;EOcV;sQkx;3031
lS0C;WqJx;n277;QpIL;6927;SK4i;wYbA;yZe6;2YE1;7042;KZZM;meot;GxMj;eLsC;0453;5xFC;ysoi;uAe7;8C1W;1483;oUhk;NTcN;frNt;1Cvl;6851;cFJ1;1vEh;zFS4;mCF2;8873
V1Rg;wXy6;HS4W;SwgX;2571;QfqS;PfHa;7lKy;r0sj;0680;kLyI;A8cj;WqsD;DMCq;7169;N9Re;6VSE;QrcR;ZLg9;3985;srV4;CUyD;ob6V;MBYn;2251;ESrH;7I5P;AlHi;tkZb;4131
GhXC;ihJp;1WwZ;f4Mo;7308;lVIJ;Nveh;zEb4;rhj1;4862;LWTc;wtwO;LOAF;BIrg;0784;edgf;TXOF;cfwE;joFH;0526;j0mh;NurT;q5Zd;wb7L;9512;P6N6;GewM;R6Qz;am23;6581
nP8Z;HkyT;es08;7iOz;4883;S9uw;olc1;ziMi;0zKc;6500;mGv1;nseD;hYEG;M6Ky;4362;3CVd;xvkl;TXQF;ig3W;7274;liIO;boKH;DOrj;b7sn;4051;ZDmt;yfZZ;i2Ww;kVj9;9779
xKVT;eWN3;niui;zq6F;1200;glBE;FjyS;bwu6;K7o1;9102;rvcJ;EqPD;eiFa;c2Oh;4638;jwwU;FPeZ;MAwH;KCNk;9278;svlu;mPMt;G9w2;GYUc;2133;O0gl;N05y;mPor;uIBa;2505
TfpU;nnVI;bkVC;ogh5;8801;Ze9t;slek;Haaq;Fvxb;4570;FAke;IKyG;tXdI;q60z;0344;ldS7;HMyh;dMsp;uzWd;0890;vdyo;teYT;qMby;hFEx;2276;kNGl;Rd0W;chaa;yjVn;8159
Dz32;MXWV;FDKw;nZTf;7081;2BHw;D8qU;uurT;iyBn;5709;MYc8;Gho1;ym9v;pTP6;5389;VTel;EUf5;ps4r;84fv;3247;nmir;vUL7;iFjV;VLX0;9495;lozs;xh8P;lgQR;htH9;6668
ac3h;PWg4;Gocb;OJuy;7448;ViNO;w6D7;GFpl;H46q;6495;gxx6;LnSG;X3xh;kxK2;0586;KNTY;RaIQ;34dP;X6NE;2265;bhbv;xNOp;QIIQ;B62C;3972;5dfq;6vGS;TCrT;GNQx;0552
oD2h;PoLz;NhKM;pzYW;2352;uaD1;tjTc;Fsvm;Cw1m;7921;O2K6;56Jb;mDuB;RCwl;8052;o35t;adiA;8cq8;ZLRM;6959;d6mT;BsuC;sxV8;GK7p;6736;1Lez;uo8A;GhjF;zQOt;2607
uppl;oc6B;supD;yEol;7594;5lMD;zqFc;YPIf;FKJe;5388;hoaU;QLfU;Ss6Q;oLMd;1944;cq7W;3iWQ;20Fm;Y2Ti;3674;XlrN;6msH;HQzj;tacO;9579;46ne;ziec;JQmI;ClPH;8904
IleP;ClAu;g1mu;lVAn;9602;jJlS;YU05;lFWM;OYAa;7913;fKAi;gdiS;X8Na;ASO9;1593;FL20;66HJ;eNpf;2hOH;4881;tuTq;tHAA;UrLO;uFWE;1410;A5ro;p5Sb;R0pK;ASxS;4931
4b7h;xQAt;uXX7;Fh7w;4039;O5l4;XAob;q0Pn;X2wp;9739;BKkw;VSoe;DRQW;2pXd;3058;VFg4;5nHl;TwWx;AgRp;4918;I3Y9;fpVe;yH8I;cRRE;5801;hySf;OxuA;yNGR;U1yI;2766
r05i;coiQ;ljzL;eCy6;6652;YyhL;Ee2D;kK6f;rt87;1766;9a0j;3Mdk;2Hwr;a8C1;7834;tTGN;IfNM;0v3f;I1fi;3849;ID3k;9hHl;kbiD;7y4a;1848;k0xH;gLix;hHp4;uhmt;0235
8Eur;kjB9;zgzN;ZEmu;3067;Bpa3;dFwj;fmn1;H3cU;1456;w7N2;OGtd;5sxS;JXFZ;5736;08dN;ivAZ;gg4q;bmaS;2540;GTBP;AX7w;FNT3;QE3i;3135;JyfY;uarZ;YuAP;7VDG;3228
yBD8;L5hP;ycQu;hkiO;0422;y6Ns;DbHS;zPQA;QgqP;1606;nrHw;NoL0;ggtc;LvKx;8633;oHNU;mKj6;Y65y;V6R9;0742;vOK0;QdEt;YgTO;MZv7;1941;J4ee;B77G;GaVZ;pP9v;7591
FJaC;zSVk;DdX4;ZaZW;4880;9Ejp;yFZK;qSlg;LTqm;6611;rheQ;xGpE;oN9G;bFVn;0939;wHKI;CvPz;0Wot;2qBx;7558;HoTA;sPxm;DP8h;ZhOc;7883;aoQB;QCoG;0nLn;TUbx;0090
jSmq;TghP;pbB6;jQ38;6459;0fUN;lKyt;LLM2;teCW;5804;r9iG;dAH1;8DnE;9bty;6057;7mwE;TBbW;R3Qj;oXzT;1388;Tswn;FIdf;ZGu3;HLl0;7316;y3vc;BLPK;pPS2;sRLk;9133
q1ax;180U;CQZf;3AoM;7885;fa4i;iFFa;z3M4;5FCA;9375;yHkZ;aj67;nPW5;wNV8;3630;Pw9J;W6fZ;DBlO;38br;4702;YvIp;tjHi;5Xd8;ewO8;4740;HkhI;NqGY;cDwo;BlQd;8263
ubRw;HDdp;uf6r;Q86a;2189;MjtJ;b30Y;Vikf;wxvA;7658;yAc4;UNAs;DdT1;89xw;4379;ZjBa;Dzs8;06si;oOXU;1184;UdWK;LQCU;vO3V;HPgm;1924;fQ3s;MzXX;BC7L;g2T7;3494
dj1v;uSeN;twhS;9G1A;2297;A0uU;ZsYQ;ewcR;VKaL;3172;wFdR;KeYI;TTpB;9obp;4965;0Q1W;zzn4;IVzG;oUUz;8047;NKR0;OuME;tFQg;hpGS;1354;IpQc;MGDE;pkN2;5PMQ;9295
YGON;qpbK;DDCg;evmJ;0670;tpMM;5ZNE;5q2l;GWMb;0446;5SP4;FlWd;QufH;5yjL;6370;w6JY;G4L1;cyBX;uKFp;4166;a1fc;gs2H;Ig8O;4ETU;8025;0Qcp;rsZc;EaE9;Bu2L;2854
8hko;7v5L;S83v;KciI;2461;XWfL;4sga;hAMY;FPY8;7959;xuo3;d9Q6;PkRC;cP71;5637;39hp;eP3s;NW0u;9JuQ;0270;WZ5F;6Kyh;beRS;oajJ;0562;PwTQ;Oj7e;Pos9;FzR1;3348
KszN;JIro;6pZR;hBQR;5292;ZtaI;7Pi0;4gFJ;cuTX;5883;kTzm;5qCc;lHuE;cUf8;6837;upJD;uFqv;VYlK;eUc9;3165;WnQp;OMRj;w2Mk;MUeo;4085;esWc;pH6P;FG4u;kIYv;6694
nuq1;IT1q;YF7q;5Puh;8829;IRaI;i2Oq;OI7C;78Il;6911;TbiP;j2a2;vGBE;K9AH;1760;jOoi;m07U;bpLr;05h6;1944;bMwZ;J5hu;i0Pd;1Xtd;8534;nuEB;AXXS;GF41;TEie;9007
ZtPR;Kb9f;pUfQ;xRYK;1211;qw7u;mvql;lHz9;Q4MU;3760;0MQn;QlU8;pn7K;sC55;6233;UQIN;wvLb;KH8f;yqaX;7789;mVjP;kCvh;24eo;VPnL;1499;RBVe;5qqX;7ZkP;gp7A;6244
8ADT;kld0;oczR;gfDh;5939;ag1T;L0fq;J7JP;NkEZ;9945;APNI;nzSZ;a2Ny;xzPO;4882;txt6;5v9J;VmwD;DDG4;7933;nVxD;bB3k;Cqrd;GboA;3833;uzoX;RZFc;m9Du;KN3l;8629
KMrZ;mCgW;j1XY;oZpC;0246;60U0;eMwO;TRm7;IeGq;7974;HpZT;9cUj;W7Vr;5935;8866;m3G6;Dg1K;K1aQ;RCNG;4652;sSQv;1AIZ;UhV3;xDXN;0687;Rdd0;2Gf1;mXKP;3rGU;3493
FLGc;SzY3;flGM;c7uY;6270;jgEX;VXOX;f0cN;vcL4;4249;FygE;tDiQ;3gn1;e6SW;8565;aJ6B;DMNB;4uxj;7n3l;7643;gtyN;y7P4;Oh3Z;yJ0A;7055;WiYg;J0De;Xpn0;Bt9p;0351
UpIe;MjHs;phQ5;WVHt;3750;F0zO;oaV5;axH5;IBQC;4195;WMOI;1T9n;TSut;cyId;6807;155A;6buq;zpUA;rVT9;8516;VtIB;MMI3;SO4S;3VsH;4201;LMlZ;kZFc;iTXG;ahCy;3140
kZYE;droI;1eoF;VYXG;0732;4VjD;XnP2;ZXVI;iyWp;6794;0qgf;6tQG;L3QO;4yNZ;7721;8YPX;r5g0;bobe;qd99;9055;kmx2;Wm7A;Pa2N;NOw4;4015;W2vk;YBZT;4Mmo;Im9z;7116
pnwF;tBBj;hK2s;rh8j;6415;JHV4;qDoR;x1PH;FEsv;2751;utRj;ZLDV;4MJZ;FU5p;1932;h5qF;n3l5;E3uw;Lbdn;9889;HRfA;sIlo;0YQ1;oWqh;7223;GL07;2BxD;S1Jq;Ffbn;6341
mkUj;fRir;1bx1;YGuK;8214;XBlB;kTYh;fZpg;luGH;7907;GOUr;Ufbs;Won5;2MNQ;7614;VPMK;2V9B;sJdN;VFAD;5952;Q2LL;Cbf7;JewZ;5Qo6;2319;dIIO;2A47;byZs;fK5u;1250
7OeS;gZnE;utCI;3ZWB;4895;qBs8;u2Pz;FhQF;AxPr;7073;w5tE;rNOs;ys1F;mmVn;8288;Ax3m;j6Wj;8GLn;wKAv;9667;8Sna;BQ3L;W6fm;bzmK;1661;0ZI7;kciE;XtuV;zqGe;5147
W6gY;nPx5;boJS;o83H;1111;NH03;pGME;MiEx;PPhx;7463;44YS;kSiz;Ey7O;OJz6;2164;QYMa;oe8o;oo59;824y;6796;Msxa;o5hQ;ElLL;lpY8;3868;2r5I;4kfd;V4S4;kxqs;0840
Q1eH;lxHN;AE6x;rN3f;2880;dGmv;GdDW;NvN2;zoNz;7063;kXXu;jvqK;ncfu;EzhV;6593;00E1;Fqt1;bC5g;sFRa;7654;DpZl;mF0s;wKLY;LWpv;7859;XZ1R;Op30;Vg1N;FHYh;2239
V0Ro;GoMf;zQwJ;hkUy;1169;5keP;Sg5F;RcBF;OcqT;2720;nFnw;RTq0;OdDV;78YL;0876;vccL;EOzR;wIR7;IgDc;6729;kPn4;tluG;frSJ;xJ87;7592;vAaJ;oImS;ne5k;4iqE;8424
eoHo;tCpz;QgA6;DDhO;6483;4eFb;GsxP;kMOc;P1Ns;1037;CBaV;h918;biHf;fXQz;3879;RLQU;w1Xu;cIDY;HYaN;8297;FGNq;Jkmy;5GIX;Y4he;8228;t7ns;GWdL;SlYB;2hwl;5665
Vvlj;J6XZ;c685;EWN1;7123;IDjw;SaMW;WL86;mpNX;3978;m8CS;8HH1;EIY9;h3eN;3505;UqMj;AX6d;2ot8;SbbM;5811;JRXg;bayD;Avje;WWOw;2781;FItX;OfmF;V6mT;t2Hf;7624
f3pS;dwSG;r2c3;gbLa;8067;jorO;eH7h;Fhjt;3XBd;8546;zqQn;PlvP;c7Y8;pZQO;4573;ww2b;sTbL;ixOc;faPQ;7798;CZUV;JpOB;kdTH;UZvb;0999;C1sp;Bgcj;Y3F0;XXMr;9951
oz3C;E9j4;l3Rz;bold;4966;P658;jfsu;WJtA;JYWn;0766;CnKH;ci6a;FZ8p;8XCw;6877;Vd26;5Ezf;kSFK;rTHU;8857;vmyR;Ju3h;g7st;ynTC;4875;dgsy;R3SL;V6YO;jCFF;9103
5G12;o3fa;3ADG;79ro;4562;niv0;cAjJ;rTXI;AioX;8378;jIX5;K2JI;vklc;p8ZL;9454;Nqmc;VHfl;ohG4;1l01;9398;ySG4;oeqk;mAr5;YkEB;7275;Kpae;wlcD;tnpj;cKNN;2398
Duz3;igXf;b8ze;A1NU;1551;vdVW;7UDH;kEtt;1ApE;2525;ZeRS;GEGo;Xn7W;Olke;8522;iqG6;8qAZ;jjfT;uCeS;4121;UqGi;oJBX;ffq5;JOyp;9095;RaTE;N1n7;fZgW;giOv;5146
lmHA;zJUr;tFzw;rPXg;4328;FMpe;OstG;j3Gk;e8DP;2912;0L68;4T60;w2dP;gwGA;7017;Omzl;rj7U;9B4m;3v0p;3778;FrPE;ApFX;4JWk;RQSJ;5624;9CtB;m4FJ;n2YI;Cilg;3770
nfqu;on9J;Nx2p;2MR0;7006;zt28;Y6yj;khoD;ArmZ;3403;jr8v;Mz1h;9G3v;agbg;2812;Uxgt;BbFS;r4C2;uw7Z;6549;ktUq;JdRx;3G4u;nGXS;5396;ttRq;Ma9Y;WYdb;uGuj;8501
5ccy;Ioos;0bIl;JhUE;5372;jDtX;sABk;5wsc;VdeP;7235;Dvui;pNY0;iScO;DGCr;4894;hEB1;v3kw;yV3P;CAJZ;4889;wYjw;OTf4;JhF4;SKV1;0330;2zug;MdND;IJti;wHzj;1680
6qKF;8Fso;zwNq;ZQOX;6552;Kab0;1hWe;XwBH;cGtJ;2431;P5y1;svoC;ztN1;5ZVF;6842;Wj6t;G2fG;96CN;5M9l;6633;8eBv;eA5N;zWbv;cA1C;2988;35Ys;LNYM;JGlm;L3jN;9536
g1RY;hD7N;gS4D;qeKC;8587;Cd4v;ec2L;VZoP;YP72;0187;G55t;KRSk;mQW4;7Ont;5079;Xa2J;Rt9s;FzPi;Zt4C;9861;SFga;aDRu;xg5g;sipw;9303;C4AI;wnmz;0orr;vXdL;3279
Pcss;r5kE;80w2;8a5x;2257;SCrw;FYnw;uVkX;S8hU;6087;8sav;sCco;Gl5d;1fOk;3709;8Ns9;Eiil;KRhB;RBxb;9017;HlwL;R4qK;C1VO;Ffly;3924;xwoz;643F;B1gh;fNeG;3534
ctwP;9ORG;eKfR;jNBN;9653;Jrwh;cu6V;4QUj;R4Pf;1042;oleb;f41o;5urc;30Sz;9305;6UCo;XN56;inbu;Rl0E;8536;JhMa;BP0Y;d1ew;8kIs;2780;dgrH;JPvr;Vid4;dv2p;0959
PMxz;ZEfg;QF8M;cbRV;5882;ug1L;hy7Z;XVKE;HEP9;5388;z6t9;XJGc;Nf9i;j2fB;7896;Foeb;1U8H;wfle;EwqK;1336;7GZ8;HI54;84gN;Kam0;1258;87Ru;4pnx;fDCY;kwUU;3773
ALrR;g9F0;eQUF;X6vj;7026;gK0c;vtMG;gFvQ;CvJr;1748;u0UF;qCpe;7hXV;ptEm;5279;iWDe;mKgf;dVnF;iuca;2966;yAaa;cvu9;umOS;JtSM;2385;c3HX;hcgt;xlvM;dQF1;5704
1hK7;2zMX;BFHx;TLUJ;2409;lyFh;wS2L;V7e7;jHXP;1265;ojv8;yTto;bkeL;Lu3p;5149;NQ0W;qfTO;wiBO;nJCa;0780;Vpxi;EXBn;BIXV;oh62;8558;HTtF;wbKi;zz2J;raXx;5792
qprU;w4J7;AIat;UB0u;1846;luF2;Fkkz;A0iT;7jSs;1528;oenl;2sOD;s2GJ;Z0S8;3988;XG3z;FX3L;2ep3;3rks;4653;O9U3;ILII;mQXj;yizK;3608;v10R;MSon;g1lY;Py7K;8334
9jVb;9UOD;KViA;Kp6q;0197;qskq;OgVx;t7Lo;by6o;0344;8GpG;rYlB;hxmR;YTCo;7263;0OS5;NNWN;4weQ;DoIB;1781;qFCD;CEoE;Alvz;pCHd;0032;qbCH;6dZU;fwfN;6Nth;0278
0qsY;PYVU;asXB;753b;3220;WKi8;20q1;WLIB;cuGt;1389;ua4s;bksS;HtuO;fjiB;3138;Y2FU;RrHR;QpTK;KFMq;8064;TQRj;5KJd;q1Y0;oalg;8145;IovT;ZGr8;d0SL;pinX;8582
tj23;s8Um;QUvr;ghA6;7051;iPw8;J0Ak;0noI;vzyJ;5898;lFxm;g2VJ;KAiI;qhdy;5695;5jH1;F5SY;rcGi;UQ93;3431;Fs51;gW9D;Z5Yb;NTlG;2878;U4tU;IKIm;HY8B;cA3R;3802
rhVf;kwAG;1TQd;IWBl;8975;FSoM;pvMl;nS1M;TIca;0169;1sqq;Ha7H;TVsM;KAYH;9144;w2an;QrYe;Zx0o;giJ7;0638;5Vvn;vNfI;ic4O;bd1w;1933;ow6O;AD7S;SAxx;cLNg;0975
3uRo;XCie;4aDX;xxMz;9575;XzJ0;Mnyv;kj3w;ET9V;3568;lpDg;2Lx7;d4dN;Kdkb;7836;reB7;S2VG;iGE1;6AEI;4588;vJoc;eYGU;9O6c;q9gH;8960;oXWA;wHtf;p0hD;PdeU;8512
CO4I;ULEt;y0y9;KqaM;4362;t74Z;zZhb;f7rV;YAq5;8174;1Frp;hjB9;umWq;cyaI;7029;zEPD;MnsJ;hd6q;A6Cu;3269;c2Tl;VPZs;VYx3;eE5a;0758;Z39W;vxol;8ev3;I652;7149
N4M8;aa5Y;bNl1;lTvQ;4995;XTb5;qj87;7smn;nGaN;2730;d0EF;6tRG;S31s;TdJs;6897;7Ndk;p0y8;cnFr;xwHu;8985;mz1I;5aeq;PyeR;xvHs;4107;EhFr;Db7N;4G5X;w89h;0308
LoMz;kTDB;jsaO;BTk3;5275;EZ7y;sHFu;pAt0;0J3t;8965;WD9t;SiuL;MPxt;4dFa;8571;dobM;AyiL;eVuu;WBDi;4193;NjYn;YRJW;XV4P;ctGc;0840;Y12i;Ym4l;GGdC;IwLB;7470
8nOW;DOSG;NiL2;8DH0;5695;3rgX;LmNk;HOJi;4W4a;2298;JsnE;EbLs;qdMN;Z2CB;6870;82fe;BFUK;Bh2b;n4Sd;9097;rsk1;Sh3x;c4TW;nwVf;7150;XO0q;xLXY;ZRgS;RYxM;5050
K8eb;YTDn;Gujc;OeBm;4382;0XdG;DJQc;s8nt;xR3v;1096;dA8i;t1pw;mqNO;eCrB;5969;EUze;iBI3;6IPr;koSy;9190;dyCJ;Shen;NQ9L;xNs2;6232;pkBp;sPiC;pHEG;RwsK;1480
9lBp;dLfE;uzfr;fgW9;0377;hFHd;fZfZ;MEIa;pomw;6418;FXsI;GqFM;0tk1;7QnO;9787;0YBk;bTVR;uP4O;AhGs;7060;1N4F;93Bu;rc54;Py3c;2833;YxeA;5f4v;3LCW;uHVJ;0391
ME4I;Jke0;eOom;ZnWW;6931;5sio;KiQB;pw5Z;03CA;5769;DZno;UXOu;5Lvy;dOr4;2645;8xpG;APnl;qpGB;a7KU;1415;ge5m;POWz;3EU4;1omF;7728;E2Jt;yqRZ;5DMg;eueI;5297
p9hF;vZ4m;20Km;nAHc;5236;ynpC;fJE7;pUhO;o2YN;8435;bsDy;cLTX;7gd6;aL2L;0155;L5Dw;f1nW;C4Mf;ll5B;3782;ssnB;ZyrX;GzZl;tYQu;3084;17z4;BVTw;3yFZ;W0fu;7865
Egeo;SFhe;Odgh;xJgK;6496;thnN;F73E;knMi;QZlx;2273;0FY5;Shzi;zk0P;Z6au;9701;qjiM;LcdM;Z57R;Hza7;8576;KKJm;1mRQ;bsV6;TzZV;5865;6ERt;LNZm;u4Zx;F53R;3688
7zFp;trgL;Y0Dv;VmPF;4417;uq97;lr8A;0GqB;m3WW;6985;guLI;Z1Vi;HQQf;0k2f;7914;zFz8;IESW;Tz1l;pQp9;4562;DGk5;QkT7;4Dba;vOGf;2925;Qu5s;kAny;hjue;Or7u;7347
XSQM;frXn;5qNe;Surm;7398;Mixk;9Jwa;zWgE;gifL;7460;UrR4;0dpu;ziU6;bA4P;3848;UG6p;Aigk;08yC;jJrx;3438;1ytM;hIHf;o6Wn;RAIS;7997;EURm;03vk;kJjP;rGA7;9827
MFq0;KnHh;3SxT;3vjr;8818;Ij3b;8fb5;AdIS;Um3Q;2121;BUOb;Tqmk;cTQr;XWSu;7057;tWEd;ewlO;oh9Z;rHa6;2470;23QO;bhKv;LQUp;TVCU;3491;x6cA;o1ja;BkZh;ywcp;5403
bC2P;tgxt;XXRy;BlRi;4576;NXiK;9IAm;vZJg;DLjB;6724;9SfH;d2CE;FJq9;edGp;1153;bXp1;1m1G;1rBK;emk6;5013;jVlF;WxwN;yy1W;AePK;7236;rbdC;uLza;jWLs;dihn;8287
Dp7b;4kLa;6kao;uE24;9845;jSFD;vMVu;4Jqk;J6F3;1896;ICCS;3hAx;P8IK;gnG3;6237;CeaR;qG1q;ntWg;naFA;3111;3EuE;F6GX;xWya;0KRs;6082;s7QZ;Mf3x;AKWK;JOcc;9554
vf9E;5P8g;aege;MC6A;6794;A6JE;TPex;xQPi;GuY1;8698;Q39u;NmZ8;7f4Y;Qk57;4116;HCwR;AujW;caVZ;IM9c;9783;913J;ice1;Jmn8;7hNR;0986;xI2f;VbBp;c8OR;xXS5;2931
XU92;qUwW;6BOe;msYz;2026;YhFl;K6NF;8gO7;nxR1;2317;r7nh;zz47;XW83;i8QJ;4088;miHx;0m91;rpS2;y34s;3677;BlB3;kbk7;M2Zw;jBwK;2432;aZMZ;AAVn;UJmh;AVEq;6438
ZART;z8q1;mKcy;rupZ;4846;ZZ8f;djVm;cMcO;YzMq;1524;jFA4;jnIG;BCnH;ivvd;0383;Psir;c7rY;V0Qc;OT93;6105;FpH4;BjND;AK4u;0jLQ;8323;Ht83;XEpM;yNy5;B82t;8295
jDY1;rlBA;QCuL;UAvm;5374;YosF;0qP9;HHcI;MZvz;8330;IF8V;gT2t;jD5w;ZOYF;7234;SvDh;7oHw;76gy;z4cd;9815;fLim;zAwl;Fvpd;v9MZ;0309;tUjR;7M81;PXF3;bhPg;8204
l8Ii;Syc9;OlhL;l35p;6567;GRmk;NL62;9Qxl;Rk1o;8729;1arL;cMna;NALG;065o;8704;RU6r;tpJk;f7Xt;eHeu;9963;cqLB;TCe6;aUr2;RQmi;0073;JasE;jbcZ;ky9X;NSvw;1340
0YDW;BpwD;8UCU;wlg6;3851;cBZk;yrH1;HkS4;2hIg;9217;TzSK;WzvH;cnmM;iVpJ;0571;Fc6K;4pKt;YqLL;Ysaf;4964;Kp60;idyJ;oEhX;53u0;4833;frG6;L6a1;5VWQ;Oiik;6958
mbjY;FKjt;OjVU;LgrP;2038;7QTx;KnWv;VbmQ;oP6f;7168;NqIW;zy57;ys2O;g2me;1995;MBv6;GjqL;iFgE;ReP1;5293;FUL2;YfYq;v8cC;zJcQ;6345;816n;3JVR;c9dP;zcOC;1433
XCvc;YS1j;vDV8;ioEF;1344;bBwf;5zH6;l2qb;ITGp;9999;4SBB;OUPR;OoXE;zBra;5112;HAWn;BKmW;oKWq;uS6Q;9473;Pnjt;9w0N;WyUI;zQzZ;0978;NBLj;ecJs;p0ir;v3nE;6886
L0Q8;fBw6;u1UN;l6zp;5963;VDMk;LNxq;BBKg;TlQo;3513;AHyW;6sFo;iOEr;NdJd;7244;NbjD;Zi3Y;tt7O;OPZq;8691;N92Y;0FI8;Svjp;36wZ;1752;sPZB;n7w2;1gIe;4wmj;8482
jld8;kZaH;TeXv;iSnL;5778;a8GR;oktt;YhH5;NXOP;0917;nydk;E6UY;Fg8S;ghtB;8227;8htg;k0Z6;oO2Q;LH9C;6952;nEQY;ig9A;GeTh;Wzi4;2970;rKV8;oq9B;DTz0;EEyP;3778
h1BN;pJdt;03Le;1uSX;8941;1PNR;bxhi;z3U0;ypYv;1439;Osyb;KZ0D;CFcs;G4GN;5988;T3ut;uQfB;I57I;7HWw;5752;bopE;bqlP;29Dt;g0es;2264;dEiN;4wBI;PKRS;Qq0q;8506
n1gG;dKNd;U1vK;0EaR;2461;zWZm;DhJv;eNSk;NZ59;6412;iGqW;DBsK;9bWu;oXNC;8976;dj8X;Q22Z;MPFq;Mbli;1696;U6Da;8Gxp;nJwc;qE2L;8062;d0iS;Mrax;QMaF;M9FF;9931
WE36;BHHB;Dp7J;Uqpy;0236;jerO;hLu7;vBUE;lX1h;2099;VRII;SvPB;8TWw;Opyw;2602;iE0N;LFxK;gNlZ;nsfP;8383;yiQM;tbWC;zzjA;Hvyt;9031;pOfv;CrZk;n95p;P51l;2765
YClg;qxS2;uPDK;hxn1;0973;T7qb;Dv3A;sq97;om8U;6361;akdK;Alcv;ps8r;Wi44;2808;Q9sx;Z1tv;mfzV;VIDT;2765;FdMI;xIII;EHiT;xs1A;1907;GtXB;CPXx;slB6;bsJX;7108
3hGG;JSdy;yLHF;nkbp;8860;J2uF;eMF5;hQrF;JUOS;1174;nysB;EQG7;TQg6;3YzA;2512;yvHB;DWRp;Nt1l;tf5g;2071;dOHj;KHBT;27m3;taQv;8548;HAST;RJOZ;vUp9;C8Ql;3112
m52u;Nfgc;hEyk;LpCU;3643;bK90;3DXZ;iRlk;lOXQ;6487;TcFh;nEhv;biy3;YmBG;1437;LAOK;TUyo;CdRo;3WKq;8252;XLAX;qZFR;ew3Q;eJ4q;2230;PPp5;nMfQ;dxH7;MzT9;9685
nmbI;aOTM;dIVu;1nkG;1415;Pehd;V8u9;ArW1;VTB0;5664;aAoc;ZYYW;UwJ3;Xlkk;5114;5sf9;XJlK;jraN;Ahr9;6525;jNdk;G6nu;W6UL;sUX2;7395;UMR4;gAOx;3rYi;bFGK;0611
66tq;XjYr;C5TG;27ci;8681;G4Ru;Kkpy;0DDQ;EJuV;3404;HJHy;jpkL;C1gT;X8b5;0563;meWa;89xU;EKJk;ZbRY;3459;l7yu;CDbk;hhhk;hKYI;5640;Gy5N;xOIX;Dxcw;dGUF;9047
GdeY;7Zen;GX2a;dTly;2761;NWdU;SRTc;IsZe;AppJ;0383;Df3S;cAoN;9RwD;u6Wq;6492;1SeG;5ZTq;9bZ0;uChM;3028;DG4b;qgfG;3aYB;Svkl;1276;OZkG;CzCJ;ybxy;ixrU;5522
8ewV;NJX4;GSMk;zzTn;5018;1KBz;ulRY;fJPv;IgAi;2934;ubhM;O3IN;5iG7;2sDz;7972;IHn9;BMWt;Ci3i;ixGW;7809;02bd;m8by;ZENp;0Haz;9229;Vv4z;bPnP;ng7B;Fq97;9192
HVhD;XRzV;WnLc;LEdK;4853;xHzu;iElg;cooI;gQTh;1788;U6g6;pWp4;kvpf;wO03;8081;l34Z;UIj5;JBqU;055E;8137;3wLT;OmfX;X9gV;6Tft;9088;ip9n;dRgL;YKu4;hKjy;6779
OJDa;aEHl;3VDp;JU9Z;0200;Bpwn;U5fK;slX2;OF8L;9596;IQAn;rIT9;UxQp;j5pG;0948;qXJ0;2HYV;ROr0;MgCH;8756;9vK2;nEDo;DxmD;X0Ua;4630;NVg4;9hBl;AYhR;MgCu;0062
n4XW;AIKz;Xpeu;nNTD;5103;SGU8;AmNk;ZABl;baJw;3410;M5ML;sFNE;T9ax;JUSF;3901;YgJR;8Wfs;ywxB;MmyL;0978;DrqD;CsBV;DM9K;KNbl;9495;RKJf;RFHj;73SR;CiQy;4495
9g3g;btF1;Nkco;Vurg;1174;3KWZ;yqE8;r4Fd;aB6y;9099;wmab;cnDV;WGJk;rfmz;8517;ET9B;GifM;6w0U;Ld6A;1132;BZBu;9Xjk;iFlz;1Tdi;4113;XCWq;joV1;3JYN;zyjg;9145
Djmb;P9K4;BNCD;laG2;0641;H7GZ;dhYH;N39M;zDtv;4055;nqkr;dnFj;6nC5;AeO4;3864;2mrf;8vXD;XVdp;eDKx;5251;FqKJ;hMOr;kIPO;pUAC;7753;Vfoh;tsLY;PZXr;tdXw;4920
OqdJ;ctgI;BEwk;ErBt;7546;CmL3;HaNT;JaAa;5xfp;5624;Vtnp;z5sU;9PtE;wzFe;3825;dRyv;9VC7;c4S9;Z4p8;7918;tarE;OF9G;VEpT;RP1u;8988;Oj1x;SYzZ;kwpm;4vOX;9007
z6Z4;80bF;DqKU;Eq7Z;6916;xL7I;BODy;kRSV;Kjne;2231;FnAZ;tWYe;iyHC;eyUr;9898;vysn;FQcJ;XnhU;IYZO;8112;hNcn;j9Nw;mMmW;bs3O;5240;xOxV;jspE;CE1s;UU2j;7937
vpJv;UFBm;MYaQ;Bbd9;4691;j2Ol;aBTd;u3tm;AXjV;0199;bk2a;PnVL;2gvc;6iQf;7802;F3BP;UIcL;C7KQ;DBuA;7959;fhdX;V5jM;ybLN;mvyT;8936;b8xv;zI0P;hUgm;q4gn;5402
oSLY;sfLI;aFB6;Ugkx;0301;vdui;aaPv;Y2aC;pahs;6722;J5b9;ll4a;qnHU;oyBW;7860;NvZ5;CWk0;aErz;2Eiq;6372;GUca;4fEh;OYXC;a9Qk;9397;Uoid;aPly;tNpv;5nav;4533
JDRL;kh3G;2CIp;dMA1;9229;msSQ;fW5G;uagk;TMBc;8549;c8O4;FHW3;r7s7;7rs2;0420;McB4;uCO5;Rpm0;s7qW;4536;OLvv;V9lA;gxdh;ykR7;3838;fnlZ;5HhY;JPvx;fIiX;5923
a1xJ;cfFi;l4FA;NH0H;5523;fluR;TDrr;Lmk9;9Jvm;9103;XRU8;k9Q9;fKkQ;k2Xs;8433;Ks7W;PjIV;8fVK;OI9y;7383;QO3l;Jil2;UpJw;evGE;0528;x8v8;z2dt;pPqA;AieU;4465
9Zma;4neD;PXaw;bdrV;8260;q5ps;Kzsf;iH5j;XN82;1418;CgtM;PORl;aQix;JcQH;2916;ba9s;ZyAM;L5Ze;WXnd;8933;FsTC;1GOo;8Jqc;Ppdy;2045;pqca;LbDl;GP8M;grWX;5179
7fTC;Xp3i;i2VG;THmV;7127;VvA0;xKba;S0QB;IIew;9376;LqQy;Z6O6;GV1F;CQTL;1941;u6zB;ouLh;b6V0;BIz9;2212;KMw0;lUDy;MwLe;qgZF;9218;dr4L;44v7;XwHo;3ANs;7410
qset;22NU;841D;uVLQ;4863;Jz8u;WvBw;M4JT;m0ZH;0069;tsSe;T8Hb;4s3E;St1z;7243;okRV;ozrU;sckb;LwGn;1985;tkIw;bucQ;qMVp;5Yx7;6543;oJA9;nygy;PTnf;Q9Ux;3517
0qew;tiI1;MrhD;qbX2;7925;tIuL;itJn;Y7BH;L9pP;3133;aXzE;jJ7C;og3n;CJvP;1346;LuVT;JEwr;WSD2;E9Xz;3445;IazF;z8D0;kdQL;ZaId;1653;JnNe;14jn;YK5w;pyaO;0636
8L6Y;gDRE;qYdG;z2DY;9059;xliJ;WWbT;5a12;6YYc;6867;7Gwq;gGVk;sOvP;T3Tq;9848;zbaG;JrtJ;OAcl;VH2F;5122;vFs2;ZNxm;JlLb;nGFn;6641;lRRx;1Tvu;CYS6;vYWt;0209
mSNy;UNzh;d1TQ;o8kQ;5930;vfCL;woYa;vJcZ;sFON;5650;KMWH;elPz;YwXO;o9pJ;3353;GSPL;oMwg;uC4w;VWLO;5049;zVLb;VjwS;nO6W;CI8n;1290;Eou8;9Qk5;3chZ;A8Bh;5110
n8I8;KkQu;fsdp;KZZ0;9721;oB13;eBMI;cYkp;pZAq;8469;iL9k;2lEW;jGwo;dlOO;3853;9nvr;VlCO;MwIe;JEr8;5422;mfnY;vlHO;hQ3M;LGXt;9913;6LMp;LGBO;9ioW;LGs5;5970
hrbx;Ka7s;qbQ9;1bFd;0908;IKSf;ySlB;JvC0;wCls;5734;slBJ;36FK;xF57;xOpQ;1835;pMRr;00cw;iL9x;Ic00;1918;sOvg;8sor;m9uo;1yJC;2853;3uRT;3Vbc;luVf;zkPZ;9125
SJrQ;nzeG;V5Ya;PavI;2652;IIKF;gsuw;NpaE;6pSZ;0018;wxNb;EO0E;IAXr;xlR5;5907;uhUo;BWUE;jWsG;Jiex;2716;E6ys;nPVP;uuMH;Uex5;6381;9WQE;QGpT;qfGY;jrZ9;7670
Uzt3;sqSQ;LM2e;gs8T;0695;YAMm;bBkO;qY0W;kVMD;0333;oBjc;7eYw;ZVut;7wtL;2870;6HtA;qSNS;9haU;LGwb;8721;dZ88;8s79;UdOd;Db6N;8241;opKL;FLOF;3kpY;s6Ru;0071
jsUv;most;enB6;aVWa;3162;agrx;N87e;P9tv;lx7V;6542;gW1R;IY8d;C66G;7wHV;2131;rpsp;N3Zh;nkFQ;C4NH;0622;KF4C;lRs8;fwHe;kJjf;1875;F1hr;H2Dg;ajIr;SPVS;3850
l1y0;lVcR;Z0q7;xQqn;3740;WKm9;AMTW;0a2O;JjAJ;7633;xBJx;2f2R;P9WI;4pZs;1210;QNkI;vJa1;FeRf;yq3b;5148;9BJZ;gSA3;Lb9Z;SNSQ;8622;J93g;vayb;XLHx;KTND;7443
l6lp;hyk9;641h;AYzN;8858;TTRK;0Eor;BJEI;VaOy;7465;wB8p;WGpL;4GJ2;9vGU;9429;5KDn;jKzS;LKQZ;IPcu;9680;fUJv;g7Nb;dEnn;3ZgP;0426;OMQt;rwEm;YF62;Uecd;1548
iqlv;ly1p;MMli;Zvso;3620;nUEG;z39U;Qp81;nkP6;4832;WurX;gzLI;WJrG;evJ8;8865;U5vL;ZVIq;BdEu;jXKd;9368;MTJJ;ITsg;0O69;jbB7;4439;8wTJ;9SIm;zIWE;ln0H;5804
rnSH;jlgs;HUCd;FgIt;1161;i8V9;uzE8;NXJK;2FZo;8931;UqnA;X8Rx;uwsS;pxmD;7233;P9LJ;w3fQ;FvRf;Tbjv;8000;gPOR;v4H6;c6zi;vSnS;3023;xSv0;tBy9;z0jC;qf00;0928
wMWo;5mmd;RgtM;WldE;2991;chrH;EpUe;TAuy;825Y;0724;djXM;pqSv;zxx3;mQKE;8807;rufP;8vVB;Ju78;zfCp;7493;7aXW;hlig;SAgL;B20P;9802;nwWu;c1bX;5VhV;m6EZ;3936
7tqM;4d1t;YnbD;tEXH;5774;gXGE;jyOn;Oa5Z;AgNh;0182;vIFS;Eu5D;qrnq;HhRp;6817;kRMT;8ffw;rddo;O4LY;9739;8crs;NcCx;m5eB;ivnk;7435;9wLf;vwaN;MRB8;tiTJ;9011
8R5z;qBAZ;IMUt;vMjf;9173;yPwX;GX2o;XYlP;OCB4;6057;A1vY;kZDt;va8H;4Iwk;1126;ZBgM;w0gd;Z2q2;jtoR;4292;MU0w;Ap5z;t6Ld;bwKb;1567;6zmJ;7fMo;iMgK;Ah9S;1532
27dd;q9GV;jjwW;tjvb;6980;rdP8;UqeS;1RON;Y3fk;7500;6B8c;5BpW;wevh;0ROc;1353;2z3y;R8qb;t6t8;MTZC;4118;xvho;WEzQ;CXZ3;tdG7;7781;pnoe;h9TI;453O;QxSV;6682
ONmQ;L8wd;RNxK;xBDx;8114;uaGG;UIpW;zRBp;Wnhs;8311;JSJv;wGjV;xRZn;EUZ8;3937;XmwE;sD29;3woK;BP3b;2373;IkNb;NP1s;nlSu;Dgpu;7126;fviE;AfrE;G5Lt;dyIB;9091
YdLR;wkYJ;zcI1;h9xx;9432;c60x;Pg0L;tG2H;M0kZ;4334;bwBn;uaAK;DMNG;tyyF;9823;VljL;wY8j;mrau;EmK6;8763;DYBC;HGIL;OHTy;HIk7;9379;lkQC;lfyv;6DHA;YwWz;5260
xbCq;fFGF;jYey;7wGV;4753;9g6L;ffZm;btzd;QS6z;9718;AWnf;01fU;j7g4;i4TF;7005;Y8iS;aNX9;CGEk;HYOD;8480;3LXB;35eM;ZxUH;2ya6;5572;n1ji;R9HJ;tmhJ;hRgk;5862
Ej3J;ZZcI;BNRf;oRo9;3159;F8hM;sZJs;Jifm;6L7z;7364;LYVq;jzSj;isA1;HcdD;2660;jE7d;yMCG;BgGJ;v2nY;1104;3RrN;FvGA;NwLX;wNs8;0393;MqO4;z4D8;OQOh;qH0q;8835
Gb2u;buyK;zXwN;q3QV;8316;MmGo;Ff9X;mETy;RPQu;0013;qk4c;7Pax;uDXz;2lH1;5218;NK0j;mf6I;qpaV;Zq3X;5334;Iimj;sUFV;T7IJ;9Q5M;4340;Sb1C;nMtT;FV2H;JEmF;3532
Yriv;7c4f;qKV5;HCEj;7344;nvm0;GYII;DTDY;AqgG;6874;iKmY;EeDj;PxDg;mB2p;0848;2Pe1;xijX;SiMH;DsyE;7657;CVyO;audZ;SsTo;1Ops;0931;brO9;AYaZ;Amub;HHb2;0858
o5p3;rqTs;KjWy;alLN;1750;ATGX;6Qcn;s2G2;Xa3D;5303;fZnm;Wuo7;oDEJ;iK4C;3622;kLz7;AXyP;YieS;Ney4;1526;SPqe;15CJ;XDyC;xwt6;9289;j8mL;Fk4f;EJgH;Cmi7;8043
swUT;yGRE;5nHc;5jWG;1117;Vdkl;tfGa;aX95;u0xk;0073;UbOJ;DwPW;6N3y;sPoI;1024;kuuq;OfyJ;hdjC;AzxM;0197;CFms;UQaG;9KQc;3Y69;4863;MQAC;QaAI;kZ4B;kJZT;0974
ykjW;o15c;pmve;9HTn;9984;UK2i;H2uI;IXiR;cUSe;4661;ebeM;X9gu;gVoN;Mp15;7699;0ZHb;YhwD;wvDv;HtNu;7379;ibos;2mt2;qS2a;zMYs;0258;oxX1;C943;W1ek;WiC2;8565
dLiq;OShO;J5Ss;zw5g;8698;2iBO;86AY;LIve;yzqu;1618;n91n;mRTt;t6MK;BP53;0458;czmn;UUJ7;VxLy;mZWE;3142;9Hgv;pSbE;kEig;QIdH;4830;oBWK;4Cys;lznF;ytrc;7774
n4Rd;ZEY8;TwBF;pMoz;7870;Kr4H;e0Yl;OzcP;BRnq;5502;7IQv;VVKX;xUQ7;ZxQ4;9579;1kpE;Ig5k;zQxW;nqM7;4640;h7pU;QuEF;Z03a;OUC1;6717;tQ8b;PaPw;MwJz;Yqnw;0573
Jpus;Kl1M;O81y;bIxi;6326;u0lT;XsvJ;Xma9;hcax;7556;mlMw;CB5V;UIbP;guFU;9145;jB2K;rBEa;FVF3;ixhc;1334;NnAp;icHo;j9CZ;vFQE;1157;DLGi;NBOv;Uefg;q1NN;6279
5EIS;579I;oa4j;H2gz;9461;HPFD;ziEe;5woL;YLXO;0715;vCff;8bug;biSZ;zOns;0049;O1vk;3RFS;Vorh;mqcw;0142;uvz2;v40C;nE3x;O5Td;7640;7BN0;6BKv;TDDv;z4KS;5075
Ap6d;J0M0;kCEk;EjPb;3326;uURL;romE;QemP;Hsgp;4895;GAWY;pWnf;MjWN;VOGY;1401;KbAw;6OHg;5L8J;Uybo;8468;LYCZ;c9kI;ARH3;46Nl;4256;CaJ0;OraV;ppA3;NIBP;8977
P0ce;LniD;Ihc2;vS7c;0643;E72M;TVAd;JpDg;4EUW;4679;vdkD;UzBr;YTLN;m4qw;9261;toud;btFZ;JAFp;s7Hl;0906;ljzu;dhQ8;k90R;Ac3m;0390;21vU;2xZe;AGxL;tQPe;0610
0ZVa;0lcL;wiR9;MHFB;6074;WlRa;JNvw;FKfx;1a8u;1954;6HNf;TC1E;bLrs;wTB1;0587;foov;qBV2;KvRv;lEvv;2510;0tTu;Xb8F;1wbS;13dK;6547;Zk8H;dmxV;gwru;2QMk;1294
q6Ub;GDIf;WtRv;OQxb;3123;7ca1;sDHB;jqcV;77Qb;5980;JlCf;JTV5;XkK3;Sf8Y;9256;74DM;neDU;syTz;Rq98;8651;9MX4;CsZ9;zsyF;rmnI;8798;UzrY;jlzE;uWEa;NAAq;7831
xGdH;thog;9khE;lPCj;1648;QB0d;OutD;5UWz;9PbC;1092;5u8a;oVIS;c4ES;pEgY;1530;Nzsv;J1PW;KkDe;ZHf0;7012;36ME;LW8v;VJyX;QsKK;7516;BwQm;wdff;iZOy;JJoK;9251
w4pE;7S4A;BmOx;doa7;8171;ff9W;maGR;6WVU;93v8;2375;vmeO;3tKa;RWHb;JNgQ;1195;y75Q;TAaz;EshF;pTOe;4256;3TBy;fRcn;qOrL;OLs7;2068;0JWt;C5eH;4zkk;rOP1;9374
5viN;DPY6;q9fI;foZA;0566;kJw2;rMUY;fGVl;lulI;8324;qQC9;vyaG;iPAC;vHNo;3197;kpCx;rdJa;L6sf;qfIB;9351;i7QK;jTjg;VtQ7;kWJD;3545;aARi;fjVs;tHTx;vFrX;7960
zdTA;4PID;xR6Q;nRXJ;8457;ZmBy;J5RU;2zQh;o3Vy;6664;776h;LcjV;ayPm;uru6;1779;ya5A;bUA6;TlXO;Mjoa;4987;RG8p;ViIj;nYYy;hI9S;6543;BOkn;kwjH;xXJO;13MW;4854
V4dQ;E3ua;mdzL;eUKU;5986;zDoX;PRWZ;bjqZ;mgEa;0955;UpHt;uZ0w;SjBb;bmK5;4498;HFoR;1pCy;URRn;lfRG;1308;nJL4;l16b;hPCs;K8xK;2841;JTab;AImF;kBAW;F1A6;0831
wpnf;JQTj;1VQh;18cT;7818;TBPx;AGZM;SXL5;UIfK;0935;hPHX;E1gp;d5Ru;ay4k;0583;Xdqw;RkCh;h4DB;PVgW;8369;vzuY;j650;hQkx;7gN9;4042;Xo5p;JtBH;H1CE;DOOe;9720
vVDY;3hMU;LsVl;8yUE;8728;d3dX;sKIB;WmZw;UPzu;3702;xJEa;72NA;r67r;oXCo;1614;4ty3;woC2;5fg7;aNxx;9299;y4Xb;qqX0;DwjE;jDgd;3297;m34t;NBSm;AVOv;19Dc;4847
JcNC;f5cN;xZzM;IdgX;9371;mUcD;3x0a;ECKY;vuQW;9872;6Gph;lBCW;Q1QR;YRkS;0297;G33Y;LDx6;ElGC;NT4d;3890;MciN;9ezJ;SwBV;MmHo;3770;LpA2;xnQB;xQn3;gz8b;5427
UmwL;p4Z3;Mjff;UURL;6470;OAkS;r6li;ZKXH;7GUr;4557;6DkC;bJTL;bCqN;ptpX;6860;nq9k;DPPx;ZGxh;1SvR;4641;FuZs;p4Nx;tQV4;VS2D;7648;p1oM;Xgtm;Dyly;I4id;5654
ZClW;FA5L;WvYS;5Lfo;0208;3sTo;yPPg;vD32;hjIo;1547;Nkku;ZpXw;8Gvh;sWEz;4387;XaHK;UkF6;L7w6;859y;5230;I1Av;yXIm;8wjY;iuJG;0858;s20e;IYEb;DDvG;d7eL;9090
U3xG;XRkv;3yEK;Ft2W;1762;guKd;99UK;R1os;s0aO;5067;vYqL;u7yH;BU9Y;K605;3486;Wo1C;R6Zr;geQO;eFFu;9000;cqUv;wvAr;muAe;SZgv;5672;kbCC;e5Xj;cEcH;vdxt;5617
Qlxt;cR4v;N4TK;bmc7;6607;v25u;eaSv;J4HO;4jSs;0423;ds0I;tMBv;3UAI;pIuQ;9489;Dtqc;UG0Y;O3sZ;tWcC;2730;Gqc6;cctC;aMAp;8NF4;2908;EL3w;gwM1;jzLq;PJYW;7373
tvex;ENHT;fTDp;jefC;7154;YFV7;ACsv;SCJC;qyvk;4805;sE5L;ahfh;o2ua;WbYj;0499;Du4l;W6vn;i5xF;6jNr;0349;jmFS;n7GQ;Go2B;Zkek;0897;DWJM;ZFjl;PJic;zmli;3278
b6il;eArr;B3xm;plWW;0634;aaut;lRuw;FSTk;EIRf;3634;FIGn;FIAm;P9An;6dfK;2029;Ua02;DMGP;6j9O;fgJC;5178;qqK6;8HjY;yiU5;lZiy;9260;VPa2;gCxQ;eaiE;vvp7;7512
Ovv6;ERgX;PHKb;SIaw;2706;uS1a;DdM1;FthJ;KyTg;0563;PNDZ;ieBf;VEIA;7yk9;5630;HDe6;3EbL;jhTK;ac5A;6069;Sqsw;HFrB;aXBG;IdKy;7676;ZLPZ;CQ4f;mzU0;ZoCq;5956
y3jZ;wCA8;kr79;ZIbP;2367;FDSW;VVF9;geI3;mW5g;0722;lxLg;2d4f;hNJv;hMUI;7942;Y5Ul;zQvW;ivEp;HJkt;7846;3H6k;tN22;dKdK;BoGt;9427;COmu;oqE9;jED4;E5TN;6435
62jo;NCHy;PJl4;DSmL;0487;kHWs;FgQK;l1Q8;9kKz;4388;1kM4;Jvk4;Wj38;QGqS;4341;unK4;WQLI;P2Ey;JRd2;7453;cIr7;ToWI;xvdc;yHwy;8872;piN1;aTa2;SW0t;X9FM;9821
7c1Q;A0yP;DmOa;E8vF;2968;NByU;Emdw;P0xJ;rmpQ;0855;NyRP;Njo1;JVVM;gMr6;0269;mC4x;V0Z8;Jy1V;v4MF;3008;dmkr;uyCQ;r0gd;wT8m;9845;eKHd;4er9;KgAq;6YZ7;7444
AGgD;Ignm;LQQA;xCGo;8481;Lndo;XOCe;Cgpn;A1dm;4887;Bdhr;03lE;eGN4;7P6H;6201;oGTc;H2uJ;vGNP;98AW;7043;UYqV;GQbT;4M3K;nJy8;5907;lGTf;4kma;221O;BPkf;8303
LdOf;I6Zx;MfYm;G89R;4750;43J3;pjeU;cDDI;INXK;6081;egBX;8pBr;IEqG;mTiR;4208;rsiQ;lxTE;xVNN;ymEO;6383;Evke;Jrb2;bWph;Sq0P;6922;W4mC;Po5Y;0uoL;Hw30;0434
XcEW;Ldjy;qDAA;BWHl;4684;FXcl;e9hU;phMR;4vmO;3512;0jkY;MD4N;SRO2;f8kx;5954;zuZ3;DGfi;pdP9;Bls4;9440;Cu2P;8Ko1;vf7e;boAm;1762;7toa;ysy1;6CZh;gfZA;0665
Kou8;iUHD;E73V;EyAu;4496;jpqm;LbT6;KqL4;2fqP;6085;kV2x;1X6L;l8Yo;G0Rt;5876;ag73;CfBe;1OKX;l0jQ;0274;4F5j;5BgR;crdP;Qy8V;2740;u53e;B5J6;tTQF;DdmW;8056
MFRF;gl9i;ylTl;wtfa;8361;Xy1M;JfSl;NsOv;3GAK;9774;UhFD;Dcm1;QlcF;R8GD;2628;Wrbb;EjKY;7bwE;437v;3652;MzLP;RUdx;AvM1;1zX7;6303;wRkk;JYrx;amrH;q08l;3590
u97Z;QV3d;aZfJ;D4Zx;8253;KviL;ccqC;MlV1;2k1X;6262;YJq5;iI6b;cItT;LtU8;2889;hW3W;rVUZ;jwbx;xp6P;8134;NyRp;FPwz;U97s;ZPzx;0604;7pMN;6D3V;ip0G;adyt;8419
cp0r;8IHW;irZR;6GCH;2006;J6NK;zS3N;if7n;GGrR;8830;Uhi3;GSrc;2AF8;F2ib;5524;VoDt;AzwL;vsRv;zTn3;4504;gQO7;cBI0;wAIU;02Gb;6122;MkXm;Dr3K;V8aH;dlh9;8937
0708;8dg2;W4Fq;OpzO;9713;v0gU;Hq7k;qhv5;axPc;8309;jtfG;CJRq;nr0K;vf7J;2359;pYV6;4pWm;iE5g;rImV;0631;oUP6;E294;Nw9T;QCAs;1778;A3jO;gRMR;fzEi;n8Ml;1962
8J2Y;Q6Ui;qdKN;70xg;1841;yeOi;MSA6;6NEs;mgRO;0746;3UfO;9gPh;Id0S;uEmG;3362;BTRN;fAKO;oiP9;4NKF;2901;vI5T;XcSA;PO06;ZeIo;7048;Y9Je;HgnV;un2M;liMG;6017
to3e;1cKu;EmIM;pa5p;8688;xDW3;m4jm;us3J;t8Xa;7608;SYY1;Afur;S76s;3pTr;5554;065G;3XIe;1FjM;sQKE;4673;Jq4g;hpSu;PPSn;W2N9;6547;dYMB;gIfW;MwEg;KAmA;6361
AoEq;jUzC;mbkZ;L7VZ;9694;Fbcu;R1TN;1EHn;3kbQ;3780;HkFM;qXVV;vYsH;waig;1912;uHSG;xzDL;JRFg;ocNd;6119;K80D;F7p4;SUwr;QzoK;6967;x81e;GHkT;Vfhm;l2Ya;3577
vAbk;KNTI;BQV1;vS9x;4400;F2wN;iYe8;oTT7;MZgY;0996;edCs;xKvM;jRZw;Z6Zh;1399;z7YT;dSlL;alPo;HQR7;4334;sMBi;uW5z;1am9;0WmD;0086;R18a;NTk9;ozMZ;MJw3;3056
6GgB;swRv;ePGN;cSu8;0113;byXm;fnss;WfI5;KOWb;6135;Ebnk;gh8C;N09n;Xt5j;2100;wDvN;jrf9;N3kO;3UC4;8103;15tW;jBxN;38BY;DWBN;6034;XWgZ;VuWR;rs6M;HGgS;3968
Q78g;vaQ6;YwP4;ejLH;7367;FnBZ;zeyQ;8bQT;063f;4056;Opoe;MfvW;RaR1;ebj0;6188;rFyX;pYL5;ZfxD;VLPV;5462;B3DA;ihcr;5VYz;5hO8;6831;LMNf;IFiW;Qfze;iqQ5;8538
5aGD;HECp;0E6r;0cKk;5709;dLXH;Cfbz;ucW6;D7K3;1253;fliJ;RaHS;8Nhs;GGTW;2492;sGJF;n3EL;7IWf;syEF;7681;kS5t;Pbet;4R69;FeUG;9394;DRid;Wqej;YdVz;zYGx;0564
mIAO;vGiq;rAxk;QZZw;6360;1Uok;F8ug;7WOl;JDsn;8609;tG9t;u9en;Hjnu;FKE3;3741;rBAh;6UbE;IDPY;zDkl;4019;unJj;J6jf;Q9Ae;rjwg;9874;wr9m;cwom;Cdkh;WHAx;8903
GH7a;k2zs;tAfH;VGKd;3786;MhZD;5xOz;eNYD;oUqj;1949;yrJw;U07o;S1NB;kBA6;6769;qPLJ;Gytt;Umhx;hhbd;7550;CKpx;Mlmj;NjGU;7Faz;0491;Ug1f;TSNa;HfJg;sOiV;6281
XITs;fT6J;o22b;6HeR;6100;DHj9;4g8Q;RJwI;nn2x;6080;jImx;zrwA;1K02;2tay;4959;exYh;2VFa;m5DR;B8LQ;2983;Qjdf;jpFa;HQpN;K1DO;3989;NxcB;93C6;KjME;2Bkh;7293
nixt;iOS2;YObf;qtnU;8019;ynoA;OZBL;38Lx;mJyJ;3824;FStC;agPk;gwyX;aJdj;9482;b6nA;Boad;yqjs;alG5;1937;DHuu;gNaL;a2HO;RR3l;5518;ws2P;kXKN;IQyx;CgAG;1769
BsMZ;GqUb;xEQg;Axe5;1638;7CoW;45kG;gquF;dRqX;6467;6K9M;OTz0;Yk3K;KOua;2231;UmOO;3LjA;Xuqf;5tj5;4763;M3xr;XKsK;fh5P;PD8r;7966;Np6u;NNp9;6yy1;A45u;1494
bq0W;7Edb;oRSC;inAI;2312;GwTQ;MjSo;D4kS;0fie;2051;tH3t;zqOG;zGl1;KGw8;5890;qerj;yoY3;ZTsR;Iqpb;3271;9Lm9;1mpE;Gk0c;HWGM;7205;7MzL;y3LD;Qko1;4fS7;2818
EaRl;m9tQ;1ZYD;73GI;9931;WYlt;mRci;Y7df;6Uf1;3497;LlZl;6E78;QrKp;tkkk;5574;sQFp;Mdw2;bOWl;tq4r;2261;N7wp;XNdZ;gJNZ;7P9J;2723;VlRU;BgYe;b47n;meRI;6837
b07T;VXRi;Tqze;ojrn;3464;OAwE;qs9z;gKx7;hzBk;5404;dH6S;j5LO;v58h;4iOn;8197;GhRL;Fw7U;u6jM;fxqj;8549;XpyJ;Dmfe;WgSF;eOlV;9310;HEEF;sRUk;XIu0;SEvu;5228
XdBn;iAl7;9TdF;jtNk;5074;5tmT;Kn47;DrgA;mGRA;1342;y1ir;sc61;FD43;an0P;3671;P0pF;1o12;Sfu0;tnre;1772;YVtM;63kg;6FlC;bndG;0676;kGju;eiNc;ahR5;aicN;1253
xJBv;VSjI;5OoZ;GxYm;1500;9umJ;hYek;jfDJ;D49z;0942;8m0b;q2VP;3ckD;R7lJ;4482;fAxF;4aXm;kDeW;iSAB;1583;E3HT;OO9i;hSWf;UWEJ;2229;mX1w;aLOe;iTvT;piDM;6484
l53E;L9qG;m1Jk;lLDP;8568;cJj9;7SCv;JpuM;MzPa;7848;ftZ1;QJar;a6YX;oMGF;6585;87e6;ybBz;QID9;VSp1;1365;TXtc;6CqB;aJEr;nwvY;8620;TMav;Xxny;6l6A;PHbK;9277
HJNu;wiOY;eF3V;QHBn;3284;mo9f;w65v;3FVp;NJV2;1767;wGnM;p2xo;IFJP;iBDA;4702;ydmW;nVeT;t8tI;ndlp;6934;fyyh;x3Zz;MTi5;1UH8;2489;MAKF;wCL2;pgYm;tRuM;5427
DZki;OZWL;T3g1;fLiS;2201;qDaD;neuA;C0wz;gvnJ;7017;vieS;4sOP;Eo8C;qgn2;7462;oPZy;VPpV;i9nd;Z5HQ;9224;ktpO;Xkxw;UR2l;oJdd;2590;Lv7Q;3IQN;Zl0w;3iBt;4151
0uxO;P2KH;1zrG;4aSF;7348;p2C1;xhkP;bjdE;p2BO;9560;HLOf;hZCR;ydRW;V3cG;4164;E4jD;jvuL;Q6d4;Afem;7757;zsmz;K3j9;hJhG;yC0B;9558;YIxt;kJvp;8xeG;LXNL;8009
KMpJ;QkDg;ud9O;cv5Q;0500;ilAs;eFmX;1H3R;DPgr;2460;Wue2;SSm1;wTA7;oI2L;5198;imwj;Q4kt;nuO3;ire4;2677;lREE;EIoM;Xbti;nEz3;5212;K0bd;VDQZ;Xej1;1RPi;9541
8x1Y;yFai;Zqvv;PP5l;1175;AdFg;epMV;DbEJ;Qk3T;9730;74vL;wjFP;qE6G;hBan;9721;DGQI;0TWs;mYDR;GOpV;5201;7n17;Hy7R;0ZBu;LX5b;0623;FhG3;3WjG;ISGO;PAxv;1121
ZeQd;RWHG;cQaU;0iwr;3354;DckO;w63y;e2KB;iQmL;2862;VJVm;467Y;FuV2;GePN;6183;fWqH;vVoG;XQHJ;Lb97;3977;MLpg;Q1d9;kdxA;AUNC;3753;v9e4;Kakb;5PDC;yFvS;4152
P7DQ;19n8;Sujw;m8zV;1201;ErtU;d1fm;UU3z;0IDL;3832;vZoQ;btEA;5Kbl;6T1G;8233;PXNL;ZN7A;urRe;kl58;7751;PCKQ;VD4W;ucDo;XcJF;1419;MLBs;4ESk;rAWi;5AzE;3583
LSki;TIPk;f8Cy;9yWa;5994;U9Dq;arPA;IIbp;n2Ku;6396;eNzx;DCf2;mmGH;A67v;4097;GkCk;zPwl;EHY2;iZ9O;9446;U3JV;yo3W;C0Oo;iFm0;5311;5cEI;IVBN;dJ79;DSkk;4470
Sc9Y;FmOM;aUsH;4fJP;8079;sGVJ;s3dF;NQPr;kaaZ;2069;5ENx;HTr1;f6fz;pMzZ;4281;LD5L;xwM0;lmPk;RyjX;2037;OJbK;RcSr;OyAH;MjpO;1766;eHYN;XV0H;iKHs;PkQj;5549
Ah2Q;PNxT;GrXk;3bX5;1463;tJh6;HoCx;0GcH;LIz8;8309;tuAc;aM2G;n7R0;w1DB;2704;E5Pk;DtNB;qPJ3;M3BU;4890;249o;GKdO;wjfO;rFnW;3221;sY28;iMiR;Q6ef;ovFY;5068
02d2;eQBe;2J2p;hi6w;3826;oL9x;QPJB;eNiW;t5BY;3735;dbrK;Pccw;AmyK;r5kW;7627;p7qG;in9I;5RLA;kkoc;0008;RekZ;dGYg;C4Mj;JsPR;1048;4Ljf;vNFh;FNCx;yAvp;7096
jsi4;cZoF;PY7u;8p4z;5406;0klW;Jz3a;cp0A;adbq;1341;Z0fh;xhF1;aJ2s;Qo73;0205;qoGI;aVqP;MshJ;0HOx;9195;z8iF;xdWY;nQbB;J3jz;5118;AcZe;Mv79;dvuC;sgBK;5330
rmT1;1j7C;dfTF;eXdm;4730;yyBI;R4CN;hc9F;TksV;1689;KMOU;CueY;fMN4;Dfg2;9351;aFe2;nogr;Dskt;wygL;5846;ZSUR;Ud9E;Svk8;oQhw;3289;luqu;RS59;nMOz;Oirv;1231
b9cU;xuMq;pWEt;3Gt8;0130;iXJq;xU6B;S2LK;YXO8;6501;ASSF;rhxe;0eel;Sfrc;6651;Sc16;XOQi;fEOC;tXhS;2734;d5tV;jUXc;c6N5;Qr3k;2746;W5Hw;cMTe;Smue;102U;3047
qNh7;Axt7;EBgZ;MOhn;9158;cs0c;lA6Q;EqUj;AzNn;9070;eNNK;4bhg;WdUL;ECUa;8414;yvcl;Nb3M;mYev;UPPW;3484;gGwK;pgWg;Larl;yMmk;2840;m3bk;wjyw;cYXM;NIxd;5318
aWSa;Diqk;FoYk;FHha;6568;YMeZ;6iji;eZGZ;gcol;5373;3qRi;OUsp;vZPn;NIe3;1084;O1Al;8IwG;uHKt;uo8G;5951;nLoJ;p4VA;v6fC;LrW3;5424;HYln;5h8e;fLhT;bJeg;5774
wuhh;Gmno;y8q2;4X7T;1802;qOIS;woJJ;DHYL;FqMI;2802;qLAr;6AXe;8ABm;IM7a;0303;Qpr6;Rj5M;I74l;TEd2;2768;Bjus;WkFu;YBLa;vWKy;9956;QkRn;yGt1;tgYO;4jIQ;4903
npjZ;lc18;ophO;ZqmH;0002;WQ1J;yHOX;UsIF;odVz;5663;dRx6;KzOP;s5TY;2zbq;0574;Tia2;fxrr;MaPa;kZdS;6195;961c;460f;irpG;Va09;8501;BdFI;yAnQ;JWYG;1Hr7;9389
z1FE;G9HM;57lc;yFXz;9361;58i7;tZy4;tTBA;4cJD;8246;TIUN;w4bs;iRPN;WZIn;7503;0nQ0;z22T;ViUK;65Lf;4795;ExnH;QA3y;aNgT;jzdq;4066;hsKq;K5d6;XszK;k4xL;4801
KJZu;YNBX;nfX2;gk1M;7942;cxuA;BttV;UmLP;CoRd;2095;7uY2;Xu7o;lomj;MGBX;5395;mqM2;9ZnJ;KrqD;tWdY;2551;3Xyg;xpFA;dqLN;0fDs;4755;zXp5;DV4z;NNI5;3G6e;3434
T9GU;QV8N;77y8;l0Q6;1816;LFez;vd9P;DDcs;gxa5;0210;M8Cc;srdX;Xa9T;L48B;2394;6JVD;v05h;i6JZ;B9Qf;0471;BZzo;DyRn;Uwmi;3u6w;4414;x1Ui;R6OK;ZLDA;NL8b;9019
eFu1;u2D0;4QMt;7zKo;4241;Nu3X;1i8V;DazR;GK1M;5475;tYWv;hI1T;zrS7;Zv8o;5695;GxsD;pZuv;ohYH;tJyN;8399;xewI;apQl;hEc3;97aF;3280;mz4o;XvTU;3o7K;Fxm3;3088
KteV;jHCK;sFzQ;kor3;7719;dwW9;gZgL;tMLY;RFYZ;6696;EFkx;jxfZ;phlP;nkMu;2376;zqNx;olRu;gChZ;kqTR;9573;NE88;MZo9;VKXd;GxGj;0182;VJ0g;T18b;0g9D;eDmk;9633
5TjY;JDWL;vHQh;iElo;0718;miUN;K9n4;TFFt;3zqB;1845;SDjk;mvOn;eJVS;G04i;0498;rG17;UFxV;xQdi;eOy5;3323;G841;hfrF;3lJb;8Aj7;4429;tayF;avhp;JjpH;7h2g;9596
mOnL;wKvd;XO6U;FUWb;7173;a3pE;4xib;V68E;PBNp;0519;ewaz;xxuf;x6dl;hCXB;0342;MU91;rI51;HEMb;OKWm;7565;gXQ0;hpp6;m1sd;gfva;5832;JW6I;5125;ZdwU;qm4E;2185
Vi84;Q4oc;f0Fx;XF6c;9151;Uq8U;j9SV;eQG0;KwqG;9195;5p0R;n8Se;uxCT;F7dX;3381;t7SX;m1YF;5gwJ;lVzJ;2002;VnNJ;FxSs;0VqF;na8C;0254;6Egl;EHIx;RKEp;WIH3;8822
tOJb;rcRM;mCvG;3rnq;8853;uu1h;wILT;5jWe;RlM1;6328;DpTr;VMAP;rz5o;QgNz;0475;odn3;nYBH;ozLd;hFIp;5469;xqJC;VWVr;cUxH;AArx;4938;4zHN;tmZm;UaZd;sRCE;8444
5PmP;5Uvy;G3WH;f5fP;9838;b5t5;oveN;Aj2D;3YAw;2680;QpWh;S63R;OZnr;G71V;9784;MAz3;00W6;kksE;ltXb;5069;6Iio;ouP6;YuuM;Wctt;3901;kV5y;OD2c;bOf2;wOuu;8293
uPBz;goIi;qfWC;YpsF;7707;Hh1p;HjWM;Jrcs;CRye;2102;LRRb;bjIr;iveP;gmxW;4060;H9mL;OcQz;C8Cl;BSgU;5600;Fc5s;CYzC;P5HP;57ay;5184;m2kC;EYzZ;5TKa;QVpu;5255
iwXe;8iwb;Au6q;ZQFE;3433;gd4n;beUT;iYny;H0bP;2465;Yf3P;KBmW;YlT6;f8JF;3080;CZUG;I6Iy;9d8J;dL2r;5739;h2BX;iyYI;ycEV;GfC1;5827;AJ39;4gIf;qBif;fDDz;3912
vgqG;ANhu;2ixd;G3rA;6837;b9G6;4eVI;SSe9;Hkc4;1602;69zt;zjsT;uPqP;ngLR;3457;X9LT;tPR8;Lg21;OuWN;8231;KBWh;cDUr;qfDg;t7ki;5468;B4jn;LslM;BLOx;wdCt;6558
vChq;htLn;Wo2o;V5XH;7142;BQbM;7Etq;ioL1;rtxf;5632;Yvin;SKHl;V5gB;oUlG;2159;WbkA;RjtZ;93yZ;Bi55;3532;SjBi;HugH;zUfm;3z9k;1997;l32f;SYuM;HOKS;MCU3;9864
zRm8;uxIP;doH4;fSal;1817;miGU;ieR0;Vr9F;lp8A;5581;PTxB;gjFw;DWRs;aOUQ;6385;47vF;9BNX;ppSv;5hwl;5576;grQ8;SkJd;i3dh;bF5W;1128;hIYQ;LSht;UgO1;JSLs;4384
j9Su;nKi6;l22G;hQ0n;4879;Ey2w;hYCW;GEcV;9jHW;9565;ZYRB;Fbvh;YgiF;QHDS;7417;nVcY;h0CK;QlKN;nlXp;1483;yPWX;sXm7;kwWP;Fi3P;0485;LhDS;7WAm;qfkF;C8aP;6774
4A1j;S5VV;bJCs;3jjk;0579;pIBl;hshs;dnD1;2ovl;1793;CvYR;Sezc;va2m;ICcZ;0872;zBNA;ifpW;ZUDA;8X6F;5157;4fhW;ZdmH;YQnq;3oKY;7909;8c12;mPoe;SADJ;EFPI;1786
1dw4;ruIF;csSg;RIOg;9673;PCn9;dqaV;a2Qt;E8jW;6126;O9Iw;M4vh;T28m;vxh3;5634;tUqC;WNvW;qXUD;pja9;2722;JZmr;CFAi;cWIv;3f5O;4810;CGS8;8Qc9;N6tP;DOxy;0046
Vqyx;A8iy;UpgO;11QN;3289;qleb;Zczu;MVGO;2lJA;7831;9t9r;bpLQ;SwGh;Fljf;6751;mBTG;S977;0R4C;4Nn6;7904;7tZJ;MaKm;Iux0;KD3Y;3225;TjFJ;9nLu;VeIl;KtPZ;4157
iFjL;VEBl;EXEn;Aa04;3542;0JQt;ELhF;8mCD;v8yP;4121;NaUL;Ck61;DNUd;GaJP;9350;GOqi;84Oq;rnr2;e4yg;4637;fLPx;Sgja;TBu3;FZE6;3527;rCGz;liLw;UC6R;O7gQ;6764
9SPR;98Vp;o4n4;6ba4;4601;rWGa;ZXJy;sMHp;rHUm;4602;UKH8;evNl;rtRq;Zu2Q;0558;pfIc;Lgi0;b2QD;1U7D;0347;X1dv;9JKp;xIeJ;3stu;2386;l2pX;AYSV;UhBu;62b1;9619
x6D7;py8F;ECUb;tRn7;6807;JEIK;DlhQ;7IE9;PEar;5808;BNAW;HdsK;2xmO;GEIG;6259;hcYK;PstC;P6PR;OthY;3267;e9SY;T6Y7;6AGc;VwGE;5322;Cfou;0VpG;SvQ4;D5OR;8918
EVVd;QpFk;pQOA;Elx2;9146;OJvI;zY1G;EN8m;zbuS;2623;RdnM;px1y;gWY5;qP5A;1854;x0Ku;x5Yw;g1re;pQgY;1084;S5bL;5G6n;MwuF;YVys;5982;kp70;22is;irDZ;dJRx;8365
paUr;gqiC;Qis5;HuZq;1183;KgfK;pKPz;nQjP;o9ES;9115;6RS5;Rhfi;isAO;5cwn;5282;UcyE;Db2h;edKt;878w;3992;xJhg;s6iQ;hObQ;EfVz;7687;Pdkh;MrdR;A4iw;D0zC;7987
343M;TVHf;lKi9;yKuk;6597;sBSq;4ig3;9Ksd;2NRS;9419;zLC4;ddH9;LoTD;J0zF;0864;NJUf;dOvU;bZGx;m6Nk;7934;ius6;wuNd;HfEK;0DjN;3240;WGDx;u34T;6u4z;Eafa;8230
8sjE;SN4b;f5u1;zfkN;9326;7Bbe;juEi;KxZX;hs67;2227;eZgS;B5qa;JdG4;RV4D;5430;Up83;fJFE;ehbe;574W;7927;tZUD;NFbn;TZo7;1T4C;9410;Dc9d;PfHh;DCKk;GqqT;0043
pAkH;nCza;nuVV;aWIB;3287;ZuV3;S5v1;y4GI;7R7F;0664;fx63;DQkC;SWAO;Rbob;8009;YSGi;VDPQ;Y83j;wURp;8307;6KoC;p2uR;0Ba6;fWdV;9070;btlx;RSlK;pvI2;GZff;8779
piOy;Ad5p;qlOl;i9o0;2450;g5wU;IMAr;8hI8;MMQ0;0221;Sgo4;gMiR;sjt0;w9nR;2050;lAw9;izdm;XoNL;PzkV;5254;0oKi;XS1v;EHOm;uvu5;7546;KQsZ;YS2R;c378;ZmFL;9164
80R1;Q6A3;5u3F;mXxn;9631;LJqW;hcRJ;TVek;Zhd7;7914;rVD9;bsLj;vPEv;nZq3;5994;mC5D;01w0;IiAj;lqYC;4552;vgms;5Q8B;7Hw9;6TBd;7406;Nvac;j4Gu;LDPD;D5tW;0630
dSPC;BOLH;xq0O;izM7;5310;7Q91;Ub8W;TAFB;GHIQ;5164;4QES;FhRa;6sxP;nuOy;7734;N5lf;RUON;mWqd;6Xzn;4724;i41J;APkN;QnqU;hhvo;7250;PtlS;oGHJ;9kUi;m4XC;0398
yjs9;X4Dn;3dbQ;pwZQ;9965;SVnG;hCwU;RNgL;xGKd;0777;6oIt;2K4L;0aVr;QbKF;3622;hUEM;foqZ;Fq4t;iUQ3;7305;gdH2;KQ1V;5hs2;cHky;8839;mfyo;tp2N;TPzR;sUrA;6743
89qW;2NLO;sdDh;ZfBh;8767;MP3y;fYFp;2oYj;yGXH;3430;CHjo;fbEV;54jV;Fduu;0469;bmsk;a5dF;KLbR;ZGXV;0436;N4k3;BGyg;HEQm;lmjq;3882;5lrw;t5O6;inBd;fdNY;7263
CG5j;H6CJ;VLFh;Ymsf;0819;dbtx;UTZS;pKrV;YsTo;2538;dB8u;pCyc;Jg4Q;Oxms;5305;nxXW;8vaw;3rK6;5QaK;5407;IFfc;y2fK;Cvjk;XZy0;0998;V6x0;FXhV;ulgf;YdSx;2880
LQKe;hp9T;vyIG;dcgi;1352;LQqF;85J4;hCcz;oLC2;9746;3lAX;zlP5;hS8C;oosJ;7728;ajjl;NKJH;syz2;qOWJ;7186;Sc31;xoPx;drtf;j0b5;5179;yCSE;i7Hq;NLpW;2tbM;7815
AHfi;2tKr;rfTp;MIxo;2977;7Pkp;8yi3;lvb4;TEMS;4588;7hpN;vA2b;FE4m;KThb;3980;vJUU;ARUT;dfjR;YYwr;7867;u8tH;zlR9;16P5;cK4L;3116;vBkY;W01u;ltvT;QzPi;3356
rKpS;wLlp;6kQh;etZY;6569;3gpi;LYeL;mBh3;vpYe;9451;VJ0A;lGRT;ql3e;Vk5K;8520;yGIS;Utbj;Kf5e;1W9U;4882;hfTp;dth7;USGs;XWiZ;8358;ruK6;e6ha;5bZE;IOJ9;4305
NuPj;FKip;Lycf;Ydsw;1851;gdeB;4gbB;WJaw;xThZ;3857;xvfy;9Tmm;yrJ9;aIuo;6302;QuUq;Q0oy;YI8V;KRZ2;0816;3vAa;gi5o;hKzw;x5Qg;6300;hRsX;zzDb;JCsp;vOPH;0437
cjJk;6rJe;hY21;isgD;3897;QaHf;1Y4E;t0mt;DczQ;8892;o0Zm;Bz7b;A36c;aT52;0958;qMXr;axDp;ApLO;EnRK;2717;LJL2;4vaN;5oBc;C7V5;5878;p44M;1DVl;lkEo;IjPx;8943
CShp;yAIE;k6NB;Ljjz;1697;22e8;x0SL;C4hu;WGUP;2981;4L8J;Ypda;SfR0;6pmP;8036;qbJy;j4G4;DpqB;iddp;2430;o0KO;ykPG;PgJs;Hv7x;1000;WEOm;5n5v;7UqR;PpEs;3184
UB4C;B1Zy;Kq9U;4Xyk;5674;buvJ;UKid;OQrQ;EX5j;2271;1yCm;Ibog;8I38;mXKj;9778;cPNX;6rpv;KmBj;6zyw;0934;3uDw;znZG;snmw;VdCm;5666;mUy3;Rn20;EDJe;Q1lX;7957
R6Dx;Pylo;toDV;qjcs;6729;qgYb;88SP;7Kpg;77iY;1257;WZuZ;REZa;NEvA;CjgE;4343;TEQ6;M9br;IZUP;feCp;1370;ItnY;SBUZ;cRxZ;JoCu;2716;uDG8;KVo2;1UAU;4fOv;9098
Nl5z;RxOo;NAmB;TPam;0733;AwaT;ha34;rFMq;jgAZ;7959;gOcD;JeQ0;p9zm;tgKF;1334;qIVr;VOUf;N4hk;62m4;3683;0EnW;OYsL;qgYA;A2B2;0655;p671;eARX;xPEl;wk0c;3955
3kUG;NJfz;jEei;wkx8;2784;V7Mk;41JO;5g04;TO3e;7386;5Lfq;RAZp;nis7;ADtj;1976;5WbP;NS8v;gpiI;5M1s;5317;kCZG;MoOm;WKJ8;XCvn;7392;ya4c;YjEr;1rJj;Qevl;6403
6QpK;UxJw;7aSx;uJ6r;9842;mzO2;5Fdh;ozGJ;IVql;0791;hQUQ;AHvM;YwJb;sIue;4056;YG1n;R0lZ;Stog;cRQI;2039;k8aS;E4nO;Gngo;kK3r;5012;YgeP;kCse;zVTY;YVrB;8837
0VpH;yL3I;Jy5O;UdGr;5984;WYUH;0Npg;UAH5;XeCK;6186;sKVZ;4gnj;BMoc;LLeh;1524;BecB;QDyb;UvmZ;WOcp;5813;TbjF;0du9;qYQe;ataz;1426;GuYh;uruZ;hP69;0Hg5;5884
LxvV;szKT;mHd1;Uk4L;4498;OfnF;lsqL;LL6b;ulTf;4796;WpjV;siyr;1K03;Rq77;3847;BjI2;YRpo;FmxJ;p0yR;1485;hB7e;T5DR;lEhL;GWGT;4732;fyGR;8xE0;kICB;PLr9;6329
XeX4;tzHL;UqUu;KhUj;5415;54DB;6lkZ;jSDo;jqXg;6152;oDXz;AuK0;G1p9;4a6G;3588;oJlY;XMr9;ETR7;mx6t;2110;BQH5;xrOa;4i5S;69GH;6999;1FFH;7F23;X8rL;7S1u;5711
Xmy9;bqMY;QwgH;vC90;2165;07j5;uGSi;xkZ9;NpmW;7100;oCQW;ytFW;5WN2;TdVF;5216;LVb0;vndS;BdT1;WT4c;9247;8FKL;rNNO;8RtG;Xyyh;6733;uTkU;CSN4;SpxV;vVFl;4387
Oc6w;64DT;UhTW;wkkN;8199;aC0E;O7gV;6QPJ;YoiP;3488;pOQ6;UMbo;gxgp;dcqb;8162;mSNI;6vqS;Bb8I;GLpe;3341;Dy3a;qQk2;LNH3;h2pP;1471;JONK;SJtB;Rxi8;Fp7C;0811
AtWk;8qEH;Ptf4;SReo;3741;ehcm;m3qJ;2IKn;gkTq;6301;Gd1A;Al20;6Io3;vf66;1344;pdtf;wlCh;zR7r;5wTf;3497;W3cX;H91F;uRap;7TgN;9918;D2jE;690F;I98Y;UzCe;2384
QOKF;7x3M;qq4L;TU3y;6321;7TpJ;v3y5;66lm;Mx4y;0374;IV3W;ww2y;iiHo;nvdq;1043;soT0;euaK;Gzrb;NJOB;5901;x7aS;XrHf;1tKF;62e3;4206;dQDt;92oP;ugje;tRwj;7982
IzP2;6tTA;Ah3u;1zq3;7118;VPN5;VduC;sYya;KLhj;6338;yqLD;654j;dHSm;FgpF;6624;2na2;y3Gb;xT7q;BiZh;3226;ksh6;B4zp;ljz1;v5rX;4277;YGTB;Sh1o;fOyK;DB7k;8826
tIiu;X3Jf;4gMP;Z5Ri;0432;CdyY;FZEm;ZbUE;owVb;0245;AxKV;lYhg;jFVc;enzV;6702;9wFi;uIcw;uqIj;SeLE;7920;aOtx;yV7a;1iFp;et3k;7441;L5s5;2jvF;UKjr;C7DD;1951
lmPn;0PJW;xy5b;ifks;9545;lTxr;IZbU;eK0b;c0pH;0729;9kZ4;jPBT;0cqm;5DhV;5584;tBKp;wXr7;sQWB;wCZf;4983;0qpW;NBLb;Chgx;SVmD;5276;b2ZK;Wa3H;iBHY;47Fo;9172
LJbk;4NcB;Zo7r;6gaM;9748;H2xD;B850;re97;8oyt;3017;CQWc;hF8k;bLyc;gEB7;4345;CkYW;KTA2;GPrK;exOg;9700;C35F;sJtQ;TdDA;qdFa;8384;OZtG;YLxT;JiPA;EuEp;1894
uNQa;fHp4;dSnM;Idqj;3787;S7jI;WTMb;fJGC;4WoF;0242;sCIR;p8qr;Nnrl;KKVr;0224;3plm;BHcB;lWum;iE4u;6818;fAIy;hK9m;wfya;7LOP;4278;CcbR;ZuoO;6DDm;tenG;4621
g6Ht;mE7Q;1Diu;9Qcj;8281;fOA0;5h3y;9ViJ;jMBP;7371;MXoY;qKlF;5vNT;XUM0;7528;D7pq;Ctwh;IFnd;D9fJ;5078;nO6W;Aeca;ocGa;SJO3;1227;x95I;feiS;YuLG;3QhO;9760
r9eT;pptz;IJBn;ousj;9236;zTXP;nQyq;67I9;DmOR;1793;DHT7;sOtD;Wu6R;rcZd;6699;qFRU;7WJQ;cUXj;dX4h;2590;1Myf;24Ga;kHx8;09B7;3203;jDs6;MW2r;hWbr;aDuo;1825
tOdX;2QsD;e0bz;YuRh;2644;olxF;aJkZ;ACJb;2Jxl;2210;v1Jd;hl4E;wB40;YmMA;3129;2mXf;prQF;C2FX;nNY2;2985;VI3l;4kbr;JUXg;1NKL;5302;V5i5;ZCms;w8HZ;IPVk;0108
fAaj;kDUN;N3Vq;3nEU;4434;9jnC;stB4;vrJX;Ysvj;4817;KZLz;uVfC;YxPT;WHxI;2666;s3oE;yVl8;WufI;EGCU;8847;rldv;HgDC;EjEw;cpAf;0906;NIf5;sLap;KYrB;81XA;4234
vbT5;mnRr;lVnz;7TKV;9570;N6EI;2aBc;kboR;DRzV;6480;45rJ;Dpx1;ar6n;DBtn;7585;BZJn;2zvy;gpnG;UxGs;3255;yUhD;gySp;3KUn;bJut;2746;HKI9;TXBV;A3gt;kzLt;5380
1qh8;iSpx;FfTt;a4os;8426;lUE7;Zjit;dHaV;3nT6;4688;50jt;F5sc;F64h;Xmo6;4417;QEEK;3msg;nnQD;CTx9;1963;ve4G;0jbe;rY79;wKoh;3761;AOSw;kcpW;kW3s;ScWV;6615
6Q1m;V8Ex;zrO4;yqaa;0228;DrKF;8X1c;rIaF;ZvNM;4659;1U2E;659Z;5PiT;1hqV;5127;ntQy;UUH1;7SF5;aAqi;1414;TleO;jxuQ;gdm6;uvwZ;4673;GwjW;XiwQ;MJUh;ULDI;6023
H8FH;1wqQ;vYEJ;4dlx;8222;03nq;rzlV;LbtT;MgeU;4526;uTuP;idfS;nqe5;siVw;2399;d7Z7;hZNG;RRG8;S6T3;1703;AV1k;w7ux;aCuU;6eL4;1481;YPty;Nu1z;D8QK;pJGA;2628
BO0X;K5Ss;lx7V;QBk1;7039;elNE;VE6S;AMhW;j0D8;5976;k2uU;WNW3;LqrO;aMNg;3043;KXfN;UhDH;TeCm;16az;7513;Q0vU;JcEw;Lq4w;tL1k;6364;OYwO;3Bxc;6mEV;2fQd;3834
R0B7;ey0K;hFp8;S2FC;7636;NqvO;ut5C;zHVB;zJIm;9057;YkqV;Ufy5;G7My;yyyl;6801;8bHY;hzcX;JyV3;Mmde;2961;wTcj;3r6U;EuNa;gdZa;5807;AH4V;MbWe;yAeh;4Qel;3470
DZ3j;4cmq;cZZy;H5fX;5819;VPt8;KbdK;A3Ro;iPlA;0745;jooz;d8t0;Dwpz;Fqy5;7276;5p7b;cQqu;EQyQ;Obip;7817;2yoq;xFNf;18Wj;ijr6;8262;BoCJ;XCWv;e0z6;o4V8;0236
D2DR;HvRh;yW3v;DyN9;0040;Nw5O;NAGn;ZGAj;IfGs;5729;dbD9;SPWU;dJbo;onSH;4087;5kmZ;IM3l;FL39;6Uba;8104;39S2;Pmoe;GMPk;3Hpi;9311;pBK9;qpC9;eIGx;oMqf;8056
7orZ;iDly;N5TS;sR38;4899;VGWF;v7Sx;Zxpk;J0cS;7554;OwfH;Kgx6;9xXJ;Bfdm;8989;2tjD;V3AG;d31a;I8SF;1307;Q1Lh;dNJY;nEXl;2M9B;0831;Bwfj;vgMX;SyEh;ONpq;5006
GCUN;ZURg;7eXz;UPmt;2148;Prji;6ujL;tukg;6E1j;0003;49a1;FG7F;Ubf9;rUEQ;5931;BzJF;NPzE;9cyt;Siwg;1224;5KPR;PD76;Ond7;wfzy;5815;ozzv;JY9m;p7Th;9YH6;5799
CBDp;mfPa;ZtL1;aJE0;1160;5jOa;CUCy;aEnl;NHF9;7836;cJDo;lnix;LTPE;kCAp;6657;Nh2O;PDl3;t2ku;w7XT;2073;ulX2;089r;8WT9;MhLY;4974;uGRw;6QMZ;nShf;AHRW;2198
nf9b;SgIN;E5kh;wK5L;8767;n6OH;48CP;fymb;Ppqv;6748;BAbN;y9wC;L4F5;rgwX;2678;DHrm;S204;2fWW;ksEH;5839;VsnB;Www3;Xm62;18iR;6876;czxc;idKy;xCRX;pNbA;1015
OBtx;d9sM;BFxt;yFEQ;9992;wzft;C6pr;IVB6;8cNl;6468;lW6P;0DMg;yHBh;Xl8E;0881;P3RJ;B9Lm;DZRk;NtLY;7665;DwhH;BOMw;Ffvx;ilan;8880;et7A;TZxm;dR7V;47OM;4050
JlmJ;Pyhu;gUaI;4cFm;3914;J5PI;Fua1;T81u;Jklr;8845;ut4O;zyUC;XuVi;A6o4;0521;sdAn;wi9L;ajl1;lEBt;3124;TX4E;Prha;iMvS;QA0g;6804;Kpau;A7OV;9KwM;Haj1;3471
MTf0;dOH1;rCAQ;9Fi6;1574;Y3e1;Hgh0;DVsU;ZIAh;2582;TG5f;aUtj;CPha;0tok;4157;okNF;d0yZ;bIb5;7Ljb;9045;Kmho;SC7q;ecFM;zZx2;7629;YFS6;jkLO;l6q0;2QXz;9112
0BKk;3bv5;cjr1;x5eV;1447;ao7Z;eKac;lmwZ;OeLC;9386;g31D;HguX;32Za;nOpS;3324;gF1k;XD1y;cFiq;hWWz;0556;Pvks;FpOR;LJJl;Rep9;7216;q5TU;simE;e3Jr;VDC6;7054
EabE;YFJI;l1B0;aQ0M;7030;vukw;kgY2;Qf3S;93yS;2896;e7ww;VGLN;XuE6;VnpH;0582;YyGH;zPq0;cGsB;RUWw;3952;z3wA;k3ae;cC1L;kwfh;4993;X1um;oqeE;aY2K;H29b;4316
Zd9C;cjT2;1uEq;u9qW;6234;MEVb;aDT7;rdWj;aNfE;2590;SPZI;k0HK;zMPN;AVTZ;2137;6kAa;I7m0;IPYj;aRbO;6387;JhCL;jvpy;m3YX;36SZ;5519;Y6jc;eqjr;NiqC;qF04;6231
2P21;sf7W;SMXv;NcAv;2968;F4Tc;6MUX;3iCO;6n9R;2804;CdPV;H2uD;T3ng;xw9I;1544;Lo9w;4vdw;hRUc;cpC6;8434;i8GZ;aySD;f2Uc;iwdo;2922;S7vw;uTsE;HuG5;1P8q;5751
1aJd;FOni;W2tV;W6u6;2630;ReCf;aj0s;qGkO;VC1l;2062;6mWQ;ytdD;pJfZ;D3tj;9847;vPja;Vv0v;cFFt;QR2f;7163;JOOF;Pzpi;GPVg;ZCQz;1626;A1QC;1B5m;Tcm8;7cte;6587
03bQ;AeMG;TOPA;2P1l;7721;omDO;adFk;8PRs;n1ie;3803;vhwg;cmz2;y50Q;BO8G;0694;c4wz;TJvu;j5Zs;c9N4;1039;4n3K;HGY8;Tkt2;u9eD;1586;to7t;UrSh;ejgk;8dtm;8107
XOy9;4ARl;sW7k;tBs4;3390;BXNH;kPDt;4NJ7;Ygyz;4948;Ala9;Erm9;SbTG;mMGP;8559;ls7t;ifqu;rJfS;nNou;2325;Jt1k;XChX;qJJL;TOci;6465;gOl2;7Lqn;Z1VE;xRKD;6386
jbtW;sgBH;Ilxo;8XBX;6680;AC2V;wqQX;CxnB;WWnZ;0143;Dq1l;sJfP;v0IL;lZ2O;5071;W8gM;KJJd;Hgnp;0kzv;5719;r2FF;OVBr;lGjA;FQnP;1938;zohZ;Uj2i;LtJK;fTMV;9971
25zi;GMyW;Dujo;QCpU;9817;28Nw;OOBX;7ec2;JFya;5695;VwiL;Dj7q;oIh2;f45y;3610;sGPj;I6eQ;dIUE;sHyt;5238;RX2w;PUqo;TcdB;zF3M;4694;asBb;i5zH;Ac0F;26Ek;5374
OxZq;t3Gs;5jV2;Gspu;3512;kAMH;gaqO;V2Um;Ptha;9977;1nwd;wjAV;HZdC;zNtc;4807;qG4x;28dg;2DTI;bITy;4113;EMTm;8g68;un9n;yZh1;5207;cgtT;R3iD;SDg3;BAKr;6538
ket6;t3H8;OKJ8;WiOK;7683;1kzx;vERk;DMmt;4dqK;2924;uriN;NHmA;295E;YqYo;9904;KX3K;Ws2K;cniS;yH9L;6598;hlCE;aOIl;gzTq;Mege;9705;i3UV;yAtj;xiRD;TpoL;3498
OjKv;Hvh2;mAwe;Urww;4746;KDCV;86Uj;KBel;TL4B;7922;mb59;AG0Z;FrhQ;K0qL;8162;YQaa;tXWg;l8Ai;PPzY;3758;xI73;qPT3;d9f1;6v2r;4374;LaRj;LqRw;M2v4;50sx;6614
WazM;3SvY;hWNR;rGMM;2381;lcv3;Y4iy;dBk3;LqzH;1276;efMl;kLRC;IGks;GYtY;0065;WXjJ;n4bh;eUWU;jIyV;8190;slAq;cjhB;b2kR;HZn7;3119;68Wb;kmaO;wiEC;kbnL;3739
AYUk;02iK;M6Au;dlSS;8141;FTv0;3Hxz;TVYN;HqGU;5319;9mz9;f1NT;Ilea;vIH1;8001;Rt81;kXOb;HSPV;eLB6;2145;iEbC;Wdzo;XpHL;tCNR;2290;m0pZ;PjoK;ZReN;OnZw;8615
Bsji;1G3E;Aopj;rlBU;3469;WUDg;Vj8K;D2LP;fzRx;7162;XWFA;o3mY;HqZ0;GT9W;8841;MIz5;5AT3;Jut5;83a9;6251;N0hg;ZCoy;IgEX;1M8R;0338;4wwf;ECPw;mGAQ;vWbJ;0222
tsbp;LM3T;NiQA;EkGW;6020;kB9i;QPHE;kOCp;4Gvm;0682;xYqq;Tg3m;qmQ0;pW9B;0447;9zBS;mObN;QINJ;aJB3;2086;VAGq;KIBO;UYTO;Rmk4;6767;84kP;gWTW;Xq5X;PA5O;0969
g73d;KZ9e;2sSL;PfWh;1136;25BN;1hD2;S3c0;B04P;7036;SLTX;DFyx;5xxv;dIY5;9936;A4pt;A28C;J4NP;SMFt;1573;PK9C;wASH;dqQ3;HVbW;0675;dTzu;fYH3;z02D;VZN6;6969
K56Z;OgtT;nx5I;HL8k;9624;TIPy;LBce;NcNh;wAEC;0542;XcWL;e3pH;yA33;76d0;1080;UzBe;l29U;HVmn;B3GC;0393;5hwZ;wd73;ANca;rCJl;7580;XngP;yX09;eMjP;rME5;6879
lf4M;HlSU;7CdX;aWtR;9433;Y43c;ZyoC;Et9v;ZrB3;4319;3kSI;c6ns;25wJ;Aln6;3429;CwBH;Q8Ms;N7hc;P13T;9982;NVTn;6xil;D8c4;GGR2;8402;L6cc;Qtc0;8UBS;2SiY;3941
c4NA;D2bU;ZTSp;ZMiP;0642;2WYA;YE44;8YEz;VJoM;5884;NVga;AuHd;hnmx;6MDp;6098;Q23H;Irti;nrFK;PvaM;2150;7DJu;Aiuj;w72M;KLQX;1510;n6lq;6hPX;cTBU;yDcg;3541
M2JZ;3Ol6;iNQ8;HOuv;8594;3jXS;oiq0;5gJ7;CS5s;6412;grVW;ya1C;bTEs;mjMz;5395;We0v;hYk9;60Jg;t6A9;9743;NdQq;I8dC;zH6n;f0PU;8007;j1ua;FlFO;qkWo;KNej;8441
33mo;zWEy;gjbM;CNOp;7281;0o58;iv7E;0hou;l4Wn;9803;zOOk;zTHf;ra6B;9dkE;5108;pMPZ;OL3R;cB7b;VuOs;3252;Oarq;hGfa;0vSL;bcs9;0637;mYOF;qUaD;8nXy;Qu5R;3681
mECs;zZVZ;xURR;0z9m;6581;0Ctf;TS3n;Iykr;zagi;5545;hwep;rcVf;a7wU;rWhK;6337;xnjN;ji6f;FYDi;dRWK;2664;9mJE;2Xaj;2E9y;d5VF;6202;pdM8;OhjT;GcvP;y4VT;9732
QimF;iOkU;qGwA;eIZ0;2405;6mBQ;5HzD;Ggmo;wij6;2496;0zhe;OaNd;JSRd;CLEo;1742;Cmzr;bFzA;IwuL;RZTR;9711;swiZ;LJTW;sEic;pM93;8803;5ghO;oarS;Gvcy;kmln;7235
vnzt;hraT;lz88;FZcT;0850;vvIy;gRjr;gg78;LiAF;2240;23TK;wXuE;NpoZ;nZg8;7618;YpSi;oTr2;iLxz;0xiG;1483;ize7;PmJ2;TcgQ;83aI;3808;D1N0;DWZV;nG6A;w4S2;4268
xHEs;n7pB;iruU;xPUM;3340;deun;ZWQQ;I7v0;SCfF;9169;5W9f;jk8u;WUOu;Wizw;4503;NOwO;0MJg;Wp83;Xg44;9691;zxpP;2Td2;qOR4;pTSr;3340;i8Sx;WW5w;GRTK;NzLa;8323
21Id;MRS3;0zQw;ewhC;2125;sRBn;UcMp;yL5m;OC5B;4393;BIVd;8Jpy;caaG;fH8x;4858;535F;PX17;EXLx;dADJ;2852;fGpM;gxRr;Qa12;rIHV;5878;tTa9;qH04;k6ru;cXCf;4137
kjgt;nStK;CrMk;9Bfs;0135;9r4T;1vlr;ixUp;rfhB;1071;lDTJ;DWON;3C2v;jI6k;8582;rapG;YlI5;MUZM;sue3;5424;NsXE;FPH9;aST5;V5tX;6880;DIB3;aauq;iI4J;sW3y;8143
vMpS;Jwyn;FfDw;00iw;5464;gBLU;plrY;JPAc;slTQ;7479;fZYN;OdOT;fdU3;KdeT;2638;JrVt;FTqG;ckag;iZje;1309;rUAh;h7dm;75vl;mUrH;1689;Mr2o;ftEH;eyv9;BRfZ;2279
d0SB;ts9h;JhdT;m2ER;1245;0VjA;qL2r;omC1;sMXv;5594;waTx;33TI;EPhE;Rgq1;1153;IeWG;xMVU;EXQu;MP2a;6566;EIZP;2wIb;WUGB;jrPU;0452;9OyQ;J5mY;cihx;nbFt;0496
f0tW;0RGj;ClmK;qxoO;1545;VM3v;kIsP;lPPj;HJp1;6966;ZBQd;OBZr;C0Fr;xSbQ;7562;ple3;tB0s;ATtt;0Ujv;9429;H7wg;ZaiF;DkMC;lpvu;9633;8uWe;5ipG;xpwh;UOZc;6351
5tGI;LIJf;UUn7;iYi4;1019;17tX;v2za;c82k;if5b;2772;7rgU;ETbS;omHT;UBG2;4859;KAtO;KlZ8;OAdR;6Q4q;6668;6VfA;A3oe;4DKQ;N3vL;3343;72Bj;2acF;uCgu;4zeG;5709
vLRl;QhtI;jIlR;3Wks;3718;9N5L;Cdql;Vrcv;8xb3;3197;5M4H;QCuW;SR7l;2SU8;2180;YOFs;f6rr;2VoA;K3h9;7775;s4KM;2U0V;HihB;nYDB;3733;VcXm;3Z16;FL2l;FWcM;8293
gj90;nrRg;LkDk;zUmy;3575;1gIs;8owG;979v;3oUL;0826;y8yf;g5w5;culD;Hyeh;0894;R4oy;knEf;7KHY;3PWK;7771;x4Uo;Z0oE;0DM3;zoDW;3277;EMJr;B9OO;BAHn;du2U;0076
LhZo;DYf4;mANY;Q2Rf;7292;nn46;P5sf;5BCR;tgsz;0131;3wTH;frt9;Wqlh;UPCW;4596;vQY7;nRWk;C085;0Yxc;4001;oJ1h;5pKj;lefG;6TWd;5064;gz2G;HZAt;48Rs;0qDf;6103
85ow;Kpcv;3m2n;fdii;3544;b84s;FMWJ;AkZB;Ae8j;2807;GEVo;FrQi;GwLJ;AO7j;8818;P9Ei;VHu9;qr4b;pBKq;8022;QiCV;cfBK;qLxs;GCDO;9499;BGvg;wsx9;jzdq;bSoj;6204
hGyc;nPjv;l3S9;Dcq6;5698;dez7;jVD7;XLBZ;zKRp;0768;xGoU;fPtJ;K7iv;Lf1Z;3360;x5Jt;mSuI;PvBk;GDTa;2959;RJ8y;usE3;8xsb;0Km2;5888;5ubO;QzuH;WVqH;4r3w;7667
S3Yb;wlHE;FaIg;NgDj;0074;srCG;m5wS;pmGR;hCmM;3542;Fndq;mKz2;RkIP;RPtl;0753;GQol;S56I;0J3E;Yn8g;5692;D4xm;Yqdg;shC4;rr6t;8007;p2w7;gY4y;TRV0;CMiG;7726
BXBT;djRh;J0at;YTuN;5321;ZiKN;PjYQ;mCSF;fAtX;7020;788c;xVIo;mTAb;8W6h;1186;G9U6;nYob;OzmV;83od;7172;xrrO;Zx0X;o5Ay;6HVr;6715;Tc99;oZdP;ENnA;mqt0;4043
QmrY;By4p;5fAb;lcw8;4284;pbKI;XJSa;f4KL;VKPb;0584;TL4T;Iwhm;gplg;Ggzm;9494;iVCN;1TXr;ZEqy;moyn;6039;jN4Z;ma0Q;wywI;EMuS;8405;IXyv;o9bC;cOSF;8TNB;1688
hC62;K4GZ;rcMQ;BF2a;6503;Ozgk;mkNF;Tytb;SJXY;9567;U9wB;tKkH;GNDr;P5Wc;5520;poJf;tNgf;K3tD;OPeT;8024;9Rgl;MBaa;m1mn;9X8j;3892;tSvu;IDzQ;tirF;oWlV;9514
SdZY;bzq8;uhwD;sTRx;1443;oUhr;FJSz;ERBI;o2Ql;8011;aEvO;BhS5;6WKm;UYHL;6252;XRTU;f6SA;9ruR;Tl1Q;8621;Xgi1;apw7;tix3;YQYj;5660;Vuqy;wOYb;VB2H;Bgau;9091
2RLz;TEez;F1A6;YYA7;3211;yHwm;Uvb6;N3iQ;A3RM;0798;xskV;r7qU;G69f;ogfy;0485;6a8F;GJu7;jjVP;smxa;0467;WUOW;PMrP;umoq;LDgU;0844;vhof;48XF;jpPC;o8EV;0371
gm8C;EyKg;tNya;1YeW;9151;ifGG;iByh;UC5M;SGli;7472;UdV8;DYLP;VRJh;eYEa;6737;H1QM;xmpQ;WDhL;jfM0;5082;mGZI;9VQ5;XeUX;tGG1;6536;SoiC;yIlL;dpDc;R9sa;3621
V3Gf;mYuF;gymD;m8oS;0093;d6KZ;Tpea;zGCm;WXLJ;8210;WGPj;aU0Y;F6nl;fajG;3000;0Aew;LrDA;ODen;hPBa;9246;9Cv9;IeDJ;aoK8;qqnN;9692;J5TG;m5R7;4esV;lh6b;4655
R3b8;HZG5;diST;Lw5x;8241;LYBa;6RK3;OYlm;TIaB;3035;gv4u;cVJT;Un9z;5lPz;4513;aVvm;wc8N;09mv;K97D;6698;ORdn;0hIX;ZhFI;Ri7n;0116;9MX7;CamD;gott;myWz;8483
gBMv;AmCm;TBIS;k9ma;1176;Zhy2;ZtKd;jPVv;bB9B;1208;G3A9;KCC5;PhEg;tnQS;4447;kNuD;bGHn;gYaC;DB8V;4560;ra1p;sb0t;CDwa;Vjg0;9672;50xI;1Qqu;3ySl;tVJF;1323
wTH8;HxUX;AAd3;CUNd;1456;7Elh;P4Ej;Urr6;RbnB;4120;SFhz;3s6y;KdQb;R7pR;0185;FeiX;S3Uk;hCxU;fiiX;0567;Mi4l;qDcS;bUHv;jKQ6;9938;8jjl;43pM;IyDf;ErvY;7709
hl4f;DEtK;Ouvh;IF2x;2044;Cm23;xct6;doh4;9ogW;9981;BPXo;S9Aw;aaZQ;pa0p;9992;rZll;NVv6;84bL;sHJ4;6980;NOH0;dFL3;eqm7;HHQi;0264;kq57;S4IO;8AbB;Ea9N;4795
mqqn;O3f3;I6vH;OQ2A;2474;5vKx;iVDU;JHh9;g8QW;6802;UrBO;WRFa;6gen;Up8u;3937;3VJy;WCMh;zrrQ;8yT9;0827;bHar;VK8a;dUiY;lQcM;0576;bUwu;tkAm;7qni;DXcy;5750
hyGk;MAmA;JCt1;jLD8;4160;Z9kq;GhCk;EvDz;2h4y;3644;ZMcb;4WWV;9E0e;AXTJ;6732;gyfh;VIXz;Un0X;ol5Q;7310;etAX;Z8DQ;5wbH;IMYz;6985;Qv8V;YBu4;IJjZ;9HgY;5293
0KIJ;Y3yv;eKBH;3GBX;0192;bDLe;dDh5;6VaF;i49T;8663;mFPD;LTER;DQDG;chHi;6282;qyLk;rTKb;S21x;u1OJ;4040;huc4;ByVO;P3Bu;Tsur;3289;Prc7;ONTZ;mQEH;yoGL;8250
cfJp;3pmE;LYuF;XUht;1824;iEYr;LiDR;YYFc;toru;3891;L9mT;Vm4r;1ntS;kKnV;4427;ic6t;RGvC;ng9A;x9UQ;0526;qOSl;ef7v;e11s;OCVy;3010;v1Bm;SIRD;3Xoz;Hvav;4666
WpsE;GCcn;FpcH;A6pn;7695;6PIL;SuKq;mOdB;MHr6;4294;k614;mKFC;MWi1;rSgf;6533;LIYc;BGhD;49Sa;qOcx;1816;Q520;QuAj;lUhL;wJYG;8181;ihki;ENk9;s5VF;Sa1e;3482
0mPn;DMqT;7Vhv;pVCV;5304;8AGw;WjCZ;0axj;S7Vv;0470;IQAh;Ig8k;BwbM;9XSR;9439;HL6O;sX9R;UFZq;ZhUS;6005;Z5hA;t1Py;1yWh;HJs6;0865;CONj;R0cB;hn0d;g3Nn;9686
s20v;IGx3;grsI;HhPL;6150;jQXx;A5aW;fEiJ;U5PP;4074;cwPn;G2DZ;9YDy;q12I;2446;eqxc;wvvo;TCX6;2Upq;3679;R8OU;GPEf;5dKk;UJvk;0457;64mr;5k9P;Bap7;LyjH;7301
idaA;BmWu;rZBH;ZC3H;8948;RUbV;BU4f;t5pq;UuLg;5739;GHlM;jAak;UuS5;9Myy;0848;aJC1;s9K2;jAJa;A3Hn;5619;ywly;I16O;FK7y;yWEC;3374;WBHB;p8GU;UrAU;5RDJ;1021
GJ59;FAtF;t617;G0rI;8780;rLSM;FONR;8GpW;xR4G;9842;F0TB;vM2L;1n0C;yl2F;2598;4DNZ;BjyJ;ubwK;QWfR;0943;OP9E;0aJo;1B0k;uIor;1628;bMC3;0As0;jqWg;NK0J;8536
e1C1;xYFB;GeMq;6deV;8839;80rN;wYzc;JGmr;uXip;7052;YHs0;nMV7;AzK2;JdZe;0151;AFCl;Zo3e;hoby;e7qV;2718;lKVs;4nis;r1DK;C5Vt;4519;DxrP;LJ9f;x0XY;3N52;3477
lJ0Y;ev7x;vwSv;Tkta;3155;tN9i;M8Cu;bQWz;7bpz;8358;H2mC;rKNo;7j2z;CoCS;8448;mlJt;SDTU;5whk;siHA;8656;MZV7;cDvd;3gt8;czQl;3728;LnuI;xvKL;k3q1;n9uA;9554
Pwxk;xkQf;5BIo;Gd0f;8905;zbV2;yqC7;bchm;nqCg;4263;wdPl;6dTt;fg6O;KKRj;9377;8HVs;PEUC;Bb2Q;zhf2;2900;4Km0;fu0u;dpc8;sNTR;3304;jhDp;h6qc;cAho;fGIz;0061
pqYb;I5AE;G75a;n8B3;1372;oGA6;6T35;7UOZ;c0mE;0426;ouhN;3oHQ;4EXH;vHIb;9994;4JHP;kBst;mzCu;R43i;3910;48W1;THTS;TV1A;Ktsz;3173;MBJo;XXe8;sZdx;BFms;3869
YYJX;zhxj;RCa1;dvKU;6578;Z5JI;Xwty;ULWs;zK8R;0385;kazV;lnum;LQEQ;ZwxX;2708;56rh;Z2iq;Aaz0;yZfg;3136;hCon;C57Q;chv9;cLpM;5460;peaB;Tw0H;S6Ve;xM0o;1293
QrPg;5kyE;coRO;la4B;5846;brfl;df9j;bq1C;FFee;8100;1K2b;w19x;p1e5;kwiH;6198;Ugx8;WLoF;MDrB;wAnQ;1743;QXlV;O5kT;HzJW;X6px;6715;R9Y9;CbTm;7pFs;CZ2J;0547
iHW5;VxEh;FkaD;ltgN;3387;71yr;JGm0;fCU9;nXCk;3590;US9D;QFJX;n1vA;MU8Y;0675;E9r5;3uIz;BIyc;YgBU;9381;PuKQ;d27k;XbUh;KqoX;1801;dxbq;n8Lq;qCOB;htO5;3844
PsHY;HbIG;ntT4;lcrs;0619;Uzt5;Mham;xWE4;G5Kp;8922;cDB2;suJF;7xpO;CtNC;4205;bhm4;DOuq;M1mW;RLT1;9253;9bXJ;uECx;nKBN;q9A9;9735;prmY;1NyQ;bV5B;rrnA;4188
kakx;hNDE;XAYP;aXCQ;3311;Zpoj;orih;6pAI;mxkk;8578;wCmL;7Y43;2z5Q;5Qrs;7094;f3dN;5zcD;CYJf;tOtw;3491;1Ibq;Zzzp;0keJ;FoPT;6675;R3YC;fCNI;eHD3;24D6;1166
HjKa;GuDm;1yFz;YO11;7072;QavD;Dntj;4d5A;ul5y;6888;zi9B;FfDq;V1Mx;HJUO;8184;AIBf;ZYPI;Mz5l;nIv9;6505;4XJt;WEPB;UzCh;i1GY;8020;TZxv;pfhp;630T;Y98i;8302
BBZo;mpbV;AWZC;XrGP;9019;bwiW;PCTn;YDCb;jPYY;8472;uCLk;fWk0;5YRU;l7hW;0984;HLcQ;4uVB;S8tr;5dlb;4124;uWHM;L6G1;i5yD;anLo;1876;WPkJ;LuFv;bi83;OmG9;7687
zX8M;34IN;sMNy;0mQN;0753;xVq1;uLLJ;XBZF;wT8m;4233;UjbG;3wOv;ZOJM;YybO;3393;0FBP;Hkos;51Jy;lbor;6174;NFYK;RcBY;ej7w;sRXe;9264;jMuO;iVje;d9lK;u9jz;3469
59Uo;73cK;KTsc;8le1;7105;Wsyr;H35t;7gz0;zrVr;2545;Gxve;zLI8;PsRW;Iudo;2820;j8wN;pxDx;fEyj;4zew;1807;BRDJ;Vb7V;OfsA;Qqn0;2230;ToiE;vuVc;WfYp;9mJN;6406
px41;KzOw;SgIM;xNcz;8925;fGOd;EVki;cfKu;pJMU;8695;AhOw;IiR8;7y4q;cffZ;3657;k8HA;oYl2;f26k;WzzO;7339;KGsq;z68z;GgK2;bPow;0413;LMzW;nwYT;vSFJ;02ry;4633
g56I;7Gni;ntQi;fhG5;7948;OuBP;ACUN;Jk5j;Ju8e;4048;l6WO;lwLd;AgcT;iIz4;4092;t9VG;w38w;T3cK;7POM;0245;lVmS;1sR9;ID0L;1eDa;0118;uIjT;RkZN;TzT8;7Eq1;5472
vJqT;xov9;GTzp;jeqo;0496;MMwb;AOUc;uBWk;nr1D;9873;N8Su;mQGF;NDAL;fkmi;2756;kRl1;NfmX;zesW;H2gV;4745;YGDI;mXZE;Rdpo;7sAY;9871;DhCs;3Oa8;Ru9D;uvD4;0818
Y1i4;WNTP;dfm1;CgnW;9493;D2HT;ZkNt;kw0T;24Jj;8531;WBnd;eyEg;Gevg;VHF5;0001;H7Y5;29xX;pC2Y;ZfPy;7206;kx9N;N3nj;HtS9;wCFw;7531;8QwJ;w86E;UPtg;rLhg;0681
wGf5;tASA;WSIL;30IW;4603;Jrdr;VFOt;kUDb;P70G;2561;oWz2;NbJb;3xU8;7vz4;2231;Mltg;k3rx;Fok3;pAcD;7733;qPh7;tOHc;b1GK;S5Zm;8298;i95V;Ip1t;6vYv;VUNr;0578
MEFB;cLPQ;9i9L;2edQ;5063;qSOU;iIhc;ezCm;eAUX;4533;kWEV;6466;uCN4;hHnx;4029;C4Rd;sPUB;Dnpu;IPxX;6648;1fpn;wmPG;MaXb;CadL;3762;xvgP;6KXG;eP0W;KWFc;5453
00Ew;qBYQ;3uqT;uaU5;8332;SyCi;nIfE;SUkE;G4Ht;3076;hwlt;wlc6;rDQO;U9lO;0190;mIxs;TEb8;pbt7;Txjb;1232;lSFH;aNx7;WT2W;hUty;4515;peuH;JHUE;MpP5;ARuG;6097
uVx2;YsN0;pKAf;a1YY;7611;36yP;O1r3;6dsj;72ga;7745;1HZF;F8Pt;39eI;G0Bk;3865;i8Q2;my1E;wmyK;fFda;6423;LlLh;OzmI;lYgg;v3fq;4764;qqXu;EZAO;rO1L;Oij3;9089
nGTo;J02M;0hlp;FOQT;6753;r4Uf;1aQv;dbaY;FRHB;5790;FrfM;eBbR;whhT;RTTd;2258;Nlam;NpVA;pIZY;8Uon;9024;fJQW;7YrY;GuQp;Uq7p;8198;M4Fe;QiqV;MNUD;jkzH;4955
kRXp;bRNr;txKZ;tyrO;3767;BM5f;YDp0;NKf5;KUFo;9289;5XsQ;F3Zl;Gnjs;jNjf;2637;0g31;kORc;v2gc;Uf4D;0777;h4jV;xKLe;iGQa;F6M6;1107;vbT1;B7o6;5vWN;mKEw;2241
DWZb;KmgJ;hzNe;Axms;7209;gkup;VqII;rCyE;C102;4383;KHQV;qIOM;bhj9;ffu7;6027;8UBM;JA5S;V4kr;h0V6;9246;EmDm;IiRG;FTgi;EjeQ;9865;RD5k;QT0n;qN5T;4pUJ;9291
zNqz;TtzZ;UYdq;fEwO;7599;Apn9;sT31;ERrr;vHyL;9121;qDbB;bcfa;vIHv;iJkZ;7620;exEG;QE9e;dhcU;hYBB;5499;7qZh;I6ma;yQqO;PB5U;9134;kW1z;dU7x;zOOB;UQdE;9112
7Aql;vx0h;xCIH;rkBN;8030;vTz4;of61;VLC8;hkfM;4720;h1sH;Kf71;qrAE;kbKf;7678;0NvZ;zhi5;hukm;BGv2;3344;eVss;FhdZ;8Hbb;ZW47;9339;j7hq;H96g;QV8s;ax4f;1304
ib40;VPKk;ekUf;Pe5Y;2152;N6yF;lKaU;2Xjf;9XHH;5687;KbBT;1SHQ;SaPH;mfvP;7301;hYZ0;eozQ;FAyX;yZJC;4503;0a84;zcXG;ORvf;2AoB;4405;NyxD;GvUz;gvJC;Nb3f;6152
nNCA;6qat;xV8n;iEXX;7829;gWkc;DjnU;7bgo;5vM0;0797;fWDM;GfH9;LoIP;szPH;6641;rNl0;8Qmq;ytGi;e6x2;1115;702o;6QBq;Hmql;xe0F;5653;gTVZ;5ykN;PclQ;orl0;5355
xA8i;4fP2;pa81;ebp6;0972;6pJI;JJZH;swG2;MfwU;0581;JIRU;ajG9;lAS1;GGAa;2838;XVTw;z6OB;kq2J;Xxol;6987;yVXg;edVw;mckq;eYSh;0945;ZHIW;gaqd;3iJI;kIvk;4730
qMHr;nrcZ;6cQr;4ImZ;4874;hJA5;pnfm;keV8;thMy;5464;eqzK;Y8XA;Nvb8;SMGy;6526;Smpi;ZnzC;wY6E;V73D;6280;96QZ;nYLq;jDfD;HMnI;8645;Ho4G;XK6n;c8Za;vzA7;3003
OBM3;uSEN;qkhI;1jBf;5532;eYzf;p2qY;9H4B;dB0v;1133;5FRj;V9Ct;hjIr;Ku1g;3105;b2bR;8KMJ;dayE;d1be;5998;tnUR;KJyV;xlUk;8Tx4;4409;xyuP;8IIu;pccK;JDWu;2475
oGBD;E75B;YUsi;YD3m;3020;FTPM;8rKA;Z0Rn;5H7m;6056;oNt9;KkUq;zB7y;n5dw;3147;DrgC;kCh0;0Y8P;5Gxz;2828;S1sc;pyZt;fCUs;6zcM;3986;ukDR;kw9j;WKeA;Dfvh;3671
vwRp;pRSh;3t4C;koH5;2555;zihs;l4bL;G1nb;3jBX;2693;Q4Si;fWQ8;LEsD;xWo8;2772;2WKN;8iuL;rCOw;09lZ;6709;80yU;jPWr;UC35;YBUH;3722;Nv0s;OdmU;S20r;6F0z;0731
34PG;9lxG;WzJM;4uSD;0608;YhXw;k5dj;UCyd;v7av;8833;CLTX;FEFo;E2cd;BwX9;9830;i6QZ;AHHA;5RSn;8FcD;9904;tT3Q;biuV;9Fal;PfOf;5414;FcVb;Z601;J5tq;UMnm;7461
7kQt;nWrE;x60P;nlve;3263;VKzk;jsdN;cXLJ;manP;5557;JeCS;9FVz;wAaw;9Yby;5205;zYVk;O5Bt;OZ0s;603V;4290;iO8v;RzfU;wad5;qOj0;3422;1BMH;jWoS;Krol;Jk0o;4040
mMz9;h7qE;VHBB;beQK;6923;YAiv;kiRI;nr3n;Lp6e;6222;BZWY;G58C;vU8I;32kM;7607;NoRO;K8yX;qO8W;vcl3;2593;oNy9;cHtq;36N7;qyaP;3325;qSvm;iE1z;lZ0i;WO2B;7319
E8L0;yI4t;K5kh;7iSJ;5847;8M60;D9gw;re9p;CFFb;8190;oqnL;elmK;65xx;KYJs;8080;B7Ej;3y2E;HpbO;v7J7;9820;OhZC;ms6L;vXIA;zEx4;7394;T6ln;6cEM;ft2g;q0Gv;4628
lMBl;m6Si;vPGS;p0LB;2737;EJAb;ItZk;11Wm;tR1Q;2365;JdY8;KCeM;N5qy;X1Cf;7482;b5eN;0x2d;4gM4;8nYu;0144;AvvV;lZdA;6ukB;I6I1;4269;AD2T;Msgc;X0OQ;ijgR;6316
VnzJ;9uIT;OcOJ;T5iU;5506;pHJp;EdLL;yRJO;cgjF;7044;t5GW;Vy9p;O5LB;LlC0;1989;6rNW;ZupW;SRVO;AkBk;8820;Ra2A;PkNN;BGYG;YWk3;4512;UPNY;q4bv;wnSE;63an;4721
nHtb;IQxM;reFQ;4fmZ;0221;i7ss;526u;q7Ra;h69v;1110;GWun;UXdc;bm2T;eYn8;0859;lk8x;oppC;5KzS;hjHi;1463;RVtj;ulH5;d8nD;tbRL;1405;M63S;vdT8;tTGE;SZFE;3782
SRNR;Pb3J;T6Z3;NhIT;0119;9VZj;PWlI;O8gg;nbtw;2706;bdyA;YZdL;hKoW;xers;5400;o6yd;piih;VsAA;T6hO;2169;MJkU;RunK;65UB;rsYq;6345;vKMt;EFhT;sYuI;iDIC;9395
qroR;WvFe;kIWA;cV7W;4679;3Mhk;qjtr;tuMa;jOA5;0171;UnCw;x8zh;pkRF;IN8a;2838;vLqw;g8Yj;qrhp;xAJr;4085;8KYt;Nrs5;CPYa;SwmM;0729;Gpz5;JSeD;be8X;TuXh;1855
8py4;3VfN;RBKe;NXIz;4535;bSFU;1OPR;hL5C;wMfo;1708;cuRd;YuNx;vqqv;KfQW;3462;LL3K;wb10;Xc9O;XSqg;6948;S9rd;9d1N;cOOv;eBrq;6163;qAK6;8yQ9;auNF;SksY;4278
UiKu;rfKH;WmgW;LfEV;6119;Bu6c;7k4G;kjBh;TLfD;7061;0yaz;Mn0L;t9WG;KRId;7851;q6nH;H8Jg;2dKd;k9lz;8114;BG16;WmJv;UgXc;caTP;0311;udcH;fSxo;ZS7y;NrYW;4030
UvdV;VQFU;MIeB;lVQt;0388;7Qv5;CNvD;lgVs;Pzch;5578;ubZC;SGgm;DBMI;txQb;1826;Fsn9;0Nbq;nlG9;DJ3p;2295;2K2H;d3iq;2rZj;T89X;8533;poh0;OtS2;LYPC;lqtM;1221
0K23;ZMEc;TTkQ;3rMz;3752;FFzB;u6tz;D2DM;3VPw;9299;nV56;QJJI;5jiF;xdcP;7874;a4NL;b5Jn;WRMO;Ea1I;8582;Es0a;KfEV;bwJF;avsW;8211;hxro;4xC4;jOHh;9BmK;8859
QYrY;qq02;lNkK;fJVX;4904;Bh89;i5Uo;9D9z;QgZh;1303;oXvn;4jRT;RpMU;VhJE;9836;Ggxh;AKgD;RVdP;Cmlj;0673;eKkX;Q7nO;Cg54;fluP;9303;Ojqq;6ijP;Fdri;Qa54;7293
iwfQ;9cwZ;g4lH;oHDb;6856;8bzr;JXOL;JfGt;4McA;0361;vbhZ;2xos;e9H4;Tz6h;6142;04OC;LszS;D0Cp;wJtO;8197;WejL;iTsF;jWtE;A6mr;2880;WHf5;aelB;hLCF;3Yiq;6560
oyeN;brjF;IAUD;R3V7;1155;wBLu;g65O;6OS4;z1rp;4721;CTYt;oCEo;dCXT;rTZT;1374;FFxY;epEI;tv9h;yJVJ;0255;zMxU;Q0Nv;q69i;jqx6;2091;hAZB;JfJ5;36bj;9QWl;7156
mQZb;WZDF;b1ic;pu7J;7184;wWAD;fOrr;ztkp;S7Yr;4712;nLcz;U9tP;33h9;Uwv4;0704;RDTM;wiFV;KAFj;XwZA;7343;F98j;kHrj;fRUa;oVE3;8592;OJQG;Jmkx;3rRB;gjaq;4114
5kke;qRQp;JWqp;p8u9;4885;QcBN;fVNB;OvlS;sQfn;6383;i7Er;UTUb;6wAP;o9p3;8535;QFCP;ufbp;mW1R;NJLc;1749;9npJ;LWRT;dEPO;2Tj7;7524;IPCh;brTn;AG1i;4X4O;7256
FWXH;6FMX;uqom;N1lr;6757;hIs2;9P29;Acfy;jMQ1;9602;NHKF;OCqV;JxWe;P6Fe;4986;pEUk;sA81;I6yn;F6cS;3155;1Ws3;zNjQ;GJjs;li0M;4597;cJzd;n3AX;2qH6;xLoc;5093
iJso;aFxe;XPOr;Le7d;4578;3hBX;kyNW;T0PZ;5NKr;6553;foqP;tYpk;z455;jml4;5940;t3Vf;fcZR;qUZ9;pj8x;8631;LQDZ;66Rz;x6r6;cFYN;9003;nSzm;L5Of;lz6Z;prGM;1419
Yn0E;GZgG;lqpt;CnU7;6639;z2xF;O7bi;6uYl;Q8wJ;9327;1Qmq;xSuF;1wA9;DNP8;5404;Wqup;9GRo;Qs85;7cUT;9236;6651;Ivnv;2xlG;9rOY;8514;UTPe;lfqs;SrDT;cS9L;9308
Uqjf;Wx8Z;VZwr;PeXX;8124;pMt1;7eKO;0cMT;xi6j;1741;lWGR;GL7k;Q0fl;vcKi;9468;OwSa;fukF;k5Fs;w3th;6176;QWV6;mfYd;fhNB;2SBj;5143;KVkz;GBC6;lzam;XQGW;1156
8p78;U3oI;gfDZ;YXqy;0844;v7cr;pai8;fdbr;dgmC;1448;ZJIe;L6vk;06QR;x1H3;8299;5255;pbhU;yxdp;FDQs;2817;1Uwy;QpvW;yiL1;WHHo;0769;0Dey;JH7Z;L1zS;z8fS;1262
0SOL;LrjV;opk4;2OGE;3438;wIeJ;RXnD;bvKO;ERja;6610;quTN;id7R;4V7L;9TEO;9800;AibS;TVhm;Pz44;HrR1;6475;KH27;18NJ;oWOJ;QTd0;2955;kGSK;Pdcy;d7kk;6wPm;5164
zoPG;NrXi;GiUS;Drs6;6906;1cF0;h4N0;Npvj;oXZB;6989;Wciw;sxLL;ix5N;pubE;7974;SAWY;f8fa;o0ya;wKpA;8402;8Xqp;p6Ck;J6J7;ccAv;1326;Ds0F;peH7;iDAB;MR6A;8274
XLls;D7QA;BxFu;Dxj9;4104;sBPM;L1Dd;AwwY;5GS0;1816;4HDt;aYwJ;lZYA;YKTB;3774;Y8Ch;SBdD;mwDb;FWFx;7724;rpeB;FqSC;Vmsq;wtTU;0233;tSZH;sjOQ;k0TX;MQoW;8107
uwZR;x5H2;H82D;NsNb;3822;SDL5;kl67;Zh5r;DSrA;1679;GF3C;wGcs;k3Mi;QR1E;1684;P9qc;b3Au;2OWB;YalB;5257;w0RS;HGQM;3QJt;tS3V;5889;q78P;w2pd;9teo;4PdD;0300
OxId;1wqJ;Mshu;hwpq;0546;9Itz;XBSl;04nL;fx2d;9323;gDjO;fMkh;Gglp;af9i;3713;M7hg;kdSa;RHfG;HGZT;8517;se5f;BBeh;jLoU;zoYf;1536;BS0I;hkEm;4mOn;q0td;2007
uYOo;TRQ1;mLaP;YLLP;7020;IhhJ;XPTt;H7Bu;TP0G;3057;4Kc2;4hS2;4Hjg;xGZZ;2591;7q7q;8o0F;ogbY;8AWi;1661;sV0C;b0ru;bGXF;biPW;8307;prDT;2GHn;uyBq;eym6;3566
CD7T;FgpT;ExW4;5sXQ;8111;kCRJ;GTtX;T626;9EU9;7941;jjbK;6TaN;eEJx;3jAB;2846;NF5h;mZZ5;f0CT;WTaa;4776;a8PI;gQC8;YbyJ;PjpN;6776;M3aY;YwDk;6k7M;qlj9;2550
FBc2;QXU0;ms05;llvA;4677;HTVD;yiyp;1fsD;DQbY;0350;lZXD;qKI1;LLpr;cBjT;6745;gcb7;zhRa;Bu7L;0VfN;6821;sR37;anmx;sL8k;8E9r;6194;1B3m;nhiQ;5juV;BxKJ;4612
xZ45;AutB;BvaJ;3IXA;3458;gKrd;g7bp;lHTq;0qpN;8923;kScu;6Jxg;34hO;LSeY;5844;oJgw;Xo9q;sZer;SRtB;7549;LcP0;TaCe;1eoV;Y3M0;4712;n4NV;XHC1;pi2G;Dy1v;7136
dNEw;9USL;Kgb0;tuXz;1484;DX6q;KIha;dOL2;R8Yk;6012;guDJ;ByDI;dATS;g2Oo;7414;nW9z;LAgQ;NvRA;eGpK;2088;UchX;AEDL;bEgk;h3Jd;4720;wG5l;fvAW;UUdx;KeIW;9347
WNMh;Y7d3;ypMv;O42a;9434;ChiE;EzD8;HaBn;W7gB;9615;ckU4;i2fj;sOE9;AJmk;2831;4bRn;jHAC;UuOO;DSRG;6901;wHnt;Kava;0jFc;kMhE;1568;Jfde;Tono;imld;yGEC;0612
BE4i;JOao;3gf1;f6Q6;4438;Ehip;TXNk;zirj;ZkvO;9064;1EXV;YPBb;WMCe;M6ho;0690;vXWQ;1MQ5;bTbo;OjlJ;9102;hAay;SUUv;O4xk;I7K3;9760;1QqD;7GQF;oOyU;AjYE;8403
Pl2N;IOWy;cSo8;zDvD;1595;Azbi;NfAU;YevK;0bvk;1405;AW9y;jLxp;lVRV;Bzsf;5323;TbbW;sJcG;Y0eR;F2fx;9035;CSsk;KDhh;tBaP;k8ho;5729;oeHR;sZl3;Mn2C;Vg6P;2997
AIIV;kHDe;Jgom;wBRD;5952;w65k;VFju;LxH3;nH8T;0991;8ayQ;g3mH;xmnJ;0xu7;1396;WLCD;RJ0b;aCyG;B1Jy;1152;OSrR;7m2g;nG4p;N1Ml;7372;bq22;UzPX;oDWG;3c7O;6778
1A4N;1PVC;x8gs;sY9c;7799;Z5wP;MLaM;YPuz;izl0;4663;N9Z8;okOO;x6aL;FCes;1862;YOiD;Lfxd;KTEU;SDZD;7430;NJ9e;aIM3;hqDf;BeB2;5352;EWyp;FCy1;TvDi;CTYW;9829
3ONy;Eygp;xeU7;ZlLa;5039;jbco;MHsu;K2La;lt0N;0129;8we5;gl30;f3pB;sIEG;4797;T3kd;uu95;qQsD;0pvD;0607;zD9Z;WMzY;nYke;elJx;9490;GCgs;xpih;SigY;bVwZ;1402
uImI;Mbrw;th4T;6hJm;2204;Gp8n;aELT;pUwn;RC6A;6940;B3ns;B5ww;MClz;k0S3;0967;BNz2;jJw5;bgUU;OKBR;9439;wc6M;qaVn;ilwq;QPjO;5368;99Mm;ok3V;ZU7r;MeQv;3744
UQPP;p2fr;9tnF;62sn;8717;gvfC;iir1;8yBK;4pAd;5895;vM4h;ysyb;uDUx;jnwx;2222;PToP;rb2G;xNMn;r6Ps;4357;1xqj;vrWI;ixit;yoC7;6253;fVFo;1oXq;AX0b;eOC4;0656
28iQ;T0Km;vF1v;xNAK;5520;lqgW;iOdR;t2oT;MjQo;1751;GNRI;CkNg;FqMl;FuGm;8502;6xsd;xgPV;XJ60;RPtL;6000;rXNM;t02H;AMv3;Y22e;7114;XQ8j;8Rx0;UslQ;mm8y;9535
oDpk;k8tJ;hER1;7qkb;1677;KBeZ;Izs0;iMEr;MVfW;5022;YTxS;tcdw;uUXb;8lqX;7602;Aqye;rSHu;OBxH;u3Ji;1081;iDaW;4ajw;6GZJ;vkTk;5701;1LTw;IDmG;aZFk;kuCM;5777
idjN;DOeU;KTI0;gAMd;1918;gLgx;GEWD;FWPU;OQuA;7886;NKWB;IPbX;Kbmg;RsvJ;4170;rjuC;DjYI;uC89;P4iX;1362;UjDF;0xdP;kxNu;H3gj;4715;aJD6;s5Js;3k4S;GUFp;9483
oQBX;SZjz;CCn6;ONMl;4930;0bWS;pZj2;2CrV;th3B;1507;FDJK;oRxp;iSKT;picx;4719;bGbC;N7VC;56zH;xDpN;9501;xwZV;rGH0;76JT;SeE5;6526;ZVmx;4Oz3;bLfw;Eupe;2641
PkJq;ytVg;qf0o;SaJZ;1010;HfCO;cknF;p3Aw;ccXg;4489;RUVn;qeQS;3QRt;YFRG;1337;1Hy3;aimF;mO7L;82xg;3388;EEAk;b3TG;m9CZ;afNN;5592;vQ6R;8qa9;4C78;ncZI;2272
S53y;84lC;CYwU;sK2H;0013;Ce9D;Q4Hj;ZD7v;9P2E;5379;lSJY;vkF7;VTYh;GMr4;2333;nQJG;RVuJ;zEZC;VZM1;8359;SLhq;7bOz;4NtJ;7WKA;3107;QDWk;XQl9;TGbf;BzmE;9379
fCia;Muay;m1ot;jEUG;8843;v8J9;qygp;gOAv;Fgzk;5585;iiN1;GaOG;r43N;7yOh;3971;LiC9;O8tX;PUit;DcfL;7688;EKvl;TdtZ;8aMk;OLC7;7326;zVLU;Q66P;2HoL;i8pp;1041
GdEz;B1Xn;DIE5;doqD;9010;oF57;hxB8;aGBa;2iL0;8390;U6iE;fE3K;BZWK;vbCJ;2810;oT8J;1cOf;2ncG;EoGn;6530;KCU4;7CAw;Evu1;lYMZ;4414;Qehl;rrl0;ewTr;e0Sf;7641
GSdo;B5lN;kkqx;W8sZ;7548;ASoJ;4GvZ;09Y9;e0Lo;2392;4kSJ;Wd9f;kt1s;1qfv;4899;u6w0;06Ww;KRne;uS5H;7025;aF7Q;peYG;Yp9v;bv4S;1654;HH5m;YEVR;9jMi;flYZ;9145
NgW4;6JdX;7spW;zvgR;3379;bY7P;O4Ax;tJ7P;EpE8;9235;JU27;s0NP;6kML;r6yz;0887;OzYP;EKkO;OPyB;QpxK;0449;X9wI;C4vA;sZ8u;8GF2;3992;1cLU;QV0e;Qa8s;TTOx;9110
5owj;vOam;jU0N;qJQD;4037;clFQ;3cME;hfVr;7VwP;5910;wKnm;IWkP;m9zP;jRHG;7246;Fs9t;UvXy;cy5G;dU3E;9490;oCCU;nAQC;ZJHV;AGrw;6795;dhHR;aORn;bv4c;fDv6;5885
nsaD;j22b;o8DF;x1KY;1058;dAGx;ETzT;jVRC;xlyv;1247;TzXZ;p1qt;I3bi;gQXi;9563;oGlR;nu6n;rRYc;5Kx1;5501;dFha;Xvnq;VU29;FbT8;7810;Qu7O;ObkG;8y1G;q1fd;4677
pLxv;KtyY;DSI1;Uclg;4933;KEHZ;n8Ux;peoG;xScm;0731;dYa9;lnVi;QlkQ;4rq1;3667;3LDx;qH5G;SO6E;oRCl;8336;N4FD;X3Rb;ryGb;EyMx;2213;aZgx;YfCY;VNsI;0JoP;5930
hgYm;ChyJ;qVFo;Tvmm;0297;1v8k;xHCN;JHyQ;qZ2E;7450;06EX;ZUVy;1NPk;PMcH;3480;tktv;UrFn;HV90;tOp4;9396;7po5;1CuC;9j9H;Jw2N;1540;xXUp;kUaQ;CpPO;hIXu;8795
SVZj;vncX;4M36;iUIy;7239;CQaS;KYgA;R1h4;16z7;7908;8y16;MUdc;jYF3;uVR6;1497;YtNf;5dEq;c6r1;1Vdb;4394;vPdo;GLwE;7OXM;45SC;4421;kT0z;s88N;AvYY;sJ8y;9972
imt4;YjZq;E5tJ;z382;4680;dDwx;AZJJ;5Hna;nqWA;0465;RJpt;qutD;6zzV;QDnm;4209;oMsm;6Yda;r4lm;29v4;5474;VAbF;rZ1m;XLgD;jVzz;7353;d6ZQ;XyFP;z3jm;u5dW;1681
aVpF;okFB;bQ3X;a3Mq;0068;1qzN;iuO7;ENRj;bZxT;0072;5ySA;F37y;vclA;zQXr;6869;Lz07;lM95;NCTI;eldh;0230;lVyO;P7mW;karV;2EFE;3048;caXH;6NvL;qtIa;q1D1;3862
coW9;3VqP;KxL6;TvYP;1070;9SVp;7u3u;W3Rl;UNwg;3070;8tNP;LqRa;CtiB;IHGq;6446;WcYn;280v;jKv3;tvuc;1891;pT2n;4YpU;yxJl;QfcH;9419;kfU7;TcfI;iuDY;OUzS;3711
qIs8;C0NF;1VqL;O7g9;3314;Nfpl;Y0eI;1Q5A;iGE6;8182;VD5y;g5P4;Z6sx;Ivkj;8006;ClfR;9FTf;fjuT;dUJB;5852;wIfd;A1oS;iZ7A;XjZG;4258;cSRG;KvAG;UCNH;GwrN;2324
RYHT;Ith3;YUvs;Tdxb;6340;HrEq;IfN4;T4ll;giTw;7985;fBa3;sNE3;Px3n;y3qK;7573;n1Vq;7Khk;mER7;fZPD;3854;tXZe;erE7;EMRo;b9Sv;7562;BmRj;4YC9;Ou21;R1IB;1832
WZNS;f7Y8;6rHW;ZM61;3569;ZDeB;OCzV;i4KP;3U5i;6355;I0mB;UN9b;toQJ;WHWP;9451;TBi8;qZsH;Z4y0;d3nA;6054;HMT4;PyAN;1kF1;E8ts;5710;oAib;cnQv;sn7i;E2is;9253
Vay7;ADfr;KGRO;N8QJ;4466;FWG9;OtfV;GYwu;790m;3414;7ZnZ;x9hk;wDWO;x4zG;1051;T89L;IHDe;1rfp;dNfu;7503;N4YW;Nrh9;EZxV;91ki;8604;TTZU;jBZ1;FqTf;Q4NS;2631
58aS;Jwou;jTmT;d22I;0308;r2Ko;wwap;quIA;KZNf;9079;BWNd;PP3X;UVDY;9JKx;8368;3prO;zTPn;JB0h;rwUO;5206;ZEfI;OUB6;DmAw;zHLc;0267;cyRu;6F3g;RufW;uFvO;7269
UvyC;DnUs;uSyU;ABaA;5904;Tfx3;SBE9;Wzem;Vef2;6152;WH9P;vYRH;IzpE;Pwhw;1396;VG3F;H9UJ;ZkFp;dsgR;0214;2Cu4;2Yih;NNrv;VX70;7379;RcTM;bPcC;vQBh;H8FS;1350
un8v;mxQX;5XEd;xTe6;7786;w7OI;zxBR;gZJq;KXXm;0178;1Uim;z1L9;IKfm;RsNr;1098;VEXg;29Xt;7y9F;9Mg0;2044;ETok;KlCG;iEGX;iqTO;1482;GYJx;Jw65;M139;TqHy;8267
ogSA;C844;NPJB;4ECe;9144;D0dR;jyZB;yHyR;nand;7754;x2V6;cR1i;x0Hn;Pnhp;5844;Xcp6;9xJb;sSh6;FMJ6;9572;nKSk;oesi;R2Jf;hvNl;3003;eNGk;HVv5;XimB;UN2D;2782
WeHW;bhuf;eXzd;tZQx;3259;INjT;SOhA;RcPR;bN1U;0726;ZjDp;0bdx;wKsU;gkhD;8758;t5NP;6GmH;Y97m;sZWC;0129;dlRS;minD;wCVR;VeYs;3770;VT7j;kuyK;nFaM;mEvn;3534
hng9;11mx;AvzN;Bm7f;6663;2jz0;gF2E;r5zA;VhZs;1645;qQcb;Npw0;NK3A;Bqg3;0573;Scyu;Vb0z;J3Xz;NCw0;4592;ADH8;mvJo;u9RD;5DIU;4176;M47s;QIJO;xx5Y;LWmx;4283
QWXt;xnzI;yG0q;B7gB;7283;Xm7D;KEx4;zQP8;fPjt;1472;Oslq;YVh7;u2hN;vbLp;8014;PQNa;N7ri;iv0U;VG0u;3756;KAu9;tnEA;ek7A;Opga;2677;jD5g;QNhB;veJO;sDzm;7195
U6xB;bIfJ;Ut3p;0QRn;7124;aiuq;Yc18;KTRB;khb8;3942;PCys;WDD1;7tZ3;oNUK;4294;GrQe;ZKcM;KGbC;1DxP;2298;gFrU;shHW;sEHy;Xd2V;8465;B8nJ;rdNl;iXwy;vwBQ;7506
zS7r;WMQm;DGt4;fuNE;5172;8Zka;A36f;P5A9;SdrP;8165;5KyV;6FH1;OJyd;PlIH;9801;vrP6;aqAp;Bkgn;JgZN;5611;Yy26;DYTf;lH7G;JYei;7447;DG94;wBPn;A97p;sPwE;7623
U7fs;Vhdm;iVt1;Josy;7534;FPMj;cR1O;J7pV;2o3L;8937;znSe;EIrS;Srlb;Cvsl;5763;7Xmh;TgKQ;TdFf;10RE;5463;OwjV;zupl;C8e2;fkwR;6726;muRg;ZZo5;UmfP;I0Jc;2405
4RKa;DYYv;G3Yk;MkNi;9143;XPj0;U4bE;cwrM;1CGX;9833;rznh;CGLD;7pPs;JP8y;8194;slLN;zsbL;Np30;oh6d;7245;PpFX;7mcG;8KWK;Koxi;7632;TJ6q;LmdB;JO0V;xIKh;4247
ZswC;I3UK;78pj;1Kfm;3853;KKSC;Qncy;kSvA;C2Rk;7109;YPrJ;h3ta;3Cy1;zIBd;9414;X1DL;nyGu;1HCb;0p3q;1504;lPNL;t4kU;TA4x;Bwf7;3075;MdCu;xkfe;LZ1B;olc4;6872
ocaf;AlQY;7t1n;bXyw;5744;c9Pv;PS6k;ubZ8;wsJW;2286;VpaW;cR9S;Ytg6;Q2Mr;3495;TrjK;6nAp;h9Jc;25XR;0216;sIWc;k3Ks;4ch7;3teD;8261;24jn;Nh0c;GIwL;iBTh;7406
56h5;7F9a;6Kfk;faLn;5872;Rru9;yqOc;IM7K;xpQr;1705;4QCX;kHJs;SMC6;XUQ6;5037;jYJn;L89G;3SJL;ra6x;1009;ucYX;xi3t;ghHt;1sxX;4784;PkTy;M5ff;Qgus;3DXQ;6290
PUHO;TB6I;v2za;W0xm;6663;1y4s;rRo4;1XjN;iIgl;4569;CXSP;1EHz;O2nm;GQg2;0792;8nFM;J2cQ;jYYA;7oNT;5378;Kox1;UaFy;0HGU;0h62;3803;Lm1K;KbW4;aXpS;iOQK;1626
9Fqf;rXYc;lQ8I;3l2s;9981;Snbg;gvPe;e6OL;U83x;8584;8aZH;DTHU;N5P6;o3Ey;5900;s6oA;tef1;DAaQ;oIxX;4540;2rlD;ZhpP;Acns;JEg3;5240;Rl9M;kvZq;Kaf1;cfEr;6266
Jiuz;FcC7;7uA1;a3SX;3280;g2Oy;AQbD;a0UA;L5FV;6261;sLJo;yESy;xAdb;k5A2;4901;RRpW;XFZb;7yYS;byrF;0562;QGPv;EFzL;2ziO;WwJW;7997;8efI;YLAw;WpQz;ZKuG;2526
i41c;yFMU;XODT;HC0G;5857;yrDJ;xUNy;9cfP;arTV;2732;kB4b;SGoU;yvZQ;mjlv;4779;9nNd;2Igf;5jmM;5y0R;3217;GZTV;u7sP;Cm38;fIme;2447;hIJv;ORVd;kUZz;AXyi;7612
joeP;Owjg;7DhK;wSnQ;4873;9Btq;KQIf;AtVT;Te0F;3240;7EdF;lpX5;EZbT;46Ds;8925;QrBT;K64X;yUOJ;gELF;6112;67QW;TVK4;BpTI;OuVd;5106;6foQ;kX58;yshM;ZYXo;1388
XjoK;JkHw;CowM;VVtw;0470;ouqb;SmNr;LVbB;ANqJ;2889;zdI0;EPoJ;Ukfo;ZLqK;4238;laD7;gkbD;uC9G;FYZG;8183;5y5x;o90h;BVmu;E6vS;8114;uyHK;uUdL;rPGQ;cfx5;0011
ah8t;YLo0;pJJa;Qf00;3906;XQp1;exRK;zQsO;urDH;7677;f1IF;HXrp;otep;51J2;9873;3Ktw;cShp;0H21;LbWm;7112;f4hV;t0ro;u4f0;LO5J;1187;noMQ;VA9f;Cj7l;87Bf;0887
33NG;AhlW;BMEm;xqtw;9606;6pd6;m1gT;9zTP;OdBD;5071;bbsa;3rHN;B1oR;rxVf;6594;b3lu;mC4a;iNjC;HkOg;0664;TVbc;89PM;I0Ai;uQ7V;5568;0O3w;2BBz;SxaC;BRai;8067
zmc4;iCVa;Bmwc;qWps;7138;GxUT;a8bB;vEYN;uipK;5725;zI5u;XYij;0geo;2Q5D;1460;YSAW;ZCLc;itNL;shrb;1752;jmLX;Z3mN;ESbi;HweX;6348;kLKv;IgfT;bnmu;aMUR;9956
tQDh;W6fb;hSv0;3cZN;6157;M1PD;Gki1;Rcy6;3Upr;6640;RbhW;hRQy;oe7R;my0f;3481;ZWbI;q69a;Hd7V;d6xm;8947;nMbL;Sdpe;FmF2;8rre;4420;kRxT;aqgD;MVWv;c0p2;5337
bxtC;Ilzm;ms1L;mJeJ;7840;l5Ij;XXUP;TxSc;4ouJ;2630;pgeh;uopg;snro;T4vu;3936;Jf2g;KvTx;4q6Y;QSmc;3474;7pyT;Lmao;5bHo;xQti;7019;NLYu;Y1yq;69D8;x0br;6052
l8UR;2Ttt;edYj;ka43;0952;XbJT;q7L2;e65K;KNOg;4749;lmJm;tslr;XciV;zMGw;6573;yElF;EFJa;ixgR;VoQD;4343;7JBe;uSEn;Srl6;L8B7;1470;n208;f5tY;vTtg;yjQW;4018
RJS7;5z7a;B4nd;5RdK;8168;n14n;Yxu8;J1hX;X7OA;0997;Ka6n;gfJ8;NM8E;d5Ah;6982;SgkD;74pG;5GtV;KZCl;1868;xkim;1BCP;Vbho;OdBi;8546;Ejmo;TY4w;wV2P;A7LX;4147
RxQn;4OBX;aoc4;l5kO;6503;3bL1;ipaX;iIRl;hgR3;8883;1u2N;v9GX;zM3E;qChJ;7931;1sVL;coMb;0MBz;LoyF;0737;JFwK;t1h8;2szN;RLMP;7753;XoBD;8j91;3rZn;Dplr;0454
LJjj;xGp6;YYue;EyPm;7496;dFVx;k0jq;giZ5;Hb9a;2399;xvF8;48EX;4lY3;cFmS;3712;qsqf;B8yV;fsAw;Hyjt;6268;1Y4k;Dbvs;wu8r;GJgI;3190;9TwT;7g2m;Rk5q;ViWa;4425
X0or;FteI;GFLp;p9Yp;7333;i2lj;1xX9;AsTI;ptNE;4563;xRVT;Bkw1;EFro;0rOG;3077;Am2f;ot9W;xbVA;hzhX;8136;tOLW;4sUj;RgVK;AUXr;0339;YN0y;WKlf;22Ol;uSSC;4698
LN7L;wdnU;BCPR;U1vr;9499;9yw5;mGub;MlI9;FoDE;7203;9iol;k9a6;tFs4;DTp6;1379;8fmS;yd6v;XeP6;0Ip6;9688;QBS4;R5a4;Lt9O;a2lr;3542;Bp5f;lDYb;Hnh1;Viid;2827
9QiT;enoO;3ETL;vWkT;5116;CDmm;5vVs;C23q;qIHI;3533;LGCD;eV1r;iEzR;w6Ib;5342;KINv;VbCx;nrcQ;nJuX;1913;CGdx;tTnk;GdCT;OG3C;3578;JNCe;BRYg;hvn0;efVC;8344
KfbW;bdgs;q9AS;vCJp;4608;2bfT;dFt5;r3KW;JU2b;0875;y0rU;5r4u;Um8W;sVkY;9544;hm8d;bIeN;VmNS;8dHz;6323;fu0V;Wbvx;tCRf;mBsx;2833;Ta7T;SuKE;5cn4;BA8Z;8682
1ua7;U6eZ;PAfE;yIri;2733;SCKD;KTvj;ZW8Z;kapP;9495;f0wR;AyA9;PyAa;PvZw;4971;qYXl;9iOm;wL2v;5jbi;4929;crbZ;wPXC;koHB;BnLG;2265;0zzT;814o;XsiY;f3xp;9262
lJBH;jsOI;HX6g;OBHv;4489;iwLR;a3eH;iIos;2Zz6;6544;told;dnyT;ukpu;NoVM;9149;V4uo;G30n;4Bkq;IHh9;5315;0So6;xanj;Lnnv;KkNv;1801;pA75;Zfet;SMYu;BovN;6058
LjOK;kNzE;9S5j;Atcp;4669;6uCO;EnpO;ckcJ;3YXr;0300;kQ7w;tYUt;9aHG;3THa;1201;KVZJ;F098;wHJo;E8u3;9140;LYFj;mfYi;Oscd;8sDM;3092;vX4N;tNh5;BcJG;x7CE;9185
pjPD;G5Il;9P0Q;ReiG;9209;T5xQ;GKYf;xYdv;2Fw8;1970;6X04;GXp3;bqgl;HxRe;0544;PKih;TJMo;xOBu;Cjig;0858;8JBn;3a91;B1IL;iLaf;7125;Q70l;nMpB;OpoI;7jbJ;6798
sVXX;IcpV;glca;zMl7;3947;QUpn;8emX;J5DD;7tcQ;3515;SjoI;rnZM;D9m9;wBrv;3270;9thM;Kbzp;iaQU;JbWY;1771;hs4D;Ue9F;SlSh;zMuu;3594;Uix5;xVX4;b8mq;9u8s;7459
3qtP;F3gD;7ye4;8fjk;3318;nb0n;BCWe;qxW6;gWd6;9447;NwFp;28nF;drZ0;UtxL;5040;lNH8;9qbU;4lno;osdn;7785;xsfl;7jhq;WQLK;xzdX;1917;TokH;zrqr;FUhK;eHlc;6277
TvvC;rYrX;n2IU;i5gV;0613;7UgS;cyQb;kx9f;jydj;5291;ZwNX;LTMu;YGUs;5ad2;2677;kWKm;KlE7;8r86;G5uE;2631;T1zW;QprT;nArO;7ZLF;8773;YJpl;ZG2r;Ul34;2L1O;0063
1IST;ki0A;RCH1;A82Y;5612;houM;Wad4;VHd6;wgzR;0477;lQN3;Br9s;RNyl;zyIv;2035;siiU;7raq;OBxR;sVEq;4910;pm7y;miIm;alX3;rDyr;4882;j4kB;aSiy;1o0e;U4NS;4420
GRG4;LtdB;s4It;DMxy;1342;MCKH;Akgm;NKsk;RFeu;5663;7tyk;KPEk;Ce7i;ZhMj;7296;koaJ;tGfl;E3av;omOW;1686;oLfI;4pSU;chkS;zIPn;6425;RPmM;ySes;37pg;bj8a;9160
ZeAr;W59A;W6wa;CCBb;1148;Eepm;F7cS;sWah;5JeL;3676;UovK;vaPO;j2qr;pgov;7974;PI4D;OWnz;4m2a;DRkZ;6038;57Tf;CJUp;uapj;IQeD;5611;ckTl;omgw;x9aQ;g7sl;9878
o1iY;AThN;dXzJ;XEsq;9537;SzHL;J1GG;VQuO;e8Cw;4371;Cd3I;65Kl;bBmX;6q8E;4993;EgUe;5wk5;gLoD;k3Al;6676;desq;ISfU;xq1Q;eZ4V;8144;OojJ;KFpU;gL2g;5k7K;6841
hHrZ;UQq7;6OSR;EzQ6;9434;Iyjv;dMF3;2QZq;x3M2;9061;aQtq;m6Ra;KpdU;1JNm;9955;vdaM;BXva;0REU;gXAE;7250;bCjH;aVxd;Ypfu;nOhR;1900;aVDe;gojO;P7cK;d812;5483
rA6z;2iuZ;QvKn;IFAy;4948;ncmH;W4xF;78iX;CMLm;2647;25eN;qQ85;bItq;rAze;7738;Ca2W;ox1W;PjYa;w2pF;8637;cJsy;3DJK;dZ3m;m60T;8055;OVXu;zurI;zona;SSZ1;2776
dzZN;JCjy;SnO3;R8Ol;9964;5rij;xthc;XOBq;veNP;3214;eQWQ;cBkL;RUc3;eoAg;8495;9rGt;qeeI;lF71;B0uI;7941;yQlx;Fvx3;N1Ig;QH1B;9407;0d1C;Nz1Y;Tljh;h2ZE;1783
wtZ8;OU0H;UjGB;FH5o;4605;lNrd;g8eX;WHMz;v1UI;5413;c77Z;oPV2;qMo8;DDuP;9672;Qdyb;EKG0;QrSy;bHr3;2622;F9aG;XfKD;xVOu;jK9c;3463;9Zjp;dpRH;oufk;bpGz;8019
x4BX;n4ml;2NvX;ycMO;6549;Xk1I;3vWH;SAVs;gjVL;0252;qBVC;EQFr;jRdv;EyBG;5609;8Etd;lC8N;q5fY;4aWk;4391;ITKz;MEEP;G278;aBOX;9763;MSrt;Onf0;1Mxi;8kpa;8763
rEdQ;nYgU;nwRw;s4Lw;7968;thlq;YSgy;bSJj;gQDr;3484;1tmf;632I;3tQr;1stQ;9008;W81b;wvCS;uU9x;0ZTf;2688;GnZQ;KQ3U;UcSG;EvKq;8170;i1Ta;qGCU;yNZp;km75;9834
iEdV;PAuF;sop2;L2ei;5729;fOKM;5hEx;MOId;XiYc;1148;BbbN;O5oN;SGLy;qVTe;3781;vcEt;EYKM;llTK;Q5x5;5703;yJdx;bZYf;S06H;3sTo;6996;jgIF;z0Cp;MFIS;m8cV;8563
MqyI;BSEm;iQLw;H0uE;2461;s3Ob;kTgx;RG0Q;Tt1H;9721;AWri;SfYe;S78u;CsF2;4356;3Omp;GBRY;3pxl;lL1N;5876;eoAo;bv3A;uV6J;NoqS;3122;5Is5;k5n8;IYwy;2wfX;4029
vocK;rgwD;uTUx;0uZx;4356;klDf;5rsB;Ao0M;QmzI;4849;f6aC;Ni4J;KhNw;4Ksk;2487;bSPI;HXwL;Q52r;2HUZ;7327;3QNm;B9cD;0blZ;YSrk;5244;vfXP;4qLn;XoGU;d230;0159
2gq2;CCXn;ubFU;pUvp;2784;NCKZ;uwO7;ZKqF;JYky;6219;9eHC;WNK2;yYTQ;RnUh;3679;dqMD;FMlK;zRN4;fnlL;7414;kYje;36ux;SfKG;hcJH;5211;LeRi;zSov;ofQL;iTaU;2049
I7UB;VmmS;1x2P;cF5l;5788;xjlG;W7KA;CTQ3;nVgT;3142;Hfle;xU1w;RsJY;vQFi;7959;osvG;Zm75;FrB3;ZiPI;2132;lblz;VLOy;2mTz;X9P1;5974;7NeD;cmLa;NWMS;wYgF;3132
iHqC;dSz5;nPqe;xCSG;9615;1qST;dZYL;2dKw;k3ws;5893;jZcU;mYSU;UCPj;r7dM;5140;3z3W;KMCV;XQ9P;AQVV;6703;wUSX;e74f;CeD9;QNw1;3722;m4J6;8iWF;6sDc;KxHk;9538
j1F9;X3kh;wAki;S6xt;7228;ATF4;GZIZ;5uDt;t8Wf;1597;UndH;n5Wu;8Vsp;xXa6;0073;U6jF;aP0M;eHdr;Tm0z;8474;ntLM;bWZ6;g4MG;bOIH;9894;OLNG;hi2v;ulcA;ZO6r;5523
p2X4;RGye;AzUU;7HJJ;3546;ZWay;KmH6;OO5i;ErL1;7274;OfCZ;V227;1lOR;NBmL;3639;TAaG;oepi;OcbJ;phYD;4008;cK3G;lu8b;xV1T;03KK;9603;vIgO;pbBH;bZHR;m5w7;1311
1s3H;hCpZ;cruE;Lusq;1156;FMTm;UDxX;ggKO;MANH;8138;WZ12;nimB;evtq;OHym;2417;zB0n;tITq;gnsS;N54r;2991;QYAC;gsoy;TULG;my7q;1962;u088;cPwn;Io3S;yI16;6215
STrL;Tezt;HJeF;fI6m;7484;eAFL;nUnc;iO49;Ze9t;3068;E4Ku;EDSs;V4iA;Isjo;0196;yRGp;LsHf;WRqB;UPqZ;5408;j7WM;S9dh;TMr1;tRG1;8007;PMVA;r4DH;udYf;X2Gf;5234
Tm9z;HJEL;5U7n;CZzJ;9142;nRf5;XFew;UwM2;FON9;5660;i8Ki;ZNxw;dIHq;YCvr;4309;KjKW;QwPz;SPEi;IlIs;6168;fxrH;XzsM;BaV5;n1DX;4925;pmsm;8wem;Gf3G;KnM3;4591
5z41;Pp6j;BFNx;V2Hu;6358;d971;UJiS;UtHD;ysou;3538;xuIi;e8Pt;74n3;i1t0;6066;Iy2x;91mR;USgf;y8ox;0590;ZHIj;W0N7;qapY;RhUJ;4858;FBYW;y5uu;RHsx;H39C;0549
CYGz;eDGK;ZPBQ;6kJ6;4712;A5Mc;bp6t;xWsr;OaIs;2058;Plpi;yfAc;kgO2;vyWk;5967;IxvJ;E3aS;F4tI;cwcC;9363;CbIR;ukEh;iLYe;Nh9t;7286;NOHO;wmLV;irq4;vWoL;4844
KIai;LZin;6EOv;0XTz;3214;M5QE;T6IH;ryW5;M899;6267;fVJJ;A7UM;qrev;RAsq;3638;osbv;tQUo;QUgt;33LY;5733;IbBL;RVPo;jtCt;aNsv;6348;Y1zi;k2kH;snJP;1fNk;7683
8IPR;dISs;zMuQ;XZK8;1539;GwVr;8enW;fiu8;OR9A;4041;KOH3;jtn0;Vj2V;b1SJ;1770;5dlk;JG0F;Yid7;d43H;7932;DqiK;rdrV;KS7o;sVXH;0106;ydnN;pU3q;knZL;91X7;7792
tVBB;gij7;7LAM;j3kU;5798;8acy;KbJD;Hgkq;fXnK;4566;37zb;Umy9;Ys1w;KpCP;4746;8PTS;sEag;Rpvd;VgDk;7276;iS6l;TZd4;TDER;MfIk;3752;hBPN;DBZ5;xX5O;Jlyb;2793
hC9u;ex5b;Bk87;bzCJ;7507;6fGC;nwII;O5MI;DZHc;2349;ixMG;byQ0;FtIJ;yvoU;7500;FsMn;stXm;Lbbg;SV4B;6374;1yBc;Bt9F;JsD6;Swti;7141;TO5F;7DIw;2XRo;3z0V;2101
vmUG;9W7c;J8UT;Jxsq;3517;KKHT;WrZm;s95g;Jf9j;2929;FvZy;d2cp;8aLN;g143;4906;413B;IwlB;xJu9;4gBl;3375;AK9w;3hil;d54Q;m7Op;5701;5Dh9;LjO6;Fad3;XYay;6806
QSi0;3WoX;ZtP3;1cpw;8815;TJiV;6gpu;PSZq;7prm;8295;O1eC;zrjf;xGHC;gCES;2711;y3o8;hnuX;ERGI;GW3M;6908;qhh6;DY5N;MR0G;fzN8;9564;V3e5;pIOK;5SFp;dhBg;4064
rwmp;QZZ8;bdcR;RQNV;0870;PhzM;Vb9G;UVxB;6REC;5089;Ahdq;ZAfE;mF3G;mePH;8151;T40M;iRUd;ykJh;Mswh;6083;DSHe;YIM1;frxz;QHmz;5838;pGPD;W13P;zCWQ;NH2S;3076
BtXD;LiFO;y7cT;mGdD;0587;qgl9;WsO3;xIJQ;3WR7;4783;FZlq;zIus;5Wmo;Gi43;4147;rJrU;feAD;CRux;Q9f8;2956;lhzt;SsZn;Sgif;hMRg;1909;00Yu;A7Up;wyCg;1S2D;9023
FCS3;cPIw;xI7r;55iP;3324;LmSE;JzcF;loUB;4lew;4444;lDss;W4Sh;hXwG;4RH6;6095;comK;Rb0S;sZxZ;kT5N;5507;JsB4;DH6S;Vac4;aEVS;5006;0fkS;I8Qx;GsM9;yIFe;0448
g3Ue;xBK9;x8Sg;8dY1;4655;dQlr;dh87;PS70;ERUB;5783;be3F;COQp;8mJI;ZWLx;0940;Osom;zwaQ;PwtT;jqwF;1208;nce7;UI5f;nFtp;cFKH;3902;Zeb0;hidz;unPm;uFja;1310
I0Ie;BQv6;q8Zz;7Qol;0447;Nc7g;eBLn;fo1Z;E5Ba;6942;F1l0;QH62;80Ln;HbMn;2894;YCn4;R8kd;DRxo;ipcM;5988;Uzn6;b5LE;XsFg;XAbj;9217;6bJ6;rone;RX9T;n9Sb;1988
bgri;X8MS;8L6Y;T57M;5337;XCL1;kwzw;H4Wu;TZAY;8815;OvfQ;UXtb;4PBa;zX0i;8293;d6b5;NdIr;VGB5;AbRN;3907;Qbeo;yeHn;VW1B;9jd7;0194;0hgv;v13a;0FFy;Oi8D;9552
JdNN;4EdP;arc8;fy7a;5512;FDPV;Pgv5;QkhU;AJSf;8673;v4gx;y5oD;rc6v;RFdA;4694;nxt9;OvkD;9FZG;a7Ar;6793;wAUD;F0fe;0x1D;TTsd;7297;Y7Hy;NshY;rNLe;Rghv;9393
xbjj;cE4J;UBSX;EuVG;9400;LziQ;AZfS;MOEu;rNPm;2625;fTQE;o235;I0qR;R7H3;4134;pOLf;jOpq;3fab;pSBV;9332;vuKt;Epv2;S4ih;UhLQ;7279;vTZ9;Gf5M;mmfu;KBj7;0235
sPro;oi3E;ETKY;KHWx;5982;Qm43;DYbT;9mxP;aMJo;8688;Rf7p;7Fd5;1zRz;TyfF;9203;N9dM;9XRl;340Z;sLr0;6897;3jbn;ckHU;phIu;n8Ui;9004;0YZ4;bj0v;KZzf;ezdB;8108
rJEv;gr5l;nGPq;EBDx;9274;2TCA;bYrL;cNih;WpTS;4481;nzEl;7kIq;XEsv;7rEY;5326;WBf3;JFdr;XPdg;H4O3;6606;2Cyu;rLzN;AKC7;AANY;1181;YDzB;f4sm;aiHl;3m56;4667
VlfC;ZLdc;Zg4b;pOSv;1840;mzAn;sfPB;LUCX;B5bv;1980;YpF3;t7np;oSIE;89Wg;1490;DiDK;QYZQ;HgBP;qQY1;0120;xsOc;rnyE;jHut;jVLE;1223;W7GI;hQHe;0ACx;oc9M;2077
3FPs;CeMc;B7Fs;fdaQ;8835;olLw;mTFG;94I5;c8DA;2243;LmN5;US0W;Temi;lmQA;7071;ED2S;8tcS;d1bF;bgYl;8195;9Lff;W44L;9ckJ;iyOp;3867;WaSn;SWaY;ow07;bZrg;4357
su0g;gcox;B1Q6;Xc4X;6677;8HEA;inAT;qsdx;OEPf;4887;hIj4;Jvb6;J59J;NTYP;2939;RmtL;Kqcv;nFli;wd59;8937;JdZB;BegV;9PWT;yccj;5696;LiFe;WFE6;BFkp;KEB0;0952
tR39;ezP6;6IvS;Ljvb;9606;oFqn;lyml;8vNq;253Y;4250;V3nN;fFl9;cLyV;yT9S;2419;coSV;WBBq;2Uuf;Gkcp;4558;m3lE;D4T2;6JJY;CSyJ;2925;Bmcm;kTah;3V8M;GBqa;4754
tdgf;WSeO;jwin;DnOW;6997;lGA4;Watq;qCYj;Psky;2753;ECS1;kFEK;HsMR;ft6T;8279;uL1K;NPdG;q7S6;XbIk;2746;jk4D;43Dq;WVbu;jF2B;2540;FTsk;gR1B;ElUL;z9tA;0249
5Mq6;yHDF;Q9al;5iA4;2801;sc8P;DS1x;Xj6V;hH5n;3816;Covn;Mg3T;LTeR;dJCz;2063;4PEf;6d7K;unv1;uAt8;9859;EDGb;nUG2;E7vR;6AuS;5422;UMvg;AjSq;aXmT;k7w2;7016
87Oj;rQYu;77JT;Mahp;2498;YbX7;IIzc;GRsq;idOX;3121;MQek;lUeX;xiD4;NlFQ;0671;TmoW;Ty1u;lgRw;owJ7;2353;DyoE;yyew;5Vfi;oHR6;2537;Tyrs;tZm5;GQlw;AUgf;4997
40Dy;C0Vp;uw6u;2SLz;1118;qaMz;VO87;oTdQ;eMKZ;1692;JqtF;kwxF;GtDv;jrTe;4266;1B9O;DxH4;2fjD;52wP;7263;IMgo;BhZ5;HSnq;KfWl;8999;OX6R;rdej;WGM3;4Rtn;1544
xV5H;A0pF;Jsm4;tmIu;1099;zT3S;lscz;rqHl;BXVP;5622;Q0CJ;TiV8;9CBH;52zK;3186;UiyX;A16Q;8js7;fRx0;0837;7p8V;nt0g;8h1q;l9Xo;5474;AxPf;DGfm;UU1U;BvIT;5819
QO6u;Bn3d;tyjw;kG8C;7613;B1BT;p62B;7tOn;QAKp;9179;4bG0;J39X;NUvC;P4B0;5358;8JDh;FfmQ;lhC8;Kybi;6675;gIDz;24D3;G6a6;YubL;2085;dqJA;sgax;qZIg;pfLJ;9915
bEDw;IVpb;Jw21;7KHJ;6950;VuYi;oyXt;WPJ5;u3mn;1500;YQj4;t9RN;hjvC;H9AC;2288;iv8C;bmxx;wnTr;9dt9;0502;ba4F;3uOZ;EoLW;G30z;8908;OIfp;iffT;SPR2;Tttv;6148
jJYD;Bk0M;Ed30;FFVi;4124;CXfg;3nvE;wmbY;7WWw;7558;NVAl;Yfi2;S3uu;L9lu;4952;aS44;hSdD;QB2v;wLNi;3270;n6da;siFz;57G5;Dhha;3599;eIXF;n6om;w4cK;iATE;6488
6jhn;YiW8;gh5K;pHI0;1198;XcH8;TaEM;K1i3;Qgaw;7058;ybbN;PGbS;QiWi;XztE;2182;siji;TLKB;tJAM;R5jr;7474;VxWd;fVNz;mYIp;H5K2;0374;P59M;ok4m;wRVX;C3cp;7498
j403;XESP;amII;wwXA;2886;9GS4;BlwF;q66T;C21t;2291;JJbm;wyle;eKWh;uhkb;5644;eXuC;7Riz;ybzL;b50g;8896;EJ7t;2u6i;Din3;5KPy;3817;5CtO;W1rw;5p7K;oVyB;8310
X9zl;32Cj;yDCf;IHD5;7480;rwB5;Q6sT;HI8s;jOya;9890;MYQD;gxDN;TxBL;y7D4;4225;UlTB;Bteu;ylW9;RfXV;3514;NRWk;7W0j;p6b3;da1s;2360;XigF;MzHc;oWIq;BOvd;7033
dXsz;xNWf;Z2tQ;0Z8D;6748;yXb1;hz7l;rgUQ;bkka;4541;tBO3;ZS5C;pUiO;95up;0238;vfZW;YbSd;mZNn;slpz;0394;kAJk;J0C4;08iC;PMTs;5118;CoUc;YWxw;jpel;P7Qn;0494
cdUq;Z56v;OyMr;asJ6;6679;K5Ry;XNdN;NoSI;thGz;6278;rHaA;IsTE;bgXy;v3tg;9193;h7fK;VGiu;ze1m;pL4P;8068;T7ib;ZaVo;fsNJ;Tcmx;3583;JaBb;ifsq;mApr;AIbq;4519
zDFJ;16fY;4eJA;1AgW;5552;fl7r;loyz;317Y;Kym4;4058;swY6;9ZNG;wxqx;0gI2;3216;Yp7B;FuQ5;rcO6;QQjJ;4879;4ql6;KK79;iGaf;VudZ;3160;QvVi;F58e;K2gV;40WI;5665
pa3W;lPSI;cLws;D47U;3050;cO1U;TgG9;9Alm;Ml4Y;2733;h3dH;Hzc4;Ykbq;ji3D;1793;tjHt;j5PD;KCIY;6oLr;5342;wjrY;i34C;5wcJ;69TW;5853;regK;7A9d;npDf;XKTV;0627
hBFz;VieK;DuNJ;y3ce;3065;YfDa;BTHM;oqNw;eXep;7745;C4xA;LaOF;kbVl;zOU8;8990;Y0uR;T4Yg;JYyR;jDL0;2474;vIuz;kAza;tq6R;wMYO;1660;YZyk;I3xc;Tm3N;9BDt;4591
Shi1;bpTx;n4I7;TcUR;7787;2nFA;d7Hj;qH4c;AXd5;4962;n4px;zZA1;KNqp;ih2e;0914;6Wze;ZROH;INyg;us9r;7269;Wu9M;yEPP;gZeG;Kc1W;6915;O2c1;ElPo;5i63;UIJE;3803
yuHn;XjNi;EMZi;vrCC;6165;j2hp;WWol;FMl2;lt2R;6352;sbwK;CRNF;gdd6;yDDw;6303;RK6B;mlPx;g3Ar;i8LW;4059;0PVD;hWv8;Z29n;VqLF;1692;pn31;l3To;Ktvo;A2si;6113
mYxg;qBbF;AMf3;T4pO;2082;pl4o;RFp9;HNUY;oqAK;7848;9PD8;3dJ7;WOON;b8Zy;1601;qmq5;7kf3;4hOo;axgk;5316;3hnK;WzTg;7Oju;GQBc;1479;irE1;kFL0;rl6G;jl6q;5902
nX6u;LhzM;B1EW;GJv8;0863;kjI9;5xxt;L0sB;aLIX;7754;q1xJ;GFw5;8ALv;Ox8g;7462;1dNG;8392;Q6CA;ShNO;4962;Q7ZQ;w4gW;IOkB;Va5L;6403;rwF1;Rpaq;rlzC;oFBs;0893
88Fz;ica8;N7zU;oXF2;2521;m8GF;fTn4;bm7S;9Ydk;6339;GyVe;WuOH;tolg;iGTd;4450;CcXb;tyiU;B1UK;U9Dg;2294;gglX;Helw;GL81;bkFG;5449;HiIC;mkai;d61T;flIV;3771
7mPq;vTd6;sQZV;KA7u;8961;8H3v;mXCX;OIOK;t4CK;0497;RUb2;g7h5;iuYN;4ChI;3537;vAPM;XTma;tdRT;0wnx;6864;NQes;XbeZ;ZFK8;FGko;0484;PCie;tPNT;aVdd;E1z1;3904
x3As;1fMn;lMDK;WG6g;4465;7hGk;Jfqi;lFef;TysJ;3775;3z6i;W7ZB;fgBk;j2Pa;2619;87xP;RJ57;LNAV;Jnh9;0190;Rjbe;KjH6;8QY8;vuaB;0827;rqlb;KVjV;Blbw;Pw4p;6117
kAkt;8Zrq;AAfC;S0hZ;7013;PYZv;QZRf;ns6k;RkIl;7507;84sl;hRCG;xAsN;rzcc;2110;zcos;3ZVG;iN7P;NwcK;7777;49Pp;eGit;MvoD;L9pd;5249;5DEB;jhMR;D2hf;BSTt;9984
DhPV;7CSO;XbrL;Fhos;3795;f2Dr;K44U;z2SK;aqk9;1821;cmLk;otxa;n2Fo;jXSV;6245;rmxk;nIBH;evUC;wrME;8304;4Pjq;Twez;N3eH;EAtK;6691;lzCm;tQVC;S4YH;54Pa;4918
P9Ro;BBlE;Bvle;6gPO;4253;aVa7;jHVv;CojX;8osP;4877;ezPz;Bizw;lwjJ;IxzP;9125;go63;Qbx6;I2ig;ayAY;5462;qDYE;5qSL;5Vbs;xBLR;9605;ANOC;s3bP;jbkw;WUoa;3096
4HRS;AOi6;8KUE;vELh;7961;xMWV;iUuV;czhX;9jmn;9139;cih0;jKUH;LdV9;l3XA;7236;luAf;pc2d;PlTn;N94Y;9089;1rsW;JUh9;E8T4;jJ2i;5869;9fDv;TmoP;AxMl;STq1;5152
7nzT;7Jly;xlfc;N3y6;0459;4CYl;hsB7;dJpC;t17y;0109;tWIu;XNMT;6rTZ;qiHn;9371;u1sJ;s4bd;HCbw;R3JM;5165;XP0N;3lqT;WP8o;oBga;2959;NWl6;WFHt;dyYe;gnGB;2165
7cQG;gJkl;cOxz;RNk6;4632;DRBN;OGox;Hbb2;yadz;4524;UmBC;wbUn;wea0;1E9K;8665;33us;cEo3;Qtdv;RZET;5261;sYgf;7DWI;wpMG;i3rf;3923;2elo;DLu3;MsyI;nXbJ;4028
ouPb;IN6Q;kQRp;8KYy;9996;qGTH;N6B1;qoW5;ha27;8606;XgLF;x41D;yxOd;duOT;2641;MVRn;4geV;f5N7;WBX0;7629;dAbx;hqxs;hOUK;voVX;8828;5wW6;Pl7W;ITY0;FTLc;7826
TBsH;U4P9;KaDC;RsGc;0430;qyvm;7RHm;uLUG;AI8A;3250;mhVX;0d1H;mRIT;CDsH;4033;1fjF;sFvg;orLW;ndg1;9598;lm4F;peJ6;imoT;gfc8;8409;knID;07hz;k5sZ;VSND;1764
MaVp;T4oy;FNjh;pUET;9762;4aed;PFoW;47UX;TMNH;7157;KMiE;RdMp;LY9j;Avjo;7938;MWXC;PwuK;XRHU;dbwu;7331;nx6U;afRl;ZToL;DKhf;0774;uRzu;8hbd;cYJt;Kcd1;2808
v1xN;PFX4;Vei3;mwnx;2055;GYtU;tyAc;YMuy;FOiI;1699;CeZT;pGt0;iC1V;jhqD;6502;hqXm;TYli;qZGt;G7zS;3165;FYTj;MUH4;sX4F;68lr;2285;TuG7;xhpO;UqPC;D5lT;3550
yxYD;EM54;dmR2;AauP;7837;Zuce;1bRt;s7h1;JgsS;4072;55lE;lOLU;WkoG;dMGY;5371;kwpM;AWt5;HlSP;0HqT;7637;9LaA;I4TB;Gjqj;DaWT;9014;CXBr;BptV;YTds;oKIv;1840
3HaC;5FPf;9032;DbYy;1509;Rl3x;xnBI;oD9J;eN4f;2929;2WeG;e04z;I5Ug;LLJ4;0586;sgr3;C2DB;6iSD;77J9;8117;l3bE;0Wi3;WbQq;t3uz;4203;j67S;lRak;Ftks;Oafm;5051
NO2L;ePqp;3Xm1;LQ7e;5582;5iKz;vDyv;H3OO;9Jab;3590;NCGB;VplH;6hk0;Ko9H;2489;FsTL;hmMP;nXxF;mmIk;4774;jq0m;6JgC;bT5q;Xt39;1898;kWLD;v75k;kdGr;Az31;2540
JOR3;ozvr;8e3o;lLb7;7402;i4yq;cSlN;SX03;q8qd;5727;WhuD;DJRl;xi1b;X0sQ;6628;ZVjQ;n1NQ;wyfW;qT5A;5542;gS2f;7xdp;GSct;nfGb;8094;YIgm;3ZS0;nFhO;BOGk;8103
UYOz;8LI0;rw2a;Xp3T;0253;WRA1;7Qko;n79f;rklC;0549;0Gqo;lVdM;8gTG;e1Pb;3509;DTqT;mFya;1xmc;nsRG;8226;sg7H;8ZZY;vml8;m27T;5312;FyQf;CoFf;tiX2;Th1c;9673
dBwf;xF32;NZbD;kqpT;9352;pamk;t384;fdZB;b9GW;5109;IBIg;qEHU;Mi5w;ZEx0;2082;il3M;YTd1;ggt6;rkIs;7651;n09h;fY2l;un8V;lVKV;4304;GDiz;FR1s;kK9R;lIK8;3439
EagY;A9TJ;CEdB;ag3m;6286;Rymx;zO0t;9QvV;XVDK;0320;rtJ8;cnpq;s1J2;EGBD;2872;PFdl;Kc4W;gYCG;Y7R4;0054;zWaM;77bY;KRxm;6tv7;1736;b6qy;kx9U;N7DU;P3Pt;6489
RPTE;I3y1;jaxf;hJ42;7880;qhCQ;UZdg;5D32;uuhk;3724;O7np;mCNS;gK95;oqey;2169;VDEO;TmGq;VJzy;d6cV;9217;3hhb;PKHd;bayU;hvCb;8187;QOyZ;Iv04;Qb3V;Bvpg;7557
yepG;WMtQ;YU0n;LjHM;4217;xCcB;MwFf;PwUR;YDop;4037;Guqj;fZSH;BXS6;6ypi;7461;W7G4;98aN;4j9W;qUXI;5203;GwZF;G8kS;vDhu;1adU;7948;3dVA;c8Aa;39on;oMBS;5577
DR7P;cyYs;GqF2;V2hT;8069;eBIK;guiW;PGuT;amNk;5157;Gpje;wWib;KYjo;ltMh;6613;O7Kg;BZLt;bElW;AAsU;2403;i8Do;Opt4;nI27;NCw9;1650;U32X;pW37;1Tp5;n7bG;2229
V2MV;fQYA;GbLe;qnqg;6519;w6Pd;RZsz;s0Ds;4MvQ;5057;4TPF;0PzJ;5Sla;poTe;9373;ynr6;g9tg;xkdT;1EHi;9500;ykRr;qBgN;W53b;nZ4o;3244;RH6U;2pcO;A38J;0yrw;5333
Ey60;6CU2;jKW2;LONp;6423;ZyS4;l4O6;CZpY;P3Pn;3605;wRD2;w5BW;z26T;rwXD;4479;plGy;KoA8;v5Xs;zRGh;0275;nbcw;R4qG;qTH3;gyYw;9482;lFyM;bQdC;fWtm;0e8V;5177
kowt;RRNE;svge;GnrN;4123;WcTW;kRv3;CUub;ZxeQ;6077;oOgO;NG4J;Y5yd;6IGC;7601;WAmm;k6fc;YYEd;Cw9w;2982;RjiQ;JXrd;MHl0;8Ess;4426;SkAM;FQp9;qpYf;eNj2;6639
DLdv;APbU;oOLC;LlRw;3814;d34g;6qsl;aVIZ;afkN;8425;3mfr;Sz7c;qLoU;tEws;7290;eePs;hkkr;DVxq;fUij;2505;CJhx;zoga;7gpj;jcNO;2807;AgFl;yx5m;k2TM;y9kv;5975
JpUD;r00B;Ow16;KvAp;6862;7Wb8;cFIZ;GTz8;ERGx;0869;glm0;DGS5;zaQo;302i;9859;1UJZ;nG7m;sSwX;Mbwd;6971;cqfC;ZVOp;Rk3U;lxsr;7456;hBt7;bMwf;JFOx;DdIW;5986
ZopJ;1dHp;LYj1;b8gt;1568;xqvh;6b8N;KGCX;MQXs;0011;M90l;cCcS;nAQ1;z6YW;7783;MAlQ;1cJt;lU4f;caZe;0406;DRQR;92sj;gou2;HurV;6821;UCQG;kFWw;jqrL;p814;9700
YVsP;FJVz;ptMH;O8W1;2170;y82Z;LZ23;L5Bk;wYYZ;0637;C1VP;deIP;I9YP;mLox;5871;BM2s;3D7c;WpQV;Iq3r;8820;AeK1;nopS;9RQc;dTVQ;8823;58Jq;8rqO;Uhwd;P39Z;8496
GDMd;j15s;UTML;Qy0y;8316;sb9Q;JPrF;99nG;6ee2;9502;tJ7t;kZNX;MDHE;kKfB;4435;OPsB;xMK0;D5fv;ONLy;1316;TYqF;JqpE;Jbfa;rTpw;3455;YWK3;0fEF;ZLGp;rYdH;5378
USnM;Rthc;Cd3D;qRos;1250;uoGU;spsU;FKVd;e7fa;3438;tQlO;jgvB;XDI1;ZdiV;6732;JQrP;pGQ7;aQpE;0TmV;7835;KnB4;WHcW;9BdR;Os0q;9348;2L4a;yRKo;x3zr;Zt4Y;7155
0ffv;oxkH;Rukb;Vf4B;7643;2EmC;qds9;UikF;JTf1;6476;qZwC;ft6a;Glpb;t9Iy;2301;bpAN;86VG;l9vK;redT;0697;Zuip;7c5U;ILvz;aRAp;7016;z4jm;KNlc;NS1H;t8nf;8798
MyvB;RViR;zNZU;RKRu;7956;3C02;mSce;j4mH;WOKf;4313;P3ZO;jxDe;XcyJ;hytG;9020;UA8A;cGq2;CxgG;mmMF;2440;X2qj;NlMt;apOo;UmX0;3518;BTH4;7Z43;5jKe;CplK;3985
wbNY;rr1L;7nTM;4g1X;4555;bGUL;Z2JT;mihE;biIv;8793;cEME;MuWJ;ZhbS;hJ00;9415;xMJ1;ioWY;l1SC;Ao8t;1800;7Cln;PvX0;NaeS;mDwu;7705;vdJ7;a6Yn;FDOD;jNF4;2445
injE;jVYy;TcEW;J4t3;1800;Rgn2;DpWU;oXsO;YEXK;1191;RwsG;8BXb;FjkK;WBhi;2555;EfZ0;7MWy;95YA;YWIP;6417;X2pf;9wQz;MSK9;60Ei;2326;yDzg;x1ne;1eJ3;iABe;4157
oHWi;qkvu;Hw7r;ggGX;5413;Bbx2;JAJ3;eOqD;NXnj;6577;MHld;VRYT;7G9t;UTIf;6032;VAbO;twkt;oy0n;j5cK;7672;Y7K7;xEgP;RmQq;5fCw;6117;qcCo;eroz;fdpY;FUAk;2140
lzBD;1GFT;cxzA;T6VI;4056;CQW5;nXtZ;MBo3;fth5;3551;wc48;wdcg;kqlo;tnAg;7067;TFZe;j6r1;d11S;pAnR;7513;vjAz;x32N;oUE1;WaOL;2331;Lhhp;isTj;Kpj5;66nN;9455
nltZ;VdnE;F1ye;87R7;3409;2ZfF;SXZb;JJYu;9dSK;7502;r22k;ZGLA;m8kz;dFfc;5613;NFMd;BqWg;eKkX;J2p1;7201;nJVD;DpNB;xYx7;dJax;4434;QhNU;rETT;5T4z;RBbb;4358
sQi9;3IZu;woln;J519;2003;OryB;hCJD;6Azw;jDw1;4982;nACn;8hiN;PoV1;2kw4;2195;XoAi;A0ev;H4AL;aSHP;9610;0wye;eHx4;VMBG;hruT;5542;CCOb;99Cv;1c9T;3mW9;2711
exhQ;3FHa;DtID;VLU6;0655;akFo;Xvtr;nqE7;AtuM;3848;revU;TzAX;PITd;wE1F;3214;Ysef;YrBh;31fz;aTbL;3744;vzqD;Hwsm;ZAeP;pP07;6077;wClz;yilu;8NVc;Aufl;2675
UEd1;HfyY;le88;pEzQ;9502;Eajq;Fh64;hWxA;VGgK;4581;umYg;sKn6;RKNx;5o2h;0827;SuMc;rA5y;uFCz;V7EX;8321;pHXp;eyr0;obsW;0r2K;3565;wLXM;KBlc;0e8R;0aOd;2377
ytdM;hprD;Ztrv;Lv1Y;3710;d57T;f58s;royg;Im1N;2471;cVKw;yyWw;6oDV;EQvm;1409;Cuxa;oXUf;qjMD;5xk3;1878;E1L9;77y4;hRFj;6MZ6;7175;qqZK;z7B0;1xmJ;Gecg;3920
e822;Yen1;mOJ4;UECf;4388;QyRE;rVHy;jjwK;7QA8;2130;7KxL;1lQj;My9t;dzGT;8496;WNqL;bBdY;Vffk;zXXO;0871;FSkU;HwMi;jdoU;chnm;2367;KI85;b2nN;2gg8;TkJi;2835
wub9;yZNy;hI1m;NFkR;4923;EGP8;dUTl;0teG;hUbP;4158;sZ7i;yZPp;cWLv;u64S;9482;rJhE;IO3C;6jXg;XH2r;7844;fRw8;yTha;lcHg;L8gY;4433;HGuc;6Q1q;7KPX;hWsV;2578
a1EU;riwH;koqf;YXGP;7868;NKR5;99xV;GmgJ;O06I;7738;ks9U;9hXf;tDbx;CKM1;3738;QKr4;rPn6;CueE;STme;7276;zDI2;xL7j;8tWi;Xbbb;2824;sLCe;ODQB;7VnQ;ZDz5;7081
sPSt;Trki;5G4A;A76M;2117;0K3D;VDiY;Qkkj;NY6G;7468;vFex;Wsax;alih;3VZJ;6692;pvEE;Qb46;Uaa0;EpZC;0964;gyWt;EvWn;JdEA;TdLm;6466;v6y1;DeK1;973P;p2xu;0928
mZaU;CajN;mhCF;3Ohr;6720;uEtS;Yld2;P2Jj;swvd;6320;LY8N;Htiu;L8Wu;kwWN;7097;KnbH;8zb4;aNP2;1675;2577;hgyx;hMJM;lT7n;av4B;2229;EZST;OHot;GEvw;d28k;4253
mOQN;GLy7;UTE5;yA0h;3238;ZqCF;Hlv2;OlIH;pcnn;6560;WdVz;85p0;NDTC;GlKh;9387;ALe5;4a01;NcBp;K9JB;9295;gQoc;1eoT;NKVc;NllC;3005;SS8A;I0RE;bIPH;93xT;7287
HHyn;jeka;jGWr;fWIP;9006;UrvM;6Kjy;5cUr;Cco2;6095;07Px;9BJJ;mPqT;NsX1;4519;UWiR;b19o;KH3x;id0J;1734;bPsP;L4Oh;BqTA;7p2K;6322;HMth;uFIo;ehq9;OIww;1658
rLOY;lAc5;n1js;1soT;6444;vCYp;tzsZ;8nmq;IJFx;4006;mPom;HaBz;BmTO;xgwd;8481;O1sb;KBgw;2hxV;Irv0;3703;CQPT;0FRr;TuKc;DZkV;4230;7b90;l4Iu;I3Dt;sGRV;6922
qP93;WTM1;QCVN;P4QS;4957;ragK;hS33;QQc3;73Ue;8515;LH6m;m88w;NbAq;lnXJ;8483;mt4d;3bbF;2n1Z;WXA7;5190;pII3;BhRR;Y97S;v2Pk;2555;usyy;r76G;Nyyh;qgf0;7204
mcIc;28wn;usgf;fCyE;9026;X0EG;4scV;Ixz0;gdYS;6229;M88G;LXVU;k968;q38t;5025;2QGG;ROSA;1tih;hYYX;1324;IZ6N;kCQF;VTOZ;atyp;1408;OdTV;Vn1Y;VyGW;mtii;6808
twkE;EmYy;AG0f;36Tl;3304;W4Bb;PzJv;bLuD;GLjt;2233;bQlK;7LNp;i6LN;vssZ;8987;tfAL;PkHi;6khj;s3uZ;4145;fvw0;0iuT;nZi8;3EgP;0932;2rAB;lQUr;YHJ5;knmh;9419
YXAN;dPsY;oTNj;ROJO;9647;pkVv;EA9m;V1pF;ZCaD;3445;Gh4I;HT9H;muXQ;4hZL;7257;whJb;j7HU;C7Jl;eNza;0150;nhez;jMn7;PP2v;9e9i;8777;NX9s;UFHg;Wx82;zKmq;3052
3Ceu;xzJO;39dJ;XyvB;3099;UeCW;enJm;C1Re;B3J9;7528;pkuK;QVET;R0Kp;QWZP;6538;Azvw;LIMA;1DYa;R3K7;2872;h7JJ;rYMx;rlfb;Bd18;2151;XUnl;E8YX;kSvv;QEZ5;5191
Eytn;tIG2;HoPY;vsMV;6102;gI4y;zbBL;5JJ0;4hZY;5349;I1Se;X7hL;KHcm;WB8s;5479;ZpvI;EwoZ;pGyZ;vbep;5942;rokr;MAsd;Eje4;3HQH;4156;5fSa;kQvW;qEX3;xECA;4737
RSbn;flCO;1QWt;rcBV;7590;vEnL;0mv6;v9XE;5Axu;6926;3qdM;T2S1;GMWi;G3Yf;1220;P6I3;eu8j;dcTY;Hakb;3798;3YIu;Zu3M;lU23;kqvL;1798;EIXs;wKG9;AcGb;MFwB;6115
4uZH;s89l;FAAK;5uKP;8166;EmdR;ob3z;4R5b;K11T;2216;vcOf;sdNw;77mU;URxU;2658;bQSV;rBLH;zz1L;SsVz;0838;rJgG;F0rM;JZYz;XtjR;7038;zGvi;72hV;QZzR;3Bc9;8845
oS2o;kXNk;pXrk;64vU;1366;ThUP;eCIt;vSUS;YzFH;4880;SeTO;ZWD5;3PdX;IdPP;9685;gwkw;OBFa;Eloa;incV;2877;eIKj;EykU;T3Kh;sNE9;2127;xNKP;eaCc;okZs;TUpH;1851
D0Ue;kgkg;neG9;XaDM;1132;bi9x;TFL7;vP5K;qbzm;9214;Xhf3;wakf;mEPg;wmOQ;2239;Z6CW;Wn0t;bOTc;09OK;5359;MxQJ;ZZS6;QmNK;nT7n;7946;5f7L;eMpv;5MPY;es5W;8476
DIXB;V6Tk;1XoI;crwg;2082;6Nfs;464F;XdNu;8BMo;6035;iTP1;U1OI;LhlG;ctNG;2612;P2zv;KziW;irbJ;9KAL;1545;CBsA;hsjF;zsU6;qF6s;0795;Wx6R;ftGx;yhNe;JUSw;8468
5BqL;XXzV;PMmv;nX4M;8674;69KR;OE2d;fVM2;eRwQ;8609;aYyB;KdtC;wBB8;yhc2;6517;qnvI;hVcd;9YEg;JYH5;3056;psGm;1Xub;piI7;bSBC;5783;XoO6;j3Tv;CoUd;3iei;5139
kLtH;4Q48;6yfP;fPpi;0340;jYvg;Kmno;QSAo;jnsa;9544;gl3G;gcFz;Yd9a;QmIH;6403;xG6V;8moj;FTYo;Ycol;4846;mW2m;r4MY;3iZ1;bODo;8902;kpzg;pI49;pT3w;Rr0j;5159
OsGD;v8IZ;7lzN;QKEH;1767;tMfx;8tHo;WK6V;r5qc;4904;HaQH;bA2O;7s7P;hApX;3811;8RRv;AybS;kUUh;TW5E;1631;wiS8;tQh7;oNMD;6F52;3745;iFNu;xlrx;lvXo;AgBZ;7583
hAlJ;bWVg;GFOj;IGuJ;6140;owwK;Ib9c;Ai72;XuNF;3640;I2W0;i9ts;kfEt;4kM3;1487;tcos;6cDz;fVhu;yrsh;2443;zztc;2ue9;QoMB;XYlI;7620;Reu6;8QlA;H51U;NBVh;7633
9XXz;cJ6P;QWaT;muDL;6224;Ujdw;hqik;XjmX;fGbb;9007;1SPf;Okt1;InJP;uTGj;7845;oPhB;FzwG;xCNP;cCZz;4033;0ICn;vO53;iuIG;AsOe;9784;ybJG;JUOl;YIK4;gkPK;9959
xARI;29Ez;sh8A;Tm3E;8184;tnAm;vOEE;hgfw;wCkp;4914;rCXF;vqdR;przK;uqu5;2018;wKtE;uuI0;q2Fc;HRDP;8617;gUGi;UINg;FGfj;K32t;8775;XxSj;JnfJ;PpBg;VpYf;9522
8r1W;d8DV;Jqd1;d8Y9;0911;GBXu;QdFc;cZV0;cu9f;7842;3wex;s5Iu;jsZX;qD7P;0945;rmDu;6oro;mk4X;zDXu;7322;7eQV;Visw;FCRw;EfoK;1687;G5nu;mOn9;p3Xy;2wtX;7517
7vMB;njna;fkbp;8KNs;1717;rlTL;IBQD;Qxgn;KOAx;9811;S9Dk;Nu2S;9xXp;LvjP;2849;EjPL;LMtL;Vkb1;1GwE;8889;l1E0;x3wn;n5wP;aWEe;6816;Ye36;lX0h;afw9;wSWE;6168
t8nQ;NSu7;JI6z;gcrh;1523;MT8R;xmrj;RotP;M1ai;4496;CsZ6;GDkP;NcFM;np79;5442;YdpX;iWcn;G8gL;AIuL;0622;TkUQ;AQDW;CeIr;SNxL;4295;YicA;DBON;Cboy;FAep;7767
8NTr;nyX9;g0wS;OPj1;8911;VKez;nWi5;1pD7;TDco;2899;Xleq;0Ck5;SmsU;2war;2454;6ICy;JW9z;9xuY;hTe5;9538;F0RM;P8JI;dU3C;vBkR;7194;9gqH;Xz6m;Qvuq;oDPC;4038
L7H6;dlay;rAkz;5q8l;3264;ZEDr;M9gR;6p7i;4OHI;1107;AVk6;Ug2g;ecUW;g4WY;2900;7IKy;VENr;Nx7V;w2LM;6856;JsN1;4kaO;8O8N;QeDU;9064;Q7Er;mzSi;VIiX;tn5B;0283
A5wI;tp9v;eIhY;Gl2U;0355;jyYC;E09O;igl6;bYQ0;5226;6WDE;cAg7;zaLA;PZ1A;5988;F2s5;aB33;lCli;UfK8;7002;gYcR;usZv;87LR;ylQu;4112;bTpQ;LQVm;o6oL;5UZe;0509
GwCr;nkNI;hacc;BL2k;4748;4jvR;Iz6M;RaWb;8WGF;0322;SKZ1;PaFa;jjK8;ony1;1665;A9uC;XvQd;C5Tu;IkWC;6772;Twy3;GN17;Z9rl;8ERb;2863;Edil;Oool;LEX2;dJiv;4079
Nm3W;TDrU;65yU;DAMO;0270;hcZO;bHEe;iRmj;NTad;9220;gzIi;axmJ;y37x;9gb7;1532;Uz9B;4OSY;9rnB;X7MZ;1614;dRQ1;n6Sa;svpc;LQ7R;2191;J4tA;y3ms;dHA7;qSOC;4929
wwXV;XjDJ;vOcK;v7Zv;4443;GzpZ;hjLf;LYWM;3rnL;1502;vwk5;cHca;zqeN;slv1;5834;HtwD;lPkT;uRn7;GvH7;7053;RwRy;fhO1;NpYE;QiGO;0772;jWMd;v9nG;cmCj;DDTo;1418
Rjg8;y6pq;zkJM;KWFY;6519;QUJV;Lktw;PvX0;dwR4;1050;6clm;mJ3l;7gCN;0gLZ;4284;sPlS;wMdB;ZnVy;9XzV;6661;Guwg;GQHh;6Jr1;uRBC;2804;KmzV;wPCP;smZy;rVf5;4080
BGXd;xwcD;ctIA;n13y;7859;ObUv;xu3u;tbIQ;eI7c;2680;GscR;2eX3;DPCq;K9Xb;3415;1jbh;C4rE;lpqO;VgDr;2509;XdLS;Rp70;znUl;q0D1;9417;BeqH;Uvwj;xM2j;9l1i;0481
JiOM;22KZ;JaGh;hztv;7116;Vv3U;62Fb;eN8j;ZGqj;5117;elo5;fqWP;DwAi;kTaL;0749;HUD2;2AmD;afnA;vIrp;9262;NDQ1;zi1b;7N4l;bHVG;8928;Ecum;s8iP;qzki;uN7q;5085
gfh1;MmN3;Lkxk;lUKG;4725;Yhia;YCE1;LorU;pg51;8749;33NN;xMFo;58NK;m5PA;8066;NWj8;Poca;UQtw;RL7X;9788;ZsY4;4sTw;4FIU;k1Po;4442;m7K3;dX5c;nhsk;QdOz;7303
MpJn;Yx3U;Ypy6;dS0m;9565;faVc;hL3k;XO45;SZbe;6263;7jPl;UVQW;Km63;d3cx;3135;90yB;1CPZ;Flrw;kidS;7540;wrm1;HAzP;qBVS;fzIf;1426;bRwF;LW95;aL4b;lInG;7717
L4gw;fhTq;WFso;nCdv;8771;G5i1;c7oZ;Alda;e36J;6904;oTiF;afCf;nAJ1;VPyA;7665;2XFz;NM4A;4igc;guDc;3152;1k2c;pp4z;53ns;So2S;8155;J0hp;M4bz;fNth;mJgD;3926
nhmH;HXzA;KkZh;R8ok;7975;huA9;V8SX;13Hu;cHT8;2693;rnxL;RNdv;xO1l;vJYA;4748;5uM9;1oqP;3Q3B;Ga2h;1829;kaLM;Wvm2;3qXl;96q3;2511;Iggk;ziCo;tTBL;esIY;9602
2LEv;QTJz;ghRs;iApK;7037;lSnn;4vuF;TH7l;dJ1s;3318;LvdX;wy76;8lx6;xUZb;9340;GAOM;qMxm;Uzss;iGgV;4295;b874;TkGp;fepo;2D8o;7745;nVgp;ZfVe;yn15;6LBN;7228
9Frh;OhrI;1CEF;bkCC;6965;JtYC;qypt;kFzT;ecbm;4328;hfg1;lNaZ;HhxB;Vf5V;7664;m8xp;lLHv;UiYc;zYrT;4956;u59X;W3lV;np39;VYK8;8376;UW3S;IQYZ;Qk3F;ZF9Y;9728
OCda;Isec;s0uP;AcgV;3983;m0HI;hS2b;6bvk;zFp4;8195;HwE9;ColJ;I6yF;Gx5S;6036;NDot;Ldln;8En1;GLVf;7928;PIg7;C488;cEUX;LA5I;8733;nDJB;64O9;D7LZ;Lu3G;5287
Xs1x;G7RB;Q8cx;lybb;5870;eaSa;fSNq;n6wr;HAKo;7020;QQ8e;5YTh;YJBc;CAjD;9042;yyNf;CY0i;KxO1;mNwm;9193;8U3l;jNkZ;owMx;g7G8;4258;aTmO;jnFr;fv32;AyeW;4645
ivv0;jGef;ejMY;79eU;1384;c3AN;dZGG;TGCT;BOZM;1197;iqzS;fTPt;R5xV;d0vo;4771;3D8S;iZWZ;MqE7;JU84;7751;uX3p;w1N4;KusC;bvHC;4796;aloh;QXRx;n6mW;ccmf;4750
pTyC;x3VU;wWbY;d6DO;3052;ngBp;WKy8;C90L;4ZkU;4024;xFA2;QWlh;cUdD;gvQV;0650;EVwj;5uo8;UnxS;6Sdo;7017;hKac;kyGt;vmaa;QsUt;9134;OhBw;BZDm;WDTp;ncYD;6714
vb9o;wANv;o8t9;Tc7O;9405;HrJT;LZj0;UhBG;57Kd;1104;Q2ng;eqtY;JhHt;Gcpy;5998;o9VQ;gRGA;edYp;Ehmv;5978;b8xe;CHZy;Pfqd;srjW;1684;5sNs;ps5x;1RPQ;Vzeo;3948
wbqd;BfpR;v4YT;2p1J;1488;Kx9s;i2bt;lWN8;NP62;9670;QBez;0PWD;22lv;6Ls3;1607;47Ia;eErG;ZjU5;xLja;6971;Bs5e;Qcs2;vshU;lIPR;6518;iGbe;81db;btIg;TGTh;8264
ue8s;YkB8;V2rI;ntwY;6690;pG6q;Tdzy;x7vB;IYkV;7364;1l4f;9apc;1PCA;ExRG;8868;uPVu;ocBI;I5FX;xEdy;8167;S9Jm;Xz4P;wYke;jzLq;5422;Y2B0;2eS0;ZhMf;OkT7;8461
swkw;MZTY;qnKk;D1rj;8240;1oXj;TJcQ;y7gn;Pu0G;1458;ICCk;v6Oy;4Hqj;sXtk;1061;dmqK;jwl2;Qinn;ZddM;3526;cIui;4Pjq;z5GH;m3Yj;0884;TqVZ;KszO;0deo;6r8J;1921
hdaG;MHKk;WOat;581G;5191;vyOu;wr4I;wfEs;sVdG;8869;Zyr4;ml1d;mlPO;xEUE;0789;bIPO;yIeK;I6Mi;pOCz;8990;9Y5u;MfMD;kMZw;CPRb;3357;SRtU;C2fQ;Pj8V;RlRg;5974
yvzH;UteM;e9Xg;S7Nz;6182;F1Lu;puZ6;aNpc;iLUU;3107;hSAG;nfPE;Ax3t;IbVa;8941;Unc0;Nugt;MAm6;A791;8742;T3S0;PeIW;rzc9;BohB;7325;qaWe;bFZD;YIGp;7XrO;2349
UAmI;IA14;yHdD;5rbD;1478;ZJ78;A82l;zpaC;2kzk;3918;UeUC;vJWL;ftrI;keHH;4092;ynua;wwz8;4RgG;BKo7;7791;AwHT;3EkG;1EYN;5K6l;7499;7dJa;uMvn;78gb;PfDo;8697
CLA4;canW;m9uj;DoLM;1025;omDF;wNuS;habA;455f;0164;Ol4L;LfHv;9ohN;AXM1;0347;zFnv;UtAn;pUgY;bqu8;8152;JTjD;Poul;E6zE;4w2f;6845;va8L;PZei;w2qZ;GxHd;0270
bEww;Wcuu;YQVK;nYk9;2582;hrBy;PRBw;NGHJ;pUcO;7898;V7ta;gj38;BY0u;2n9S;7017;o0Xv;FBg3;yrBj;DLOH;9274;s6Bo;oQ8B;yhbS;aFRl;1074;jsSC;mLsh;tJ4F;dksg;0101
9r1D;Z1Pp;L0MX;Z2jf;5041;cX7O;lMf3;xzgt;e8OQ;4843;WE89;0eTn;IgZ3;BJLq;7190;iVWc;TVUf;LSWu;O1Gh;9078;0Et1;FWdq;DD8K;I17O;3150;PBIT;VZ1x;vgMf;an7R;2941
6Mar;F4OD;mexF;Fuak;4499;EDZJ;UzYb;o1Hn;qsfW;7430;9NfC;bGiq;iEht;VIj0;9045;9Udw;YK2d;4klH;FLBW;2246;n9yn;ypIl;G6GF;41qA;3941;J7iU;yTFo;R02t;3YtR;1259
u0AM;EIKm;XIP9;mMAR;1837;xWEP;WjYH;0vey;Bjyb;4591;3x4l;Zujm;VQ7N;hx0b;9218;xB9S;KBmQ;yfIa;aTof;5438;FMYP;UWWY;gPAw;7FiM;5578;vNF6;KKvU;1oTM;ZWux;5846
Io7J;1p40;VrrF;4u70;8762;EmX5;lVfc;7AGr;L1ek;7682;FAVD;SV4b;SZwV;jc2I;1152;nzq2;GyUA;MCk7;YNwP;1878;s5FX;a2eh;CEWc;1D9w;8352;pPTG;itkw;An98;m0sk;8461
4GZ2;jhNz;Mede;Igo2;0292;YBx3;Nrrw;Q4Si;DDs4;2691;1RSz;UV4v;9saQ;YDZw;7038;L5gE;WQaR;DMjZ;ITaG;5632;0eYp;HyOi;CbDx;1H1o;8204;PIyW;mTwi;WsNO;xgnX;3084
6Nr0;rnTr;pVrC;sVr7;8744;FnH1;X3Ee;RLOq;DI0Q;5948;zD8D;rOrl;JUK4;dY3c;8561;qkJe;pUW9;OcnP;eMNA;1838;smb2;uwQa;NQXa;i4tA;9373;Iuvc;gY7O;C8k6;ttbI;8992
swmI;JYDR;qAdB;PSu3;4851;C3z7;3BJj;JLx0;MDYp;0385;7b9H;vjHi;Gb4o;BCQ3;5347;zRBH;NwJE;CguF;6Dj4;8906;rRS2;hW0F;IXE5;Vdat;2266;jw64;zt7j;9Ehv;9Tsx;3479
Mt14;5pAh;kXzp;1qRV;6872;SUjq;FzD0;32EH;0qPs;4600;nt6n;zBP4;Zdxv;LvIO;5062;C225;tXSL;al0G;G7r0;4116;tsDg;TA8H;tDFi;4eTs;2300;MkIn;EHGB;DFzs;4lZO;3739
a8EV;ansn;SESl;JI5k;0911;rIAD;G2xl;NYYW;kyOA;4995;hnxv;yMDa;MEzq;LGOI;5521;uNnF;IEVd;8Utj;cR8J;5451;UJF1;nqJ4;qoyw;Y5bX;2225;r7vs;uZZK;fBtX;wzc4;2838
yNTl;werc;9nhu;tiJu;1844;vwfA;lWLT;2nAa;WqoR;9689;96VD;zwKB;Fw1P;Gzie;0440;Eymf;ENDh;ilPD;FCu1;2039;24lk;QE8v;Al21;r8nT;9440;N1S5;Akha;Ly74;7lfJ;6481
xGpv;P1qc;eZ3I;a9Qa;1407;YjI1;2Ila;0Nlc;XxCH;8620;51jR;mUrZ;5Jjf;pThs;6837;4waU;4gWr;4M0A;i2zD;2069;XabP;6Dgi;WwJf;ZKN7;2426;JJmC;eT4O;bM3h;aZj5;0796
W533;3Yo2;pYwx;f2iY;3754;SsHl;VgTv;TgFN;PXA0;5137;vnkI;IdZ8;256I;Duxf;3266;uELn;Xfrf;bwho;Qy95;9565;EHOE;epIl;j8Ke;gbbd;8643;OE5m;wYB3;cgRA;2AMo;4837
kazZ;xDVv;qQJt;ejrC;3669;lWxH;PHdi;IZK5;WzJ5;8624;Pqzy;EW0o;BtFh;ZyiM;8450;ptC9;fhuK;fsi7;A8Fi;9684;qMoR;vSfe;Y7s6;yIsO;9802;uxEB;zFbU;10GG;b1qX;2385
KLfB;9Kw4;IQgd;6hww;5207;FAt5;Mb6j;Mk2t;45Yx;3841;bUv0;RkK7;KYXu;CYRy;8787;DYMj;LJwL;7BPk;sPv7;6559;nz6T;f2oU;68cw;HuEs;9871;zAEt;04lE;RsT9;QF1t;8206
iqVo;sMIR;rBVI;Ovrb;2148;VxZo;zfgm;Y1w4;WcUa;5908;Y046;OGNa;S71M;jWXE;4090;17mF;BSzf;PhwM;HCco;8136;gBMe;3UyY;BjTZ;dBdW;2861;Cyoc;IfQI;QL56;DBsh;2358
dey5;nc1A;FcZN;8o0q;7732;cYlF;qFnS;tiuN;KBma;2302;5aAn;Jalf;QFA4;JcsQ;3932;1FkT;8Sgt;V1tH;N8Bj;9322;EWJq;dJQ2;vrRx;XOWM;1385;zwre;Ti0S;BIpp;obRJ;9958
rU8F;KZtX;Jmwr;qCUZ;1540;Yxgb;cX7r;LcqR;EFFn;3688;01Xs;xVif;h7In;SIoo;3490;Rcbz;PHHQ;YG8p;0876;0431;3CXA;sjXn;tz6G;RBjd;8554;ZWDl;uyIX;rbvY;Y3SL;4874
cxNJ;xhbm;u7sT;Q6Rg;6855;2vK3;vaMB;NXDa;7IQX;7480;0Tbr;piSv;Syf9;57wV;8160;ghTl;vwgP;sqgv;b028;9009;DdzI;vVRi;Muqg;Bve8;4060;Y2LM;YxO3;7OQL;ozXv;6429
fgAi;HRAQ;mpNx;wOlf;4854;3lOJ;uxhv;Ef5n;VKPk;6925;xR40;WDJu;LFBM;tUSK;0167;63C1;7fI3;C7lp;z2in;5704;bqAo;wPsB;n9dP;5bvR;5673;sDmK;V9E3;I19d;lCdi;7709
Mpz4;fwTD;BxgM;5ewz;7183;trrf;4ztF;Y4Tg;1AQp;7805;XiqA;yBtN;Ot6A;hFdj;9796;9nBH;Xs4I;jVsB;mDIV;9601;rqi3;36Ci;B4AJ;08mn;9358;VBM0;fXHh;XUC1;tfJ6;6445
E70W;oxP5;fCr2;dlIm;3916;HRzD;9rzM;Rh9p;WKce;9646;nFwe;6ONU;35Vu;j2Fu;9483;MKhZ;Zz6D;MeOx;oIHO;9208;wHXR;Nhq7;0c7l;jrXH;3558;5lRi;A73T;T5dT;fM7r;0514
VOp1;Gygz;CBQ8;hdyw;1237;W4Ji;pLnC;WeEd;b1zg;7798;Mrc5;WXHf;Calp;UvkO;5334;1yOO;dMkA;Dgtd;7sB8;8019;NukT;PGda;TgIa;YL1K;5274;bfJI;CBQl;0FCI;ag2s;2390
7pIg;JcQk;8OgH;isPP;3235;1wPQ;kKke;dQlt;yHnF;0040;VzoB;5ovs;r9OM;ntAS;0666;5mQK;EB6I;7yuh;vpfq;6198;JOat;5D1O;pdKN;Y1yv;6848;WYq7;lhub;NqeN;SNre;4272
4Flm;tmPw;fe6z;p6LY;6490;WahL;ELaO;pw9j;adNd;7807;IhsF;LmPa;N90K;1Eir;6758;kkbJ;7i7v;nivy;Rmio;6934;PJbP;VwaW;aYsF;fexV;1735;h24J;9TBK;B9pM;MQ0l;2410
tVy8;UYaZ;qZs4;6Q2K;7257;xfMC;dgmb;Vikb;m282;9922;S5hZ;EVWh;JJmR;65zZ;7051;xXRl;t6p3;sceR;48P4;5682;ZZBA;YZms;CeVn;3Uec;8536;yPYK;OPJt;WZb3;wzM8;3408
fvJV;EZew;86tX;Vspc;5316;HPEx;k4ta;Ex6Z;0yJh;6672;UzSK;ptfn;jF4T;Ge4b;4389;plVo;yeMG;0cA0;kToX;1837;MTWu;Ezrf;K0nl;psyr;6344;orD8;evIR;mPIL;kccs;8599
fvig;021r;vq5I;ILEW;2070;JF7s;oKBX;yEHC;XRo6;2324;Uxx0;wLAn;LmWn;Dn9o;1834;eYkf;lRPh;4L0h;4cv7;3541;oPIg;S3Fc;ISun;Pexl;2367;Cezq;afQW;77ng;mwus;4608
CVv3;XMLq;5NHa;Q671;3033;6LCN;dqOT;rZDq;IOCE;2278;PvlN;GZuc;ivMV;l2DG;4692;hbOb;Rt1a;sTLT;AReS;7666;IwX4;QY5Y;IeRG;G1Gu;9398;kndC;s7tJ;RJXR;2uil;9198
gCFz;AN0t;qx7i;1dfK;4432;Zg9E;1baR;RxAH;DcGj;7654;0ry6;sMRk;8S40;JKYV;3046;auf1;zljb;4tgD;eTQG;6245;OunL;Myq6;wU4b;C2vu;1357;pZoG;IhaB;cp3J;2NIw;5549
Nm8E;JP19;WxYv;VFTQ;7681;GuoV;VuZ0;8LB3;qmyw;8593;4Auw;obH8;4vVZ;PORf;1594;C46S;bZ4W;ueym;A9uR;4469;9Mrg;H7qv;krWK;F47t;8757;vV1p;1gPG;x90D;npO3;1065
DLFD;LMe2;CMpr;9zPE;6320;ZwIs;vE4g;Rpuo;oXUp;6144;3xgN;yBGy;s8MF;lkOz;3992;brMC;Q8gu;VF6U;mVW8;6079;wtYz;Z4DP;cDkA;8v2i;3518;XnbA;LwOK;8ZeO;Z8cr;4327
lCvF;C19T;w2qP;Csci;7187;yiEv;j09m;Ckpk;wghI;5638;dOGC;1zxu;z2eg;zGIO;3603;CeWf;r2kn;F1Js;rHiz;6742;hSBX;Sxl1;8Oqm;FQ7V;5342;upMV;4mzP;Eq53;ggWN;1435
jmNf;CfJt;RHWc;LMKT;7708;hj3h;12yi;OoJv;t8Es;5960;tSNH;6Sf2;FvBv;yQpi;7568;oJAQ;s8Yd;7SCL;zWgb;9779;FBk8;hDHW;mZHQ;oOgf;3468;ZU13;JSbd;vtAz;0JAP;3605
TFWH;a6Hn;UFwv;hTFG;1873;i9WH;T5J0;ePtm;PXZY;9525;JFov;SNwv;yP8E;lU22;3040;gM21;OdpF;XpQG;adzf;6728;mOaP;rfnI;6AqY;Sgqs;2084;l27f;by8B;xYWp;ceq0;9627
BVLw;zTsD;lqyl;0qRe;9503;2r1H;paeX;qiSH;yKKT;4985;I6E4;yeMC;ubwy;HoGG;4685;3uPC;ApMH;XjUU;M9br;5671;Sa8H;zFdb;G3pv;IRiQ;4455;OrVJ;FL5T;SNdv;Cjqe;6970
OlkG;PVZI;2nrp;QMc6;0364;EpLo;DK7c;lV5b;l31Q;4661;ikIi;cd6q;vYoh;dbXQ;2095;sB0w;s2vY;7Pl2;W1jJ;4263;ZouI;d0p3;g7JP;hitX;9270;uZCE;UL0T;VAUv;st3t;0678
7Pfz;qKkH;PpH2;Fe08;5650;FiiS;SVuF;7eZS;mKvx;9849;kt5E;edEz;3Uog;iceQ;8809;ezr8;65pc;Vg5m;qaR5;4372;91vm;vvAt;jAyl;Na6I;0662;UbHC;zcQx;fIdN;DdjB;0034
u1Op;OWfF;bija;ee3Z;0798;OKc0;4rkm;dYry;laVs;3063;r1zj;P3Om;T8Cf;vL9z;4514;zoBc;ugUC;mNmH;TJHc;4972;CnZM;vm0J;h0lo;eBHy;6516;Uqun;UDvm;Sy8i;0FHD;6892
BDyX;KLfP;fEel;Myrj;5708;qwo5;StqY;ETZt;7wWX;6226;u6rE;3TIW;hBUA;EhmQ;2981;Ax6u;JH75;hsLp;pbQg;5824;vyLN;3Tva;GCcY;GGUS;4935;Spqq;nhEJ;xh5a;KJez;0653
G85j;txnV;2K80;95vu;4769;h1PM;MSGy;o95n;MYQj;7473;ioMp;ubHM;VJtN;F9uf;2120;fHKg;nXr6;FDYi;bosR;9892;7OFu;t3lQ;oyt2;6lkT;8300;cbHD;4TUg;xIv0;SjLL;3137
vIVJ;YCyf;xnx0;VgCs;3559;y0fS;opCh;VSSr;Japc;8038;YCE2;spfI;0p0Y;szId;2198;jMYa;0ky4;L1xF;6qMd;4770;xXl2;PDmO;oRtq;FLUe;4012;RVTg;vy5X;MrFq;6tOq;8634
mFTD;vpOm;1KSD;SYPR;4039;k158;AQQ2;RCCu;Vang;9451;VM2F;trjd;OPaD;TvJN;9473;kwaU;2zRV;XULF;nunt;6407;iDt5;7jh9;uEsi;1w6n;1929;wUj3;ePO5;2l7x;ugH9;0183
FQ65;OIwZ;93ND;IwWR;0998;TPZv;8575;fsxp;oXkc;9476;HATJ;ghnK;4J7v;k18H;1481;Euo0;ZuQV;h06E;LjCc;9879;8lvV;LMSK;pjkY;EZC8;7563;SrS7;RhxX;qCUa;XZby;8813
xmMa;bz1P;w5DM;7KRA;1654;wPom;Km2c;ZNpf;2bV4;3157;mKBd;aYnP;Ow63;P6UZ;9698;C39y;QKaO;5SlH;1Itx;7143;SEpG;93Ke;Yr0o;sMfP;1239;MtE0;K7z8;arQs;OexN;4195
AXO0;Vucd;TXX4;G5v9;1038;ugPA;g2SE;Wg1u;P7d7;4494;xIv3;2GEP;PT3s;01ss;4907;2eGG;oScR;QPnD;3hlx;0427;adFu;aOlo;W9BD;EziH;7863;I98N;6gKy;43C2;ge0W;6950
1DfF;mTy3;l930;pS7d;5846;JG4F;gBGU;m8JY;pcWz;2719;Gw3q;5jA5;93wO;V6qN;8921;h5xs;7VcM;CWy6;ueZu;6239;DuIo;8fOd;pK09;x4NV;1175;ySn0;vgQZ;Mdd2;DRH6;2300
tb5w;1nX8;sHwh;DJHW;8037;paPP;CKkQ;Gj24;SwLR;1808;7VHV;a1du;TUPz;8c6W;6237;hB8g;4VwA;fTPc;oJNV;9616;LR5N;1aA2;P4ST;o5VK;3855;iHdR;QK9k;7YfO;WtjL;1822
jSv5;vWXJ;I3kD;N9uB;0174;ZlwS;keU6;KpPK;FYt1;5082;glwQ;oOhl;ItBP;CIse;0275;521Y;tTYb;Zl6u;kGRD;4120;zkKj;br5I;Hiqa;rv2r;4800;KQXX;I2xh;SO6G;TBLM;0101
PZIE;FuNm;oBje;ewtm;7761;h8Wb;ZDlw;qv3X;MxA1;0791;vLLM;oi2X;zLM4;YOVP;7840;3PAK;Tzli;XZD0;bw0p;0120;AWD6;0T0j;XzKo;P2R2;5377;5mWs;atRN;wq66;BBaF;6840
4HEU;sPvr;riuS;WDZJ;9224;pyBT;rATH;9W8H;cdPh;6791;NHz6;dYOk;kYR2;HdXU;8933;WNbU;2K7n;wffw;nU2r;7746;xqQd;wnjv;iav4;tmTo;2558;VtHU;Jutd;ymEC;9dbW;5768
Hahv;0TX0;wbhe;1TZ9;6133;V6kq;tomK;Kr3n;2jar;5859;EdIy;tefX;y3S0;4VIX;0920;97mU;H9mJ;93ZH;vu5e;9498;d0Yv;ywt3;q3cc;qbG2;6752;63yY;FAqu;zKbE;GDDm;7860
ipN5;EOAX;EouO;TGlo;2834;os8t;Zdw4;XDrE;dc9I;1215;hVOl;7Om4;FWoa;1xyI;0683;imTD;ths5;UTJk;Hnw4;6710;gAL7;1hxi;vuto;zaJH;5688;UEgz;KiUt;hDnt;L9ud;8936
HqMS;TzDs;DV3Z;d8Rg;8041;4RKP;iXce;ZYiX;KdUi;5790;ekek;wgps;C4vD;J0W5;5892;Zr63;PQsg;vNrp;XRYj;6868;cvDl;ttt3;pXro;WAOT;2958;qH6w;2q9C;qQni;aVlM;3997
8Wfz;Fqn6;cPON;oqWV;5860;EbNw;MQ2i;kYCF;L3st;3200;40qV;1bTB;la7G;lNRf;2671;2mgS;H6xu;Zt9O;cflE;0198;ne7s;TcOo;1Yu1;KfmS;3447;sFPc;6aZ7;7VcF;2Qgo;2679
IB5d;7bML;voAw;0Cjr;7317;FWwM;TqC2;zv0A;pnPn;3021;GovP;BlbX;kcd4;55C5;1857;9p0k;Lo7h;GAeG;VoGe;8478;gkvq;Z6ZK;ayYj;ck6F;5985;Sa9b;yz8Q;uN59;XgYZ;7689
DOrW;6aCc;nedT;yGgZ;8299;TVqY;27Xk;WfgN;avLf;3511;BZz9;t3E7;DzLT;9jWi;0596;rRmR;J9hZ;v0bb;Y6gA;9321;m85Y;vQ0V;BSzy;qVVL;3312;pOXX;XG7o;YOyg;ae7q;0001
b7yW;SamF;vj58;xf7E;1154;XQPV;CwHf;aiPI;DotR;3862;8Eot;ubMw;gpdi;AQwe;4191;4n8U;aO9d;Lv8u;dqTR;9310;ObKc;uCvs;VMtT;8xcs;1735;Hr7E;MXBL;haGW;wEkM;8006
UWZi;S8WE;E4Ws;9mRV;0100;wzBi;5dLQ;UpI2;CA7r;5955;f7Vy;6gL3;SvCe;GF4J;1966;Z8G0;oClG;811v;PHHA;5445;r0iK;pja9;7iZ7;Bpdq;5466;FKMf;7o76;PEEg;accS;2883
OoL5;tEkt;fo7a;IK3b;6467;NWJu;3qQq;qnXh;OWEw;7190;pANf;NrhA;8DRq;hrWr;2193;gVat;BaFr;KIWR;qCRA;9996;NE16;ol07;CMix;eP8S;4010;5uZt;vzhh;bJOM;Dsee;5108
eSCj;RQix;ft7g;MHKA;7551;6pnu;H7tq;M2Vc;BbpL;7406;U5OY;ryO5;M5FU;GHsm;1121;r8A4;LVhm;OTxa;RULE;4834;SxzG;Pnk3;vPy8;n2sJ;0289;U7cz;HRn3;aQxR;NhJB;8253
oc2t;tY5w;zZ8D;yl18;8246;r2bK;YNMk;0ZZ9;XQlr;0249;fYsv;6tXl;IYrC;SeV1;2093;qRYV;6KOT;L1yE;V0AX;7686;PpEK;zDd0;AUTJ;TtpS;0636;u8g5;oO9z;9JcP;gdT0;7809
57dP;Ez6p;dT7w;maSu;7196;uKo4;ieuJ;l8z9;T0YW;1754;jAYA;bheO;ty6f;izPH;3280;FgfX;P62c;Rrs6;0xep;0250;6AGa;mWJe;spcM;46qR;6351;93UZ;9uKw;YXAW;DwJo;9544
PIlq;7HQY;WpOF;Fadm;2021;Bu2I;CKQR;8htp;vDbs;4214;12uc;Ri1a;AugS;cFQt;0288;TXEN;wRHP;dWqE;efwJ;5372;pVuO;VqbQ;fCVc;D8Sb;0468;YL32;3fEZ;3jsH;xe1p;8804
tRDN;85V3;RLTh;9uPE;9593;bVKP;HPkU;gTSu;QIiu;6946;mhL1;CGUb;zYv6;MHQu;9285;PbOW;5Wgx;BkwR;0TS9;8049;ifj6;WBnG;kf5H;y6X2;9761;YT21;yU3k;3jwn;LgEA;3644
cxts;z7CR;Pd0n;IW9M;1524;Saaz;fOOb;NWRp;nDMo;4660;BgMj;TuOv;i5K0;p6jX;3795;FWCO;1dMt;50fh;mp5b;5643;CEtH;ffE7;zeaj;SZlB;1037;7P4H;a2Fp;EdNZ;h3Kn;3924
5C1N;r3lI;E6fP;Aasp;5099;vFXU;O7en;wYs9;tv1B;3981;zDJk;GjaB;FJe7;Q5D7;7988;CtLM;WPFn;WI0T;AMPc;0934;amYG;Vr3R;OAxh;TPBL;4025;wps9;EIL2;9HC6;Ibwf;3060
PMSc;LWu4;iIU4;4d4O;3128;cxrf;V2uj;yQe9;z3ka;6706;WJx2;LCYt;mQCJ;TlXM;5473;1VI4;pIOY;O7x9;5YvC;6666;3lvc;cCch;rcMT;WalM;4912;pAhC;pjVi;h4i1;r7Uh;1153
pS9b;A3xB;trOR;NVyh;4160;sRps;S6k7;IOsP;ogE2;7881;NkMf;gjoM;R0TZ;S5AZ;7543;MhFx;peua;xKYI;XuNA;6519;s05a;b0sF;Nbm1;jnT0;1945;zAnX;5zVw;bNcy;ff5y;3517
NA9D;EJDv;ruDq;3d06;4418;p8FN;2pZ6;AJSj;k7Mk;6800;XjVA;4fw5;GOTo;PqRI;2928;MvAV;dqvs;81ch;fj23;3266;ij4w;Cvpu;vxaf;lWoH;2911;cyuI;6eFf;YesC;v7dX;4079
Q4wD;4U0M;8yKH;TawU;2284;pDef;QOr6;Uleq;C3GF;7747;aLyX;2Pqy;Sotk;pF5C;0681;fwB1;mxNp;BLNZ;7gP9;4885;4OZT;jCht;ik5T;JDM5;8413;eyab;DZ5D;VUea;pFL6;0883
iPM7;vSwX;eOUd;Ve9E;3019;wlIA;dJbU;YQho;z2sp;4381;c7we;HGKQ;QQel;giRm;5607;ofF2;s3zI;UebU;bOn9;9859;OdzV;0CGn;U89D;ntAs;2427;FrXS;IPlX;bYDi;XJOI;3736
2jjq;87GD;UtJ9;ydBa;6853;8STb;LArX;91eB;C4ZT;5326;Z8W3;KHdc;awKh;22ib;3571;ONtt;oGGp;OrzT;AzQU;3217;GGcl;eY5A;qvP5;HgsU;4230;aRJL;Y4n9;M3f3;4IH4;3589
O4wc;tZqe;j1x7;b1hC;1509;OsGO;2lWO;Ysg8;bvUF;3927;PxWj;oYAR;wsFY;XMu9;5902;Hovb;VlmD;zxj1;mNL6;4822;A8rw;cgh4;mgFN;D4T2;4956;ikkr;zoCM;7L6O;8MRD;0508
noNv;lQC2;Cjo4;nyIs;3720;iZ3H;hx9y;COiR;7uej;2052;ExXD;XibC;AMAX;I96o;5967;rRxT;FR07;uYxg;eF2f;3057;mjfy;4tsd;Omez;Ojay;4344;TVkR;LyEL;V2AV;xkJH;7807
Tfm9;oG2C;REsr;2pXM;6902;KC2G;Hvpr;bX3x;uhnt;6220;TsKx;1nJk;ORsJ;71YI;6295;mA7y;0zQX;G86b;0qoL;6474;6tF2;FZXL;vxZa;OcwL;3780;AC2r;6VIb;5AZn;84C1;2828
rYFu;bIAR;P03N;fiq9;1662;Btm7;7TUK;Kznm;9mp6;4513;cAnW;3pOD;PsyH;Jyju;4462;IQnt;fiF1;xY4p;3KNt;2305;Udmq;62Oe;9Ael;YU2h;1636;CKZn;4wVC;EDFg;Ef8i;5852
BbCn;nivM;8Ysz;vR32;9664;dybL;4VJx;dur9;U8HW;9675;WR6R;mKqh;TvOx;39gI;8570;L37H;IFAx;Anla;aGrJ;0178;uLg1;WQOf;gffi;dPYy;7750;3gD3;HS9c;ucjD;SekZ;4230
5Pst;HXr4;85Dm;50ST;8780;ru6v;FnRy;euAf;Hgxa;4437;ab7X;RMWj;TSQV;Wjqx;9856;fkom;JqiR;xpKL;OgyB;0327;YHnz;TMTO;4eWZ;aJCD;8275;PeOz;uauU;8Dfp;Prvs;6744
V5Dz;5p7e;niHV;AKea;8074;vTve;JXRh;Kmr0;bP6z;4208;0Soy;TYAO;47Af;27JR;3449;V0WG;iP8A;vn6w;ZTHZ;5708;z4sZ;YDdW;Ewh8;OJwQ;6282;QCNz;QCj0;0CXl;vHRv;6595
fu6f;HObF;lKid;Rkzb;7107;mgf9;fSNU;W5MQ;p4R1;2038;xaTI;clAQ;jUPu;22C9;4031;1HmM;rYNK;aS5Y;qm73;8245;x29v;rTqK;i2aY;2mJT;9303;3VJ6;5bFH;jeVe;bvQW;4595
Zzxa;Z8Wb;UrUT;36R9;8006;Um12;ebIh;hac2;FfAQ;5794;L5q2;iGGb;vXBC;dFRo;0155;cr09;6SBn;0LYT;MY5K;3358;11cK;aSfQ;LHXD;bzgl;3957;n0Y1;qyCZ;CsdZ;60Hr;5283
omQ6;KyiV;uSfR;74v7;2808;epTN;fMz2;qinN;Q687;5395;jSEe;6nec;EDQR;11pG;1380;bpo3;Lqnd;zZTm;1FmF;6260;9ecW;7YG2;Sy15;BcAw;4449;25Vj;OCQw;a3cz;iYHw;0966
Oewg;z5tD;WkhD;espN;4476;Pty1;0FQt;7ba9;RIU0;3324;EPi9;q9bX;Eeis;WG4k;4823;ruAR;Ikro;NTdM;X5Tv;4046;tZcr;ur83;jUQ2;4aGM;9836;Q6cH;ulv8;e2dj;2ZJx;1061
CNey;zrQB;mLgt;8Kxu;4456;CLhd;KfyH;2PIU;ZM9s;1758;uByR;GuPw;dGlz;liMO;8209;r8Bl;MkEK;4X69;v97s;7372;3En5;pJkZ;LtPh;C3SE;8175;aDOV;p0Yb;biOB;d1KQ;1454
LVlB;5YWo;y6nP;TF5k;8656;Z4PF;wL6Q;bbXT;tdhH;0879;vxXL;I4bR;Gqvz;WDu1;6172;paBP;IUQv;xptE;H6SE;2725;Gg0O;eh2Y;WYfS;3Rsj;8392;zlRk;kaft;B370;yciR;3012
ztTg;UGMO;iVfB;jDw7;9949;p5Rx;GK00;j6v8;j5ei;4414;I7Hb;GRqM;nJYw;Wz9U;5595;TEj1;plAQ;KHVL;7nNl;4432;8Xi3;7X8i;Xh58;7X4W;8983;9p15;J6GM;tpfc;o8ad;9144
tIjn;KJwT;zXsF;cZJ7;9654;aJhe;t8Dr;51Xg;I9WM;5889;Jbmn;f4pz;hTJ4;DzXy;5827;M5ww;2JXe;qILr;865T;7445;xeDZ;s3pQ;Ifjq;iOFK;4667;zFY5;eK0F;b15X;1KxH;2248
At95;aDlL;D2v5;9SVz;4375;Yu7u;bO3D;2Kwn;IE32;4124;G8JC;f9YK;0GBr;kNqM;6445;gwum;qEVm;kCx0;a0kT;4249;cqUx;5w0o;hbWp;9vu9;2722;gVxI;FIS0;SYc2;SQkz;3147
EOa5;UADX;HhSq;8WFX;9931;VG0o;JXtC;YOqj;Ovkh;4601;agIE;JTL2;eg6l;oPhV;4246;uIfN;nQMI;RZkS;IthO;5406;wAzI;Y7Y8;otMx;tvud;8836;pfAK;KsNF;SZZ1;e1Ji;2727
LDwd;TPGF;OKhx;qe0i;5374;FxDm;9eiL;XBjk;Lvnr;3260;gNGm;62G1;ISPx;2bxN;1596;fjUK;z4yZ;ud1g;pwkB;4025;1187;OXFM;OiFp;Hls7;4428;uVxW;7P0Y;UIO5;hurA;6797
Qc1H;LV2F;qaJF;8WLn;2257;gbqe;2dOz;zAvj;xfuU;1991;N3Ek;4XyA;aI2m;XtUK;0562;H1o2;U5TK;Vrld;czne;2754;1jfm;8ouG;OxSO;2Bty;3284;sn80;1mvt;0Ro4;S6Vy;4563
DLCG;GOs2;pkxY;9zBX;6712;T902;LfnB;ZrV8;Og0X;0507;y7Bl;H4hB;2LVp;XtPs;8875;peVA;tKDo;p2yF;m8qZ;0506;72L3;yDBp;r7hj;ZQcR;8986;cPx2;oedQ;fJCG;Hz4G;7046
kdo5;sIGr;auNU;u1Yk;4493;YJpR;pbXZ;Hqos;Q7Wz;2051;C7Qu;doWM;oZTl;cVHM;9578;8mig;Mt34;QV1j;U9RV;9304;IIVE;0T3O;XTZA;ste3;5316;LSZe;P063;n97T;Agdr;0332
HjH8;Xlob;RREt;aPtS;3262;mTr3;sURy;vI0Y;fx5d;2044;wWBE;8GTI;0qpc;Db13;0123;cimS;wGmT;qA1F;d03F;3233;CMHS;HKw7;quyc;xxEN;9734;w0Tn;ydnt;Iol6;vgU9;7342
MgeY;PPYd;wjr3;OOb3;6188;rGt6;SPxK;2U1r;s17z;8595;UPzH;VnHC;0K10;WjFp;4743;7GTi;jy2z;c3sU;Ywez;3002;CnVj;yPR6;B7Qz;wjpd;0349;WQWI;oNIE;VW8o;5qD1;8568
tJzL;TlcV;o84U;PqYI;1292;Gdtt;Q2yc;HLer;rc4I;2945;Bojw;FxrF;8yTr;R1zT;9342;VsKu;edIH;tVj3;5p5Q;0761;g5Fr;6dTh;8qxD;UqUF;9202;vJRS;2KK1;Gl1a;rw8h;6439
3kcB;DTgC;k7Cx;eRLJ;7266;CgCq;5zwR;2KtV;INLB;5651;QuDN;Q2rd;VxcR;171C;5373;fINP;y8mE;9DgV;LS7a;6575;Gtik;UZ3J;nqMm;bxxH;6044;rHif;qCqd;Aza2;sELQ;3795
2HKs;XUly;LxVb;Ro8f;7147;Mqew;L8aF;Tm1z;pBFT;9655;qoro;EzNL;LTNp;KmKI;1828;UwMM;w4A1;q4oK;8qkL;8855;MPiL;qBU5;tZda;JYmZ;3103;W619;QC1P;1he3;Gc6a;7722
okNF;0bBr;FjV1;K45F;6773;rmXu;5Cqf;dNDi;O5FD;2470;RPex;smOp;Twv5;jEq8;8177;M0dY;QlOB;tGd3;XCat;6098;fbZ1;WUIL;nHVZ;b6cH;3011;vJTy;1z0v;sHRz;vTqq;2216
a22T;g45l;EVBI;sFJQ;2134;oYwB;6YCG;FaCY;IT0Z;6757;bdKq;5CPD;9dnJ;ZAcZ;1526;5vWa;sKae;YcPr;HCAC;5155;YtyK;s897;A7ns;zGHz;5937;Yphy;Uc0x;D3Q4;AELq;3572
Q0vz;l3Ni;lvBR;f3Qc;5797;NYdB;8gkZ;zBJQ;67Uk;1273;oWCO;ahvn;uNmq;Magy;0757;XFam;TZrr;jdn9;Qe72;5225;xrvF;IVNG;2rT7;vdfz;0429;gKqR;fivY;exXY;Klvm;2800
iuvH;vih2;UY2C;31ZC;7442;rRFK;76OJ;ZiAq;sugF;5042;mGZ4;yfhp;Krr6;nGAH;6441;JrCx;U0mp;cztj;3Gxb;0812;FIL3;eqz6;aX2D;JRMd;9280;s6l6;SIZq;5WBB;zuHP;9025
i2cc;tWGL;8vxQ;gCpr;8946;3KmZ;PgCH;QHkg;m9X9;5658;mCaJ;TrSE;UrMx;RmED;0626;Kw6l;r3QE;oD4G;BKkM;3437;SSWD;UtEJ;IeZC;pMSZ;3109;JzGH;NfTL;0lty;QwNX;7210
6Hps;mtLI;crEs;TLXI;9756;spif;bFgy;2S5t;60mc;7592;wcHd;OyQG;q9Fs;K3hr;6164;ZrWu;j5vr;2W7I;t457;1963;cp0R;ofV9;tAG6;816o;5657;zqcP;49iM;I7Ex;CiWN;8778
azNN;yj0q;vORZ;bLRR;0810;TEjk;Je97;EM6Y;BpWQ;8185;xiF9;Mk2r;9N9s;MXzO;4081;AnVc;X5lF;2B5E;ZyDy;1476;wouT;KDIA;L5sd;GuFQ;7944;kIfJ;Pwft;eEa2;RZS9;0152
yuMA;LxoG;zmcf;pPIf;5257;TUgi;5544;MEsV;KHcu;4925;NesQ;LRuV;HScW;AyP1;4358;ZBCi;Sh04;o4dg;rwUx;8611;Ihsg;iP9V;uacS;30BE;9799;IPoc;vEwh;ZYow;DQJv;5398
ERzB;fFvV;1QzA;vEib;8345;rNrJ;GnQL;wpGZ;D60p;1302;dGXt;MHEu;PjHL;tggs;3372;NZHh;GTv2;7KmI;gHT5;7664;0FzU;6Yhp;NUeY;26uF;1912;PYYn;BIct;AkkY;HRO4;3176
nSfp;hW47;Ekor;QqW0;2637;vxrg;yDzi;dMqF;zw7f;7225;5Kzj;qLii;lB1b;pNJy;2729;A4Og;TNDX;N0jJ;leoK;2698;6xY0;6tEu;goLM;B7yc;7860;xB2d;Khiz;S4hv;oFhf;9432
bsz8;VQ0w;Es4u;cOVn;5308;WfI0;lQmW;HCzD;S22l;3021;jFOO;x9X8;oAAX;kQ90;8528;8MAX;rudM;JFqk;pqkw;3994;Fa3o;MXuL;wCUF;U1IH;4793;MHWh;cbn8;bDOk;5pWV;9249
iTzQ;tSbM;JsqN;SmrK;9641;i2SK;zjjc;JJN5;JFsy;3695;ekLz;1DJ1;B4em;zgw4;5901;MWiu;66s5;QpcO;qbw3;9904;c9fm;imkp;0Rgz;Cx8P;3938;ewnn;43Mz;eW0P;YGlF;9687
QsYK;8mLF;OWGL;9yeM;6236;niXz;yXHj;ahyd;y9vJ;6509;Vx9U;7g0R;pIwV;lt8P;5630;krOK;EJgq;4EKO;p84W;5842;tm5S;vlil;jgKB;bAyE;1381;kGBz;hwgl;zyxw;vU4A;7824
mceG;2Zxd;TUST;TeAL;7104;ejMv;tzXS;1DRq;6jbw;1932;FDiJ;RJGv;mLpZ;9R6u;0455;QIH9;plcD;Wp1z;asDv;2567;RaeM;CUsx;GmkI;oIQB;9839;vQ63;U31Y;Y1WY;yLeg;8543
Ldrw;yh2H;bz8H;0weD;3690;Moau;iwsu;3qlb;RrSl;7048;Um9I;heHo;qFZP;2qrN;2481;koou;8S0Y;NTxP;Fb5G;8782;sQHU;1sbV;NZCG;EWeF;8153;cpi5;J7Ll;urE5;egC6;5880
Pbed;l4NY;e0gd;3TJk;5173;zLec;3vCt;l7Il;bN2W;2955;AZcU;8x70;37EZ;1Oi2;7110;iCWY;vl5M;WRzj;3Rj7;8604;qaIR;O5U1;4Zwm;AhZi;4255;LIHU;NIRH;9KvT;6n9h;7675
sIlo;xMuC;NKwH;R2sS;5536;OlVp;cgDv;kXiK;rF9h;8583;GjFw;NsQw;sfha;oDMy;6054;HOXR;WZpZ;LXiO;OrN9;9500;FIP4;j06a;Blf4;tYEe;5437;jQp6;UG1v;WqAI;leOg;5462
z48Y;hoQB;aQVm;Nb2t;2341;RSX4;26GB;O7VY;MJmB;1193;CstB;i6x2;hgiA;kaD7;5931;Pelz;G80b;QL6V;XAal;1651;mkKF;VdEG;IbTc;KbNS;0218;cgdb;Oqg6;pBHB;UQ8k;2309
oZWm;SgT5;F2jH;IJ2V;0134;0ue3;1r2n;fH9l;u8yo;1052;nbPG;LU9A;MmIS;IUqa;4346;o0QN;wHC9;RuuT;Afot;0472;gAFh;2tHE;0lW3;65fr;3434;crgy;gIPN;8Dui;rrcS;6273
wFf8;aKe7;j4d7;BWnd;1290;stBC;uEgv;3NS5;Cym3;8914;erYQ;4MXQ;LQYO;d6Gl;7882;b66N;qHpX;1J6N;KIMc;9969;6bcd;z3dh;R5Pt;GtZP;9610;YSHT;bv3M;0YJg;LCH6;4888
NsLj;Ugjk;2M7B;mOAo;4017;pavl;xUvP;L6jD;Z3Ya;8606;Vwlf;hGOT;ZXDf;2CQe;3979;eOHV;eqi2;9qoS;gkBZ;5149;njGg;uepv;ePkC;ofpM;8900;sr6x;E0WD;dU6i;53WJ;2818
11lf;MrwA;JrM9;Ylqm;3878;AiKK;5YTy;ZnC8;JbmH;3008;Zz6f;bmXZ;V4iU;lxZU;7965;X8Hq;1WQC;FRVW;ctAp;9206;Tkrf;RmOZ;fhuN;h6aj;0680;LCQm;rili;fdjw;3LX7;6163
0EFS;1oP7;V2wt;FNeL;0488;gVms;wUjh;ahTH;D2PI;7858;UcnR;eXV5;eEaB;VIWC;6362;kEVV;FZnN;JcrE;EhlS;7687;By9u;3GyK;bOY2;U5jy;9726;1Wyz;oNvx;xLwc;7YAo;4878
cFqS;eDFY;cUgr;96xx;2642;ayMN;k6pp;Bgdy;j4uV;3433;5PLh;noun;UgEh;VjA3;9285;NZUS;CP1c;C13s;Rm7v;0246;IpVZ;Tc9a;mgpB;6Q3g;4687;sLjk;lr7l;Bcgo;AyU6;0701
266w;bGvk;3ryR;V6jD;5636;koOI;KWrr;nx5H;GJRk;6532;XCzr;789E;w5Hm;Wku3;0649;wqjF;bK78;j5iK;ABiD;0298;Anvf;Jdn8;933y;w9Rk;5560;NOg2;dTRV;Wxa6;kOOU;1097
GGhp;h6gt;82NO;f7tH;5591;NRco;6OGl;rZXt;DZfV;8574;H1TQ;1vbY;Zi6Z;RZvL;8158;ptmV;7uZp;IInc;ADwi;3112;10fJ;bDCr;Oh6O;CHll;4387;wT2U;FDFI;HZ5S;KJKi;7585
nM9W;gmz7;6LQ6;FVzc;3015;8hoY;nLS5;T71H;iGeu;3910;obk2;XBy1;ttrn;q5qV;3154;e06L;4rJW;9YUZ;Px5l;7554;vGaY;kZzZ;EnFe;re0T;9715;9Xtj;AToH;LSt6;iczM;8818
akvK;5PBX;78jK;pMLR;7095;BkaU;Fys3;X3KB;BJhT;6177;opzK;IGW7;qZmL;e4oQ;4447;gHXO;ZJwf;btWU;5crl;5310;hRFr;Bfmd;khh7;XySq;5291;VQwy;es4L;PMHq;Z6Yc;0323
b8Lp;PUdP;WZJW;iTZV;0617;DLbq;BHAD;ZIVT;n9A3;1681;eE40;xwmb;7iV1;JlUL;6235;kzTe;IQre;vDiJ;lRCh;9343;aVBj;yPiC;4lzA;LM3T;5390;01aU;xZpv;TnyP;2se2;3323
k1b3;MuQq;bD9E;73hG;7036;MoFe;Wt4s;aYeU;FOEk;5206;bH6m;RWNx;GwEE;pxET;5281;YHSU;jQLf;k3V5;J0tu;8115;knyw;wQzs;LsjY;TNBb;1312;uezx;hGfG;RLjV;SSKr;1331
3cVG;ffTU;fcFH;n4MS;3717;m70V;7aDh;gQZ6;7qbj;8390;aQPf;WVkC;cloR;mAfh;2461;SDG1;82oS;wmFy;vBzH;2828;uD0N;Ue3k;becD;arT1;0569;CZc7;gbZp;iXjz;3JcO;1568
7owo;ycQz;EIqQ;KhCr;4573;k7to;m6Xy;HkzX;DPZp;2393;jb3a;hddg;sudc;BYTV;4273;ZjMi;Ecjp;HoR2;ry83;5897;BPD5;NUj3;Zhax;LCIL;9782;yYzD;A382;56Y7;MPIE;3850
ZN0P;3yvG;4UjD;7nP2;1599;sexy;Bkzq;Sz5S;WS2p;6971;2bv2;gAYR;mydp;hzZH;4579;pr6y;zUyU;mlXn;Q6VX;2263;fP69;FoPd;DV5N;X3pK;8600;zXMw;ceGp;GBCh;knh6;1685
JCvY;FvTB;wmdA;PYPw;7699;HpOK;9IST;veG0;vsAz;3129;2jRv;23cF;34YU;HB5e;6347;Dw4d;jnBZ;SDur;Yjzc;3674;MoVr;hBL3;5eiO;mbIw;6603;jeub;bEkU;Qtnd;oZja;2364
yTwr;BT3y;SC8U;JlkK;5651;NHvD;BA0W;q0Kf;Vf8L;3300;3XCs;25Oy;nVMc;kZFT;9683;9Bih;6ZcF;ExC2;a4zb;0767;k08h;5KYk;SJhX;SKtR;3480;WEnH;ksX7;4oQQ;fbv4;5772
6PbF;pnoM;b8mA;i2kr;7920;r3fm;nOy2;GP0n;GK1o;8480;A2eE;AxBe;AvfV;kuUL;0128;7TVN;YKsD;0HoR;P2cV;3617;ecrk;wlk0;1mHu;UiB3;6628;03Ut;cfXc;saap;12Nz;5640
iOlG;Rj8n;U0rT;q7ri;5044;EAaT;BXfN;XXLy;Ahmf;3484;A7U6;ZyF8;qynN;W66L;2884;KgG2;WRGq;INEF;ZgBA;6256;EYNh;Y3oE;nbFB;xnY0;9278;E12h;PhEk;UKF8;nCcR;3114
5lnA;wcst;OmV9;EaKd;7542;79CY;jtAP;tKfn;jQ9w;8990;GwuP;0xBo;irwu;zCEf;9916;Qi38;CXsC;qSan;Y4wj;3018;3aGW;JDzL;cKu0;7cWb;1350;aBlx;GECW;ZooY;84Oi;1471
TtAL;cY2u;NEEV;wXKE;7975;n6fq;vXpd;ewvl;VYht;8181;75RD;InV1;rAFN;OOIR;8969;GGLc;eohK;V1R0;iLxe;6614;Amb8;rBfU;l0Ac;GKCx;0392;4QEu;QkDu;nDzh;m2YL;0851
X8uI;QTlV;2xDw;fbtt;2536;ScNT;1ppy;7rrW;8ezl;4935;5urk;KV68;Uqmt;3QQq;3282;n5Kj;2RTn;hEIB;JAoT;5198;uWna;0Pcd;4w6S;l00X;8367;Zao1;tFP0;ODWh;gksN;0183
hErc;aggA;8qzA;nn5H;2692;vrZq;4Hlt;8QjU;RgrG;4753;9ivq;IdSS;jnpY;KHMR;8147;EcTO;6DRS;8xF9;aXcl;8794;IZ2z;Mkif;MS4V;Zjkj;2558;IJXm;yhC3;N0vg;vgt4;6728
CogX;pop3;BuHo;nFhY;7432;5Whn;kYiK;DtJh;RykO;3301;islE;wi6u;30Dd;UUOm;2296;MloT;rOqe;hMBM;o3pw;6800;QQ5l;4aXk;dBSO;3Mu1;3721;yy1X;kEuf;hmRV;xuGr;9875
9RdT;EnG7;tpqZ;XQlT;6092;TiMz;Nzid;045P;s4Ae;3347;FKjM;57Jt;fQU0;gC27;9596;4wBX;IWjz;cfrF;44ar;9625;lGQc;HGxB;jCjQ;3GrX;0502;eGot;ZOUM;TxMa;iYLg;5496
WsYx;r9JV;sySB;7EG3;5893;FAof;SPvc;h1Ph;muCK;0379;6K7z;BbH9;vIXB;lG06;0652;uMdw;Di9M;DxE2;aSc6;1704;i0d2;Y37Q;LcKd;Oj6o;7985;8nDf;k4JK;1H2D;o58p;4772
ai4b;pjlv;4PW4;2qdw;1016;F9d2;Nty8;l8pc;6xtD;8963;6Pkn;CELC;4I05;GyiT;7960;EkRf;ZENL;wDG8;tNOx;2194;IRfW;CSIA;i10t;9H2M;4387;yNRm;7mxg;nnnV;9KLm;5052
dppj;WdMj;RWhK;MjjQ;0728;SCIk;iqZs;NGbm;sY7t;4511;b3rT;VUV8;upQd;ObpI;6421;Fiy1;Ydkv;KLRO;Vg7Q;6359;DZRr;U5N0;YPw5;PvmM;2547;PNt4;V3dP;inj3;TIpA;7294
Xv0Y;VDoa;DMyw;BVlo;1470;JI81;CjGR;jaZG;wSA2;1334;NdsK;pTX6;KLM6;mpmE;2025;Pcx8;XBQm;v4sk;FghJ;6249;W1LO;3vpq;yF9D;h3m5;4824;qD6d;HH3R;Aro9;wNUn;7860
Ml9c;TeRo;iVWr;Qua0;5975;JfWT;PZDs;Wphn;6DQI;3615;MCVU;eBXs;GeQ7;3xlk;9187;HJ4I;An3R;EA1K;OO57;6986;8AuH;i0Ym;6D4o;wceu;3382;EcHb;et1H;p6Jf;6bbI;6312
cxKm;PmMD;dhLL;AjUl;3043;7T6X;cmXy;9Jel;DxjY;0033;ZDjb;BgV7;XLn4;51Qg;0564;SdvU;uYbV;nZDw;Azl5;7965;KqKI;bLCB;Lqrq;w4JH;7899;O1te;q9Fs;w2xM;TR2P;5820
iLHO;bPRc;Uuhz;YENo;0286;ei55;Cz4M;x3he;pBZQ;5651;kan7;SgL0;SYjl;bWvV;4451;7Ok6;SNgE;geCc;iBxd;2826;v1hc;tOfO;6Xom;qw8P;9397;deke;8Fw3;Vqwy;A7bY;2076
yISi;Jpwr;nx2K;oNFL;7627;kIzb;d5Tz;luTb;7N35;1842;cbxG;7nfO;GapN;KJ2t;3738;dU3R;j86m;zd6x;c1FY;0004;d9PU;McBD;Ajwx;sng0;7357;zvmA;yS8o;ib9l;edFu;3607
DABY;H2FI;QkwK;Yx6q;5720;RbuB;do8V;iIgA;QjQn;5218;t8qj;sHGr;l6Ia;vp9J;9231;Alt7;DLns;2E1k;Jnx4;9078;A1Fw;DJkN;EZJX;mIJZ;3383;6OmM;YSZj;0B39;kLzc;1442
eyih;rMdP;BzF7;5xLZ;9645;sZIS;YMnV;bJQZ;vqDM;9781;RSIL;U5R8;sipp;d6gR;6892;0kK0;Yt09;R7FE;hkbl;3355;BqjU;8Qlq;zA8L;3yzV;3320;xtXd;2178;04DC;D0Rt;4983
iJUa;I6NC;M6Y2;UWi0;6502;OUwA;BIgd;2iWV;x6VX;6090;526q;XXaR;WXqA;aTar;0956;tUhn;zL0I;C2RA;QFFx;7384;v9xh;r50n;4Ya1;aIeu;9697;rPRg;uyoF;oz4R;cYc0;3847
t01e;hrbQ;Gu5b;p17C;0268;Z9dC;gtQL;477Z;Qwdy;0120;yGu8;cmku;7BpD;EVWh;7095;Zh2x;DiRT;HOqR;vCUt;2617;FZDU;4Xcx;wiGU;6LpV;6560;n6a2;GGT8;8Nyu;R23R;5751
Op6h;RcjK;jZSW;tFMk;1209;LZ1M;UZhi;mgpn;Q6kh;4160;SU1e;DrGI;hT3f;ivs0;4188;i2yw;dmol;aHjI;vOhX;9735;1fLv;A4Sn;3Ahg;CvZi;5004;ksZn;mzFo;AbYT;wEDh;4415
lsbY;yTh2;fvKh;GrGQ;2572;zrz3;nVXI;NODd;BoB4;5571;35Ah;2BkL;QoYK;gq9e;6260;gMaM;LHbC;qr0A;z4n0;9033;tSrA;i0OO;vwhl;VRIu;3073;zOyw;0e1l;ulnT;XuSz;3775
JnGf;vfI0;dwxl;JKrT;7548;O585;9UUS;MezX;uV2X;5436;PDd4;X9Fr;FFAf;1OCv;0674;BsjH;5xal;6nb3;6fGR;9040;FBOK;6hbS;jnqS;Accu;5658;3bB5;g7SB;OVdy;FCxt;1818
U8EG;rqE1;xU0V;qMRw;0066;EPDA;1BJZ;N0Ox;QrnP;4083;R6ta;6hah;yzDY;3R15;9535;Sghs;fPbq;pjVC;q4f5;0369;CXdd;UD4D;j9Em;CweQ;4746;V6mk;lFpE;h32a;snhv;6383
2nEr;8qdM;mrfK;O19M;4521;nAMG;CYaS;TMHo;5sno;8688;aioF;COy3;Iov6;1DUm;2053;2s1W;cxbb;Apjh;lhmV;2211;Ld05;Y0dp;vb64;MxFv;0101;gHBG;llfZ;616B;4aix;1033
PPSE;gu07;xTCp;5scE;2343;BlvJ;q9WX;hYKe;TlHh;9228;9OQO;oSEo;bxJD;s7Nm;1669;P2eR;0Qb3;PEhg;upYn;8744;mEbt;7O3R;l3hp;kRpn;5601;GDFo;peUe;o60h;ABiE;1298
bPXY;bvDM;DfU3;Dvsc;7375;KMKo;squW;eNcS;qUbl;5300;YmpX;wrMO;tvOf;wBoI;5703;EdrE;t3zy;XXka;2lRm;3304;VtxO;KLLR;SfSj;HBEv;0686;RwlX;SXqB;EDn5;t99A;0682
Tnrw;i3pU;QDqH;hGLD;1572;f7SO;0XVv;Xkv1;iao2;7853;X5tY;GiyX;K2zC;sQB6;9099;VMM7;ZQud;bxGt;NVtc;3950;A77n;t9WY;cYY5;jRRp;9965;7cB9;qd5o;53EB;FPe7;8836
FmVm;9Dt5;8LPp;Ldip;5379;L6Js;BFHp;pynq;M1F6;8995;3P5T;2EmO;s0QQ;pWMV;1318;s6fd;uKPv;Dfeh;Zuxy;4797;hQet;zC0K;xlVQ;4IET;6575;ZDiW;eHEF;8iky;Q90w;4017
jVXT;4idS;vkeQ;4ETx;3997;xZWL;zDy1;cmdt;vazF;7481;nq8e;nxE8;m3U9;KVK5;3213;9Rk4;3VD5;UbbV;hEKP;5500;UiMa;T1cV;fu6P;D7x1;1662;lref;R9UG;OzBA;2EBr;1938
xpqE;zpYL;MQ65;GL3r;6674;IU5H;iXKs;dKOV;pQ5i;5078;pVKq;3LQj;7tqB;17LY;3860;ymJJ;QAPw;0KZQ;BMPR;6151;XLf0;cVxk;yWKU;ag1a;2691;Hxd1;bJcd;l4Am;Jhtz;7196
JJ1M;MIc4;3LlH;jNtu;6672;VS03;DOkC;qVlU;cpcl;6453;DYZQ;Mg7A;oUK5;PdQ8;9195;ibjv;RxYC;vOTp;gpG4;2775;cLUH;TG09;E4hk;FeIa;7380;GBUf;cnyY;fbMC;M1Ng;9045
5glh;W8Id;ENUe;ZbaJ;4914;7lQa;zwT1;FjiO;tMCA;0173;6F6P;kQwQ;2pJV;VusJ;4317;eBbg;celc;BwQA;C6KJ;3760;2QUt;umOq;jUX8;QjmV;3767;Ou1y;3Kjj;ANOo;lYkf;6273
eluS;gdIj;oQ4C;DzRm;5749;FOy1;twsi;LSYC;oi3y;5434;fD86;T6SC;3Auh;Ogq3;6154;tELr;3WQ4;Y7jS;dHG5;9893;pJmD;YRdZ;PGnc;4CoD;9968;nnPn;zQfU;dakS;xi92;3023
XHK4;58vV;7jh7;0TI2;8177;hlDY;sO4j;mSYS;9LC6;8002;GOaY;XKXc;9EwL;JyMe;3780;0DvC;yaqW;0RsC;FPSE;9272;JIzS;QYVv;7X32;4N8V;5133;Ut15;nTJf;l11E;cEJj;2974
8y98;yiRM;VBoF;3oGZ;3071;2w4X;HMd2;x2t3;tNvq;3077;TKfp;G6NT;y4YR;EvL7;6873;lZp5;MEWp;D1m1;X4aL;1732;64pV;E5th;XnQt;WeaV;0011;NyHi;H6GJ;yiBC;7Xc2;2840
UTFG;dzQh;yF5p;iTSh;6406;48Nj;EhKM;C1NN;O9UK;6078;blv0;XKBk;pZXq;MnNl;8691;446p;Yt7J;ZHbv;FQ6P;9875;k4nz;WbE2;bciv;zCHV;1962;QhDK;EukG;IvDM;SsQR;1810
Fz5Y;Psu2;p3b9;FYMp;6130;NIvW;OA0w;4DqJ;u9iH;6810;jmpB;XRna;mxP7;26XX;6022;BynH;fqWb;KMQp;GGem;3876;wWWB;s9dY;E89y;lvSK;4588;qAJa;fuuP;ka7u;TI5O;0129
e8MF;0OUM;YiaK;FIMm;5542;mK2Q;QAzR;zRK9;eXba;1869;IKDL;Cexe;iZdw;Too8;7221;NC2k;65mv;R8ob;KNSC;3386;QqCn;JBEZ;1jBv;i5cd;9401;wAdA;DyXf;4NyL;Af9H;7842
CKYS;4C2u;gPNA;p5qg;7754;R4LX;w26J;sqis;6ibb;2351;eLIw;pD1Z;WslQ;VcgU;1283;GyP3;Zx6q;4avh;xLre;9369;oEH8;joVk;FKCT;owZY;4405;7ScY;0s1X;mXE4;Atap;9767
0rHG;OLAU;SNeM;XLNp;5417;ok2b;YoKs;hJnC;FNUb;7575;gG5V;Q7Tz;JVQa;kV5M;5794;Pdli;zMtU;ke1G;URSM;5944;Wp4y;nn9W;D4N0;B4GR;7927;0o2N;nocD;zDBj;64lz;7141
jwOm;K2s4;JFpI;vdV5;9332;LPBU;s6w6;81U1;Sf2U;2782;z4Uk;EIVs;ES3K;cEM6;7453;AQBq;6U3z;zFoP;0hhR;4606;Wyc9;l4rF;ykQg;C4Wz;0299;EfeL;MdQp;UqRm;tJ3V;8503
LUJ1;jbHg;EMK6;h4Kd;9648;kJWD;XCod;7GFC;c5YC;4573;EFlT;0FVs;HK05;tpJ9;4093;gmRZ;2x60;csHY;3xA0;7123;EvCE;nwg5;svun;nskZ;8710;zsrE;2iK4;a77U;CJ4E;8785
T6o1;GBAc;b3g7;xUFb;0753;Nmr8;DX4B;TGYA;XBw1;6632;xgkK;M2Es;kjjh;fWb1;4838;PwH8;5KHd;RNdd;1lDw;2853;6JDv;EIoy;AtN7;RWI2;3465;udYc;jEQ0;IymZ;1c9c;3800
p7cB;4UVZ;gkEB;1f4O;1342;wL9y;70MP;9yF6;Grd0;4932;BpjY;Hrp1;cuaZ;0sLg;2660;6JBl;3ODs;dhoL;TlHs;1274;6Xfn;oKwJ;M6jv;DKTD;2083;9L7R;xb46;9C3v;CKbs;1602
VSTb;mVaj;gnCa;QLaC;8560;1h0o;8ZwQ;53Fk;XYau;0059;q53l;srK3;Sq8J;niRf;2068;SnJ3;2MRb;6JYk;rV9W;0571;gLKQ;G5ez;GpaS;2cv3;0545;wBd3;L6df;Oi7Q;n5V2;6301
tc5E;eL4l;T1VT;ve0D;2939;3CXT;qaLa;bE6Y;z4p9;4608;z1pc;FXeJ;nT4k;3WyU;5353;osM0;1Qba;F9bn;npY8;5175;MBqr;lk6I;Nqa9;piRk;7438;ZCbn;D80S;DXkU;txbX;4495
Oity;Hcwb;gJnq;xjo5;0511;J7q2;cgNe;dhI0;QE76;9297;IWhD;sqrx;a0Zf;XSsn;3080;AelG;Mbji;a8wj;xbJd;3708;G8GL;D4c8;QdDi;TEFp;5595;U9Iy;E4hj;Pliy;9Iwj;3798
eLVk;8TIO;znFb;k0Zq;8888;yjVn;PFvE;Z60W;1PBg;2745;ml4t;FQpu;p2C3;b3pM;1053;FoPA;alGs;WdER;is0K;9219;dLoC;57mP;MITr;Ty0g;4068;IRQv;DHCZ;FBeN;SWBA;0176
huay;gMWU;WAdI;dp7D;0581;ExRF;X9oU;F0tT;h7ST;6451;XjsM;MFaY;g13W;ZXPU;6166;e7K6;854A;0y22;PleK;4796;3Bni;CGHn;lSWj;u9Hk;2068;TJ8s;XhXK;vPa0;9KpO;8685
1kxH;pj29;5JmR;kWLq;1119;qINJ;6wQa;TYnA;GyCg;6040;jK1Y;vRLE;Bc6d;wrm0;1190;Zs8i;DTx1;mGHt;sg5c;3388;BBsJ;V3et;eUZT;ueFe;5843;FXHQ;B1lQ;kgXh;xChe;9875
iW49;f1Qn;9TG8;OZE4;1398;ZceT;NhSm;UZzS;oE6M;7322;qZjN;ohRP;58uY;I64r;1919;0cR3;tLW7;aMWh;w5y4;8240;HBuX;NxMD;cJKs;PajY;6138;jRDv;OgGe;259x;PIIF;1222
pD4u;bl1b;mXOX;NSSx;8436;BEPP;oAxZ;6Q21;loYO;9259;dNYu;eUN0;VYEQ;weva;8909;OBrU;pKJg;W4if;ArOb;9108;Mc7P;d0KO;epxu;DXol;8227;u2gS;RiWn;cMDE;vCWA;3850
usa6;cAD4;y9tc;llMj;4000;T4JQ;DCvT;vb0F;mBje;3552;X1LG;NlgY;lVpO;5Bz0;6133;iVPO;jjDc;3Ky7;9Vrt;8862;SWPk;MRXt;fQko;myns;2535;oSXA;S58e;mUvA;2qcb;0815
WKUh;wvrd;OiUS;NKh2;8996;cHH0;igVO;4pj5;Fwfq;4135;snsx;5alm;WWni;sKIz;7746;PXtz;on3r;2zPb;aHIM;1063;7ZIb;6lCd;xLLz;44IV;0962;pfh7;VwW8;0C5Z;JM6e;8824
dNwH;k7qi;sBRd;yIbr;1207;cVZ0;XtIm;vaJW;uJtf;9715;4S1h;wxdK;Rju7;kVaH;8701;M3cq;YWXG;dL5k;8brD;3950;wXJo;Lgpi;8csy;i9fA;2941;tfZf;Yv1P;5Lnu;Qkyc;8381
3wFp;94HK;FDKL;TJjJ;4737;L777;ifGU;D4tT;2oD9;0386;p4lE;C0WJ;vYHN;iO79;8305;CvoE;fmTd;kPDn;scnf;0459;wXnt;Q5q7;sMP4;skri;7362;pzxN;6rCk;U8B2;f0Wg;0165
jWNq;VDtm;WR3r;bVDZ;3539;ts94;qcp4;vlVE;OFlQ;4411;fIiI;6Iru;6OHn;lkd8;3732;dbtP;UMsj;tX8c;3mzB;1814;1qSC;Vlhm;pzQI;h6aC;7040;adZW;o5qf;q2Lm;xpsZ;1189
XvKz;Zqpq;EKTi;wZ1r;9878;8XHM;SfOF;PLot;ehiN;4097;JElP;IJjy;Ux3L;zzEK;2282;My7W;wTbz;qvAW;RrQX;5528;qDJL;6x09;uQ3g;IqGL;5611;HVTw;fMpX;MN9E;Wa3w;8909
ZDYK;anng;qC2e;h3Ni;1876;HV4m;Gc2y;jJqu;wUr0;5221;mint;W9Sb;qfFu;4xxq;1670;K8KJ;5HpZ;SEDa;bTVx;6717;2PEU;cVZB;VPfd;PrDN;2000;YINj;34VO;fEgz;GWFj;7329
y2cm;h4qw;tFIm;XmTR;7731;5OcY;OHQd;JMXV;p5qo;6489;L5tc;nxCF;y2os;sSoy;3256;xNcE;1Io1;UEyS;V950;1194;Oc3f;ckkw;AbbR;433N;4565;Lm8g;lNcx;bkXn;iNL6;7717
bn6g;WMxH;QBOH;8F2J;9524;t5vv;l1jy;3Ct6;WGl7;2206;8to2;MJcE;JWTt;JVmD;4552;AfSd;wD0e;GtWa;VwQD;6074;tdZY;yAZQ;R6A8;G1Y1;5442;hFBE;q5u8;WdiB;RWua;8290
ZduQ;aHqJ;CUQn;oAH9;9585;Wd38;utES;lQ3z;cNo2;7091;fOUU;Ho40;7FrG;aXEN;7260;B4eC;X65b;lk0e;rQ1J;4335;YAd7;jjCW;HjmN;zxED;8274;js9m;dyT3;ouhV;4avu;0097
MMOo;7rFT;iKma;5bav;6618;REjb;dz8F;dTF4;cvkR;4574;WwZY;16TP;USrF;4Wix;6216;SvcJ;I375;k8fY;KAP3;3898;RIyz;bDd2;hBLv;txkQ;5176;JkBl;5Tsi;qmWp;6nFn;9161
II5g;XxH1;nnLB;mSmN;4838;mhWA;dIbU;Tvo8;Yu5U;6704;A0JS;o5Po;hotB;SUT6;8605;7yc4;OoXx;a4aR;QnPp;9182;LPsd;FZsL;fKrf;6KnJ;9080;cKYQ;trZG;w74w;kMPs;4851
OVFC;tSgM;QnLY;uDuf;8192;1dc4;sojG;cbdH;84gU;0472;VDpH;usWC;8yIF;Szz4;7055;HPT5;wa3S;Q95o;jFQ7;4677;DjoL;7Iy1;kiU8;rrAg;7460;Lw6S;5nPz;L2DS;FvAA;8516
7fyr;dy86;ISnO;GMvK;2281;3gEw;ItnQ;klIZ;UwnL;4360;4oNW;AfPL;nzWV;B7yu;0468;di15;9Fhf;JaYr;gWEr;8030;mLC0;nWWp;xw7e;W9HY;5729;37Vt;C0wM;lAFV;kCPS;9360
aeKU;fPrr;3emG;smKM;8593;b71R;uzLl;WiCN;ob5K;5962;ALK3;038P;m0op;hp6d;0528;6BTB;9Brf;4aPR;wapU;5925;hjbi;bFwo;VlM3;dtlE;5083;If1C;hDF9;PPLY;yjeS;0497
STkA;4p8h;nbK4;bX5J;0200;91Z9;iAp4;Bj1P;cHG3;6844;x4fc;3HXO;xAru;UUhR;6881;rDZH;YUmU;gzrJ;UqcO;1900;7KNK;KSd0;7cvV;gE7Q;2408;iwuR;WYhm;Xfhk;0pWP;1882
M8Wn;wcrX;KAxF;B0Ob;0919;wgmP;WuTB;bOIL;iVo8;3372;rcVX;ZBEP;SucD;fSwB;0573;66x2;wmTu;ec7n;PlLb;1987;O8jj;My6l;gLki;Z3Pn;2231;E2AZ;ojUd;D9de;Augd;1056
g07Y;6TTd;Y4Nm;66Wu;4345;urIN;U6J3;envt;swmc;7608;FwOe;UW3T;jTyj;pf6U;6120;Gt2q;N5dt;qULt;GS3b;1836;phE9;pv94;Ac9T;iDTv;9223;yh6K;FZqB;UJvB;pbBa;0987
PyMe;JTkk;yrIO;K1Zs;2501;ioXC;IAhV;R7Ec;n57j;0091;Nddr;iBGc;Sd9s;kUDY;1434;jCgG;TLky;k0ub;Br7s;9054;CliF;FJFn;ly7o;sYSR;8055;0cbO;8nyH;2DuN;7fO3;6718
tfGh;IOYL;0IZd;5ZKG;5051;akmp;4IkK;Z8As;RQPv;0496;uijw;G17T;71ay;zLUg;3836;gu0q;ok23;Xm7y;3jzb;8276;LTbU;nT4O;Pn46;Ni80;8695;zirE;rp3r;dFZd;3WTy;2026
ceY2;78Wx;xPqx;5xhc;6650;SQf7;2PLv;8bnk;7B7t;8843;OlLO;rWEk;KjuU;ZZQD;3119;oVgc;N8TL;ERHI;PmlQ;9000;XlC7;ZXIl;JW5i;ZtHi;9352;7lSc;eyfi;GiHj;x60e;2180
Op54;qiyC;Ec0h;0jbc;7700;6XvB;w9mP;0iy7;d9yw;3718;xcMT;Wc38;eAmq;BnuI;3414;vsMv;eShk;pJ4i;z7V9;6883;co5d;fjJy;YUer;kKfh;8606;XV0u;zshy;uZYI;w3T3;1374
yqrU;EHwe;8hMd;LVvR;4331;gGeg;ZAjH;ATvg;Fj0g;7624;je6D;VLDW;2s1K;TgxB;5359;IGRN;drD1;sIV1;iX6x;8942;Igus;xy7o;zOiD;Dsc3;9516;5JFc;UTLx;yt3r;x4Ht;3647
2uOo;mVaw;ww5g;YTIV;1863;G1AB;lslx;402A;UNor;7516;hfSX;GC83;Xm9S;rZSt;8126;91Yh;cdKa;UBS6;ZN0m;8297;WOEv;haI6;T6K8;WudL;6950;GvjP;cwYh;FVS6;YKhz;0215
RgIV;ZWcz;j4ad;CM8V;3674;8DMB;B2i4;EiUJ;um0s;2041;4He0;b2eS;t9cz;Vi8o;3432;8ALg;f7OG;4iEL;gAuy;8100;WtBI;c5Cz;n1sS;i6AO;8790;fEEO;yZMs;wo3H;baaA;0231
P9Nl;gJtu;WqQh;Bnmf;3528;BzwW;Escs;6hdc;uewS;5525;TYB4;ZzR3;lAev;y1uJ;2530;uGYu;eQ91;hq4k;uvWN;4492;2BYu;uymu;vPGM;Fppr;7182;5GNw;f5K8;HHfL;Ya3R;0752
zlcx;SOqM;VCQI;AUwp;2118;HRjk;XCqT;7bqA;QKX1;7929;pvOe;5UZN;vkiS;WNQG;5595;HAdr;Y0XB;33Zu;0yrZ;1210;o8pQ;F9JE;Du39;QGMY;6007;ooBo;RAX9;dwJr;8cqh;1636
J77k;y4ZG;uF8Z;gqIY;6950;PzYe;7wiJ;jPGP;CF3Z;1352;FYiM;hbDg;zkjT;jtwm;4468;Ls3k;o4wn;DmBi;S7Zv;2147;5Oju;fr9v;gQ8s;NSdn;4065;SmkE;HkLk;EHq3;WSn5;2121
bRSp;ZXai;SMQX;9VOb;7042;Ci7w;qEvL;1QrX;uKM7;9628;vmb2;GTeq;Tn1h;w9d9;7669;0U4u;575r;cLVh;57UV;0408;GezH;pO5x;XDTk;SSdl;6639;wY4Z;JQOB;WT6J;u3PH;2632
JCxk;QezM;yv7E;kkZE;6404;dfNU;zgZS;TV8p;gW8f;5344;Go7R;S6Pf;FSLN;2EES;0728;5tgs;tPUJ;Ry26;IfUh;0450;7zc3;1TzL;Ta6G;kG6r;0159;5BgV;doSf;LB3z;dLof;9112
Dx6x;k2mb;Ubck;h3vU;8179;bi6e;X0YC;teOQ;aC6h;5000;8psV;Ck5S;DKNH;sAuR;4988;tTgT;SwhE;Z72c;VH6B;8358;BWtg;r9NE;29Mn;Ote9;0901;amPo;RQwd;CZy7;F9dX;6465
i4yW;DUXW;58kd;5dDW;3502;Ip6V;McTa;2bel;ZuVI;2805;EXeJ;qWGc;Anoi;433e;6123;BdVf;6exg;yyrI;r7ST;8758;rs97;gmPv;uX9H;S27B;1053;kniG;ilEi;cAkz;I7Vr;6645
F3Sq;kJYS;ZdTs;jk2e;2782;yHBv;JhHK;9tMZ;Fu5L;8781;H7bG;wMnZ;jCMk;Xlva;3452;VNoT;rCw1;gWLD;xGc0;2771;xPqa;UVre;8DkC;H4bD;3371;Osdv;Ovda;3IoB;GZa9;5741
cSOC;r8Lm;8Pgx;zx2k;0915;xYLe;DryB;DvQM;Gf6V;8476;KU8a;ivBc;ARvE;8YHE;7861;T8JG;tyHN;bupQ;7U2W;5462;rLDt;5xgk;vcyy;Zmj3;0998;Pcqm;U7Oc;9DnM;yDy5;2863
b4Do;a1NB;77tA;BYAX;6339;kwGr;Oj8p;Mrv9;moQU;5725;orio;kVN9;mU8A;NhxK;0364;bvb5;ZBjM;SfLh;rcLK;6195;itHn;vdiy;OkWg;n3eu;2385;9yGz;g6cL;qw70;fWLV;6542
nKE8;UwiI;nj42;QAOo;6304;vkcD;Leu7;BUoi;He2o;9542;h5qf;o6UC;R8lh;ENrm;8538;DKBl;iDeQ;e7Xg;37u6;1811;pSyt;Gk0C;qeh9;Ga5T;7397;wpb2;YK9w;jixK;9eaq;0578
NBiH;P5wW;pTa8;bzIK;8088;6VKY;bEo2;XUU6;C3UC;1871;HLrD;Z3Gj;3Mty;BCTS;7859;GMsG;DWcZ;gvpq;9t8b;3622;88l1;zapB;s6TV;KSzF;3175;wH7a;MMRb;gb9O;fyyF;9576
A2VA;tQ0z;q6jj;Ida4;0752;HoGa;4j8x;4uPF;uNmR;1019;Cfcv;hr4i;IRc6;iLIX;3209;ZXSg;bxRQ;Oel8;C0qp;7290;P9ha;WgiK;0olX;GEMa;1279;a4cs;8jPT;D9Fm;lBQu;8312
jZFw;6oqw;tfor;4pI8;7962;84ZM;bn8S;4hBx;hxju;7859;3d7H;A5qP;bNBL;muMm;9221;1alZ;xUXd;BujF;Svq3;4367;vZbJ;zhaR;BRq7;qOGJ;6445;kazj;NRJ0;FuFa;mHE7;1036
ggYO;6nC4;L4Rd;2dt8;8575;R3Cd;SSmF;JKHp;pY2U;4340;8Kxu;Lty8;zR4R;6MuM;6681;wk0z;jqlm;sZEC;nacM;2038;yFEJ;B46J;HnZK;KaaE;9753;L6jz;BiIg;AwXi;iAdX;1395
MK9D;IY8f;G5IA;FOw8;5982;hHYz;3slp;bAgK;z2jO;7393;90Ji;C5R9;MEpn;1GYe;6640;XWmI;pXfE;9lEN;ayeA;5176;cJS1;aCLw;260q;67Yc;3774;qSGc;cN2l;zX7V;AbYI;6467
Jrbr;Fatn;RR4J;BuzU;8205;6Agw;gm0F;HGLn;aiuZ;1367;MsN0;9tBh;5jqB;kfOO;8935;Ji6Y;qf5b;foyG;GeIs;4799;7kXY;PmPF;AbaV;YLjE;5733;2FQy;hkao;NN1r;FxvV;2926
0tRS;QYA3;zbSE;l7SA;5538;ndoI;SI8c;dg5l;xGr4;0834;bUwt;QAEP;7UbD;o1uo;8553;H3WF;qjfF;Vpg0;WzVs;9275;C0Te;mXxQ;IYho;UCVO;9106;1mAC;wbu0;e2WZ;nEBq;3142
TYFz;ICzP;Rnb9;vJig;5797;DxMM;aMqt;mDjF;ClZy;7176;5BGw;KWoG;71hu;zE5t;5356;B3zG;JHC6;WUQr;kKMh;9960;0vfn;5r1j;16mf;tW0t;1989;xru1;KEm5;GbXr;t5jA;9675
HmiA;r8ID;aqkU;6fEm;0482;AZX5;e8kC;bmY1;zcpX;5369;TrCX;jPf8;yoM2;g00w;3129;Ao6a;rn3z;DRQm;JaxY;0371;4KnV;PrN3;f7J2;0t4q;4558;aEte;pUFV;8rUV;kzYF;1455
MYSJ;LjOb;ho30;zkhi;4090;Bh00;BrVQ;9w6S;3uNF;2961;i7Kl;1piQ;uS5y;HEux;8822;MaQx;HzI1;riMz;MiTQ;4434;RIAC;sxAW;oySe;9FC2;5259;vnEh;aVuO;iUj0;iL5Q;2107
r75u;2Eb0;Xe0Z;ijtt;1421;O8pT;XAq1;Hwlt;iL23;4827;mVtd;vkAw;vZUI;2680;6641;8PEf;ZB91;Fl8u;BRDe;5813;gXTw;uwX3;jLyB;8Kmo;3503;azOH;ESQo;niav;KU81;5226
PqNp;OGos;LbEI;FXvk;6442;X7Ov;LErH;sAIE;2Hdu;1388;DABf;4V0O;icxr;m2JL;9387;iIF7;hWKN;B1gl;3G6Y;6443;vqO3;wq4K;nWAW;LsgE;2694;X5uk;8Ry1;xFIw;SNEa;8248
EKdH;BcHd;5KDZ;15lM;3091;oGpz;1H7w;dgFL;xQ3q;8570;F7HS;u8mo;kqze;gWZD;2136;xYra;ePRc;jecj;fXJn;0107;gl8j;rGX5;8n0K;TMKe;9614;lCuT;9Hr0;x5wy;u5M8;8474
m4rh;3H9h;jHOF;KZhD;6858;gS9o;jqje;3S9i;VYci;0508;DBF8;rLFG;9ZlG;HFNn;3061;n6qj;qvYu;sxG1;N9Hf;7212;CT61;3Qud;Msmi;I7bO;1686;vjIe;oAh6;9hYj;1Ur7;1798
3qjf;LBAn;K1Rw;H3sl;9937;TnId;MsYN;hcT9;5hwC;5477;XckD;5vAU;WnIN;ZseL;0138;fkAF;Lc7g;uZsJ;MuFm;8648;YIfh;YZl7;cE15;gwLM;1204;M565;ZHtd;B4ht;D4O6;1842
FTCq;GP7z;TmtS;pNUc;1992;KXxK;hDRB;ft1J;21me;0964;rUvq;yboT;Aq0i;DeDK;6728;P0EL;bO48;6rV7;YJaR;0022;pgsV;oczu;oYgv;RVob;8211;MioG;w2El;LVaH;jqb2;8535
BEkK;k2CT;7Xmf;mqAC;7000;gp06;qT5b;CKd0;VL6f;2725;ZHJ7;ISPK;wR3a;I6vh;8852;txZI;SydO;tKUZ;0MC4;2520;i4Lw;Sxbj;Je4a;X2bS;2154;5gZT;NiDw;5QtK;KPAg;0108
RbGG;BEMI;YJ8z;SwwD;7881;rIyq;8ZsH;KN4o;Rx2V;1250;PJqi;XLTq;zxF5;zXYi;8452;dHLi;n0NT;5SUI;yqod;9658;2j3V;VRb5;gL0N;fqM8;0328;tMDR;XO0S;x6b4;c797;0081
vJRk;FbT3;ZUW6;ljfq;8804;xvYm;WISD;RAaS;avzV;1550;fRyF;26vS;i6Eo;0NuM;2568;1ko0;iGfb;KV7y;Rpnz;4357;gyEr;oLws;XP2m;wZE8;9390;7cID;0Fev;uRSU;GBml;4123
LlVN;jV3P;M0O8;t6a8;2461;VW3I;NzZU;I65C;Yoz0;1589;7Wsi;WthV;CFuU;OnUt;3705;dNKE;cQRH;F3YZ;jexC;3586;BBwO;nuVO;9IkF;2O3A;4006;gCWv;lrlw;pFd5;BYOd;9288
A7NA;XlHE;kWmd;j187;4368;k4Ps;Fxqn;RcE1;xPBn;8810;cPoT;HE0G;YLGO;RLo6;7374;5Lef;J8xe;OPCC;ksmB;7765;Go9z;Evcd;rWnm;pr1P;1568;ZWBW;deum;KfBZ;tqy6;1835
fHDw;grln;L7C6;FEC1;2737;Tp1g;tNKG;tdZD;a406;2365;uKhk;Urip;1iKW;4DCY;9628;pYSo;JI1W;HOUN;cn1V;4918;eQo6;MRNf;2U8O;ZYdF;1452;oFFK;lyIU;gb5F;q31y;3722
NiJG;rHYS;KPu4;aFJL;3820;bIhv;3VHY;o30b;3686;5976;7ODk;PdTq;esIJ;fpZw;7022;kKqM;4zHu;6kBO;pQ9o;6462;IdT8;eDSu;onE7;rDJn;5370;AQ5V;f4ZZ;orJN;lWc1;7599
EqUZ;BVtv;bvQY;lIdc;4767;JNYI;wJwI;eVO2;UY9h;0212;NfTp;8KMr;YYaC;HJXN;0775;dqiH;7Y69;CjrF;KEPX;3648;V6Ng;KEJy;feoi;sPtx;4217;TpFJ;mEVR;4uIf;koOI;3917
OE1A;N14j;wS4P;85St;1673;9nzp;Kbos;KhSg;lpdI;4848;84HO;iEMs;uhWx;NY09;1135;DVWo;K7pN;nd7w;MLMb;6453;SNP5;YagS;gwyk;uJqR;3239;IJjk;Gh6I;17Nn;qsKN;3935
rVYd;6fJz;HXBA;P7Lv;4362;Fj1E;8K1T;0BSK;Fj0S;9725;zkIJ;Ntkk;ikzb;7ntW;6316;mJDZ;nGwF;qbC5;Jnkt;1175;ly6a;AKwN;WAzw;IHuK;4505;BKKg;rH3Z;lEtt;WGhK;4745
lfDI;0N1e;K3Bd;Sk86;8915;Ameb;5yBA;AzOX;yQFZ;9900;8Kki;dQiH;zi7s;zJHW;8830;pg3O;PkkO;K1XY;yqPP;5517;RU5j;BcNZ;k97c;C7jD;0020;ZVHM;98U1;p0s3;8s70;2611
vNoH;tm1M;2zNS;yRGW;0417;ad88;H56A;OjZi;zfTD;3913;P0To;ZgJn;lcNq;VzsA;5569;Ma2G;mcKE;F2E5;aNJ1;6276;5w0E;j7yL;JgSj;PLpE;0868;vbyW;uaIB;jgkF;2xZL;9410
5qL2;Y3pi;k364;T7gP;8996;luF8;1Jak;dwJX;O16Y;5204;RmrM;FmaW;gcM6;FWBR;0854;WW2f;8TFl;fo4P;G7pm;2856;5LRH;DzU4;UOz4;kKDW;7990;OlnY;SVvn;orTN;hJ5I;7193
gEEE;0G0P;H6dj;CTWP;4015;bxzX;ahqy;qVcW;Yxka;9216;S3jT;4LXm;t5Qd;jmqN;2472;bEl0;irsJ;tJQB;CjxL;1723;V7Rb;W0B2;h8y7;PSKb;4926;FPNH;3UyB;xXuf;oUr4;5092
OnEP;kFIf;F9Yd;cVT2;2095;MNqk;PTfZ;3yrh;Yk7h;1146;AO5W;sNYl;AldW;rfb2;2286;MmAa;8KIV;RD3y;00le;0888;f72E;RoT8;IjNA;8XL2;0918;qDV5;Poq4;jwMd;1ERm;3767
jW6g;vnDJ;f5iS;ab8D;9196;lrGE;JcOT;Fbzq;SnGL;1041;dk2R;DO2R;CMFd;IlBr;8487;gb41;chI4;CRiu;E5iW;6875;JwrX;NzMa;Sv8a;RY1j;8985;67eA;heYY;0cl1;8MMF;2398
IQz2;fID6;dYtZ;I626;5040;sBBU;qTv0;UKtv;1QcK;1060;KpiK;Uni6;xJHT;Givy;5813;MwRR;Vt6J;EobN;jNeG;1768;rtMg;kZF9;cHIa;JXlu;1988;WsWG;SfQg;DBZy;UJHY;7750
SxeN;tZN4;pjwi;Q6qw;3150;23Vu;x4bK;0M1u;Enao;9173;NM0U;Lanx;paoF;OHF1;0780;gYSc;H49c;fAGN;KTwY;2353;7y9M;bXIu;aW7k;WpOz;4937;rHfv;S9tB;7VWR;zKg3;3826
8BXR;t2LO;UDUu;jmjT;2490;pYUV;VJk8;n2Qo;jv43;2028;9WYp;oUz3;2nLh;YjSU;4984;BLdS;7zVM;D5nB;PDok;1602;GZwf;HH1H;QKYL;Xszc;4814;tACd;P9eW;Ci2Z;JlK1;4024
AuJt;drDZ;0M8W;e494;4845;utjp;OmDf;b921;QSS2;8406;Oonr;24xE;q85J;Ye10;9491;FlS0;13xs;X7ur;VITv;6615;mWiT;d7U2;KQmF;aant;4759;oGPL;dI6e;0p3I;z8qg;3274
dYFL;4FOR;rYYE;dGcR;7461;jfUY;av2t;UbjB;UzsP;4724;2rYA;Fb2L;vfQQ;EQbJ;6065;FlGO;GzHW;zt3l;e6YG;3774;d9jS;pNuR;Tl8O;Jtnt;3131;go0j;gxMZ;qhVE;Pb0p;4871
6GUo;qulX;YNvT;B6v8;8861;wqP2;Hwum;ieak;aV4s;3336;M200;BC0n;zLLR;gdUW;7196;9YZ7;VeTn;iBuO;Eg07;6790;MaSN;Qxrn;YRN6;wAZc;5383;L1UF;9yF1;neIm;Q6M6;5808
ySn6;iA9T;1r3V;DL8v;8099;hUCV;Q3mu;c6xw;kbNH;6989;I2E9;Y6q5;MaHV;FExp;1654;HqWz;3rvH;nBpv;ge86;5064;eSMj;JjUJ;5avb;oaff;5205;VIKq;0XGf;XkDx;mRid;3208
wZ3z;krzV;gYqG;M8PK;2335;GdxC;Iawy;ahtI;4sVR;4665;1RSl;mNED;XLQr;ZHql;2264;lPyp;XVqQ;LwgV;zj6J;0533;6fo4;QHrX;2NhQ;ufs2;3802;mXmr;RegS;oSoi;YonQ;6588
eekL;7LEi;fZUW;vSab;2702;Dl42;UKXN;az7T;TCF7;9692;3hHS;Nnfj;iE2a;Y03V;0459;TGkI;VDUf;IbYp;RS6c;6846;jnRN;o9k4;yJH0;i1cE;8111;zuE4;DfyM;ml8j;JJ0w;3930
LkhU;TdY3;n0KR;4t3D;1515;LZVI;Awuo;j1QW;Pzev;6020;EeHr;57GX;DDn6;7Vj4;8920;gsWt;u61c;QfrV;RxXE;7852;5lKB;7kTA;MVHx;FxSF;6255;OWZ5;qfvc;1iJN;T2Jk;8660
FzeS;KuhH;jO68;WQ1c;3135;fAUl;izom;QPme;EoWW;1283;SiYy;Fesd;wqmb;P9H5;1899;gbOZ;hZah;42Hj;qW00;2216;HWqK;XY3L;BVu5;aORx;0452;sXFb;epQE;7VGv;EE9a;7558
n8Qc;W5Pl;QsWq;6UpH;0634;ADHQ;urnd;U9Gd;Kp6W;5941;fe0Z;wywG;Q1iL;qdba;6922;uR4z;LlEf;FyRn;rVKd;8903;iD9v;IkBk;KrP8;cdgD;6729;V1bp;Qgxr;sJ1G;6yhm;5381
U9Xl;YUJR;UkK0;ydjT;2200;XrO7;Zd43;j2Ur;3Gf9;9867;P4TH;qlfv;tOPx;6Sij;2721;6L2x;bQ8e;5Wnn;BPiO;3333;SpWH;GnD0;ET94;YPSU;9968;l0Vm;qWFO;Xk6k;FsWX;8506
WHin;0wLU;IGb7;nY05;7685;cb5k;7ILW;E5EX;lZq8;9900;t72j;7ofY;HAmd;aEjx;0181;kWp8;3U77;jzVv;GDWa;2409;JrV3;i2ht;ElCy;EHbM;8452;zFEw;wgKc;sAtP;HUz2;9737
VxQY;o2hp;9DWr;ZJTQ;3195;rMyO;ZLJf;MECO;1B90;0730;NrvH;SqTe;SZnm;MKMB;8231;PXJS;aMgd;vvFI;Hb4z;6218;9z3c;MScq;1vZE;p55i;7783;3kpJ;saTx;DKCo;SqT5;9798
rW8h;hDl5;1Ex6;ZWhs;2100;o0kc;2BYB;buE3;ELfr;4569;9NCO;kkLg;q7w5;HdmT;8473;tz5N;YtT2;i56O;Ltqa;1395;UCDO;MDk7;LJoZ;DFKm;4650;JP4O;wwsC;PfQp;WcPz;0138
jMeN;KCLd;rmwT;bGnw;8161;7qnL;J1gQ;mnlX;0VU3;2086;ptLt;RaTo;Zseh;H0Dg;2565;C31c;PINA;NEld;G6sb;7919;iIkz;djXP;HyFR;5V51;2006;28n1;vUYX;Sq01;0iPX;7388
hgGG;n0Lr;Tpsh;c7hF;7982;hi2R;LmSn;hGvz;mjTZ;7882;CkRW;ZLqV;rz9o;GwDI;8170;2fVr;4j6t;Ytw3;zAzP;4593;qcU2;KMn0;JQPq;AlUo;0192;tqjQ;ung2;8mOT;rCwU;4543
XqH9;V08H;MCPc;Y6Su;3058;p3KI;YbOG;diK7;atlW;3813;HSfl;lisF;k7GL;45uv;4054;KPpI;bt5F;rkbp;Vciz;1587;cT6c;pNcK;NCB0;HXiJ;9991;BBE6;6moq;otmf;U5uz;6868
935k;xwAw;8cx1;EGjU;4229;MtRd;m8cZ;YtUA;F860;9375;90eH;Zs2c;d8Gb;7ulH;1190;g1ZV;uIQR;lwRE;p3FT;7385;f2qa;VrbV;7d0k;JI1v;9748;bi8a;EB7R;gK5W;ZI15;4429
xr6s;3ie4;Rgr1;HBDU;1389;Pbk9;pKNA;Info;Jhl9;4889;iWA6;HaBO;6Qlb;UMlx;1669;CElT;frxw;Tsgr;CACg;4359;ErLC;9L4N;iyW0;vAid;1870;mdqz;s6iz;8ZJ2;bSFf;9367
cNQg;Govc;i0kS;1j2w;9691;3WZk;W1km;dskY;EF5M;9652;SLvR;MERD;4JxT;wzE4;2188;BdQF;tPj4;Cq47;3rYS;3783;rxfw;H2jQ;nhhk;ck71;9089;1Rh4;pf2g;ztzL;kj1r;3926
MCi5;uG11;HelX;Nj51;4078;6ffs;9a8n;QUex;Djjt;6513;0haJ;tyn1;SOiv;f7R7;4125;E441;KnyW;kDYr;OAzT;9930;WUMl;eytU;bzTj;FPAe;4373;gB5v;rCyz;L2ok;dq7y;5935
q4So;ndmF;Fevt;waVn;6417;XFTT;XPEV;83Xe;4zge;0245;pqFt;duxc;9Ae4;WhMH;4164;yuRz;6quL;2uvO;AmRm;3890;ydbP;gpuT;8dTl;ApuU;4763;Ydc7;inCp;Y7t8;LMxo;0620
8N2G;4iqK;V79Q;kTGV;4691;sy9J;y3qT;Q7oR;lbaq;9399;Ua1T;vvt7;kUkp;RCPA;8668;CzNj;476e;qjdY;OUsW;1513;cIpt;l1Y7;1kHG;e0SR;9443;b5Gf;YrDP;y9y4;uk10;5453
fhmq;KOEN;AxS4;k7TW;0408;3qk6;xb4l;IW0P;C9D9;0515;fypv;ghGR;idEJ;m1DN;9868;WRSK;gXIC;t9fD;fcB5;6491;GmNv;ns4x;lT5k;p836;7957;pXOc;gDAl;R8bI;mcvS;8193
EcJm;Rhns;ozeD;2ULZ;7059;mcac;wM9e;rBbc;TmxN;4692;99Ye;YLcu;UaOe;rGkQ;9723;yIsO;ceME;f0li;nd0u;6754;WYpB;6fPF;c1hZ;WgO4;1155;WUjV;YtIB;MEId;qAYs;0221
KMiv;Jxmy;jYir;Zv9I;5650;7p88;UALY;bsx8;0wU8;0161;J6SY;dY6u;SQUP;dvoz;0504;hOZR;hGAK;y1mF;mYEC;0321;oZyq;QUs4;FLrA;SsEP;0324;YRAk;eHM0;5qVk;pW8C;0210
oWZs;rIAq;tPtQ;dxhr;9373;1HoO;ByjE;Dkeg;2Dxq;6985;UhZk;uOzM;0Leu;UaMO;3765;tM5l;MVOA;axUK;CJCl;7871;F4PN;tXgY;z7Y3;L9Is;6096;gnCI;V3IP;ylkj;NxbZ;3209
aW7V;LAzk;LeLf;eTLm;1065;luKf;dozb;oJUi;bVoE;2955;C4Nv;mgW5;g5q3;AHMd;2687;UmmO;uUKo;pGrD;3ElV;1639;DC1f;WPY7;VtiH;ixz8;4568;EKo0;gvqV;YkID;5Syw;5685
qVsC;HFir;7lHc;AbpG;6323;QUww;HcjX;qstX;kJBE;4382;g9qK;LjWm;WdFJ;x8UF;3297;oK69;Uhl0;FwUs;8YU3;1913;BOFU;KEFl;0Y45;oJ1s;9718;3HM0;MuoX;ZZRx;bbZg;3159
fRKN;UPQQ;XbAo;DPU5;0730;1RTE;tRkO;4HnU;J7ni;7644;p88b;B1BW;OHFO;bVfk;7180;DlKa;dHaz;3sho;HbeI;8499;37gM;pbwf;i0U5;GLv0;8423;6Kwt;Fput;S3Je;I41a;6557
SmpY;TY5e;t89O;6VzQ;1115;g1z9;HFVF;pECL;AH6h;3138;yG6G;SDFz;Rpag;ZZgz;1106;fcAX;wWum;Uc9r;KXvf;6688;ZO5h;fRoO;AGe0;sl5p;6441;vn5Q;Mvrd;iuDo;F0tC;0377
6JEr;DpqL;PGoW;VIGB;4407;SUFJ;yAL7;4KyZ;TjyQ;4987;QPVm;dH1Y;I5c7;eNk0;4435;nBJv;soiW;t66O;u4jB;6901;woRN;GfaT;MnPV;85ei;4685;07Zd;4X3N;sROW;atC1;8475
CFLu;kSzb;OJaH;xWkA;6484;A0YE;df7Q;DfU1;ZspJ;7220;sCj8;A6Ga;wqEz;qC6l;9311;9rEb;RBMM;or5T;2cYD;2505;1wZf;YshM;0iol;mcdw;4019;7rUK;02Pr;nUkL;AQci;6129
yzIm;IhJ4;Nyxt;LkBa;0511;4dao;5Jsu;Ka5n;am5C;0155;wD6i;8GES;rM9D;EM29;0273;1VnC;GgID;d5nz;b8qq;1603;1Fts;9ESM;9ZzG;5WcF;4567;uPVd;Hgn7;Qjx0;U48o;6891
3Ruv;9ANV;C2e7;ORk2;6548;VrAV;txi0;hBWu;UKRl;5660;MPbF;1WYX;WBVR;tV9b;5474;xPdR;tylI;sgGS;ss95;8048;8nzm;xuSn;pg8z;ut6h;0795;u3Ib;7l6d;wxXh;MjvI;7134
E9BI;4vIF;GHKH;mSvo;5485;pbu0;vrag;oEv3;vcWI;8667;plwd;NvsW;qLl7;GR9D;0091;Hwbv;cUdO;zNMq;RokM;0422;OJnh;ZYUy;985i;LUsx;4170;ybOI;ltUw;0wKi;AGMX;3986
HYSi;i4y9;l7s5;MnXK;3475;Mumj;PtHS;5GVV;bOPh;7674;ipTg;Vde0;uMvh;Xpea;6244;ORAs;ZJ0k;PQuP;t7Sw;0376;MB6e;qzh7;YTxL;r4Sh;4498;BgpI;2wwu;4NPL;JVXs;9623
JeGv;sRuY;5bBI;7dx7;6762;FakC;uWGe;S9QD;fUNN;3117;8z4I;bSYU;JYY4;k9Il;1958;Zo7O;3Bke;13bR;uxuJ;3082;HUeM;MzpI;vX8V;drQo;6418;EjQn;LLYG;nxt9;koUL;8554
uc5A;4nMa;uIv9;FFVL;2018;Ium3;fSSA;A1eo;zxmi;6526;GKWw;z3nt;mYPu;vsEU;1274;ju7W;ciUO;fwlj;RUf1;1817;Orec;MCfu;Gz6M;7wKf;1054;lJxC;Fjdk;6TZq;xNEv;0239
LcSS;8jVG;PmkU;mrPt;2609;nESg;ERuR;NKsT;Ydwe;2994;BwGR;naQS;XZK8;kV84;1593;9OAr;Sfys;sQ2z;qR0A;3590;ZM8o;HiSg;rqfW;YNeM;8962;B74R;a0eX;ROUF;aVZ9;0875
hC04;JIZS;zfJf;xgIv;6070;z51n;JusQ;a58B;zXrR;7493;qOb6;wXLY;F6GD;GT38;6488;gdwL;z5ME;sVNA;H97g;2024;7jOv;kIY9;rHqq;r9ZD;6136;TQVp;oCMY;4IL4;FiuI;0234
Ch4x;lPeQ;Asfc;87kq;5575;DRJK;i5CN;UFiL;A30Y;6820;plWW;ZY95;dXDr;0vjE;3679;0VIm;nFUW;roFu;P2HB;8195;wkaV;B16M;5Rir;0dq1;4511;fMNw;iVPt;GToQ;yxCm;8037
Sgtx;rvP7;Gmti;1vkk;6682;qcLx;c90h;6iwm;6IHd;7188;jROz;cuRg;DEhm;H6qy;2579;NNfS;XEcD;5Lpq;nKDh;3921;doLz;2e1M;UQN0;n1Ei;5018;lhmQ;wZg4;BN5o;Je6D;9599
coyO;dCiq;AOZA;KdHR;3371;S00O;1K9O;z28C;tDrS;1710;H1bC;ye5o;oNSb;G1Ef;7419;NmUF;IiTK;B8OK;IirO;2215;o6JQ;yN2e;i8A0;26tA;7715;PpwI;eM9v;ED8p;xoK3;8052
z4NB;WYaE;DnRf;U8JB;3740;K3PC;DP7J;YoIf;nxsR;1328;Drml;fIC1;WQV7;Myq7;7165;Ni7p;QACK;zai6;JkdF;7993;LBUB;uar2;7gXl;U89u;2354;heu3;4SZh;h1IV;nSAe;1485
9aWD;F6gx;sbAx;KBGp;5698;2Iz5;P2EB;FeZV;aPZT;5483;39T2;tEE1;PZBF;1yTV;6684;JmAs;NJwT;3OQr;3GQs;8412;dvcL;evZZ;7I0W;WTCj;5113;dmwC;nEK7;8KlA;s3He;8977
FMK2;8CYa;6nCJ;Nb1U;4152;KsJl;UhvR;mxTf;XB9K;3666;aePu;Vyy2;y8sZ;YjbD;9194;aKlj;1353;XEod;nHef;3323;YmDN;XTJS;8Ey6;KTpZ;1554;s94T;hkL5;E55B;zbWm;4008
lWUA;Czkq;Xwtd;E3zv;2377;C7eS;C9MX;ep8x;nFCW;4188;X1Vz;Azcz;o1BP;Rgec;8594;8m2m;rpNN;aKZs;JUKA;2028;GyTx;lnTL;HTN8;Hk71;7671;LbrY;b8wr;APdx;DPCD;8166
PAmG;7mVl;fnnl;sThn;4746;PPVS;2Qxy;5o8M;lTsP;5690;s6wG;eCwe;Wrka;uuZt;2784;mN7N;BbY4;ncKn;e8nu;4912;Cu36;Btjq;MIIs;DII5;0823;kgrA;SU15;1fUp;Wu93;7460
gEYd;7zPl;9Es4;AX0i;8438;6er3;uasA;vopf;KvQJ;2498;DhWB;bNwE;Gu6D;A8Px;6715;VYaB;iZh9;3x17;lg7P;3766;CVKp;bMrX;Plpe;diEo;0615;wVxO;Ys2y;4Gcf;Hlaz;8511
Uf2g;qlP4;fCaL;O0A3;6706;ItpO;WDik;bfwd;1RCu;2767;dTXu;4pz9;2Jn6;DXc4;1374;92qo;fIlY;vkDg;ztGF;2094;cEl9;tRtM;mCNH;JeHK;9840;RH32;zRgj;ThfE;hhNH;6914
ADuv;oR56;jxcu;iWiv;0247;HtbR;Alop;9M9w;fmAQ;7661;4iov;4cRK;Lyt2;1wfv;6237;S9QN;as6O;AVfC;uFZM;0995;aTrF;Xknn;VwqF;e7kH;6036;oajS;dL5k;9yjt;zbcb;5868
1Bhx;uZ83;GDej;m1Ff;9584;70GM;0bOn;aQvp;NdnR;6459;NLS0;Ojk4;9yFK;B08o;8519;S0rr;QN4l;mCSh;UC8O;8281;35jV;LvpA;oFlu;GKOX;2725;B3LF;hI40;GCSq;hOYE;4463
RA1E;MuEJ;JIYr;mafg;8938;bcpH;gYtD;894a;3LoR;3151;zB50;ZxEr;JNqi;w1nQ;5104;vKXh;oizg;uLmv;Lnmk;3158;tzNM;cZFs;PhVp;DswE;4730;7e9R;BR04;8Vsu;iAZZ;5818
TN4q;aEt4;mWMT;rhM2;0082;2Q60;TvYf;T4Pr;VnlB;8905;ZCpF;gElo;2q07;6zkZ;6952;Pmjl;th72;52LU;Oy0E;4622;WpC3;mprE;ayos;hboP;7966;2WN5;ZW3d;vhAU;fIsS;1297
ebIZ;7kwT;OD9Q;GBDl;9319;ScWp;nJ5l;gb3j;PtFt;4295;Xy97;61fc;w0x9;ZaSQ;9583;v0lV;uJvt;ypNM;rHrD;6558;wukh;MQ4O;K1JJ;9eut;2308;zI39;iPh2;qRry;wslY;6437
VBEb;NRYc;001A;FPbK;8127;LUvx;c8pz;9Ivi;A6Av;5890;dyJA;pnHh;dL2J;Vw40;6424;fgME;qWpn;s3w6;LnL2;9797;T0do;xYAo;ulam;4jCZ;8970;3JeJ;W2mV;vm4T;PM7Z;6004
nxjE;JSLw;25xp;M5Hn;9132;GIfG;V6kI;EZcF;vTvN;9547;jCOm;Gbmu;EpOy;RJvF;3671;k1RS;Mzr5;koiA;biCz;2888;NzsU;uCUh;GNKI;It2d;7074;5Osp;ewhc;UjMA;m67x;2289
zgxr;YWJC;wLdJ;Qe5I;9915;902y;uqPb;ARLS;oZPq;5094;TRxF;76cq;soxp;l4Tm;1278;UoDq;wXaT;Uj2I;H8A5;7311;WWze;tdmM;mipp;C1ia;4158;X7Sy;JZ2Z;GZ3g;TLlj;3786
6mbJ;Bta4;TQ2W;GFlV;0830;bXvX;bHTI;7cq9;MHNq;6346;8ze8;Aj2f;GyON;YbmH;9667;3Lua;O8jM;MoE9;pdwd;4998;Dlz6;gyys;PBxW;79k2;3226;9fmu;0pWj;G5ka;DKt5;3335
7yTK;mUhE;8xiL;1VFd;6348;y6zC;kDaw;mivS;m32F;5631;ghD8;29JI;zvRJ;qb63;0301;9NBh;SpIk;BE0j;QhDt;2822;lKOk;DoiP;gwjZ;JTQt;6360;n107;iDMD;7MDk;cgdd;8028
shtg;h9yr;adN1;3KYk;2437;YLsi;kqHn;NKcr;3y2T;4486;B3Dn;3TQL;Vf2d;72YK;5502;uUaK;tZ4V;Syld;fFQG;8187;9oVq;sqPs;3uJa;ZiVN;4084;Me7f;4PG9;CUKU;TmdE;8165
7lqM;6Qdr;8X1J;Xr0p;1648;IqtF;NwtD;0O5i;bK6C;7176;zwFu;nhgU;bgVJ;MSs7;6690;9Luf;nxPP;9RRu;uFU0;4588;1xBi;tpcj;KIav;DwIO;1895;BjYa;2sZJ;2Bzq;hnGJ;2574
BzKJ;B7ED;1uGO;KzDg;8241;0WtX;CIuD;66zQ;VNhO;4075;FzYq;a0A8;Vv9W;mxjY;6774;s7Co;sXkx;fZlG;h6gJ;1679;qt4K;1Ppo;Ef0d;EaNk;2093;DAOk;0wZl;MUNG;C3p2;2392
Pxnf;g86a;MVKA;dl7R;9854;4K1f;8Tdv;MtOn;nGRa;4325;dT0c;Gcck;6BGs;RuhQ;0474;581b;Vl49;nzPP;uaEw;9761;cjHE;2HlK;f4XD;qctg;0770;GJQV;Ucso;KYFc;By8N;0910
9ARG;15UR;nDax;C8WL;4888;ZHvP;UKgR;FwAr;RYzy;9237;Npj9;Ri13;TOoy;nHEi;7001;76T2;dPgr;EMkM;1yqi;9290;LKpN;qw2O;NkOO;DYP2;1363;qXjI;YnRW;LCWO;QCmh;1459
DJU0;KSrX;m2Bc;6IEw;0176;c7Nk;d6aC;Edn8;lRuU;0339;ETAJ;4tIM;MPFP;8SGV;5492;aiBo;DDDB;4kNX;khFH;7185;myjX;hBU7;NpxB;uc8X;7540;K4nF;TVyS;aecy;gYgq;5342
UMLF;kDx2;caC9;u4KK;2158;72SW;N3A4;oU5R;rURd;8744;GZeo;3yv5;lmYw;xemk;7776;sAUh;2L9A;3xw3;Z3qh;0939;9Swq;UDLW;jJxJ;7gxX;5398;WR8y;lvCy;bbIE;XOJG;8726
zU6b;thxa;9DxP;dghh;3651;UBaG;DjYe;C5pV;PiYL;7627;kMTt;fXnC;Uawl;MXNn;7997;VNqK;yetn;9pIO;tkLd;5264;USro;1yiI;OdZC;c33Y;0811;MSrG;nrLM;vqLN;6M2x;5229
lO9H;YKzB;z5Lg;s4bR;4037;ZJAy;x5bQ;xjxc;B51A;7230;bY8T;dIoV;nhw4;v5g7;2047;CZ7I;Zpj0;yH3m;FSSs;1194;jHIW;VsXq;iuaO;CSK1;9649;7Mmt;gWGQ;vnUD;L9TT;7153
G5Xr;Nvpz;6tpD;XqIg;7909;ym70;CoNr;N0Vf;rZz5;6055;lyTo;eYCa;PLfn;5HOg;8844;q4yl;2v76;W4U1;9PlD;2971;vbRd;A69B;tGnt;Wo2u;4384;q4Wg;2RYH;FIXh;ge5R;1900
PYNK;wyq0;8cji;tKT6;6378;gnSd;ujpt;mw1L;pmFs;5351;SwZ7;gh5k;92Oe;re71;2957;gacK;g1HU;XAlp;PfhJ;5547;Y8p9;F3yY;pA9t;jywW;3957;lVNn;fKue;gpFi;bVNF;3615
KKfB;LvsC;WQ6T;CvPf;7117;5Cry;ip7R;LR8F;qfuP;7661;huvj;ndmf;UXaZ;8KqF;4066;Ghbc;dwrE;jgvc;qrjG;6361;bjM7;JPDA;Gvvp;s1qn;3143;onPk;6AcG;cysD;C22K;7700
OjEd;tRXT;j6xM;s7hf;1298;nAwD;ISv2;mYiu;8IzK;4247;koNF;uCaD;BUyE;ptaS;8541;Ffq5;c0CF;TIaU;OJk4;7604;7xaY;ojY0;FQ1d;Ffk8;4696;17B5;O7lZ;e70v;SFbf;1103
3FpE;AKej;oWCT;nN8B;9028;xAR2;q1gP;SAln;mp4b;0779;Z1Su;p86J;uqMW;XKDm;6448;cCpQ;XWur;0lUJ;DWJk;2784;IlHV;nFQP;dQHS;wbAJ;1222;7PwP;sXnu;d3eO;AO2V;9958
Qwo8;nOkE;k9p6;Oba7;2751;cbg6;nTFN;FPq4;vJU0;5779;9esA;CwKI;deCh;IHh2;9918;XKE6;9cGc;QRwK;PVMa;8839;Jshu;JDZt;RABi;MMJe;8660;4TMs;Zuxt;v8ET;vnAz;6025
6991;5Vy2;WTIx;dx2i;2568;SIJC;a7Q6;5lzR;E2oj;7768;GnIW;l62C;uRxm;yyMK;8773;EJ0L;LCHy;iNwe;DA1A;0478;sM5K;oZxA;5qcn;Dfea;8171;7Mpb;WwCs;pIe1;dWG6;5097
cSHW;SkZh;WfDk;MAZQ;1961;KbIX;uKom;otoh;Xrtl;9871;g81F;WoIT;w37X;vsbk;5603;OocF;WVKV;mc8I;E4Ck;3112;22X2;1wJ5;gpZc;Neme;7902;6WHd;86J2;zt1g;kKHR;8951
d135;uFLY;ue8x;fT2w;2036;QWY1;fVRz;nYt6;Dcj8;7208;Ej1h;0rqQ;sdBK;hxHn;2450;qAyu;P4RY;SM5n;btkF;2160;ijVh;UdCK;KyMR;r5U4;8269;SzKA;bpZk;haN7;1Lpg;6046
F7iU;iPTj;gWiT;ePA6;2591;UrvS;Vv1B;zL3G;zZqI;3539;fYhb;FRaU;OYOe;fM6S;0612;74hl;n7Ym;xAyZ;dTsY;4031;4yKF;YOJM;oRtH;CrUp;4549;OgWB;ChQc;IWOp;I3JC;4281
Z76o;5vmH;YSUt;y5nN;2543;UJL0;HN6S;lTGB;Gx3k;2568;tiK5;cXeo;AReM;MMzk;8585;TfzM;et1V;kP0i;cmKw;8785;RGmJ;e4L1;qEpc;vUXf;5882;EBBf;fFJ7;M63M;mreL;9738
l6yE;lv4L;Kvfk;GoBj;0501;CAIi;RrEC;c5ft;C2D2;7687;H4Ia;bnab;TERm;J3L8;8550;YZ6j;DSPt;77kf;PAoK;3080;KvKP;RZ9H;bhQ7;2fUu;2017;522P;1CYq;uwot;bir6;7739
cCSn;feUn;owr5;ngvb;5155;MEKD;xPLk;MGnZ;PbiK;6440;M6DD;bMYn;jcvX;4O9X;2077;aelu;etcl;Yeso;Yzlx;1055;Fgzk;XkgY;OL8O;KK8Z;5090;qPlv;G1kl;glIC;GBqA;7703
NX0S;H4id;r3QD;WYAC;3399;a2gD;twY1;7oph;v8al;3997;YLsR;44Wp;1l3l;2xg0;9220;bowH;I8y6;PIHy;CqnK;9760;X8XZ;uxTy;2Izr;cCo0;7339;AL88;PzPN;DPrk;DyjR;7826
Ja8x;7dWp;AdsB;LZmQ;9588;g4aG;9qxs;U3c3;Gekq;6823;BnnH;o8hQ;GYyY;uDEf;6238;gLBu;452G;hLUT;68Em;6440;2ie5;7TrI;nleu;g30p;7401;aZ5A;0rmg;j9oJ;aphj;5003
kHFD;Zrnp;kRIr;Bnax;2682;eoxz;zRMT;KVKl;nlU3;0086;ySE2;Vpva;R8Ya;ukEa;9238;aAVP;FD6g;Ul1W;Pidc;8970;7EuI;n3ft;rkLN;btHa;9984;WwCo;qBxX;m4b2;AsRv;1103
6ZhW;c8k8;fpTO;3UDW;7879;WaCI;tEkj;Pi0r;RcXg;9836;vBam;KNww;a8O7;DFZF;5801;9xYi;2R5B;xmIJ;PscJ;4225;JUux;wSNT;UrYX;RHZ7;7513;SZQC;TurD;ascX;t0c4;9829
nKaW;Ubpb;qmnT;iRzW;4223;xjcN;vC5V;8zCj;0qEq;9255;lTiQ;M1w1;pK6r;nRBX;2080;VmRr;RXbi;Qu4H;XX1O;1973;O0Ud;F01l;fOya;IsgO;9647;GFrb;3qlQ;quWB;nBXj;6419
FKGw;o3uL;BNqu;oad7;8188;Rmr8;i76e;l0wR;CMrV;0633;ZrJB;35gx;pUEL;bK2F;5074;mJfZ;xILx;ReDP;ekO9;2556;R0iu;RZ7S;MU1r;ZONX;2506;MY79;3649;3RNz;X4dg;2420
Kd8D;mZIh;5DiT;Sh1L;7515;rdmO;wlZI;VRvn;aU00;0743;UmrD;9bNB;SDC6;llrV;1383;5y2n;eRjI;a5RA;82Yt;2906;hBFJ;1guD;iX8A;HdW1;8585;dwiW;L61G;e6qM;LEY6;4600
1bvc;BdqT;woZK;QMTQ;1561;HF89;0GhL;ojMa;xRGW;4638;Gqi5;wuhQ;y3M9;w4tO;8747;est0;YcHk;xCFH;Yyjl;3742;GBBH;NxTP;rb6d;pSog;6272;LckC;M6Xt;pfkT;uk8j;7063
UV2o;bGZJ;zSjq;JrWW;1713;3ag6;V556;uo9j;oBvC;8630;yJNC;b4dI;RCQy;mH9G;2885;YLWj;9kgK;AxH1;okNG;6363;Y7YH;SJCc;uAU9;BQDt;2863;7hBY;T5pJ;FdbX;34Sg;6352
lwz2;KetK;MacQ;sU1S;8377;Kw3c;e3zc;1SS1;iGki;3434;99WJ;CRKZ;gXix;S6ro;8839;zfbL;DMU6;HWWs;6pXA;4993;e6Zl;pHpZ;rvcZ;4elo;4636;qvVB;tzdk;Le4A;Prez;8192
D9sX;CVzS;tSLJ;WSjI;1380;dG9i;A6v6;LKm0;pWhX;1659;DHrD;bWYi;AsJb;h2oB;5325;zqsJ;AXHt;xb3a;WpeY;4695;21zP;OEd0;TGQW;vuc9;3207;aMDq;MakP;V9R5;pcdU;2712
WY8n;lAXc;f8xN;91ar;2119;ZXvt;Eu4l;siOZ;lXkq;9941;bLBQ;FCFW;RZaZ;npvN;4174;Z07e;p1Db;6Gmo;zBY5;9801;HMRl;t2qY;tnv1;ugFc;7064;RBOt;XQas;sdOT;gEJz;1701
BrVa;LJLk;cJ0U;RCb1;9205;9WHp;bG5b;Hu2i;9qhE;2112;Aifu;KSbx;UQXx;IoQK;1273;qIpD;i9L5;51GA;IFFm;2391;I8hb;oPpa;xfzI;glO8;5681;D333;hdjg;6GzA;9B6a;5163
e1Kg;S7Fx;fuY4;xtYW;6539;xtUo;wg92;tseN;4vFU;3201;szOq;cMKX;XyIJ;IGYB;8850;b7hR;41rZ;nwmz;XVCe;1560;Uagd;OGtJ;dP6U;CHtf;1885;JKLw;jsxC;rzoa;82ye;3385
yRYp;nJUY;wXjE;qfuH;9858;Q3Tg;tS0Y;qJJ5;d1u9;1969;Afcs;PsIm;4YpY;iCNV;4985;Pp6a;0pbQ;OMC4;5TVH;3280;iAjL;2lNd;WGje;3rvJ;8042;3DXV;CypS;q7VI;zcV0;7748
1igz;bmx8;6rc8;gZDc;3813;xQJK;p8nC;KbNR;tJ21;6940;3ng3;rQBh;4zll;K65K;9000;AcUY;bsRB;iEZe;zB9o;2968;yfgC;CdJn;J8bI;livM;8677;7Xkw;HSEm;taVN;tmO6;0001
FDDp;eTd3;ZyDC;FlSY;4462;fJ5G;Atba;zoJg;lOAm;8121;9DVZ;kRlf;NOmd;7w6L;0901;2HiK;KCVV;pNQe;sZuJ;9116;VmXT;0NfY;rLsr;kDRo;0726;gOrK;BzXR;Lvg4;QOQE;7883
eRBI;xgsY;sSXP;59WW;0333;Vev2;zEL0;r3Gf;nTyb;1500;me3U;EGqg;5aUM;BOoq;1379;S0Xg;aFJO;CRhW;TdrM;8989;0kTo;grXz;Kbbz;EWmt;2567;vmdo;WTu0;ojBY;Dw0Z;6640
LY41;Wxv5;Dtry;2Aky;2899;Ah00;ADFB;yGak;iRP1;8906;pdmg;sXT4;9jOi;jV8G;8235;DS2r;4Fgi;aFz4;N9G8;7117;jyzr;y5D1;25q6;Av47;8693;eOVd;pkwo;TbDi;NDOd;7881
8cQM;BYBs;iEAE;amXR;5764;vVNg;IpWT;PuXP;e3Mt;2691;5Inj;QNMY;uFKT;uAII;9546;XwkL;dIaO;zLaY;LlmE;7804;Xnyu;icIm;Z9VF;hiwJ;6651;I0y8;PTsz;Udsj;DYum;0474
6CBw;CYrE;xTbl;oTUJ;7533;3CJo;gLhw;1WNU;OHga;8850;EBlm;8Fwm;5yKP;hlzn;3827;Ew17;6eDg;3fqk;lWhX;1568;TqrS;Cu9Z;Zyak;W2oh;3956;CU1B;9y7R;2SnL;ILJa;7481
XdXh;6hel;OTZ9;krHO;7371;w9iE;f1UC;BFwQ;Mqv5;5248;1cbb;qKdG;Su7h;5uMf;7661;PTiu;VUOE;FuTf;CONC;9652;2fqA;ooIJ;ZBZA;PbrI;5006;Sjo6;31cF;Tsy6;wohL;8554
432v;UuPa;Wqwj;IJK7;8189;Z2Q5;8MZW;MJGq;xqiB;5001;ku5S;bI0u;kFVu;x9Rr;0082;qc26;RfkB;epbT;f3Mg;4484;Ynuu;VxDO;El5A;mXLD;9614;4Ju0;P5n3;rpFe;jg58;1827
VnIr;B79e;krmU;kYNl;2782;Ipxe;j7yf;FqIY;l82B;0341;loTM;vLPa;3obL;5tRl;2378;x7vs;xkNJ;hgmm;J7Pa;7174;VOYV;yAkk;O1yg;EDEm;9915;eHgB;jzfI;TArW;SRvl;3348
nmld;dpa7;XsqP;DNVk;6583;tD8F;7GLu;hcyJ;3Y0T;2383;5opi;8DOQ;Q1v0;qmu2;0923;F4Lz;L7Ep;wHYy;q7Av;6707;r1Y7;FZvj;NuYf;5TSh;7853;8Nft;6woF;9Fq7;hmPO;6054
URSO;qLYc;xpKC;lMAY;2570;swqJ;R9kM;v9az;Hyxc;0497;3igW;WL6p;6jxx;Icn5;2408;6Uoq;e6sj;lEKP;QLWD;2273;R4zU;DTET;hpy1;s3cd;2721;dbbF;z3li;d8Ve;Zqq4;2092
NoTJ;sgbo;AYsJ;crkm;5849;7M4L;aAgT;dW1l;fXd3;3668;JacH;SeDs;wTQo;McwF;4961;iPeg;sEaZ;kzPz;GSaN;8273;1Z3D;a5J7;iqVP;0Nh0;4423;unkQ;rrk8;ZiDw;WGbB;7287
iK48;J3xy;vQLP;yV77;8521;yPGH;p12e;6LoG;amOI;0872;Stwq;tN0J;WCrH;THKM;7186;ZG2s;QvC6;CqLX;1LAx;1372;6BSl;aIRt;Auhe;P16Z;5695;UsMC;v1PO;hjtF;2a99;9007
PjwN;itpb;WfAM;reVT;7249;84cl;AVku;HFaX;SHgP;0614;TRz1;X2el;jUvd;rdUC;2378;zo5f;301P;EFBk;p1HU;1173;Wi7V;ibPG;FhcP;rufJ;4564;w6XO;0Fuj;fP6M;lT7w;8129
t5dy;WE1u;7S5M;Kf8z;0172;UqZg;b0Yz;7J5z;wPEZ;8043;ICUT;Ug8x;stqW;Hrkb;2109;bqGl;qxTR;fu1n;GsOk;9380;q9i4;EiQj;3ijg;1W7u;2885;8mpv;Ya5m;ZJsE;kx5t;4154
o7KL;IAej;9JBq;SvAR;4719;4Ov2;oEfN;m4Nv;vtoc;5792;eokf;9WYw;L4rs;DHW9;3688;9fcv;GgUA;mDvv;Io1M;4482;PDn5;7oLu;5m2i;7ATt;8970;C1Aw;xF6L;TqjV;GKUV;6220
x403;0XsS;ivc1;3LXU;9556;pgkg;7kvL;jVGR;BPoH;1590;5aW5;U6xO;gnw8;pldD;7645;mFjX;pm09;nZlH;GqvE;1193;Ko25;kjfN;E34w;wcSo;5200;F1LD;3qjH;r5SR;8SVp;8074
eMUF;oXkU;DWgU;Cyme;4411;cRtp;ZEis;96EM;Tj80;6151;PVmf;RGHL;ZOpC;KoXp;6047;I0fc;3TU1;DKs0;gaVo;8591;WnFV;MwJG;c2VD;Td26;2221;kTNJ;tyx4;nCFS;aTjJ;9753
YIvM;F0VO;lBPY;qHDY;3572;ADvD;E4hD;BjpN;pK5u;7348;5OHM;Ozih;IHMV;32kt;7954;nrSe;5FLr;i0xt;xluf;1368;qACt;j4iY;y7MS;T1mR;5128;VnnK;QVyM;QQ1f;WjJH;9599
PM0c;VfMv;U9De;0kof;6601;MCcQ;TxSC;AWtx;ggy7;5691;TJdG;GztQ;NZqQ;lfdR;7320;B6bw;UXTx;XrA6;TnV9;7355;EMVd;EquI;fSjD;GZNQ;8143;HLWX;kiQX;HRPJ;K7Pr;1017
DlQ8;auQr;zA8U;OVGm;8083;YYsA;TkXO;kfUr;BnPO;2546;OYNO;jH2D;lTfZ;JYi2;1509;zKvD;FENl;9QOa;MVaD;0445;XOiP;YGPL;afr1;inc7;5909;7kcq;MQXb;iTUY;OROb;8532
XhE4;JFdc;dB8J;TGNn;9613;yPDA;rMrX;ed8x;Lk96;5502;bPiB;9qbU;YLt7;PlnZ;7331;vZsw;Kf7K;6cAF;oAz8;2675;rReh;VnRa;gtCN;FrRr;1246;7eom;UzgV;iOBf;Y2sB;5916
SySO;RT1S;Zcnt;ijmQ;8030;SUln;Io6C;H60e;4M8h;2239;zA8N;MTW8;RlAv;VSWX;1227;svxB;KOTA;dppd;MLuI;9047;kSso;6tQ0;vEgr;wngL;0860;BVCs;QiDa;0HwT;2JfF;0022
2clY;2zmu;XrOH;jhyg;8962;Vb0f;RGQh;7onc;D3jP;0871;z03L;oeHK;a7gT;BayI;8781;s4aW;04CZ;JWaA;9KLj;4502;kb0g;fDQ4;GOaw;NZgT;0685;i6Qm;Oput;3PjN;ESjQ;9724
OppY;cll2;Na6Y;lNoz;3888;Ir5H;jE3A;hghD;NoCx;5854;8Mwe;1Prn;dPII;WVTM;3389;Dzy9;uhmb;2D2f;XKD0;8010;3qpg;Gq70;xS3x;gtVJ;8556;jZRt;LxWP;wR0J;Udy8;8420
d1Vr;nXvN;ta7g;wm6S;8924;anoS;ycy2;1SkF;cd2H;4471;dxKv;YYxQ;Oha4;Cj5M;0035;Xusv;fpIs;TFQC;Al0Z;4290;ZMN8;rEy6;2A8P;llQ4;6300;IKJy;WHGd;h6XI;jx0s;5009
ICfV;LsCP;O6Dz;SCZI;2420;JQWH;Zz8h;7Ylc;Ccfy;2835;DAWE;4yZe;KuzO;oNHO;7508;GYK1;soMG;t4hV;LREj;5844;DYcd;82k3;QsNb;Vt3X;5015;foYL;GtHU;Az8E;CriS;0043
qzEB;tlnr;pYU6;rBrH;2892;IvNi;ZFvX;NPm6;BZJz;8653;J7p1;aX54;SBjB;daby;8915;60bb;OoVg;kubz;5tvD;7056;jR3Q;TL8u;nKYB;SGTp;9215;Kcd1;tTZq;g0IF;dLq2;4582
U8Je;vzE5;DEoy;1wIT;7108;dSAR;UCCh;0CmT;nFP8;9296;dc2w;uy6H;zQsi;T6Gy;5220;sbFf;cjST;LDPD;2MSd;3810;DmIy;7OWy;UTqp;UrDL;7058;3nNw;kQfp;6e9Y;AFCi;5827
SsvO;AZHt;PM3K;0CCc;7354;6YUy;RegK;NLKc;j7ye;6046;wuLg;zhNb;fzFh;A9Xf;9636;6zvO;PW3i;cuI5;GbXQ;5021;q4gx;Z16d;34pA;lVxl;4024;YVRZ;EsSc;fMwL;7bT9;4739
GIn5;R4Hh;tzfv;PNho;1720;laV4;9kZ9;jhNF;hXhL;3615;uzdp;UsdV;ghJ0;kul1;5996;XQjY;kE4U;8ENh;v0oP;1453;dXnO;tuw9;BdAY;kdYa;4719;rgys;n2B5;t7si;0DKI;0742
eGjy;2P39;u1Km;ah0Q;3930;QjqW;iqQo;4OUy;0GQ3;2004;dgng;Ksco;Zaoc;a8iu;8899;nhQw;vwBi;o3Cl;6cGV;1217;KDND;mrmD;jpEi;exFz;1617;KXQf;YZTB;MDmM;GWYc;6089
sYOd;JZdc;HmUD;Tfnn;4395;0W1G;AWT2;mSw4;wt29;6513;h9mf;n72h;l7Bw;CPlO;3544;ijKc;7Lc4;GaDH;JfZS;6187;kZII;uafj;v2Ux;OZkl;5304;aMf9;6Y9i;SpXU;Hl0Z;9777
EmsI;gFSo;y714;nGjq;4030;LshP;dB4G;GFpc;Se14;6145;0gHp;q0t1;LEqj;z26W;1145;IWO9;0jyr;2Hbm;ifqm;2029;a6Q4;kimE;jTzk;S9rb;8748;bAzC;WXqt;SNfB;xZtc;3465
1P5v;R31G;hFJR;n6TP;6388;tSx3;wiJh;a2Wv;b2dY;6286;garq;d1pB;B6Bo;JOzY;5003;pfxG;BQty;n2WM;sxMv;8789;9Bao;panv;G4hS;P6aH;7943;lkUQ;WCb2;C5XO;ul0l;1829
GKGS;gY6d;yEsO;RAfn;2526;JkWC;jVSQ;SHfO;ggMB;9039;9Xvs;maCO;FEPN;WvCf;8314;R5Rk;gQuR;VKUE;m18w;8132;MoOT;U2NV;xrDC;AtHO;4863;Csjh;eU59;99JF;qRHa;6569
hd6R;tx7x;kl8d;EITk;9685;QykG;fNFL;Vt0Y;NpYh;3809;NdDt;ZDhT;gG10;QegD;2602;DJ3u;mtvV;5jJg;tTCo;9921;oIxU;kE6o;OqG6;uMC0;0159;f13t;fvdx;B6Rs;XeHY;6944
Gn1O;FBVu;SPP8;yEGo;4921;pt5X;JJDt;Zaln;9wGQ;4999;M1D5;f9ro;bXx9;cwaS;1935;8MHP;pspt;YI0d;Eera;4857;ajjU;oo0k;yxyw;maTI;7225;FXDv;6fEO;pIjS;NCsM;4777
Chgp;KcVK;Y1b4;Il5p;6509;rsOe;SmYg;HmfG;mTSa;8056;tcRk;yw6A;6QR3;wyhg;3945;rn3X;dABX;fpkb;OYyZ;7894;otPY;UyQq;ykkd;pE5J;8742;8J8C;oJkl;wqUD;YKEX;0474
gWni;OzmC;wA2m;Fqtz;0991;Wr83;aQtC;fkGd;Nvha;0277;OcLn;xXbT;tdS0;YdNk;1823;8hTM;7gXw;n41N;vKGk;5289;nDGw;bfPA;XZKH;V7fc;0797;dImm;GsjY;hazl;3NHx;0007
omMM;soX9;ij1o;KX1v;8446;NT9G;7Bfq;PFqi;c1ax;9163;n0B9;3JAz;XCBt;CFlQ;1724;65rY;gUkQ;rRxP;GVlb;5265;rT6d;URRb;6hK9;1G6g;2508;ECDP;DFpi;HTMi;DaOP;2621
US8L;p4nN;eOvu;dfHO;3938;OBgI;NBfm;My7X;aULO;6220;IiEu;CTgL;HeU0;ABx4;7937;kBpo;X6LO;DBUP;UgYM;6578;ZKGB;7Rp9;06H0;uX4A;9566;kXh2;eDKl;DZ6f;gUeK;2143
52ch;fTQC;Onb2;Co3p;0806;h14x;A2My;HB7I;9UuU;1351;Z7Ap;Ykrs;D01C;HIa2;0112;k0Zb;mk1i;BLTE;Ghez;0871;P2gE;sNV7;8ZDw;Pofj;3517;ezVu;MLPF;gXft;OQpt;0206
VVMu;yDSV;4nWQ;jxbV;6405;rU4P;ZPKP;4FaP;vBTc;1049;QtJ5;lrbw;spHa;diQ6;8946;zj7B;4zPc;5DVE;qXEk;8087;ZMOu;xOm2;MuVH;ITjH;5749;bsk7;O0Ag;qNAh;VVA2;2033
4rKW;guV8;uqoL;K3kz;6351;Invw;tbSX;JRI7;6h6F;1733;G0NC;Hsc0;nLcU;dc7m;4507;GTda;att3;mluz;IPxa;9323;cKyi;3QiY;SyEa;wCl0;2910;PqGs;3x8J;a2Bs;qEAm;6809
9rvK;567D;HGn3;728u;9577;N10y;IjFZ;xuda;84DV;1487;fgdM;uKMt;F1Dh;Fm3X;1135;a6Yo;O8bE;i9xm;OQVV;1949;XsX7;0CcA;zwGB;yP5F;8052;ZBIV;fATv;aeKY;BENo;7123
GhrF;8gtP;2rO9;vhb5;3918;egi9;34aO;IKuX;vzva;2393;H3gx;OWKi;4v72;A3oE;7764;zhas;1cBK;BcGp;g1JK;6190;bveQ;bsmv;DLnS;X1JP;5546;U6ba;TtZa;qibV;oAPQ;5743
SuUI;oWX0;xeKS;NfzC;4934;Ec5s;Vh1W;Nc47;1eyL;8165;W8TU;OFvg;X95E;W1LR;9867;jF43;Gg3p;1Rtu;OMnd;1990;sbXb;GfNR;2zp4;44pb;9253;Bw0R;4dPZ;0IeS;2L3H;8777
v2x3;lTwL;uA06;1AHK;1664;BtrL;CChc;nADe;Aukt;7835;DNXY;EhFO;01Lu;K2yI;3392;ovia;pz8M;IW6J;SbjQ;4873;vbFx;tMOS;miyJ;WKe9;9649;LG5a;HUPf;0uVt;ydpv;1281
WuaZ;9uEl;Nhog;Yp2u;4069;2neH;FL34;iPb9;Ug4J;9661;cBJo;yjTA;6Qsq;ENSH;8542;7Mnv;SuT3;r9fM;fNk9;6343;IWHL;1YfW;LUHe;kRg3;8700;XsoM;Uevx;lfLe;Jekb;4052
QYb0;PhZe;TCqK;pWo7;3425;AY1x;bHLf;yv5m;sU1H;0525;iKlf;AiIP;JYW2;6K8n;7452;jket;lN1Q;CZT9;4ez6;5059;LSya;uSEZ;pwFQ;9Mp2;0371;hWYU;FtES;ChGv;EOvs;9492
9dGa;USXp;p65S;zYgN;0706;D31H;2HLC;KGGt;1Ibp;3309;jFgJ;ivqW;SW9j;2yOx;7993;bBCu;uR0e;M94W;eUFs;7613;wE3A;55t9;Bkx4;N21U;9378;9giI;xMce;5o6p;4wFk;6786
8C36;49kz;K0Rx;5APW;9321;HZmF;XsZE;u2FH;ledy;6897;DG4m;x4C3;a3KB;O7Kt;3176;Ezn3;gI4A;rGs5;uHit;2105;lmhA;O33d;ZLim;j3cf;5984;uJ6i;5Pny;JA6Z;2E2p;1846
mvYe;B9Bi;zUPt;hOao;6404;SFIb;25bR;0xni;i0BN;9002;Vnea;FTSJ;R0U8;vNZY;1129;awYl;ciBq;PfLg;GCX8;0536;7D2c;tByV;QNiS;TfTU;2357;RZpW;hLsQ;Cwvw;kiHx;1078
YMP4;IQZd;Ml6T;pYzl;7859;3K2H;zuNE;H7D9;0Ule;6363;0RhC;ybEz;uCxP;1bCr;8682;W3Rc;9dKz;SU6z;YoGC;8483;8lvY;TY4Q;L5mb;PW5x;2553;ZDn9;8su4;3slb;BQte;9751
MItA;YM6a;xL5k;zOCJ;4141;yoUw;Sw0P;LrFH;VQwF;4128;iyap;bFCW;RSKd;QLcV;7198;FSet;wafw;r5ua;VRf3;4305;DZ2n;VAzf;cYx6;z8dr;3342;NkU0;i3ik;SdTU;bwVj;9674
rgDU;8vp1;Sypl;NQmo;4233;LiyH;NbsM;j6mY;cleI;8760;JxUa;hAY9;SUZu;lLKj;7513;8IJR;gGND;lRGv;0NOw;1788;3w6F;fDOx;KmqB;LwRl;4036;ChDn;vEtz;L11Z;7xx4;4169
CuaI;qe87;8Ule;iz0z;3601;yePP;ZRj6;qcMJ;LWzj;8495;GuSC;K26G;FgB1;0S26;2565;kcgV;AGDw;Up79;ZpAi;9425;wjWP;gCd6;1ygs;DOBF;3519;VTZh;7phK;ev4P;C1Dj;4155
2MTq;YQQU;QlVn;Vyth;7252;wsbt;bljH;jSRs;wh0m;8796;98oR;Kzx6;QMmJ;zNKa;6753;jTtZ;HIZV;DopH;Obje;5208;GiCk;VUgi;7b9J;GFs0;4774;fPqs;A9yQ;XjwA;GobE;5865
wa6J;0PRw;5QVh;cxvR;5483;aSBN;iVC6;ZCFy;KEOu;7343;LUjS;Gn2e;b2Wj;iFUb;8949;R1WM;hQfO;yiYX;yMob;1638;PdqV;Doqw;Juss;MYBL;1362;fPl5;JQRx;V6Kw;z3Oe;9441
IufA;Ji0J;OMgq;VjZ2;3913;hIp5;bnFo;Bzve;uxrv;8465;zOpN;x3bM;xmkQ;WPAu;3621;yN8S;uj6H;15av;fBob;0483;PGRd;Uafg;IocI;LjoA;9096;mX5c;qGFD;4yRE;JbU4;5198
yi6s;Zx20;e1Tv;wxTO;9473;WH1I;DbJF;Ihdk;dydD;6029;Mw0g;2PDn;mV4i;2384;3864;gfC3;Ugwd;WuHm;jsaV;9692;jvFt;Fj2Z;bdLe;gUMI;1125;HYid;ldWB;AXwO;wD3M;5423
HgbZ;UHdh;764r;st0k;0528;xKlC;SPsp;jvP3;nw7G;5338;r4CX;llVt;AYbz;iaKr;4127;Ph6x;3lCf;nxED;1qRk;3465;e9vF;Lai9;PDrq;Bb2J;5135;4QcK;nai5;KNnu;v7OL;9161
2FbS;AIJ3;ZaVO;T3Bb;0940;LjHs;D13N;VlM9;RTHx;4011;0Xx9;ZI0S;PoYS;GT9o;8351;hpW4;eTHh;9HjE;uQJu;4013;T2ow;ARvN;4cLo;sq5o;4055;MF4u;IP2Y;mnUw;icb9;2753
twg2;D6hK;cl0L;U3gU;0804;xwsw;nM97;CuDD;Cw19;1007;6AJv;2MMT;8LIe;Fv0A;4425;lDtd;rrPD;YSzh;q55y;5992;B950;d6BW;VvTm;jsXb;5074;wdsl;kMUB;QkRv;bWaz;8321
emAz;Rm4G;lJeG;76hy;7215;GiMe;Gjpa;3o7Y;x8hg;0864;OWYx;RU7q;EWWs;enP5;1320;etC5;MxnY;8qA6;LWnA;1605;zF7F;UUiy;N11O;4ItQ;7061;3RV8;XkzR;Utmu;dtxE;1531
xPSa;tGSV;yMyu;x3YM;3553;lC8p;ZjDI;W8ht;MHVj;6754;OArf;K2Ew;1kuB;6kKt;6458;7KZm;jF7C;3vfV;E4OX;2031;5ELY;kz8v;TiU8;nmtO;7174;S5LD;06FT;yND0;fsYn;0999
M7wH;OVqf;RaE0;JjnD;8504;L5bV;BLf4;Hw0X;8RX8;0361;wk6P;J4hT;Aew4;8Ani;8512;AYsA;zU6W;zNXJ;MFMd;3540;wVZh;E5zt;NWbh;5JKC;4820;tTtj;3OU3;QxCh;mP4W;1943
Y8oC;OX05;QsAU;rFdm;1258;26XD;MYsX;89uM;meLD;8241;VbWf;BSqu;aGQP;3s22;9033;WN0m;OjL2;5Mkb;R1p2;0361;0Y8v;qhfs;adav;oWZj;1988;YbHL;GV9O;rlXb;9znu;9693
kgnI;ATBd;96RB;RUlX;8300;w189;swjl;PqQt;6svB;3811;XyXd;qK03;S62X;1VvR;7166;sy08;5BaR;LO6d;VmeY;1650;iOgq;6VOA;f9zX;4yv2;4471;2oWs;30eO;otxz;IkP1;2317
LUv7;EpJS;kD2b;UcGX;6251;QKEp;Dobk;VJZR;uvqV;1186;5c4d;wyNp;EX7l;bY0O;2631;eLIe;PE7w;jn1t;wZeE;1827;TV7L;PG8U;qCzy;4CKK;1765;IN1W;XCoa;pfBi;4edg;1238
6AFs;ZRQl;a9Oi;3wbe;5005;U6KM;pKX1;NikV;sZuT;3309;1cn1;Ffi9;oLID;w2uk;1832;6CH0;EuGE;fET1;HLWg;4502;W5Hl;f3re;XhCO;6Rbo;0351;sBpb;gCS9;lM9k;lLcM;7178
2pD7;3Kzt;e66d;LMlY;5411;kvu4;Men7;Xn1p;C5pA;2248;Np4X;vvfr;PHIh;ZApW;6672;bBsa;v1Ke;tIMW;PJo5;9145;Ciow;S9VA;72R4;yOxy;1995;FFsM;VQBY;os4n;T2oJ;2857
JIKk;JqxX;mCYB;1lp4;3048;H3Co;tT21;hdmp;fbBs;9267;V8wJ;Dffh;zmYe;MnPS;6509;Jugr;O1VJ;Se4y;aZJz;1069;YFe9;Pgzp;2u4D;HCiO;9353;SPUU;VEOZ;UQPV;3fUJ;1877
mlO8;INdY;E89Z;2jYm;4577;IQuQ;gWQr;Iu3t;ZsJL;9632;T52s;LKDE;KEOu;F5Ho;9363;XCdZ;Oq5D;vvNR;7PSV;0218;6tNW;I3vv;fbEi;LWuS;3792;AOUl;6AbU;2KHZ;vg4v;8612
YUXx;OgQM;euMw;PBS7;1095;d1CU;oJpw;ivr3;uTAI;4800;eW6B;qEe4;q7Tc;aj0W;7324;1j1N;Z27l;36Xo;8b6j;0731;2aLx;Bfnk;2D9c;0YvD;4451;iB40;sDBu;kk9u;IMlR;2813
j84B;cT1j;qyzb;RLwN;9007;t0h8;mvhj;Aelv;QYDv;4277;kmCM;kNuY;Q4B3;pz39;1563;9lhc;iYZy;1CKE;9SdJ;3349;Iadz;1Kvg;7LHr;ua8f;4971;amcs;X82c;dFoS;skwI;2346
gYQN;M5UY;yoJf;GjfP;3903;VmHp;UgHi;JZpQ;b3nf;2830;FM5h;ENvT;K7yP;5R03;2748;Dbyn;apRZ;jGNt;LOz1;6787;xvBB;a2mP;2dFd;s3vp;2147;ec2D;YswG;NuDT;oAkh;8729
o6Tm;yLp4;btTc;NMY2;0510;ZTWC;Bc7q;QeYU;d1Qe;9050;Ym6C;IkFZ;P7yF;Ns0m;6439;F5ur;P0PU;zU1J;2mZK;6618;W1T8;rmBy;UIFh;mdVf;9247;XflX;rNRX;egoO;ruRj;8928
uWTb;TWU9;kqyo;x2jc;3109;qAG7;ZWRX;1jEi;bG6r;6081;GXGQ;0GkZ;Xkk4;N1KB;9923;PDYX;Qrrc;GPoT;ZXmM;0602;K1Xq;DLKO;sJE5;8BfA;5702;PuVr;BFC8;aFTk;TG80;5395
9X3o;teG2;Vbvy;hA2u;9275;tIRc;nCse;H94j;2rkn;1627;sGZh;b6FB;3zOk;8Tr1;7382;ssKW;TPMI;bqVM;5Vzw;0582;QdCA;eLeV;Zol0;bSlR;2253;S70X;RflO;PfU3;30yY;2793
koha;JVXG;RnOP;VBZq;5546;z244;gilz;oFrM;lSWh;9832;OGma;w7mO;NNhM;eTYC;7916;PGlg;CNAF;V6Q5;YYtB;6742;WEI3;zCyN;yBDC;rKWk;3111;nk8q;RQvK;KIa8;sSKv;6490
azMy;cV6e;AXYg;v9Rv;7062;D3UU;Ul3j;KlMg;0ox1;9890;bGjS;aGck;GZkT;4FLs;6360;fhDd;LzDK;hoHx;Cs7t;3079;nPeX;mpet;gb1G;HEpf;4047;9nMN;F7B3;LfVW;OfZT;7180
LKhc;kHMZ;6ctQ;rPJ1;9532;dpqj;vOo6;UnW1;aGRk;1554;Ftaa;nNN5;5s5s;Vvb9;6407;3hyv;p3k6;yPfx;mZqv;2122;Xr2v;4ZFY;GChY;K5YA;9876;4zSl;9fCo;Xts6;Erkj;8610
N1ar;QC6E;XaCq;9V93;8910;E7B3;iahZ;j2K4;SREE;6193;kfnI;jyDf;hppO;3qFB;8639;G8UF;2EiJ;goAV;cedl;6629;0GW4;vQAx;odTK;PY8t;9036;fqnV;Albk;z7Zj;zrzs;5769
jLIw;JVZ7;bTQM;Ctt4;6404;cqo3;7Q4r;daqT;D7Uq;7868;MHPY;fo6S;Ezwb;F7Tq;0450;LVM5;96fn;hLf4;lXAV;7624;rECa;anzm;bLuP;hHbP;1173;TlWg;ds20;El8N;7Jud;1246
anXm;TYZn;VbqZ;chc1;0708;LVC4;eRcK;9xNR;OrGz;9900;ZAS1;lo05;UA0B;dDov;7183;Zmpb;8kkN;Zi8a;9MXl;4527;MYRD;G8pi;kpQA;kSPN;1437;b6bB;gA4n;npIn;NuVf;8641
U6MC;VFDb;m73u;ewSR;6815;IQ34;HrUw;PTBI;evGB;7730;iJWn;9Z0i;nfRO;Kqx0;3262;KG8z;Z0Sf;sg5R;wMmm;7207;Qn0N;eDYU;mMUI;k8x2;9161;ifMi;zLYf;5DHk;vcZI;0160
hqUT;N1Ue;UQ4i;cfZd;1553;RiIp;FIjy;yRFB;Z4mU;9793;d7T5;u5EI;OULT;2kGC;1300;io0m;srbT;Bl6f;gi3q;3239;zh7j;rHtl;Chi2;M6Mh;4222;nwY3;iHVb;OfLM;QLEZ;9361
S3us;wxsK;IfqS;yjfK;5416;N8E3;SXYM;m73h;emxt;9352;LHFz;QKu8;VyGw;WjTG;6571;bae7;lz1b;Z0Dq;Ky0R;4636;qSqm;gbzV;uAbC;L730;4084;uC1m;btFc;Vu5v;dTx5;1659
CsYI;TTbC;Hp9W;NiWE;2021;okpl;QtLT;cicp;iG3p;3344;Y0TR;jVff;Cmxf;gdxy;1855;CTns;ys0f;3eeL;od8Z;6905;BKwN;TbOd;glqR;oLJt;0354;nUo0;YAhS;L6nh;lgcF;9155
ldTM;KhOs;K2wT;5CQj;4730;VIpW;7iPk;VRx7;KAoa;0692;r9BP;k524;qoyv;hV1m;3211;E01e;nE3f;sEZ8;7NZK;7350;hqHv;uOAD;qmyp;iaxX;1182;D6mL;ZfML;uFd3;zVnn;1129
hSb7;Q7Fj;HvgH;EKC3;3424;Eo16;8EvH;kOSL;Pulw;6389;Vl8R;QVVR;Bqhv;5lcI;0102;kwPn;JXBB;5UE4;MmmB;9948;9CgG;q52o;FQFC;fcst;3752;6Vjr;azpR;DgqS;apVe;9592
0YVf;KeuS;0auc;fk86;2380;Bpze;XyGU;as0C;2IxF;7829;KhoK;dxhL;lH60;0P46;8545;5Kvh;embI;RdNb;2XsV;6612;2XHM;ulS3;1LpD;KP7m;6270;ZhBX;5GKv;dOnA;xjoY;1744
CSxB;DxHJ;YXkK;naLh;3798;cGVU;0KHV;MRVB;JedQ;7588;vH1b;P18k;QprY;jpgM;3500;BsEK;Sfk7;rf2W;fBft;1249;DXee;UBQN;xvKq;rzCY;4529;WCDD;sdGp;FQN5;D3hs;8425
KN64;Q7T3;MCw9;WAoB;7384;H0OB;41O1;MqeT;yli0;0461;OcPs;gIMk;YvZ0;yOJI;7064;j3SR;lnYt;DmTH;sgHC;5969;vB32;pbKZ;kIVI;9GNy;6543;dusB;aKBk;KnM7;Sjui;0146
yGPD;xksa;96kD;LfUx;5906;ei7r;jPjO;0nSH;Kn5g;1344;53BX;LebS;jn3G;hkFX;9662;YM9r;OFVr;NAUE;ZWrN;4592;VveG;NVH5;7AeT;6bqB;7665;OjJn;V6CZ;bMeR;clb5;6422
h7Zn;qZgC;mWDI;awu7;1319;pby2;TjmC;QuxW;k3Vf;0887;Puyd;AGsF;bdr3;23Qa;0011;QFB9;Lgyp;naq9;Cfq1;6294;tRlh;G2pt;tVjL;f8QA;7051;IszL;f8JL;fQik;VNqX;0891
SqbE;ZhAT;XO8g;L4Ex;2653;WGbO;e10h;ECAC;lXDn;9901;j3BZ;p18Q;L8cV;nDHm;4718;kCKa;hcTa;If92;1GXg;0898;Ev1v;80CA;ZGC3;Teop;8663;w27R;0YCa;ti21;ezrq;5266
PalH;MFmV;slH1;rjWk;4658;ekrs;kYp0;pEFS;JPZF;1867;yEEo;yJQz;YxpN;P539;4884;3H03;HDlK;29wO;CtyH;2801;MdaQ;6sgA;DrTP;Mdww;9379;6NtV;9PBE;M2we;iy6Q;2113
SIBW;vlJW;zhpB;8nYH;2823;i0fP;Qxms;CRVg;nN6m;3604;ppoL;cjBm;5fqU;lXD9;9943;P9mU;bY30;lVyH;iq3A;1121;nsEY;R4z0;A0kb;xSza;7226;bDoK;TAaW;Os4a;RojP;1244
OSlo;Bu8I;VctB;d5kx;6182;6vFD;flMP;m6pV;MdSK;0856;y0ex;3kvo;wlVQ;Afbc;0321;Sa6U;8tz3;aZ93;zvhw;6463;a7lP;xD31;Eys1;FVZN;6851;oDss;jpv5;pjoF;9Ij7;0102
FU3A;Bvlr;idbx;wBkB;9559;Gwof;p8Ps;uKvC;kw3p;5623;eINR;2wr0;3Mmn;W0qu;5445;o3R2;xVpo;OTMj;OsRg;4145;rygD;wwZV;o94W;uxIF;5712;vUvb;sjHT;u0jY;El4x;5811
19Go;RtyR;On5S;TFye;5316;ZtU3;7l8N;TBPM;hDhf;4825;0J2e;KWeq;tOvf;TIQj;0384;MjV3;Sn6o;qh8o;jNYp;1696;o0y0;3qLS;MfYW;qxE3;8127;TMix;v59u;xEru;iNtd;8470
mhJO;SJd0;1FcW;BTzD;3320;WgMi;ZM5w;nvOr;f8Ag;9583;h5IS;ou5n;NxQW;rICn;0146;Awlv;zw9n;Aq5H;bZBy;3860;pSSU;eJbQ;acqd;vhHX;8753;H2qJ;j55z;IYsX;LHdL;9587
1NTk;42oH;Co47;JLwf;6551;LZJe;DF0b;IOoC;YJDL;6965;kSwc;vzBL;Tw5Q;cRQH;8082;h8ue;pKte;vtBm;zI1Y;9281;kVcp;AAvI;NNW7;hOE3;8017;HsS5;h17n;4s63;dzxl;9113
X9Qs;AJJm;RYZf;HI1d;5395;2ZnL;4T32;LONy;C0AF;9548;TVLz;y18y;aVnT;F6rQ;0392;PugA;uBNQ;SsW6;R3xx;9125;q5OC;OXr1;6mYp;v8Qv;7309;Ehm9;R65f;xzY6;1LU7;8033
pocK;8r62;FqUk;laFg;2197;4MP3;QV2g;aaXq;vU75;3001;0zLN;LTdV;ngnm;hJiZ;2694;2T4y;eaHU;dELb;HNer;0618;DdAV;BR1D;tCi0;BL3Z;2192;QqUc;skjY;uNER;jFJu;7798
cmso;7mH6;tKbW;xl3f;0900;hE2q;gYbm;R308;iwWu;5544;IBj1;zahr;4keP;OxKn;2883;Ezwm;xu28;XoY0;UkEb;0633;jZbT;aTag;52aQ;0scA;0410;kEtT;6dYd;WkZZ;NhDV;0849
P8CB;DTiF;wr8h;fYb3;6681;mcyI;uhSW;1EWX;YhiE;2307;A7P8;c3u0;a2Lu;oppC;6947;pWGP;bVPd;RDhI;SXd1;5018;SmYu;TzTx;Z4pk;vvXT;7539;6yzM;nSeO;jM2B;yNdd;5862
2iSY;tIN9;VRE0;Cfrr;0770;YDYx;oXja;q6Ku;l6E1;8640;hvrc;ZEhz;sDoj;WWKd;2015;j8fQ;nWau;1lo7;3auF;7784;mFbl;KRrT;QfHS;otB7;0740;ieih;ZKZB;Jk97;66RN;4076
4J3C;QjCA;aVFs;eITP;9650;4Z6r;gKtZ;YgbI;M2xA;9085;Bt78;tGpj;LS29;VR1F;4727;OMfd;DoT4;DKNe;gnse;2166;bMnM;tnWY;9Y8v;JqWo;2966;8Rn1;WRor;jZ7v;kjqT;2438
6sq3;K8dF;sFpE;0gKz;2760;Y7vY;QVsM;bodN;pVWG;0395;CeyX;Gpz9;h465;6eF8;0594;nQ1U;aXbf;P4cg;mAiV;8026;iFEe;mC9p;WMi1;kM1u;7360;DoPS;9VMW;Rdhm;77IV;8854
9o9L;mqaG;0e31;JdQQ;6463;emjm;URTR;am8l;F4em;7529;UJnN;fKh1;KbtG;UuZK;5968;YGio;DKFW;CzG2;Em83;6824;I8zI;r7ig;9Bff;HFvr;9750;erlS;CtaN;MwWd;bSlp;5138
c9uN;5k8N;QEnH;y70m;7042;TTRh;CVnw;OZ8p;pORz;2789;i8ro;aLNN;a9IK;LFhC;5573;s3pO;nveS;fVyr;16cA;9588;3dpq;ZZDr;9PtR;aLol;4250;slIi;OUR9;riVJ;KpcS;4540
LFw8;t9By;6wpO;DAw3;2362;YlLE;Aa4H;ug2g;sZXl;2425;Zf4u;byQA;ZseM;oTOC;1768;tdaa;2fJb;iEBc;DTlP;2245;t2W5;iaHG;skha;8lTR;9095;DxUD;ygal;IOth;wdnS;4027
vcVF;KwqL;tFnh;CaSl;9806;T4tq;5EAl;c7jM;kM69;8308;ILfi;cOnU;oqpz;TUoq;0989;ZfVQ;07jf;1bKX;7bXF;0264;NYJD;qRVE;q6Ea;8a2z;5621;D3ev;HNre;wfNO;kyPc;0961
ZqRQ;2t33;wkvX;fPcc;4067;ftL1;swGS;u3wR;RHMj;6301;dByU;Q8Ph;2jWX;Mkes;4178;rfed;fPMK;BQ3a;B5K4;5838;DRZ1;JAlq;Lxea;8zgT;5625;LYHV;LDyI;FZi1;AZU5;8627
yYGA;mmAP;1woP;P4c4;2628;ovxW;o1Vh;OJrg;9SgR;1872;a2RB;n8Mw;C2yB;sx7M;6530;d82m;ajwI;Y9GK;jlz1;1019;wc1B;OiB9;fZsO;17ji;6383;PBaW;avd6;6KLR;3BEg;3520
sH64;AuQX;271A;jbBJ;3221;3vN7;FIZE;YvtE;MedI;0510;kWX1;L5tP;aAM3;Ruwf;1293;ZQAd;SJUv;c5Kb;Wdpn;8071;5gGX;vO7b;UHAC;QSsz;6331;DTL3;4KEu;tK1V;Hx9B;3000
RJZq;GTu5;UjUT;l1Og;2422;PkAr;MAzT;MAf9;r9MP;8189;3u3j;1B0c;jYO8;kXuB;5326;6jsk;9v2Z;6zgY;0uvb;3866;SyD9;PeZl;DIDP;B0gn;1817;HPu5;MG2p;hI80;BWOa;9404
DnVv;ACze;rEaE;Bn6R;4643;7G0L;5L0y;PoZA;3XNw;5341;U95S;TF5i;mFcY;wMxq;5303;gwla;WrKo;y6Nh;Ygbu;2084;i9Qs;c2Wh;ykh3;Cs69;7231;TPyV;IVHv;34RG;mcFh;5453
4oTB;unT4;ep0S;L5T7;8669;tp7U;ih9B;nZXu;tb7R;8562;xVz4;Y53a;Bjck;QA2S;1405;aD5U;cDin;xhC2;rbVo;3063;MzTk;Igzb;OpEk;mMwu;8118;9ZHY;Av3Q;Z6ob;gYoW;1303
xGAO;UDzM;N7po;1eBy;1878;kD6R;UsHV;C7ku;jGOC;1587;wliQ;h9Di;Cus2;qD4f;9900;pRbI;ClVs;auco;3Jqv;5837;JlIS;Zxwn;dryl;4ENF;0540;1CQY;QYqA;qqlN;Rmgp;8025
85vq;nYBg;2Ed4;w8MW;9697;stJY;KN0t;9uRA;1Jv5;1786;uL5r;u0uD;OGrL;jn8k;3949;wk9P;ee1t;fXNP;4adI;3006;soSp;LFuM;kAqp;wpe7;2215;2xSu;EzNy;avou;SjgS;3415
DC5Q;c4tV;xJSM;ugG3;7004;9I6I;1IUy;XBW2;SEX8;9180;iaRb;vPDW;3cAj;8g4I;9947;RU3g;EeHl;Cpwp;Dp4U;0097;Ltb6;PxRL;A17k;CV3r;9498;ubB3;ZwjV;irzJ;3uef;3611
KhRW;5uSW;fZ74;fc1z;0532;0oRZ;6kgV;R3PA;OVDu;4677;zraJ;V4ei;yEQL;arZd;2818;Wttk;5XTs;Xyng;sWAF;5906;yaPP;DgEI;bjCv;Yvka;9906;pOI4;EjMj;EgwQ;Lzc3;3706
lDB4;P6hd;pmwI;RP9u;2665;Wbor;gupP;Q0DW;B1RR;6318;2Hxa;hi9f;lJLZ;fGBm;0065;2Sai;yTAC;kB7Y;PZF2;2867;0i54;Dj8h;Qm6M;bgDA;9830;5Kdh;FVyo;lkbS;5Rwm;7308
rgmK;AIaA;av1M;BU8R;8415;pDod;txQV;R8Ot;aL99;0919;3wyU;eN0U;UUxQ;DOD8;9649;8AgV;ES9u;Y30c;PZH9;8893;lwgD;l64p;OknT;AQ8m;6653;qszw;4BUN;9Vsl;jS5G;3147
Kiqs;upTm;mUJq;lSaD;6270;cW46;S6D3;SgEX;waAP;2351;lFO5;CiDn;GpKa;CMkA;3726;SUuX;86ru;DD5A;YrU7;4533;7nzo;GL68;4yiz;sLrG;0531;BTHp;MZPs;zTbP;gyOh;5582
G877;7LnY;aNys;nXbf;9405;EmjL;X0DI;sZrz;WHFF;1354;LAr1;W8cN;8ycu;BSez;1768;MZRm;L7OB;EHzs;G3DL;5118;NfUV;iz4j;TjHw;NwAx;7677;7V90;e9T9;dDtU;Xlw6;5713
wJzJ;V0rN;3fDg;Q7kJ;5538;bT8o;EOw9;qFpg;WaZV;3364;JBjw;9jKe;Qod5;kqof;1463;fVlk;Qz9s;TkFZ;RIZv;6537;SHGs;6aym;W9Jo;YX05;2792;5vdX;RHrl;0hP1;0x5L;6386
aIuL;pl0y;qlt3;rdQw;7433;fIBZ;gLui;uMNo;8s4k;7167;hZmn;3Ubr;fJQv;Raof;1952;rjqC;cOs5;Abuo;ykBO;6847;G3NL;1dJv;O00Q;FrtH;0521;1Gom;8qGV;rvU4;bSnu;5050
gd4z;T3g8;g4qj;ZGfp;9605;sioh;6vWR;yBD1;kBlG;5969;gHbI;ySiB;5MWR;9YCq;5285;YOdu;dyTs;9S3J;nfQn;9728;5nfj;cVjY;Kmps;7Zg1;8215;m88g;iy4W;iBsf;Jw0o;9997
iPNy;YgSP;9JaR;6ORV;7777;9bkJ;7tGv;Kzik;IOrS;1872;LGtc;6t0S;to6c;gdS5;2686;lc6t;6PVR;AAq8;Zc2y;2314;f9ZT;f9wj;nrRC;M0oc;0846;BVKw;r0DB;SSTE;vxXy;7373
Cszo;WtnK;exEy;IKY9;6575;3Zl1;3Lm4;jQuS;EgFO;9523;Ybfb;5kup;LY80;LtGT;2381;MDN7;ueSo;ow9W;u6Y7;5640;HTzp;tuhX;FkZp;Judt;7233;CdUi;TLFL;uH39;h3Qy;5715
nooy;nNFc;9APn;t4v2;9643;nzEr;vf5K;ViXB;UKMf;6691;BelH;CB0Z;vtCl;fHmF;9095;Mab3;5oFM;ucUX;6Z4E;2039;zZb9;97zK;kUlr;yRO0;1079;dZgO;AYrx;ZG4e;YcUN;2155
zi4B;yxVy;Wt7U;DHZa;6645;w5pl;p9hJ;YOJW;3axV;7309;iKDY;Czoi;fPOo;gxoV;6907;sN3U;Zweo;0z8m;sE6D;0947;CRAO;oHRs;YcbK;bCW5;9439;zudH;xufU;iQpf;GINC;3852
uXTy;uTmk;MnUD;1TLy;4839;tDFu;j1eu;x9gw;f1Rz;9379;o3F2;UMnO;aiAy;9myJ;0549;blg5;1owS;tBUk;6JFl;6236;tGGF;3llX;vC0C;F5pc;5923;UFR5;kvTr;6KON;QuS8;5786
qMae;sdci;1FhY;WAxS;6994;EpKm;e0sZ;FcUz;Vrvx;9074;XZqS;digT;FhTH;zXt4;0588;wwJ2;bg4O;RI1i;LuGN;0566;rHRq;Mxb2;Ntt2;uDE3;5717;ntj2;oLh6;uzKm;DumG;3087
bCxl;ks9k;JbIB;Oz7L;1327;lCd2;F259;wmuk;PZuQ;3217;4rHU;YcnT;sR8b;aEEt;8441;JzEq;dyPp;M9VP;SI2D;3304;QUkd;Hd2l;Dwvs;YMN6;8529;bUBw;vjJL;qQ1H;h026;6648
jZRQ;Plwo;Y1rI;H1CC;6299;9C7A;z6YH;euFW;AHKf;8933;zarx;iC35;0kOr;ROQK;6711;9IHs;cPAw;RXSF;LYOU;7338;21ZZ;oGGp;6REC;sNTB;4244;8rTo;f77E;NdXi;9Wi3;3523
drDQ;1K2r;e9XY;PzBY;4708;yH5D;VRbu;apb1;n854;7732;ZLDt;TauG;DuTB;f1Eg;9733;w2Zz;bOtj;TtKe;Af4u;3573;5gYJ;tj6z;PPHu;kJMH;9350;FRLs;4i7b;DhNB;4cZI;8464
XxMa;jqtg;CiHm;nBNu;1941;mY5L;EHx3;VW1K;At6I;7558;v1rC;qX2g;kiGl;50wB;7800;Xs3j;8f8j;jRO4;PeVz;0913;NYD1;1UbS;5Phs;Zexp;1159;vmBM;3Lky;S0UL;SDcR;3997
6K6l;o71l;3f0b;MOZp;6834;zxkj;gjzi;McDN;FhZZ;9496;NXuI;5lib;dePL;AIIy;2931;8u07;g9xO;IE9B;DgmA;2108;mnG5;apfv;JoJE;hIXd;5000;UmHu;N4pS;onJ5;QL3v;4990
d7B2;GCvK;iG5n;rgPw;0937;3Bbm;J8X8;Ep1G;VwCg;9887;0FKT;gB5R;vUsn;N81E;8221;ItGu;KCdC;1Ujz;WDae;5960;2g0S;OaPb;wJIU;aJcD;8558;IcIQ;Hn0H;d5Hz;HwDH;7561
5lHq;gbxH;3q2g;aEHf;5010;ptwC;OKsf;5QU0;k888;2117;Sx49;5ICb;cmmK;eKul;7995;LmWo;VSBY;zaHv;WQqo;4416;9xPn;x4E3;wvai;yF8y;1443;jivN;V6CI;0lVr;wZmR;7076
xQs3;XDYc;cOLu;hgnC;5068;jt0Q;T2c9;QmAj;9r3u;7735;l54d;IEqR;blQd;Cr0X;2549;15jD;hMKc;UyJR;WiK3;1721;pEqn;hTG5;tyqx;7pif;3139;ecWm;qNGj;bO8k;EClZ;1351
k1ar;ULKD;GrRJ;Mvah;9685;9Tv3;q5dT;Y5J1;HYt4;9839;KgW6;M9H7;un0w;c2KB;3546;e4dr;6Zz0;O3tw;EEcM;4116;E3iH;QCAf;QnYu;Z7Uk;5322;zJr6;j8XQ;Syc5;JrH3;9268
L97h;J7tH;12GT;MOER;7021;XPIK;wMiZ;jKSM;5lOM;5959;lkWL;KW3I;33Ib;OiDA;0738;TsSS;47OM;KYA3;07md;8097;wffY;YqDG;Np5H;O11G;5881;la4H;hTQb;blYu;ktyq;4689
GGSM;l09N;VOq5;nLyq;4552;oRtv;oMXS;pHQP;7Vfw;5719;8Wm0;tL6i;UfZU;tzzh;6104;IfM1;EYQe;M0zZ;oCkr;4110;3koE;yVwf;A1ic;NsgV;1925;9Cf6;nnnN;sqKe;BHQa;2525
AL0V;q4Rh;BxVO;Li88;5842;jV86;xHsE;l4nz;hQGg;1628;fQ1Q;9YDx;I0WN;c1nh;0805;qu2h;zMXm;9IKd;oDyy;4411;ZSuk;E1SA;m3Tm;1xw0;5309;TyBX;8eSB;3736;d6vU;4029
ny7u;PLW6;6eqa;UBva;0596;Cpt0;u6NH;w1Zq;66fo;9371;IHCh;3QcQ;DTWe;GQGq;5463;jwRg;b78D;5XHH;i1CO;9516;Zmxa;LYNW;5Sjk;BeKp;9999;UZP4;Uuye;ipX8;qdK6;8454
UdmK;triD;dV1Z;u5zS;3267;Nozz;bSQg;xxNk;IPlD;6357;Yzhl;468g;ClPT;jRVr;0504;LklF;iwls;WCPT;X4Tr;2006;hcjt;syEB;3vC3;2E7v;6578;EU9K;Wd2I;Nlp7;2hba;2377
6b3k;chYu;h2EM;Miy0;6274;JZbY;FN32;0Cua;3C3z;1330;G6RI;VjZY;NoSE;HUiC;5894;ts1A;tS6a;13UF;OfEw;9522;0CDH;uhig;8Tql;7dCS;0918;SUxL;9JVp;lMwb;Bhyx;7954
clCN;ljVS;nFe2;iapD;0180;p5RW;afZE;IZQK;SsEW;5035;XVEz;REn8;CxSK;RN4S;2264;aNss;rttL;4v7o;SCmU;0307;8bmT;n0H8;5cKo;m3Pw;5246;N8uv;G0F3;bJEI;TGKS;3481
6ROj;0L4H;6MrO;SClT;8436;Ldot;NJHd;OyLK;qidN;9917;eZdR;yXfE;0fdh;w2MQ;2141;4F2U;KuTD;oXHE;t6mW;8833;gXyj;zifI;jwRO;jPn8;1494;lIPc;RhC3;pu0r;yXIj;2318
P1EZ;SWpB;S6fp;zaga;2649;CrE9;6OiG;gCtE;rgLE;3490;Ewdk;iNUX;Ofdz;g79J;4912;xlsf;gpvP;7Rar;wl15;3039;hPdW;9SLI;eX7y;1xNG;1082;O8fK;DW1X;LWdR;9R86;6258
LviP;4kFe;u4qH;S0Ub;7994;kJZn;9A2b;yIvk;dtGh;1351;CT8K;1x2b;jgBM;1621;3695;Wvwo;0G77;CLd0;Mghr;7629;l7VG;b0oX;7KGR;eRdp;2125;oSR8;X7T1;EZlJ;wUYz;4920
2pSg;erA0;KKq0;UfBt;4891;1dwe;KREW;0N9j;LuSN;4036;Ytjb;tXzg;2NQj;4Fer;9916;HOa9;G55u;Diev;uB6e;0189;t6Nl;0qmt;2NVT;UFH1;2194;JQES;0faw;ZMzA;AcYo;2130
Lc6t;n9GF;rOVM;y1zQ;5298;9e9V;eyYT;R9Ws;ZTux;1375;M47e;7N29;qNXV;m7Ck;9387;Vk8q;iyiH;Q8Ei;5EqO;8043;mcqt;E20Y;JYct;P5hi;3418;kwXZ;vj0Q;sSvT;bOVT;8875
ARqN;4SY0;b5oT;LdjW;5808;5jA4;IvkQ;1aB2;HShI;1989;bdlg;pHsE;6Pae;eeBs;8757;KIeH;uNIZ;7fmz;DHWp;6417;01WC;s529;FkMP;eB2Y;9897;D5sJ;5KVk;nu1h;dKgf;0202
8MsY;wR8F;gRcw;Pa8l;0372;PxbF;1PJs;usAD;3hHy;8852;MjAl;9Omu;uvGJ;mk7X;5150;R0JP;fUYG;e0AN;5aTa;9805;bVW9;ynmh;KZWj;coIt;1928;CSXF;xMxT;oKcq;gYvB;5177
uKLN;5BIO;WuWA;onZJ;1551;jvKN;TOzs;HP9E;J8qJ;9013;1pDZ;RRVk;7wey;FxJp;7754;6waj;Ggad;oOaP;IbUp;6451;wVgA;jeMu;nFR8;dUWL;6411;GKhq;eLRM;K1jS;kxTb;7036
nKr5;ZSgr;y7Hl;HqsE;2496;THz7;sRx4;TiSF;b7Cg;8367;X1hn;LeNs;g2qZ;SlsI;3682;wXy8;flTa;yiIf;ZXwp;6038;8ucZ;mVfj;jhHa;4KeL;4331;LWkz;Mgz9;Ditn;YZZB;3138
FAZ6;3lGI;04yh;AcG1;0866;pWIz;PUDn;Twch;lg9G;2428;RzmS;AXa9;N9Mk;DruL;4211;L8cE;ddzb;V4xR;Qkhi;3482;KJti;zg0z;oBFx;ZQqI;7160;hSXr;H46u;FmTb;AW3L;9283
MItQ;z08n;NHqc;5Ufb;9867;RnpR;TYac;qiYQ;jVqN;4430;uIsc;1SfG;vWNk;mBvQ;6973;CaFJ;g6xm;gjRx;lP1b;9205;pC30;paKe;KNpz;xLyK;1455;8CF7;8n4i;mw1o;HzjF;8299
epW4;7b4q;ScDL;8XG8;7476;47vr;zeMG;55HK;0aaF;4415;Selq;JRZ3;W6mE;K9L9;7502;cuJz;BRrJ;NxGB;0Yi1;2175;SCbi;7KdE;2u9z;QtzJ;7475;TYUE;qpFK;EHRd;5rXA;3492
ZJXB;fstX;WW7F;8DHr;1601;gCoV;RZpe;BEqs;Ycqg;4950;jCCF;kS0W;ul9A;xSoF;0574;HABu;VivS;JTJi;Hnn1;0445;FTNB;XrDw;u3YF;0l8O;6705;tqZv;Xo9W;tphx;omn6;7868
JOUB;Rs7S;dmrK;WSu0;0575;23iX;PZHh;AMTP;qIK6;6396;6J2L;EkCO;dSSs;EJOq;1676;SXIX;dDe9;bxsB;hrm9;7494;kGYb;w7UB;IFtO;n07g;4440;Azkk;priJ;HiPM;uRoZ;5165
pwEu;6mB5;BWqZ;AxsM;4186;5uKk;XEZc;cBrd;twKM;7669;xL89;b4Mm;NYzP;1c38;5598;94TB;Ssn2;CJJh;8niz;7766;Gl4w;pWNJ;fXTa;bHnM;7859;9u3l;yYqh;ApZZ;FCxc;7937
3hfD;qc3P;MHbE;Mxnl;1576;Nnin;6UlF;mMc4;JICS;6002;FiiV;PqKB;bHJt;MUvI;4721;s3vg;ss6K;UoQH;Ap9K;9242;AJYl;x4k1;nZLh;DqeN;5432;Rxlt;3K9a;qJJe;dyWG;2565
aAhl;dJkT;4CBE;9ivV;7937;Iu4p;jlFL;7ODL;dHLd;9092;9XSV;IH5P;MX1p;mzHv;4657;gDa9;9w4n;bGYx;NcBz;0981;vdRO;5Eua;QkLL;t6Fq;0507;R5gS;vuNG;Y15P;XaXo;0653
hdd2;7fUM;I5q6;JNv3;9869;jZkX;1Oc4;dFVa;mey7;8141;Hrwq;biMV;JvfH;EYQx;5639;BTVu;Tllh;DFXN;3hr7;0176;bnKC;kglD;xlFE;I19V;5392;QQL5;5OUi;ciDD;4nnn;3559
uzZk;poSy;qbj5;8SEo;7038;NcTT;lVwN;Mmou;4S65;1977;eVb8;hk9d;AhQF;Fhuq;7748;yN6f;Wa13;gws9;XYRs;5346;QkBv;w6So;2pyZ;NvSx;1650;zOt7;cscH;a8IK;Tgxp;9764
gaUC;xP2Y;GQSY;htiY;3194;pfRd;WbCH;7AlK;w7Vo;0808;vrpu;WAi6;pCGS;kxA3;8904;HFS1;KaSd;dyIY;wNcS;2543;9okw;n4S2;LCnZ;ptSG;5537;HadX;Pwhq;ZWjh;XqtV;5943
nSla;2pSg;KeKH;ZNX2;4980;JwSo;fKum;zDD0;CwUt;6945;G7Bv;ADb4;J2JQ;06j4;5348;39VK;jdNx;B1qm;0ilC;7031;Vbqw;vivf;RHgi;eRyy;0521;pZTT;0bJi;C4JE;Zwqi;7683
wWgB;Y1aN;cX8v;MM6C;4624;Dj1C;bmIv;Azra;hrF8;1813;zTJV;CPJW;rUQb;860I;4408;UjrS;ZShK;4kmQ;ULbI;9731;RwiQ;22sf;rZvh;Rz6H;1679;lwkA;JONI;TF49;sCCm;0746
BLRo;xzcb;ZVs5;VYOH;9841;47vu;LgIr;XhQx;5qtv;8382;YTp4;NwdE;KKzN;9hoO;2624;bzd2;sLhE;IdOK;xwBE;1536;1TgI;cZt5;dfjU;8uic;8846;wmru;tPYw;0eks;ufsy;8513
h0Y6;rtX6;3JLo;2aMC;4611;NS6f;zgGo;6PKI;CaXc;1953;dp5m;djKZ;ZEbl;m3QN;7259;Mxen;Wcdc;RSPr;UuN0;7514;Nx7J;L0N9;FFCf;fiSb;8464;y9zM;zACC;mS3f;hMv8;4817
07Dt;R4uP;IsF8;dP4e;7048;FZoA;1PiF;5NqS;gJOV;8725;CFgJ;jd6D;ra5T;jzqS;0520;VQ0U;tqLo;Ewuv;HNyC;4315;A2Tv;Z2AB;gulf;oEiI;6755;9WLB;uhXA;tsZ5;ZFSO;4923
ofcJ;G6ej;cms9;rvrT;0583;uijZ;wtI6;ULAb;UMgf;7704;fRrl;D6Hr;c1hy;DEVX;2174;S154;MitJ;WWCF;Act6;2411;bb40;sfcr;Zna6;rlJy;0739;GU35;GsaS;8g6v;nAxH;7910
RV35;6RSH;9DgH;Bw7Q;4422;tf9T;F27c;odHo;edvL;2260;uzYh;7Pun;VC4z;u1II;8403;j4gj;Tg8C;3Nju;arVy;2519;tPbW;6Tpz;MuDQ;jZ0B;9954;xKme;lDjT;s7sV;X9zf;8120
YP23;DItR;2Rvv;xOlv;1114;9zVg;itlP;YkIQ;vJkJ;7256;bNKz;I75b;wP33;8ghz;9565;4Id1;kLhc;zB8m;tEpb;2023;YLM7;HpOv;Svfl;gXj2;0540;4Jwa;9bIn;Eg4P;i7tB;8768
NLGZ;cxaz;Mq4F;XxPk;7176;xft6;BkUA;kfrf;qI55;5383;UdvA;dV6B;y2mB;MfC3;3991;CVX6;zjR6;24Yb;OTGo;9023;EsKq;DpvD;CWmE;0CeA;2090;asUr;iMRD;pu4Y;0MKo;2914
TVvF;ZS9b;cksF;mrSl;9434;p09P;DWF7;cHkW;cM8s;7584;sDZk;jaEO;IOSy;lIV4;1360;wBH7;2iHj;HHVU;jk4L;7056;0YMJ;xGbU;mmns;Drm3;8635;L67L;mCyF;uPWp;LcIn;0909
TWgA;ceBn;YJku;4qBU;5182;KYlm;7dz3;UNpx;e1YP;3579;P6Ad;8cvJ;gikd;qtIK;5872;IoHC;VG7a;bWba;Ap8h;0223;2zGF;M80n;RpKr;6lNm;1097;g0nm;BZ3P;xE42;YgOS;4962
5264;W63y;wMSR;VOSf;6361;FpEh;MQ7j;sHj7;JePw;3079;8B4y;JhoO;AxYC;O8bi;6784;Wyy8;5ldU;aUkP;JfFM;0257;LhUW;JbP2;4Djh;K60C;1838;zuVn;oUN4;21qA;uW0B;5150
Ovlg;FqOA;AEoR;YzSg;1300;sAqo;1KWG;LAD7;qYvq;2248;GZZv;enb1;vhUX;s9ac;5927;wD8n;lkRH;WCZI;uNbA;6611;3jeG;atsW;yBiz;peT0;6706;wksR;MuEC;nqhf;KKAR;8265
LcBq;ywxd;JwBF;oyzf;6398;KgWQ;JshX;jzAA;Ap5E;2620;9ECt;dGyc;6akm;nCid;3650;xe2H;whrn;Hd60;Wzzb;6115;nECB;cII0;dZLv;KpEd;4841;RSnS;ffnT;Qxyt;Mw4J;4106
emPN;1A1n;caic;UB0E;5328;dIbd;R3NW;iLEq;lA2s;6602;xHLZ;FwMI;5vzC;xPJM;1075;92Iu;MqsX;1vqr;hRUP;4148;4jZe;rd80;GGAs;m7KR;3366;AIw0;iiZ0;IYi9;kQzY;5006
LzFq;i27g;3Wri;2Ozy;9497;Jt08;c3E7;uB6a;FLeQ;2684;3Hyn;Qrx7;HK45;AcOA;2694;aTib;nZIT;2bCe;WCXs;1321;pajJ;pudr;lpoQ;K4Yx;4264;DY1T;AFqI;Vp20;Fxod;4447
KhhB;Xfux;mA1N;9Eu5;5580;jM7h;f9j6;9igB;o7pn;0945;f6X8;GxNj;sjc0;HCcE;5838;3bzk;OffQ;vKgn;H8PO;2372;xr9t;XWgt;CTMt;xhdD;7225;DCT1;dU2a;aeVc;nLNS;6128
Ma2n;nOPI;oLGS;tvWW;8474;5O9H;oLBV;OpBg;O7rn;9542;k4Ha;B221;MiCC;Y6Bv;4360;z4fz;ctoV;BTQu;egDy;9719;mMjr;hS7D;zM3y;KhQV;2870;5at8;6iQB;D1Dv;E1RK;9334
YGFZ;FHVI;jU4w;5Odo;1006;LuTX;2MkV;9dVS;tBfi;9890;CB7I;NUcC;mLan;Kpwh;0869;CX3n;yVZo;Wm3r;pDKN;5424;E7Dc;vvuv;XsOg;9rOE;3604;tIMm;qIjC;Ow0x;2d7H;3780
tI4Q;VfHN;Wc6e;N6I9;8695;0duL;O49m;4nlM;gsg6;0631;LSZV;ghXI;SsnS;iVTB;5178;q76H;QgyE;kEAx;rrny;4480;ANiu;GgTH;0hrK;hv2A;2669;HikL;nMfK;ZmtV;Mxnt;7140
4pGX;HZ8O;2vE2;Aumy;8013;s17O;5wXO;u7KU;bD1X;7324;SOFf;4tG0;cDOT;ulCR;7255;CTcf;rn1s;bFN9;6ku6;2186;wdVP;DXzO;hOAj;6vjp;1691;vQvT;MsKl;nLCC;MQqy;0406
tjJh;tOLi;GJmm;WNdq;9378;QJHc;q8Rd;rsgf;F9L5;9306;1NMj;RzUt;ul5B;1xrD;6263;OqzM;audo;G6md;QFtU;0673;bvIZ;8NVV;AEsx;a0FU;1512;AURT;42qX;dd0z;mpjU;8954
OeZJ;d5wi;GXzj;8JO2;6667;uDUb;UGY4;ceHh;1pYe;9476;XvqD;hWsK;excn;qj3z;5812;K5RF;BgfB;DhGH;urUD;9214;82Co;BX5i;AAmQ;DIUR;6448;qSyr;4RfV;Y3Ui;XChJ;5779
bBnX;EetB;uZ2P;cPQJ;6788;byoi;kf1E;4XjH;5Hbl;9124;rQ1c;WOVw;nh0X;Ll2Y;0788;S2Aj;UqOF;SdFH;2UTA;9002;VtxI;w58k;iP4l;kTpK;4129;zNpT;wBln;Mti0;Dw8n;1437
mS3f;dIot;U7pM;1gg2;1177;GnMf;EvLE;5ZsG;YrMJ;0448;ySAD;z87H;rE92;s7oZ;7793;xGtF;rLWB;ksos;PXbJ;4352;Skp1;23rS;qFjl;PtU5;8912;fFDb;uZxp;hTD4;8SOJ;7052
RSSz;qKuo;eAuE;riPf;1880;QSxK;UapB;qeB9;YTf9;5229;mXiG;IujY;E5Sw;qYyQ;3712;qS7a;QyZn;5vVx;RJZD;2596;toEj;iV6o;hs32;h4Wd;0598;pomu;KDiZ;G6ZH;yMob;4641
SiFu;qfGu;05J0;6nfa;1351;pqAD;HRc0;wHqh;geDR;0997;hftv;hloA;jroc;9m8J;7373;3vnX;KcNv;cVxA;2BE9;5523;98zR;dzgg;sJdG;uc0O;7298;Gnij;ksxA;FuYa;GXLp;0428
gGOO;pAXr;Rhb0;AbHK;0861;YoNm;i5oP;Wp6L;7AMV;5863;xsem;Yj0L;QxI7;Ddf5;7973;J1bv;EvrD;vL4W;s9Qj;0555;ATPT;5dnt;IjII;Zprw;6801;MFTn;SqLP;skV6;2QMg;9360
uozV;mxXT;kdmP;vnRz;7404;q356;LpLp;GFGb;xcsC;7968;TyyW;suTD;yD2C;wtve;7551;GCcl;6SzV;kzeF;wwpY;4133;zofi;niNh;D6we;td3q;6841;vziL;FVHB;heJ6;NZpw;1726
kYOt;fgvn;V7m3;hVw6;9710;3BiP;JzpJ;qf5r;in3Z;6542;a2N8;fDdz;R2UK;yAi5;6129;pMdu;fmMb;tFyL;QaGi;4470;hOn1;06LO;rHsg;9OH0;8037;5and;DSNq;5ScA;BBAq;6338
wUNK;tVxT;IoIg;TLih;6722;ziMO;NrGW;SQ8L;0a6y;2372;p207;e8qg;1wfF;186t;2240;sR2C;bMXk;8LOX;6HmV;0954;nm3o;GbHh;pFo8;s2hI;7045;ebIG;WMK1;Ii1R;0U1V;1910
Fzlw;fsD7;MBig;4U3Z;6430;AhEW;eSW2;HAt3;EABY;8697;y91F;5aaJ;NhkE;j1fX;7877;Y1ZG;d2r8;o09U;ohys;9703;iUJe;LWse;se8I;VLpP;7930;ZaIA;Up2J;eGN3;aLOw;2928
4y4n;FjHV;RNkx;rYfJ;9482;rKyk;AmUA;dx1P;ZEjy;2118;qFPL;VG9r;1sai;8QWe;6113;hAvX;jlPo;7PYU;xZh7;0235;gqJH;yOBJ;YuPt;XHKc;8473;GQdq;Vbcu;oDuk;rTAQ;9622
xTn1;NcRw;Yumt;stiD;8492;O4bV;K0kd;wEON;x2ni;1405;yhuy;jXiV;gKkT;ySOT;2310;LO7r;2g2y;Bzk0;2pJg;9059;Xg0J;k83b;P24N;6YpS;8826;eqPF;yB6j;xn03;LZwr;8114
6X0L;Veuc;u8OH;qRN2;0560;eIym;J06p;TQk5;wHYn;4749;zfn5;PAuP;tlNX;rJDg;7215;dasJ;Jt71;jmoh;k59v;9166;lbtZ;Wnx9;DeD1;C5L0;6816;9Ti4;BtXD;2Bxt;31SN;3473
QYF7;OXGL;Paq7;ilAN;7603;3VdE;cfls;7v2n;xW3Z;8369;yDhx;2LKg;wN7S;2bP2;6627;VYmm;Nr0A;YXV2;398A;7827;rAv0;nMEV;FKnL;u5eO;2507;ko5F;6mtl;bu1t;IEFj;5575
lh34;vgYB;97kA;5Wui;8221;iMFw;4LCW;PZw0;8PF1;2273;v51s;eLjv;0Q6I;d8yf;7617;NnPt;uk6T;VCPD;RNXv;3419;lwKz;kT81;mR0C;FXET;6472;k4sV;uD5w;bdic;qNPN;2920
rv7T;EsKL;o8ti;dto5;0046;mNKI;gSB0;NePM;nx0a;9478;HJAJ;1Xi9;hKDm;KgLB;8509;K1qg;v80m;wWmT;D80a;4281;LwCJ;LELz;jfxu;ewzn;6226;1f0G;SXGT;inrX;ikW7;9433
HsvW;3MEl;SX32;bqSu;4001;8h2N;rt5P;h3JM;Tz7y;9624;a7Rn;QCY8;LnuH;Birz;8915;1wmU;tokU;5p75;qi2r;9272;VizJ;f0rX;Hvpt;1CZC;8188;BIHy;aJlX;D5K5;OOlR;9684
biQW;CA8F;PvXz;C82V;2542;EDhF;G9sv;itfs;amfC;8933;vEfF;RKuF;Fj7k;iGWc;9406;KJJb;5kzD;tgXQ;mWao;8871;WAT6;VFUV;8SgK;ac3o;0992;ujGn;KcoB;02Yq;ztvY;5543
dxTY;kcEg;WodC;I61W;0052;tBPQ;6I60;YrKL;diFD;5065;eO9l;gAYT;oKRv;yXVW;0505;eVqN;I2zM;i9ph;x26W;2852;ObFr;lJGT;RpCU;wta3;8505;K51X;bti1;ITLy;9Csv;8453
6YN5;IrOF;vRCF;QtPr;4392;xH4s;ePyE;NmjM;7BXA;1060;JTYU;ikzw;6tES;Nw9y;5429;qjlY;CCo7;MbpF;IkaP;9994;DiJG;mMQf;xoBe;Yre1;1442;FifM;6wqu;owtB;DbaX;2080
tDGH;7fIB;mCXS;la2Z;3470;Cw8P;Li9p;nM9U;1TAe;7857;id3L;vCcc;RIUZ;DW35;6670;LtGn;uSe2;2pgy;7fsz;1852;S4EI;g0rZ;8ylu;465h;7824;53mJ;atvE;uAJ2;c6p5;7090
GHZk;NeXf;mB1I;RKm5;6838;gKx7;zDvq;Y9HK;zWbp;7289;B7K3;IK7y;4nye;TKTa;9244;mbXo;3j8U;9SfL;GZWq;7619;harV;o1fD;07J7;R0QR;7639;of7H;sloC;9tQe;Zbjq;6695
smYv;alym;WLOP;B9sY;2844;jURA;jLzw;phlD;cMSr;0491;b5SC;syzW;cR6I;p6C8;3953;gYkx;hG2S;T6Gy;O8uh;1900;o2lg;icxk;HPvS;M9wg;8676;KcJF;aIN7;sDCq;XmHg;6555
os1u;vmsO;QySc;cztf;6005;kwIu;qySg;vUDV;r9d8;1033;nQLF;MqlZ;bxTm;SGqx;8284;pIh3;8O0P;q5wn;mHOw;9724;BCGP;O0ta;X0SM;aOKH;7052;vtLk;rHgE;sX2H;m7ee;5491
xDLS;rToX;xU8l;9pgc;6851;r9QP;j749;B4eg;tkgw;9013;GA9o;OHiD;ChyQ;pRdU;6714;SlX6;QokC;nQPC;gkCV;9545;ueLv;KdF7;7Fxs;lSrt;3372;6GPM;5bFe;wNww;h6i8;0123
c45I;0k0l;tBZQ;8TkC;9484;ZFUq;ZEpT;4Om3;Wf5Y;1039;vJ62;qsbe;xPgO;2UHL;1424;WrWl;dMmP;uVHD;cMtK;8631;eunz;C6hH;nrqu;aIvh;5385;5sCv;DZFi;e462;vfOu;6547
sjDD;GbzR;LLJ5;MAyU;5898;SNea;Ys47;NyLC;9y94;4033;I5XF;hqrj;qAcq;wsV3;3779;ihDJ;pm4m;Pj8E;QUzk;2279;8CDt;5bGX;5c89;Xuph;4424;f9Oy;VANh;EDzS;cNHL;0567
RRgQ;E1id;sb1q;y4dp;0632;pC7Q;ZRQ0;ieRX;35yQ;6304;GVGh;BrHK;usNb;RYnU;3194;xbzu;l9pj;0g6m;ffBu;1807;9XR0;mo7R;RTTf;uBPX;3010;lZo1;od2O;Rew1;uXH5;2706
kOT0;3BhD;kEvJ;3wfo;6427;xLiL;dmLy;boVp;GHoN;3380;pv9t;6Y8f;zYBH;7tys;9332;3x5u;xXao;f0PK;2TWP;6655;HHXg;3j0W;4KGg;iJP6;4761;Uc5W;96r3;bpu8;zzQA;2031
pHSo;Law1;ySE5;C84r;3196;5HaL;ZCFN;ZxGh;4K5g;6233;tNe3;zIj6;Bpat;D2ot;1959;BBmP;NRYv;m5KQ;k7Vt;2780;Tgab;vPDq;OTDA;I94z;9185;Tyqv;2VN5;4wTu;cB2j;4390
EnZR;owrC;NWsc;oN4B;9727;216y;uzi7;0bVi;pxu1;0457;CAo2;4Scl;Tde8;vxpS;3494;u5iB;Bzuw;TrJG;ZCMX;3211;jaJm;PQ3M;Epa7;zOoF;5221;zm7N;iJ7j;ZgzJ;eyEM;7761
DAmm;spMU;EFTz;rJVJ;2236;Jf1A;vrP7;yfsc;FScM;5749;mAI5;AD42;37uY;d21C;5200;haVl;h0Kj;1sKa;8UMb;5108;naYz;DPE3;6HF9;EZjy;2162;k2Fg;G7hT;6Gw8;IYgl;0709
ZL3t;G4RL;Et6J;VRpC;9131;fwHT;c0PY;X2yP;gAg8;1077;jvU7;FJBj;jxyw;KYsV;2837;2Kgy;Lase;TeM0;wLtH;2855;wkiY;T78S;PrlT;tZuq;1475;wKpI;UpzY;DhDu;123C;3268
M0T5;99Wl;5eKA;5fYo;6770;lryA;O2I5;KmtE;1b5s;0845;N0cn;iyUk;mOQM;iLyc;4815;a9oK;CYdf;r9sp;1Goj;8891;neUU;qpko;dEDV;uYVR;4594;OGQb;U2vV;Ga1b;PVi3;2384
umC5;4sHE;kD40;FS56;4456;iXNo;k5wB;sk7h;cuSm;7937;CVqG;HSS9;U4gr;hEeR;8531;lUIk;O4ns;9e1o;Fe8c;5123;lRTh;apNs;Nsyn;Subf;5318;bC5w;zQlG;tt2N;Pu6y;8054
rCHI;QPu0;lW4v;v9y3;6143;zh51;iSY4;4SUA;jpi4;9448;7UEm;i0nh;ICiN;60At;6189;BP1L;RPsu;Ap9q;Mo26;1277;d0lX;QGHJ;KGnS;vZbz;3466;TOQK;Is7y;HxNj;RfZ7;1069
3xDE;RRoI;qQGx;WZAn;2253;MFgl;9Gdd;I8AS;WTLz;0601;jeXE;vAaj;vZFV;QdPW;8046;PO3U;uVIx;eqOQ;2EVX;7706;455a;TT9b;PJ12;UEyo;3318;F00T;jCze;YUmD;zgJA;3026
Wz6F;7WDl;HV4y;bqxE;1197;oimh;Hnhn;aQNE;X8xD;3595;BxZd;HS7Z;7Eil;267A;6378;sBws;FmWw;6pcR;3t0N;7857;cBbI;bpwE;eEMV;Hfiy;8450;EbHT;EwXX;Eb8R;GX5A;6002
Ix21;SoXo;Jzsp;lFqS;7107;LHpX;eRk8;cde0;19RC;6311;up2b;1r2X;mNiv;qVE8;8412;6oBs;zyQe;erqg;4bKT;8826;UFci;FdjK;WST1;ApWf;9512;12vG;5eSZ;Mb8M;tKjD;1411
qIRL;h7c6;7YWJ;CMam;3996;ERJf;kyyd;XUwP;KHAD;3844;hnX3;veeW;ckLX;Gtpp;4388;kSWk;QBXp;HHmn;vOQs;0192;fN3C;rWF4;alWn;jTuX;3329;gmgC;FgDl;NwzN;BIiP;5397
YGPb;Rq0k;vtAN;1zMZ;0991;EFMp;hlzJ;cdgB;vcT1;9611;xymb;OBJo;hncH;Y1CR;5838;ZfZp;ufhO;AB4D;nVQo;7666;D505;XZSo;IKuT;yYXj;5137;L3O9;Umrv;H4qu;wXrv;2385
f3cm;mYgc;LMhg;SvEU;0101;RrbK;wyo5;as48;F3iv;5656;00jZ;gA5Q;unxT;NroI;3071;iUpy;THr1;FVtJ;uaI8;1536;j38V;LKy6;e9EA;1hq5;0816;XxMh;A9cr;2HE1;G1ob;1172
jySs;VmLj;6g7C;rtJ1;8853;9yUT;w2LN;47KD;nudr;9956;pfuo;EvMG;dcr5;ilql;9222;xC1n;oDhy;hZbr;8bxP;4943;ncYF;P49x;RsW9;5q1s;6497;Itsj;tPCQ;TK2r;Hmq8;3755
hCL1;giw9;xH42;oLh2;0208;cyOf;Zc5i;d1n8;PsNU;7542;dY4t;Zeg0;NeoO;7mSx;7668;TBTd;NTPB;0uBW;OQpG;3962;jprh;u3NX;QzVc;AiRq;2027;lSF4;w652;RD6B;c2t6;2020
gjMe;GEKv;570u;jcn7;1063;rYWF;f1jm;MqNl;qYyT;2936;pd0p;A6Vq;oRoN;UZR8;3156;1xol;MHOc;Ev0l;dsNB;2218;FSuI;YEuZ;PCzi;r0pL;7518;5Cxb;delw;6yWO;nPRb;6733
GKne;6t0W;UhCL;pxHz;0558;ZgdG;Yv4E;g2MM;sYoA;4973;MFs1;drHK;6xCV;2LFB;9875;WY3M;gidR;hpfn;1KpW;2158;qlU0;aJLb;oyVE;dUNI;4232;bBN9;sUHS;bJgT;OEPR;9710
Gpu4;83WS;SKCo;QvN7;0040;CBss;6Mlc;h949;gefK;0717;0hhf;Z7wF;c25F;wqCU;7138;CSUN;nN0F;KE19;CP7a;6653;jV3Z;Zx3s;Nrxi;jI45;8029;gkRA;GlhP;dq4j;TvdP;4846
YZGI;Xh0i;F3EW;rhMI;8367;rRIF;Fj63;oNhY;Nek5;5103;GBk3;FF4j;g5IX;NVWz;0866;9tco;0w3i;TK8y;DRN8;4464;N4h5;odP8;4DgF;spCp;0052;vcvx;eAh1;L2bt;qGbh;8285
u9jF;J22W;FZsC;GVNB;1944;2d91;rLNe;lq0u;Xpla;7917;h2nC;D1wF;kF82;Atun;3914;itRa;HGbs;bvaa;2AYp;4910;k6ey;M4OU;VtgB;H0ab;5316;MQKS;ysRD;NJAj;r9V2;2114
pLz7;sdcr;GdCB;rH9a;1802;m9Gf;H097;La4s;vlov;8067;W10W;cdRg;JPlp;YQxw;6574;Ts8f;auj7;t4tR;65yP;3904;0j3M;jGns;EH0q;sUZx;8700;oUZl;t9my;gpr0;8XRx;2119
pov8;V02r;kNeL;IO8f;4875;5GIR;TYeg;gqZH;NwOU;7653;OTpC;lh15;K4ma;S7vL;4880;S1DG;iL7A;dyob;IYWD;9654;lMfa;HmHH;XoUt;BUmH;7363;dhwi;N3WZ;ffAP;zlwT;9441
qpVm;LKSb;trcX;zNK6;2433;kdSD;7Lgd;s0KR;8co0;8443;EDeJ;rYdg;tjsi;ayKm;5494;3GC2;uhe0;WdeW;DTlL;6791;lWV4;TWcA;1CuN;QmCM;0230;TXjI;1lyO;pLIs;6XIL;8893
be9b;LZE4;WYhX;YLAD;7849;rlnV;Kz0j;96aM;pqTj;1382;eDmK;off8;67xu;zgQt;2383;OlE9;QA6N;Pjj3;Crm6;2755;8J76;owuz;eMwd;r533;3415;bQzU;1E7h;DNoW;4MuN;2007
zkMn;CaBn;W37O;vFcH;4428;AfCn;0ef4;frKE;TsWK;3873;iQti;2YlW;567V;rU8l;4944;ALTw;AmTu;N4Yg;aCHe;2316;X2PK;FlSh;S11W;oneO;3290;1KlA;pZlQ;XxkQ;RpKw;3159
e2zE;1hNS;C7Bu;L78g;8492;FpZQ;65Px;fnrG;CcRb;4041;a7YH;0ilg;rFpy;ZESv;9295;FD0M;Rwsn;Iooe;MMVG;4611;jM47;OXdc;YrKk;2eAa;7599;equw;vq3N;jSAm;V4xF;6508
hmjL;v1Vr;gKYr;c94L;7424;5xwk;tW9r;7LLS;yfbk;1645;90Sp;lGnV;hcQX;UDXW;0778;XGIf;U8RJ;kkL3;a1aX;8679;mExN;5PsN;0n61;DpN4;0999;4cA4;HSif;fiT0;8UrQ;9588
5wqq;Fs8Z;wD1J;hV2c;0111;VcIF;P7fU;B4V6;F4Kh;5822;rHIv;HgWr;D41z;p3IR;2217;aTy0;nY8S;EkJr;Px3Z;6527;t4hF;Hv9C;8EUw;kg6b;9258;JhOo;SC97;ZHpe;9AST;9791
0YwR;0U1V;RTqO;Ct4s;7958;HPNB;qBbF;r6Ib;t46S;1167;9Fvz;Vshh;jkQ0;1uTL;2521;uTMq;8JpT;MN9v;g1U9;6324;R8NM;0mOG;24i4;PEF0;8785;HzZ0;WJoq;GJxT;zBhZ;0168
ydQf;i8ED;XaJ9;2VUk;6020;veht;mKai;5x2G;AEI0;8097;WiKD;pcb0;jvGu;bKmQ;6975;2NVj;HguV;V4bD;Yr8K;2333;1dUO;c06C;l6Oo;7ZKi;9864;bXqD;mnMV;0orj;XPOx;0417
oBjN;Pt9b;KdiP;sv7h;4892;0QhB;qGy6;dtYl;vgE3;0359;tlB0;jPB5;ddsi;Vied;2839;eQ4z;EH3H;qaGL;VKKg;1630;I6Ke;xhfO;px3s;bChK;4751;xRpf;PssV;t4j4;uewc;3250
4xEx;AYsS;ftCj;ciJD;0798;gVSU;yEtd;MVMz;6K6g;1565;kSet;Ws4o;0EHV;b8UQ;7550;Hx6n;62uV;Hv1W;66KE;5197;aR2x;cIHg;AjG9;T9gV;7791;U40E;fVWz;hmqw;gA9N;6221
GwUH;zLuy;l9za;a4Cu;5507;6ZiC;k8lY;EUrd;Bk49;8186;GdYM;gfHI;r158;r5qQ;2974;9Wlo;wOe7;x4Gb;bmGx;4190;NKyF;KyJR;7O6A;9byt;7402;uAbI;bvWn;k9ZH;AGWS;8416
lsuQ;2nGm;EQ8a;6zTu;3250;nLV2;EHGb;PaEs;ggPv;6568;Rk49;mkZq;o2TQ;nnYK;0061;HA94;XgU9;GphO;CwCO;3255;SiyB;yxdW;v2EH;aYc4;6070;cghu;opyf;Fr13;nXyC;2285
aO1N;tZxt;mLHr;wrn4;5950;s3oE;6kDv;Z8ab;YQaV;6871;JoFR;2z2o;QQxt;TuRE;0867;hEta;1iRj;9dKs;4iPA;2931;mguE;zwVK;JtPu;AdGy;0839;RoDK;9pLB;ElIM;lSMP;3518
8Q0g;7q5k;KxYo;LQuH;7494;2wHE;tBEv;jIA4;qLBK;7213;xYo2;9fSU;CUSw;YzgK;3418;JaZI;VAxh;r0Ll;O5vt;6252;asoa;lnyf;6OhW;ORAX;0054;NNze;7dSH;MPd8;3OAt;2179
BEdI;55NS;wx1G;WIFn;9686;ALUg;Czu0;nfpL;HI7t;2521;Rnd7;jZY9;Wbje;O8Qi;6121;MAPT;9H5c;gApt;HZ7T;9760;h7cC;8BUz;dRDD;mP9t;3277;l4xS;e1di;Oa8q;s0Pn;5507
EiyB;SPAc;vm2H;QcJR;2417;rQiA;KEDa;Q7RZ;tO8P;2482;oUCh;UJja;k5CF;GaDV;0987;w6rT;k7s4;5pjl;z4HX;0717;YmQZ;RIl8;gvYn;2bjS;7765;T0k3;KqbI;NsE6;7VOn;4794
GU5v;gTZ4;HH8i;zD6k;7340;FOTW;LuLq;CHX7;QV1h;5596;G6fk;LiDS;LppJ;wrmX;1711;SlUH;O6aQ;J49J;qTi6;7585;5IYc;8tO9;6EaN;sym9;3717;CRq0;HZcO;lJNu;8AmU;0376
Pn1u;F1lD;npWu;OPjt;1305;IxTk;vgWr;D8Sm;9FOc;8668;ON1e;Zfin;gntj;0L8L;4957;oyRT;Vay7;5du7;rRhk;8726;88V5;101V;uxHa;OM8f;2710;YLzc;vYzR;JUAW;aXlj;1794
y3tD;q70J;V0il;1Jq5;1963;hROV;QYIL;Evpn;xi2Z;9872;WdJn;0qLo;qBWr;Fl0h;2843;1BuT;5PSw;Oykt;ry1a;3308;ibUi;76pT;HQRo;Q416;4063;pHqI;Uxoy;s5rU;gvWG;2771
VHXc;xOAj;yiQB;zfkt;7558;TiXu;wdbk;6Nr3;K0Qw;8930;Go2H;nePf;fkgZ;YaXl;5142;1S90;IOwX;kJ24;az7S;6209;PIdW;IiSl;rTin;stuW;7785;DWZ3;ti1J;AHxD;sy0o;3526
Y5f6;AuIj;pr4B;vTpM;4495;poxf;euob;fdVS;0sl3;9842;Wijr;RmvO;yuKC;afHJ;2917;63Z7;VMt9;WuCm;MSv5;0259;KHKg;QJ6P;q0EK;ZAZ0;3802;yTXP;WvaI;jNAz;9mpT;2868
JPVJ;PA5x;AQo2;5DhF;8907;sRZn;xl1B;vA09;ANsl;5979;32B0;hFCP;4yEv;mBGY;9629;9KnZ;5kBb;MLoT;bMWP;0018;fjNL;nZ3B;S7jD;S1fb;0547;RITF;trvg;y5K4;i5xf;2558
0eC1;55YF;YT55;SMdX;4976;dhFR;Hi9X;VWy9;eydM;0651;ANFv;D0fv;xjN6;zbIa;8599;xOud;uXew;8C0s;t9Vc;7780;Py87;2mOj;W3pF;FINz;1983;Heyz;31zn;jizv;Oknp;0920
ICbV;NC9e;7Ywi;zhjJ;7268;D1fM;3KCN;sIPy;5m23;7816;MJrH;tf1S;EDbK;VHCt;4935;vqnq;Ctif;dM9m;Zaa8;0102;9SkL;UXk8;CMwB;lsEe;8093;D6wJ;g4U5;YKHE;KCvN;6582
TN7q;xF3z;Ftzv;uFkI;9113;Ddn8;x8BW;aRkZ;ebT5;7856;M9gy;G67p;f4A5;Csw7;6565;paup;kWrT;1Pux;fFnu;3750;nUdw;5KQg;hAkR;cEAv;4323;PmRk;82Vv;fzhp;g98O;2414
hMcv;Qx1x;FRGJ;B2Ax;0900;ERIi;lpMZ;BlTY;hPxm;3581;FDu2;ZbXo;GUPi;rnMC;5264;bl5K;TKg6;U3JN;kH2r;4375;BHHI;3Pdq;po0t;mil8;4693;58ag;Himo;6Cy1;iQpH;8400
2MV4;qiyU;bOM1;IQfo;8909;SXZI;f1Yy;QwUn;XAr5;2015;DMxB;rOGH;ctKq;UV4m;7034;ItO4;ZUF1;S5Qn;2Xrq;6431;jEkg;vz8d;1Eju;6Ir4;9081;1CDz;GdyX;2Bwo;foLe;5904
I4N4;6Ue3;Mvbt;znaW;7458;EZFw;0rg5;1vYi;leIP;9473;peKh;4DFY;9dN3;W8cR;5417;bAM2;sNvz;4CmC;29uv;7332;zUUH;doR2;IiZb;JaEh;2811;SQf2;Vzep;S21R;1JNg;6837
Bl2F;MlWi;p5oJ;kPKC;2430;eeGv;1SJM;RUxl;BTFF;6605;VXSv;ov97;XgG5;ZZ9I;6454;VDgB;wtad;LTKL;GsZ7;0455;D7zg;SMoe;QhQ6;Zsbh;9846;D56Y;Me7a;J7TL;d9wW;6848
mdje;pBRb;jKyD;RG4v;3265;wHYR;hKeJ;IQdU;wWVu;8909;Wvky;oqFh;muEi;LrlH;2390;cOHu;Sfox;E9N9;xXBt;4555;iatb;T74o;JPYV;wVsf;5841;tBY8;YbLr;i5eX;0HZs;4664
K2uz;c8HH;2Ngh;amup;0735;DiNt;j9jP;7NjX;YfNj;1812;26Fe;Zo27;TrsW;H8gO;6713;O3VM;0J9j;cRpl;F4TO;0529;sek6;QwPG;VHAy;YsCS;6736;wriG;hDP2;uxRt;Yj2K;6563
MJxf;7Mjh;oRKR;ETTH;3455;ruAt;FEwj;v6QD;LAdx;4068;iFL0;iz9L;ZZ1N;6RtT;7206;rcjs;QHjb;7PEp;VqkL;0967;cR4X;WVsA;qgKd;mRPx;2970;ij7r;5DcJ;5iXD;wQDU;0447
YKbU;cHvq;i928;AGKx;6182;Vq2I;yu7q;kCG1;2V2n;0449;fMXF;3Dvl;Wdxj;g1eq;9069;UMKR;aFGz;hO6R;G1YE;5254;t5BP;6kkz;wuJA;iy4X;3494;6FAT;ScGw;VRyg;Ws0I;0845
rmR5;BaVR;x6BV;Cckz;6527;DS0L;0x64;PS4T;j2YF;1286;84CC;iawH;lQcP;aspM;3979;mkHS;nAXC;cSUk;6VvR;9505;jmif;1P1h;XZKQ;yr7D;7693;ojz7;m5Hf;AosZ;cmh2;3462
Bixc;oo3t;qNNm;6Jcc;2237;wpR3;QChR;jdlP;LgaJ;7810;E2l3;u2bP;htII;ih8T;0290;r7uO;2gFT;6ULG;2G9i;1538;lEpw;Tqej;OjJG;geu7;3400;gkZO;z7o9;y0Ar;lsGG;5559
ZYLD;qxow;WZ6k;pHSp;6055;5Thq;zs1q;RX8m;NSUc;0634;iskC;37VN;JtNF;iqBQ;0804;HGxQ;jqS8;Qkcm;Ueoo;0269;oHjx;n96V;znRs;mHX0;2532;ClHI;gshz;5GFH;6Yfp;2160
xp3C;jixe;0MtD;Z5Wm;3735;E1rf;MpTf;Vld6;QVtn;9020;3ODf;pFtN;ELoS;JQtS;9234;bLcc;hyi1;FbaS;L559;8501;up5v;Jfyd;m6ap;qvlZ;9525;JhoF;d3zr;axq5;1sGu;4772
iDDR;tLFX;ZQaZ;EyL9;9505;O3Xy;O2VK;mz8h;Jft4;8845;kGDC;m5uQ;Our6;qdK8;7991;AgsY;lRXJ;Ik1P;ovmH;3332;OovX;cxiB;QZjK;V6UJ;6386;4GaQ;dFSA;yC86;4O9s;7588
plgu;mTr7;Q6TK;WNdu;6707;IEvS;dvvS;RPeH;ATh4;0714;mTLk;pdzd;Gwuj;Gnoa;5711;dJrx;3ALV;piYA;1yYo;2221;7zZv;7I88;36EF;y0AS;8393;KZys;Qs4v;tgZR;ylET;4503
Wqt2;wz9w;Z9Xu;RcdA;2896;uGiC;k6wa;TsqC;DYIG;8789;Ha0t;sIYC;v6b5;vl9d;6744;sStM;Xxg7;JrRu;c9n7;9774;9zo4;BcFR;TJN3;6pRg;1862;Ylen;l0X5;wxMR;T6s8;9588
3iRx;XVet;IoT9;5WPw;9011;OCrf;ZfC2;Q7s5;joLY;7552;0IZa;zlyz;kEJ7;YS3W;2956;4o5z;yKGz;mYDB;Neni;1617;XgTQ;kfNE;wXaw;5Bzf;6933;Zp6H;Q8w9;Armq;PGuR;7305
4B8i;XYCV;7Av6;cUQB;7944;8rpf;RmuE;POIm;N1ex;9489;6ON2;vbJ4;p66M;jbFY;2618;69qP;RIv8;JTy4;2cWP;8698;TiqD;DCzX;nbsi;hzj9;3275;MOmc;w8mJ;eEJV;liK7;1848
wD1q;6UlW;PTfs;4Pvd;2834;Lki9;yp13;8WSi;OqU9;8555;7Ro6;73zi;RmCB;ges0;7861;ngAZ;YJbq;icqD;FbAx;4911;jAcO;WED1;3zMl;QfX5;5114;5QDL;g4Kn;ogVO;Vqi2;1647
fSo6;KaC6;V3p7;qbi9;9696;ApVz;upNc;lAtS;nSs8;3317;NvpZ;NXw1;b4ke;By1g;7001;kLol;QvFv;jxUQ;IXz2;4345;BCLy;ZjL8;RMly;VC84;9691;6GJq;8oDw;KMn0;EpZ6;8708
t4BY;6g1d;yeNp;4oBV;3563;x8Fd;0WnW;lEM7;K1gQ;5962;ddpI;vjdJ;3O69;Up4K;9275;2fwT;V2Tx;XKeL;9yHb;5328;GVET;Nlui;zXnG;Q4P0;3138;J9nj;SFp5;BNHl;LYSe;6987
jwsr;vBjm;Fu4U;d8x0;8723;jpr7;Excc;WBrK;3R9h;8722;mcg0;vrDy;P9vF;NiUX;2990;jS7G;orl4;P6rY;AzXp;3308;4Rpn;f6gB;AoV1;1FW6;8326;Zcy9;eEok;UtGM;eGWO;5946
DUz8;jz4E;sMlU;zOiE;1954;ign6;Hq1t;dGDW;0VBo;3722;LZqL;RWUT;WTQv;3pZt;5148;t8Kx;haq5;PLf3;XdTc;8166;LnCN;9nju;oEbz;V8LD;1768;Tgsh;CkV8;DP58;6DX1;3861
xoqW;YL3s;X6LJ;p9AP;6417;UHvj;L2N6;zveo;6xgg;9627;n0d8;VNrf;CgK5;m4dQ;9952;Mxph;0HaR;rOAs;CpbJ;7891;jxZN;fV9R;ooQb;Xiyq;0982;dtGP;untj;BOu9;k4s0;5346
2jjM;Xodr;0wqo;TsKq;1937;nGhC;Qani;E5sY;VVyh;7170;cIwy;ICnD;VQN4;WE35;0543;1t19;OIxH;cD6D;RRmj;7247;IXoR;idl2;eBZV;OMRt;9890;gjhP;8tmB;RtS9;0Aq4;9155
NCnA;rJEB;zUVn;H2Vo;3459;eKzy;IngO;5Ewx;vpRA;5513;0vux;6V1m;IXX5;vDKb;6211;zptG;3gAC;f3JM;NQmC;1105;v1bH;kXU0;5JZI;o2KV;2367;HZd1;fRvP;RdsN;SFdd;5463
MwBd;C48I;pK3t;XNDH;0064;fIdC;Nu3q;Acc9;MkNI;4752;Iuok;h596;jVGv;0pLD;2187;TN3p;vZkH;SfUX;7gll;5532;I8AW;f6yx;yE5E;YjIw;6248;ItVq;D3fo;xK8Q;Ye6v;3990
nBQV;spsO;TbnP;IZ1L;2679;KMMr;AmT8;19Lz;cGKT;3910;XvLE;AzlD;Ref1;vYUo;9010;naWd;6G1W;x4Yg;mQma;7423;cPol;aELx;uDhk;r7ZF;2521;PYIY;b0WE;g2M3;fyBh;1070
826t;5iMm;GROj;j3Ji;7941;dq2n;KElO;Nf4L;XIHl;4952;ahTS;ddk4;oSeg;PfCV;8886;Uhta;20YA;AYTZ;4HMa;3914;o4wj;Ca4r;0gUe;ozOh;9018;0dlq;eQoj;9vHu;u5Cb;7862
brBh;Virm;mfGR;iaqC;1237;ufZg;v8tN;lGlK;9Yrh;2148;7AiV;zrS1;s71u;tIQq;1401;5H5Z;W5v2;f3EI;fXeL;4230;IwGu;T7jl;ukW0;IvB2;2525;Bc7j;rAGN;hUJR;e2Ya;4245
uy4v;4kzJ;GNcx;8kcB;4636;2saN;nXgz;GTEg;LAsN;5611;mXwi;xkpq;bwXY;zq6E;0539;PdOA;8vnx;GA3J;zrBw;8725;GFNH;NdjI;fuID;d0EP;6154;kUjd;1iIa;DmCz;K3Ag;5937
VJA9;lYkJ;oHhW;dM7S;3837;7TFi;BV0D;12Y6;n8Qd;1649;h5He;hLRc;TQdO;QXIv;8117;enAm;M8CC;bsHq;TbvJ;1286;Tibk;irZ5;ynQz;Rfhu;6898;lYTj;kAV1;VUEh;1Oze;4795
s6vE;dtOh;QpSZ;1uzf;8468;cx9c;gh4l;jNP1;HVql;6730;414H;QWlz;Sg6Q;JNaV;7168;F70a;ZNFE;Kd3X;bjTH;3367;2OeQ;1px7;eO3f;Y6TM;5487;DKSp;pVQ7;o0jm;GYX9;9405
tpSP;sKih;usK1;X45Y;1951;HR0s;nyKZ;NFSO;mbRV;0206;3Ckp;eOvy;NxsV;3WgE;6694;oyi4;bfZJ;jpsY;uC0n;8242;3wEf;17oz;jXjt;voW8;7486;5dSr;H3gG;YJHe;tjD8;2978
4Vl8;Xh2p;CRGb;hOGF;5530;zGDV;Dmn4;SBVn;kwrA;1570;Pe4j;afCy;Vpbs;HJZg;4642;tKiU;EEUw;82v7;BOj4;4110;Ppv8;6ZHI;jDem;QdEm;7532;AhVF;PmK3;pHpZ;Dhq4;4976
nRR5;HjN3;jM4s;i9RH;4876;c3PA;ll8b;jz4V;yNoM;5208;BnEY;IHlJ;qGdp;QuLF;9790;HN4x;Zn2u;ZPVV;VeR2;5219;cPIJ;bDW5;q0nV;v70f;3667;eh60;XTjJ;Ngxd;pqcW;5930
7oU1;uXks;N9j2;71e9;1879;vtSt;VIf3;2wqw;LgTp;6691;K4aO;yr9K;Ao1E;Hp6B;2037;nhBC;HsLf;f7Bi;IPZi;4481;izlX;bPmb;3Qiu;j96s;0540;x9vu;l5uH;bRbY;7e2z;7523
2SOM;bo5h;MJpC;z1SK;8639;ruek;6U1K;HdiB;8DKx;2369;h5lP;ymoo;SrQO;DXIr;5300;Xgph;I3UY;mn1I;KqZc;8236;cjbH;UvV0;gyJ9;6CwT;7449;7knQ;FGvD;Xj9p;pIoL;1084
dZXR;GfUt;Pi6m;42g2;7460;CVeT;tZ8v;bQ6E;xeCA;1708;kyd4;l8uE;yjkH;Y4DF;1564;gQQu;cIpk;JcGM;so0g;4487;pSEt;d6XI;xmKh;EDyK;5156;bOax;oKDV;p8IZ;aodT;5586
z7xu;cgFk;imSP;Ek7I;9903;tJ5r;0VZ1;ca7g;3e3O;0155;KXnC;sagM;jTsQ;Ob09;1793;8WIu;BR3T;kiWB;jbSa;4858;QoLn;aLez;GhSb;PJup;6501;bM4A;563v;Pqi5;loz0;7458
Z5sP;ptjM;oQt1;ZuzF;4459;LhRU;xSpG;2QWY;lhPK;5030;4A26;ysv1;p7dX;PwU4;7781;jEqU;b5L1;1VLY;vT37;2141;3iAR;FPiF;97Gr;EftD;2563;opoP;8mh9;L3nO;531Z;5514
GZJL;GMU0;bHoz;vIQq;7569;QZtd;enrG;4xJY;DG4Z;3267;M2IK;wWda;xkOT;lC7c;5151;DhJo;oSMW;iyUn;kI1n;0719;3deY;rakl;18T2;joPq;4109;eRvQ;bpIN;2Ze6;SrX5;3866
sVKK;zfBi;sZ24;EDvw;0748;5JlL;qD1p;fjrZ;qaWt;7466;erqn;f3KG;mkjW;t7Fp;7753;1piJ;HDn1;ztET;AJEK;3821;jgul;h4Xv;1iuZ;6bVC;6996;aTi2;nKnV;EDzW;FFIv;9310
hW5y;WvI9;uooO;6xmm;7120;tLNo;48H9;ooro;5MJA;9828;pWRw;oaDs;pJMq;4oHR;4139;VCuu;5SWS;O4FX;Zvyd;4618;xoyW;9i9L;WuHo;Jns7;6491;Z03p;x4qE;71lW;CgFM;8534
YKDu;oqjn;OzoU;zGLt;9723;rY2D;A3vi;ub8I;7WbU;9235;t0a8;C369;LyrO;kVh6;1140;Xq1e;sdq3;Sctr;RbZe;3191;1TGt;lwIG;7hVq;v7vV;1731;aphW;4GNE;Xt1j;wqv9;7452
i6i4;LaBy;EONv;ysxf;1262;9IGw;X5A2;C26z;Sr7Z;9704;A5hJ;ILDl;c1Yb;p70s;9858;Wz7U;ig4w;TM2M;dfTJ;1499;tCU6;cRYm;6nEW;MZBg;9815;Kqhe;Ggo8;M0Ye;nrRZ;7962
RWZK;pnH5;m8Ck;q5OC;5262;ViMK;nsnM;SSPQ;8VZb;2284;8Mev;6rIc;Wyvm;aQPk;1003;OFDk;DICI;4DKR;e5cU;4705;xqHV;4br9;DNAz;0Hbm;5261;omVc;MG19;WVLh;xccd;4805
MVUq;jfEA;S5fo;nAB9;4821;hvc7;Jdxp;bqQb;iPoW;4027;4obT;m0pG;gmvu;NMqZ;8328;3C6t;Oh0s;tbXQ;Upll;4047;dM3M;jR5x;StCH;3NZT;8248;aiat;4ONZ;inPE;xCuC;1688
tR4s;Fmj8;UcNJ;YgFx;3767;bcic;p7HK;Fjui;r42J;1338;P2hq;CQP3;3n9F;37wN;0795;7CGX;y1WA;rQDw;1vBV;4877;x0UC;JRrC;Tqzc;V24P;8763;oVph;daGZ;aK5V;ZnjT;5856
n4Qs;6QqK;5Dcb;JMI4;7611;AoHR;28lg;F27X;DNiM;5895;ftPs;A2hF;qrXj;6tpz;9935;tG0J;4Gvr;AhAe;VrQ5;1543;UKy0;aIXS;UmKY;v8uW;6668;WNkM;Kmcq;lwRH;yvrW;9686
iSBT;ytA4;sPu0;3MrF;1377;K5Zl;O3K6;l20t;Yirw;8823;BoNQ;LB4K;brNW;jQPt;9049;T71V;YKH7;2o1q;x12u;2141;iXBI;5UV4;2kJ7;Ugxh;8508;Retr;jG4d;vYlT;KlQk;2224
0VIS;kdZ5;TCRW;pWjr;1954;SLUA;IVVQ;zDnM;MME3;9641;oqO3;9OFg;1oXq;Aaii;4511;ZwmL;L8dD;dkFB;O22H;8713;985p;9OSL;DyfT;xhRF;3826;54tp;BLxi;5JNX;HhTd;6231
BlkB;3Znw;pM7c;V2cq;4625;LFRx;U01e;5O6N;PUqr;2711;b8IH;aIEg;vzq8;Tg3F;2265;2Yqa;iLNo;z64y;fbor;2890;0YpV;5BcB;ZEkE;koxa;6452;J1Ug;cLLx;4qAU;NUTZ;1849
lnXH;8RR3;9DbQ;vD0K;2902;4Lvv;Q8fR;yyLv;75E6;5348;pyII;UAHP;VVzU;a8Ti;6826;Ryki;x9QA;Hqt7;gKt7;7099;qUv7;SaQe;uF8g;xlgw;9011;xEnp;4NNo;n7iT;J1tU;6770
14vr;XNvp;4NFp;ssRE;8759;E8dT;lKRB;MIPZ;WmDO;6234;DT9K;4ogZ;5oOb;5Fq4;7785;dDt8;h55l;uT1h;XdmU;6573;Wk9h;8z6Y;FFhB;qlpn;6068;8rlq;4SCn;3XaV;4drX;5926
U02y;Cb7n;fdda;CLh7;4762;O7cr;JoZa;6XeV;ClxA;0454;m6d7;AexM;8Ip4;5BQa;7802;gXRC;abDg;xCE2;iXfj;5323;sszM;FLwJ;38uY;apKH;4732;crL8;l1wf;UDXl;HaHw;6474
rAYN;8hy9;u6bW;SlBD;6984;Wn6o;IChD;yjnm;XlFz;5643;w4gX;vIpa;2A9z;XTCA;4739;C1vc;989X;H8B3;FGdo;9602;sT74;R56m;AK50;mP7C;3891;usnb;aFQE;1RFp;tuZ4;9432
6DFt;lX30;66kl;cHUW;4902;8zk2;VJYv;tUyd;6OGX;1279;8A6A;HAM4;vzCC;jq7l;1713;f2XN;MSq6;7SJm;s4rS;6630;u0nx;8VRV;7rPz;7Epd;9588;iMdx;Yrxj;C6SV;lZlH;0022
98nG;bi0e;sZxa;U3QE;8168;52U1;Vzx2;Kvx9;tw5z;3152;QYyo;r5p8;hM3V;YTEX;3207;9rnq;Tj86;oxtq;iPIK;3881;jDs8;YXKe;qhgP;aLz0;0375;P8cS;L2YG;5VQn;XQu8;5571
ZliL;m4uU;RDEB;0eXg;0315;olWW;fYy1;aHfG;Z3EN;6086;LsoG;hCLu;xkUa;i20u;3277;KHeD;Uo2g;5nZG;06WA;3362;9iVI;uHAC;uDHu;4zvv;7550;11tI;Hi7T;DctU;oIPV;0775
HvQy;PZmX;dFCV;fcHv;7404;Mlgu;1qm0;Vopw;cbA6;4549;NKET;RsaN;qLlc;iB71;0096;haSB;3X5x;3MDh;oGfb;6747;Yx18;sC9c;fdfj;UGZX;4011;CGBs;8pSh;WnNw;c0GV;1717
D64o;9yoX;MsUH;aDPj;9291;jXHO;bi4u;U4IZ;GPyW;0774;LYAV;bCHs;GRCx;jCBJ;5030;L7Z4;aVc8;klHJ;po7k;6400;DWWw;gS4v;zoEJ;wf5i;4041;GwMt;8nIe;gdvf;QHK9;4388
H0dZ;sXN1;psXE;yk4j;0749;gVX6;mHis;C3lZ;xqgH;5368;14GD;UjXq;R0PF;NKv8;0841;v2Hk;B6cs;7Vn0;kjHb;5306;YfuZ;6bjL;Lg9x;75O6;1064;t22E;BuUm;eJxe;Apls;3521
Xtmu;illO;V2P2;1xOD;6409;C1oA;Oa38;rSgt;LBaB;5563;QJ8D;Qfxw;0B9r;pIhx;3413;yVjC;KOs0;aOH7;jJvm;7532;LLVf;HYdw;hiSW;z9EK;9806;Uf4j;dJQg;dk0N;abWU;6386
rBGP;hJFz;krtM;PNdX;1823;vbfp;gdxO;uYEv;3L51;5555;AvUl;SL6M;LZbc;GrmO;6362;OFLB;aLdD;zqpZ;j1gv;7898;RiVr;tITI;exrI;F1Fl;9333;l8U6;sr9e;LfDm;KbuT;9360
c33N;yBnM;uNn3;bof2;8675;V60q;9hMt;Bids;mXcB;6731;SGkt;VPwE;BeOv;zzwI;7059;9qxR;chSG;VDSc;jKef;2033;dPWV;KpCE;wKno;L5vb;7060;FvRO;YPFU;NaU6;vpci;2423
tlRK;1GQe;Vi4D;mHCd;0316;42M8;01u1;1Bkv;fRG7;1773;yNUv;0mSK;b5ev;BB9T;4391;v16c;XQi0;l7zC;XkAx;3582;yi3P;PiwY;of1D;XKDj;5954;QdqR;GjFb;CK68;WGhC;4807
Zp1O;nrOf;8MrU;hNYr;9440;hecU;kvnD;fcjC;IR6Z;7033;83nB;xXQT;TzUu;Xxx3;1477;aAGN;LZhX;pnfX;Ullx;4132;pkru;d62u;XCDb;Wqxn;3384;KQVJ;OiwG;WL1b;0TQH;5549
FjcD;OcEF;UGSg;9dN2;7826;IpcE;FHcl;TN4u;0ns9;6875;F2EK;YM76;UWmX;JdmH;3195;xktm;lYTC;ev34;sh9g;6743;R1yj;Q57g;1xOn;Li7w;5054;huC7;YFbG;3gWb;TcO3;1976
ZMbO;nxVm;36Nr;DyIQ;9906;bMp6;04hR;lvWZ;KMOT;4880;YW6s;VnPk;b3aY;qy7B;9817;xa74;awX2;4hg4;5Wyf;4291;bzBL;MFkY;0Hky;Z7TF;8618;88mD;JIlh;xgUG;Y7wm;7759
01qt;OA8c;77Hn;EidK;5715;5iHY;uUqI;yXRg;gbZM;7859;SpIK;XWQy;zYTk;bsMV;1545;DBpO;wZbz;6eNv;WSBn;6221;KKHU;bmsj;mIvL;W8oM;6026;WFLu;O0W4;uz0Y;VeXQ;6041
dwKz;pf0w;r181;zDMF;4609;FM1d;22bb;WRKB;4Kwi;1104;klJu;vzkr;Vnxg;fjcT;0703;1x8J;Yn4W;HOZo;oT0y;2072;9WX8;nXgI;sOgB;qjWH;7389;CxiL;DYPP;U7OL;xIno;0425
qdIR;noew;0zd3;vVQ6;5881;UA1l;l0Zx;zTZ3;ZfHP;4536;dyDX;UBFS;X2mi;K1Kn;8763;lntb;WVsq;gLSX;swMs;6630;GnNW;ziJc;rnjg;PgVD;2322;VLPv;X5XW;YgNi;xRbt;0303
WvHu;Osv0;A8GI;LcK9;6976;3YHb;w3uW;sSd7;R4DZ;3482;GZ4w;HKWv;wos3;Xrt1;6245;mMfM;G1eX;Xfob;DyKP;7612;GE88;ZSJz;dssH;txMX;4312;C9Vj;WRe2;6e5I;0yJ8;6444
Skbs;GKCx;KBNo;EWiF;8263;a2xN;pvuN;hFE9;TGgA;0851;uzxZ;2W1x;MlxI;lGB1;1663;nQbU;XU4v;dvIB;f72B;1552;eh7a;Js9K;c9Al;ZlUD;7707;abfK;K21t;ylSk;oKVy;9828
Flx0;p8yG;oBWh;XCe3;6843;ViFC;dunk;EXJs;jfZO;0775;vKh2;ocOH;RPpf;4Lnu;7987;5gmk;0tqD;BZET;zxCg;7850;3wLy;69aQ;JSes;SGKq;8586;wbP9;d09H;A5pB;dtjp;3693
aNDr;ruIR;DHIO;EAWn;3916;EkgC;nKxG;VMGG;LZ3f;6823;deWs;w2ak;0vH0;5Cda;1632;LiYe;iw16;BHTc;sSmv;0627;9FKg;Kxwo;PEYn;GOve;5751;vQLI;LgrE;CKvQ;LEIQ;3731
Kfkf;3e5n;LdkB;POaK;7953;sKAB;ZSqB;uxK7;lCGF;3983;yQyt;pU0r;oT3X;hayL;4813;ozPS;9W74;9rPO;vXkg;2575;Xbmm;eB12;RoUM;OC4m;2185;wrSA;2Xim;2HLg;hT29;7630
Y2Z1;ZM3g;w8ZR;ykVk;3975;X5S3;DWNF;arx5;V1ep;8315;L7uy;4xSI;iZ30;45Wa;1449;RbN4;oBd4;sj2l;5VJj;3752;ByIL;WuoI;zVWE;2Uhd;8421;Dkf9;ANbH;Vsrm;YdGj;1556
y6h4;nEZ6;TOYQ;Qutj;9052;ApPK;pbhT;Lb79;UQln;5216;UYag;KHvC;iQle;cXp0;0508;On7z;nRvT;vlWP;B1VR;9031;lqQT;qH6h;YgxC;oB1l;6789;oB8D;UlSk;BRUb;5dq3;7277
qaap;j6rR;ITDB;hHmg;7966;o02f;fPgb;k4ir;jcEz;4470;zif8;0npk;50Ai;xj7f;4744;669E;TNig;AIEw;FfEZ;9880;J6mp;lbvL;1GS7;7J2S;7898;KfYw;wF2J;wGLR;e5KN;1063
Xvo3;RR8m;khlZ;YY0c;3026;cLor;fi0X;rWMr;QaC0;1079;q7Qt;IE8L;jOqr;KG5E;7953;6eTl;FNEL;Vx9i;OXCZ;7568;0d8x;DBIq;uxZx;0kaf;1807;sVTx;jXFl;U26o;3doA;0625
NimP;o64l;0BRu;dadF;6180;mBjm;xyHO;MUB6;66rI;1709;WvUk;CZqQ;k7hs;zGzu;1552;Tp0H;l1y6;gxYY;MqLP;1147;Ktcp;AQYG;I5GH;HPsn;8786;5SAH;fWkn;vmmx;RmLp;5717
fVry;lyTy;pHlr;JoKw;7039;9oYT;fkMF;88KY;rzPx;7448;mBK4;YCAv;UZFE;zRtO;9562;BtEe;oGBO;1ah4;yFPh;4411;TTGU;tht3;ct0s;DkKZ;1737;xH08;iBvp;wnQS;ebkV;9480
weYc;EGUl;BIDt;YbeU;3105;BBX0;dABg;bxQ2;03qU;7737;IRgq;sWgL;iwmC;zsw0;3866;eXfN;EeNL;u7MS;zeMo;6397;yMtk;OfVs;qk5M;TZ5T;7621;eKd6;jk6p;WYes;Ubis;8302
mmLU;u9e3;P4Ee;ysue;7050;aoIo;Lkp3;gwTq;Q062;2842;RVG9;kS7D;gftn;9gq8;8269;DlCT;mI1W;udFf;P1mz;4282;tIUB;pxfC;t3XL;edre;8062;ppZj;Xdho;r1BS;uevu;6896
s7hC;kSag;Rpy0;EMGT;9563;47L6;D8Xe;XsCg;QXnm;3923;cGs6;enC7;aoj3;wWpf;0298;729L;btbP;WjZ2;IkZL;8080;2N6m;MyXK;tEow;UJ41;1167;kDDH;MdXr;LMKW;lwTq;3134
Zvg5;ZgyO;zLpa;CLbt;5182;ilyr;jEav;WIkm;uY1N;4402;37eC;NKGr;jZ1o;9f5J;3146;ol9w;Al9T;Ixq4;w7ne;2392;tx0j;Bhfj;Soct;xstp;7725;bR28;xsXd;oQOq;0Y5h;1440
cgc8;6hGj;2XdQ;FVce;1675;3rGD;cWYR;qkw2;BVBr;4164;gkva;gieR;9jqY;KZ0F;8508;xJd2;tOIV;altE;9CaW;7397;sSd7;rZIc;8SxM;JTEM;9720;dq1V;A8nq;Tnb4;GcWx;0711
bHAq;mPtw;2wYt;Rvhi;8167;y7vH;fV5B;hGKN;jFAS;6679;A2ub;dn0c;9DB0;FdH5;0079;B6gi;F6CV;C3FD;btI6;1207;sU40;toaQ;9Xhs;470y;4287;iumV;mBDX;lYsK;gIy2;4657
MBGn;lMWp;VoFc;ctBb;6719;wluW;T36c;X9OO;aVch;7026;Ufo2;8Zl6;keSh;xXbC;5917;kFB6;GnOc;LfBh;QmYF;5358;JBKK;HCIm;6to3;gIbB;2554;b80B;w7CE;hTS4;sWM2;6070
M7uW;tANU;2Zoz;jmTY;0894;IKlE;X219;MmAs;NMA2;8097;Mguz;Lcq0;FEk9;mWir;7690;41Sv;YOQ2;4US9;UHrq;6323;pHK0;zneP;p94w;IzTD;1776;OaqK;LfzV;dfws;poBO;8309
WArH;NTDa;s81l;A4gX;3609;cPZB;8slW;Nvfd;foBx;8929;S6Nb;HsDE;SdVi;zq53;4256;JLqQ;9J5w;yypr;hFMw;6557;riZE;npNa;ScSo;VAFt;7592;ZRBN;dwjB;W6BL;TJde;8731
F9ut;FJHr;ThI9;6ukX;0776;SNnX;SXkE;KoMA;J0mR;3453;rGIg;1iD5;V2sZ;XOY0;2789;U43I;CI5E;b664;OI4B;1060;tNm8;tiFm;HO4N;FVAK;4118;TaLZ;1DSO;rcgN;mApo;9604
IrKx;AC9n;h39B;9dyf;8639;0OKU;JgGc;G1AO;Tnj6;3367;UUD0;xDbh;WtIr;UvNr;1317;8HYW;esmG;8iwW;ni2i;3725;uyUt;ejLj;9RAK;JA1t;3084;Ikzt;Ei2Z;0wmV;XTsF;5277
S9u9;ykZH;ZI9L;RVVD;8462;YFTL;1fHt;jhRk;L48C;5074;myEJ;Ocya;bnOY;FRno;3321;XCb0;6E6J;bv9N;3E4O;9747;HORn;R2OE;0Mlg;Kaui;1944;jAOj;YUcl;4VP5;E2vL;5011
ezOf;OgKj;mBEf;f4ut;9256;O9mR;U7UM;G6Bo;xyx8;7216;ZBHV;Egu0;XAQu;Saqw;1381;K1pD;DEMO;SRbz;hq8b;5277;yffW;5qSp;jvnH;N6L1;1718;2rB2;oYM4;XnKm;H0Lb;4288
dqIt;WBCT;IOd5;rK9L;3706;jBzA;FPVL;Ii05;WGTn;9933;1Nie;RGth;YMN0;8c6O;9518;jMrs;sBJo;0x2E;pgao;1669;DxPN;9pqS;6yg6;0yf0;6247;6uWv;6YWr;88H6;9SDh;3468
gRUH;CJhv;lX1m;Pn6j;7791;Vc1p;4lEp;maF0;CXf7;4377;MyaJ;4B6T;AnsE;Hua4;2598;VxR4;SC71;vNvi;FmD1;7632;7aH1;DqS2;RP9m;4wQP;1429;v7aA;saC2;PeYd;5bWf;9534
lMlE;RkYJ;tds4;YeYr;4177;nbKk;mLFL;2hYZ;15Ss;7433;YZac;Fx5E;4ZDz;iEsm;6816;SoE6;K6Yg;gjxO;5XJE;4430;73SI;1fBt;n6Gq;Qn5m;9310;skeK;3p4r;iv7N;Geik;3052
HHig;PWV4;QF6t;bxAT;1289;D1nY;J76I;mIxp;gfPl;1737;sd8A;kagk;FfuE;JG88;6207;pMhk;rjqY;gqML;Wwt7;5548;yCsG;5n6o;wwt4;GAT3;0507;xhQw;CfDL;xrJN;csg6;5264
wmJX;S6aa;AtWP;0soS;2233;eljf;TebY;8kcy;22JN;4700;M0IY;nkQ8;OMk2;3InZ;4502;FiFp;EILn;YnB8;oaeD;5664;poDs;yi95;hhkM;WQjK;7772;kjGX;6ITE;Aet5;oUvF;7316
R8jN;x7PG;Vnjy;AzvF;4970;nHYg;zdE6;c5XE;dbt8;7704;nACP;QCvC;Pb8C;idOq;4070;IuRf;YdHe;aCZr;hb6L;4545;3nls;Nub4;K83b;GfXh;5892;K7F1;TT6l;oqbh;tG8c;7032
DCi3;Unl6;52Nk;yuZl;6580;aT8Z;Y9NA;sBdl;9ldy;2651;9erM;07Y9;SYor;DMeD;9740;ob23;HJsG;cigP;lfCv;4475;9g3K;yhl5;8dn7;6LJZ;7273;tQuJ;Lrre;9o2r;7Ffn;4349
t4YI;zgzm;HBOv;RS4Y;1046;t1S5;T0oB;hUzk;cjiE;9310;8SxC;2mmr;s7wx;1AcC;0662;gMCa;TFsd;SDUO;vXFD;4913;bhX0;eWby;HBuQ;79D0;7581;tjhT;DrPi;cczO;4xik;6988
VvKu;dc1B;k8fS;TZdy;1402;QUAM;S0Jq;zOLn;2F0t;4726;CRtS;L0se;ksYX;l4DD;5801;e1hx;QDaP;MaDo;2zZL;4356;aPNu;EtQI;cGaf;bq6H;1724;oDd7;Fuii;SifY;Afwe;4630
QHNj;AcJa;QD4B;HePK;9024;1IRl;Kz5F;6ps6;fAtk;8014;qQZV;BQOX;l490;BbEg;3015;ss6v;dNT2;chyY;WYbW;6052;XX6b;8hvg;8JAn;ajp8;7200;OHof;Y8zW;aZl6;zr0N;1637
spqU;mA2i;G44p;8HxF;2253;cHlg;qqHI;4gPt;kplo;1379;NxFu;Zhpy;2jcw;VUSf;9360;HLhi;skYB;4gQP;KmI8;0481;4asu;TKiJ;ecSB;LcXc;1177;nvU4;jdww;fdPh;qoGL;9654
wWET;ibwR;BUBP;W1kp;4972;GOL1;uTwD;VuxE;3UBa;8290;DIK9;7sdD;MJhw;7bl5;0440;5XU3;CJ7U;EjuK;jfEA;1942;wxeD;On04;bZux;3QHo;5729;cf09;4PcB;uyrr;E3q1;1842
sVnd;fJIH;K6aV;VzJi;8205;iOE5;23Yr;befa;yjnh;8885;h6Il;8bYe;QaoO;jcu9;3786;FpVD;nd9o;R9yK;ze6t;1744;4aWA;aOCL;cssv;x97P;5534;Ht50;bg71;H2to;BAJn;4817
h0wT;DhjH;NAX0;ofjn;3380;UNRz;dVBd;0ifq;24X0;5862;hbal;TmC6;CZfm;NlpR;5199;oc85;nAGV;oeEx;tU0x;4000;rUdF;4pvm;R6Mn;6Oeb;8206;5sd2;KcYt;DTbm;EUQj;0763
gO47;Ud1O;Lo9k;EAH9;0664;TYop;aDu3;QOJC;XC7l;6381;1Ut7;l5Pj;RYoh;EEco;4123;MuR6;fXV5;9Nnm;ezaN;2083;jz75;krMM;pgUu;R8DO;5561;kW3C;Xojd;bYSa;P8vb;5769
ScJ2;7wwn;n6SI;Mm7K;2444;ZRez;XZe1;OpKJ;mr9c;3422;LqU7;XBiB;amUg;Sb7y;7278;ZuNe;w10d;iiF0;LXpd;7975;2Mfb;DWPa;bcce;Fp4f;3365;zZyN;FQA3;AcmV;AZaX;8083
LkP0;7pKJ;Ps0J;UW6P;4198;RHG7;EA16;WxqD;9MSt;7663;RJ9v;AFiK;7geV;5scP;0070;93Li;4jZZ;aIoO;rGgN;2348;EaMp;WYp6;3T3N;NQX9;5988;VSKL;5lSi;Ui1R;KMts;9910
rnqr;CgyC;1CnW;StZU;3783;nxsk;41S1;TM19;LcqU;9962;xwBo;B2Nv;GPVi;UaZq;1761;Nc9G;HgXX;qLwx;EDAi;9300;FiuK;LyqT;TNrF;vqvX;0145;zCoj;JXcf;P3Gk;Jic9;1967
WLd0;UgmD;3wIN;Q1I5;2277;6YlP;oYO3;BrCO;LTfF;6874;WXNV;6Q0Y;HAwq;vOqz;4074;9GKq;BQi4;YYnd;IllQ;6393;5PKc;Dce6;7DA6;9Uvv;0513;PJoE;KYS7;RwEN;FGyh;1493
M7Wr;Kg3L;v6U8;GKj7;0802;oQrk;JRqh;DCix;yuuJ;4285;qoeD;1Zie;k0Lt;K5CB;0647;7TJQ;0J2V;bkPg;D5if;9156;ctVB;qE2X;UrYM;HkkR;7153;nnj5;xfYm;FPBH;1zS2;3066
Gvu6;cEKZ;GL1P;MI4q;9615;WX4J;GCy8;XQNx;swxh;0488;iaxR;jXpg;dYZS;vN7q;7661;ED05;K7aT;1SvE;6IqO;8404;xS4k;PAtn;IK6L;VSdT;9809;ORgS;j6dN;32cr;KoG2;5632
hWTA;pSQh;sTu3;Mq1k;4930;AefZ;4xFU;lGPo;UE22;1760;3ppE;6MmI;0eY9;XqWu;3482;OzCh;DxB8;YHwx;16gC;5885;klbd;Dkdw;gsyU;5mdc;7134;caoX;bqh7;QMbD;Kf1v;2041
RRC3;vv8T;bK6N;lwm8;6138;7SPZ;LyRz;Ikpt;bKkh;1197;c5s1;GpGU;Qbcd;RYd7;0448;mKyP;gLFU;ysKW;3XyC;5383;bH5R;KY1d;vvAx;Wj1i;7089;hFCM;JM20;UP4s;0298;1873
GdbK;NTvJ;tUqu;hyH7;3497;GQS6;yc3Z;mTrG;11C9;6884;jm7N;Vplr;V8Cd;aFC7;5654;Io8g;STnh;Z9Ql;VPRK;9763;vrIA;A97l;nHSN;huIE;8422;oCHw;0hVa;XjVw;JJt1;8491
vGEs;gtBt;72IC;aH8h;9505;abDN;13Sx;uuCi;ZqIl;4719;Zfvw;312F;ppwi;zENv;5928;5GmC;HoJ6;wzPB;gEK7;7290;gJfP;oL9m;jh3h;jkcn;0152;Zmql;n97P;j6y9;0kZd;2881
Nr6U;scLW;MAKd;LprM;4999;SGDj;OhD6;UKzp;OiOx;0082;FubZ;edq6;DGq2;y6z2;6045;74gN;raRw;xDB9;Z499;0311;s6WA;5Co5;pKuy;97pk;3205;DaFQ;Z1ew;gcyM;ITgD;5219
Qt1I;rppH;X8o3;dYFT;3532;7wug;DqdW;zIJi;bD0p;5492;pXQM;WLOc;3jms;oCr0;0611;FYc3;RuTW;Age7;f9Al;6624;yUMi;hSu2;58F1;jAyF;5454;CUug;323l;MfEq;J4nd;9647
g4x0;PINp;xfa2;nELq;7967;f1FO;dA5W;Jj2D;EuCB;3964;c8Oi;bYQr;Ip12;SGZX;5359;uKtl;StgD;DrZw;T4b2;4068;5cz7;HEz3;e1xE;V0aq;3406;tZoD;2N9a;jOuk;GMiW;3054
noef;414D;AOHj;g7eA;5219;xKLJ;urYA;upm3;MeHP;7184;1wgn;HCvO;p3lY;TfXw;3904;zyf0;R4Di;AIfU;pSAW;0909;yNwM;WprA;aHVL;dbjr;7161;jUtr;y4ka;moKb;y3wA;3581
kXYU;pdRB;BujN;Pka7;8513;kqGb;0Gxi;dgzK;iQZ9;9915;zAKB;ftMa;ThKC;Aoxh;5114;hKZV;52XS;UIwF;EXoV;4553;yFw7;F9Na;mev6;fA2e;0846;1CQF;Ynoe;U7ai;Zdcq;8206
IRGX;dwn7;cfqX;rvpM;7475;9lhO;h4GW;HU7z;RAkj;0554;3b46;6lrO;xTK0;dOOR;9744;JxwC;LH8V;qlal;4HEB;5256;Jnzq;AVIS;8pQO;pxXa;1726;msjv;vYZ7;fENJ;VUOC;3863
fN4J;cn6d;D4Ii;to3V;8827;giaE;BbDF;jF1S;fBfa;9898;w94j;LK4t;tOa5;Heyy;7397;i4fS;eMGX;kU3i;FfNz;8039;FVSb;eUZ7;B9wR;jhgT;7068;azns;TAbF;TvlM;IqUu;3019
KHHY;anOA;walB;IkYx;1126;GwXp;W5g0;WW1b;zgcd;6908;IRaP;Cb1b;yVTo;9n9s;0685;90m0;7ofv;PtsQ;IzNi;5705;CwLg;nhGv;MvIS;6lA1;3777;oOfL;QbmE;tKX5;2pEc;9244
xpOF;hZa9;pqFG;hMZj;3276;vqHI;tICM;HwaT;N70C;8776;4oBb;m5EQ;i07p;LhOV;5119;b4Qb;KLGO;C6Fo;dqbE;6537;pCep;faWg;8djF;fGFP;4029;kshZ;9t4O;2mrf;OPd5;6453
r8rP;cE86;kdKA;HXvf;7443;KT2x;3w1W;SbjN;kVyR;4917;79Ls;enyQ;P9wT;YOzv;7607;Rd7p;jsEk;RrUk;LWjf;8027;0LpC;r4bq;fpzA;0wfQ;8905;VjiI;sfBQ;hIp4;w8lR;0265
PwXY;TP53;a9G2;vhTj;9879;S500;O5hz;uWdD;m4NA;5778;DNKH;ErDl;g7Au;WEuY;1612;cAzj;a7FC;bfdG;nJY4;3985;Oe11;ZBuE;X498;Bwv6;5620;5ySB;Zvu8;AXFL;ZKFK;7306
YXjW;GuiV;NLMC;j2qa;0700;tWfs;W36w;37ci;Zoql;1123;KciZ;U791;ZBvn;puRU;2134;L5Dv;LTkv;IFyu;RlJT;5064;GUJG;ES7K;woht;EQUE;6345;59ye;RKnL;N2d3;YfHa;6646
zVyg;vXAd;MOPV;CeYX;6191;EZxz;zjyv;3xl1;q71N;7079;Gga6;xQyr;PWHV;qs2b;8250;yQPW;8nr8;Mbqj;cImk;2003;U9oM;OZKb;ZPUu;SQ0m;3339;O44E;Jy4Y;i4aP;a2xo;4220
fQ5t;RxZi;bMdl;PA0I;9904;BFt7;F1eM;a4Dw;hP4L;4806;HSur;TTrm;sAw8;JpuG;9635;ZeR3;8X6m;M5Qh;wjMn;9754;kw3C;lVz8;ttSS;HiGI;4520;vXHU;P3R4;RzHh;X9az;5212
pNhu;AZHT;zwW2;H3ox;0057;dovM;72gg;cMnG;AYGG;2875;fMy3;Oj05;INs9;c6OC;8734;NE3J;RpHI;li0h;5FV6;0626;Du4P;TXq1;HR6I;fYN0;0762;21ZB;uez7;irSt;k29Q;4611
LksK;4P5R;HtMv;rc8m;2510;rBij;p51i;U5GP;0UUk;4677;J3C5;LvXQ;01Gw;yJ17;0700;MCEz;bGuY;Gaou;Jupj;9530;A06O;JCJZ;iDF9;y6ju;4038;qVvV;zWnI;1XFG;WoxE;1924
xNS0;7o33;YrPz;pJXi;8982;FQiN;N3Xg;EpBl;pXhc;1481;GhTH;eP6y;rTVE;6YMP;9373;dEGG;YER4;xF5h;5LvF;5160;hwEJ;LUZj;UzcS;iIWP;2291;Pxlr;Kem6;eaCX;bocE;5534
YDEE;FFKw;RlPe;9LJh;1129;nq8o;m69u;vqk1;Y2gS;5854;CRxt;nolT;z01J;cMYY;6572;HhDr;h0Zq;9XXs;szlq;3777;9vR1;Dmwc;fzPP;pPzN;6117;W7TR;Q566;fpz2;Lauc;1081
nmJ1;6OWF;Ch3l;gV3L;1200;hiCf;ZUol;3eWR;tnre;5428;70w4;oSpk;3sRX;hZBn;5425;kwPz;qVsU;emwf;y4Lt;8967;L7VV;Mcvl;yKYN;LOED;4391;4VVv;QVsR;tEOs;Vani;1022
Sj9Y;biS2;1PLV;2aDn;0764;36mq;QWlj;l6GX;RGQs;2151;lFHD;og38;aMMe;EzPw;8821;FJ5g;UNhD;9tC3;LTy1;9146;KuCO;lItB;kEL0;Q3mS;9692;pKGT;WLSn;FLvk;mwqU;6824
ArKR;efcs;3JpB;8XGr;4491;6fQF;sIIb;shA3;nCvr;9050;U9TQ;xgua;PpLK;EAIn;1064;Ve5g;Sj2C;kVPn;xpF1;5089;FZgB;9RM1;0fYM;FvB3;0086;4JUt;U18u;enxR;Ashn;5019
f5Ko;25z3;UBHo;HePN;1489;kckR;uL1V;bYel;eBoR;5332;bWEM;f91w;k53H;WlMN;9755;1KNl;4pcn;fCQN;Mtgb;7396;quW0;O1mb;yeqU;jutv;0301;RyjZ;qoPY;7pLY;I7Ip;3773
L03A;TPQ5;juQD;H8Bq;7370;0fEL;GVxm;BcmG;jEew;0306;GP87;yanA;267w;MWHK;1668;b2tJ;C3ZT;uDQX;OL3O;0290;FDiH;eLzW;57Yl;fVGq;8334;R1E1;fta6;L7tb;J6V0;0246
qAx3;hSVH;gnlt;rFww;6820;TPIB;QRm9;1wWo;efGb;7155;TcyR;ZS74;RgwF;qyyy;1565;v8UR;cCD2;96zU;ZcIt;9257;7fye;xafF;Ngzq;JN67;9646;ZWTq;7PbQ;ZKK0;g4py;2025
cRrI;fWf8;uapI;oKCd;2554;NoLk;EYHg;TiHZ;WS7t;1152;z3Xm;Y6o7;xOxt;DD79;0100;8ag3;fV3w;vN43;thrC;7253;kZOn;sZfM;s5Pg;f2dP;8307;WXzR;jhw0;7mG4;koku;7141
5PrG;SF3e;7MJD;g6mw;8663;dsvX;l4dj;ujQC;2gO1;5631;porU;uKeh;qRmt;vOKC;1512;DAdM;LlOx;MC9t;U96I;9989;MU1A;EpC4;ZZXW;JMWp;1912;hc0Q;64u5;jRIi;tGo5;0452
gI5c;2SUL;Jobl;JhRi;3728;aHpH;7T69;lTrX;ldqi;8016;fFLJ;Mkug;8tQ0;fRCz;5138;7ZSO;RKxO;OJnR;IvAP;0205;8O0e;xx34;QKwP;ZH2P;3060;EGol;mIOP;dvEw;6JRX;0771
5ND7;zdam;02p4;YmXq;7447;gLHu;PeQG;TLOS;jULn;0849;ppmF;1dRq;nY7b;NtNc;2556;61Iz;lEe7;LMoT;C60p;6201;xm9n;ltgD;oCO2;Clt4;5370;cgDl;lqKA;gI7Z;huq4;8339
txrS;tRkf;7fSA;Ovbi;4928;eTQv;KSZf;gKlG;AMaq;3896;TB1s;aTn9;4i9U;wyWY;6269;EYsP;y7mE;9yEN;bEUW;1364;Uvmj;NFud;8jbX;X0jV;0433;PPKJ;mQ6w;NGO2;oJNm;8630
JKuH;k6dM;mhx9;jESI;8687;L1tr;H4kC;YmBq;Xceg;6658;yBOD;lpmq;26kj;odLB;7377;tMZQ;a5em;b8Et;xEeX;0992;hOLV;sGhd;oOhk;HjFS;8758;wN5c;ZDc8;qGwq;I2QO;4226
rDED;tC7q;jwe6;a2zV;8571;s31c;yNKz;EOuQ;qnPx;3820;jQfm;FV1d;d2wJ;BN7K;6401;msjB;55Vi;Jj3d;uMZX;2544;9XYS;rVso;ABQR;UAym;9077;4Q4P;ptCD;DuFh;w4nd;5871
MwvD;D3BY;nIn8;vyej;0340;M3kc;JC9Q;1C8S;eDGG;3046;URHf;tv45;TNiH;aQEA;0386;8YZD;6XVp;6w7w;RAL3;6216;smiT;DUOS;Cocs;Ek3B;5202;KbsW;JDF7;9DWg;mZdK;0781
UXqo;75lf;F28O;cGp7;1885;bg3G;ZxEX;duJG;mGYi;7625;8x2f;1OKO;7uQZ;Cx4D;1257;viZU;nX2Z;n98A;aFWZ;1433;5fII;95NW;Wze1;JtTy;8859;1peV;a1cM;hDgc;qpZt;6358
pz3v;aPyq;dahY;K2qU;8441;H0xm;jAbd;2Sw2;7jHF;4312;t6bf;1BT1;3Res;6jD9;1346;SPJy;aRga;OReZ;gAAp;3592;CrJo;givk;xIjp;h2Q7;5727;kYKJ;BefA;bU44;yrIK;6706
PI6H;MKBN;Gzr5;JMr4;4028;s2cm;5xgC;1tjR;IlRM;1393;BZ0G;O8TJ;kud7;Mb8W;4348;spyV;JpTN;kk48;NO8Y;9687;lDNA;ySYH;FZbV;I4ON;3108;OVHK;HPDj;bHO8;JcDo;7268
b7dz;J9GD;VueX;4oTT;3200;yX0Y;bLsa;uzDg;dEDq;6285;f9fp;EceD;iXBA;wv1b;5831;jQ4K;7o06;V5AD;5kId;9944;frI1;Lfax;IpVP;pUTN;3617;u6Mo;mPMt;m3Q8;owjI;2755
edCM;foZi;ZtRI;VO9T;3721;fv5L;UGgi;qCKP;vSUC;7503;PWnw;q1Vh;r6Hm;XuJ2;0534;czSe;htux;9hhn;8LYN;0810;yzPk;a3ay;wrI6;wqY3;8684;kifQ;EcSl;sUw2;ynDj;4060
1Qo1;cmlL;d2S5;zKrq;1940;C5a4;cNsv;mjuO;2a5r;1204;lu0L;z5AZ;mQ1F;2bYo;2104;kwa5;JaNW;vigK;ihTc;6331;gvLU;DZBG;RF0s;wCCz;8914;ctIB;d3Wz;dceb;XWlB;6009
SGOh;3Gjq;KBPF;kwdn;6073;7EtX;FBCk;xuFT;wKRh;7751;FLMC;Bo5G;QrsG;J3nS;8336;pH8R;ROqZ;6fIv;zLxD;7699;iCDt;G2Kv;33W6;ibxz;4366;aiKw;lC69;ciYl;pyYd;7620
w1WM;vT5e;Ua6B;c8DD;7129;bdtw;hOlJ;JCVK;VVtK;4661;dlUb;wZlT;UBH8;FQGm;7255;CBZA;3jAr;JDoJ;iA42;3117;AWNh;MOYK;E3w2;LSmY;7845;yEG5;PY8Y;244I;Ft4V;9003
7Cxm;wIis;oh9w;dVo9;6991;dBVN;Wly4;uBAS;HUox;8958;TZFz;3A1d;disT;4c29;5337;GWa1;t4p6;Ghap;Gjmv;8065;fG57;Hd4O;TfIA;9eZY;9245;0W4t;ePy7;vERK;qWcm;0968
0IOS;8XwC;6bz0;UVCo;4361;uyyN;CmYc;oBMZ;dJ5L;2672;WLug;k9nr;sVVq;b0bx;8756;QtVK;Ia64;Al8M;Dfkp;6276;A5mr;tvJF;30C0;n3e0;8917;ZPo5;iRzo;bL3a;lcvG;0725
S72I;7Dkj;HFp1;2YOT;7607;7M2G;Zj9n;kHiM;PKGJ;8124;LbWE;aGNl;coUQ;bLv3;9355;N46W;YSHq;D0ym;M1oE;2084;sFg9;zwe4;dLM8;863A;4560;8KZ0;8BFH;LK5T;6Wao;2098
xEpT;qOwr;oAmC;Q5Ff;7049;fG5R;GJp3;7ySc;YIit;1910;wGYH;nCsI;CjGj;i6bT;2300;Fa6p;YKoG;SA5D;F4sp;6058;Kclt;HcLf;tgAD;gEOD;6568;JdFZ;sw71;217d;JdZw;5470
2O4I;h7p4;ZInV;nzAU;7887;azgt;8A0a;HfFj;u6JF;4575;G6vg;vWAX;Gkln;gY9g;7630;77a6;8320;jF4z;VLfF;3521;r9Ig;Balx;hBM1;yENG;4915;ll3Y;v09w;MRtH;fvQN;1383
VrG4;D6XI;f9BY;am6j;6331;yh9P;dz1s;npnP;Cujs;1902;SOZl;RVxk;zosV;M3Qw;2509;6aAO;ytUL;VbTM;kKUa;5545;p0p2;lzLx;taBa;1WSq;0837;eEvB;OCaH;5Cci;o4SV;3122
sfr9;XQiY;hwSs;R8VK;5788;tNde;QevB;AdNa;QgvF;4123;SMq1;sDyz;F49e;3tvy;1345;MmsD;qRcE;PU6l;jhPC;1401;ogtK;Z6bT;INmE;ojCZ;2957;wzON;ELEL;4J3i;S4fw;7014
Wo4I;SJhs;GvwD;HpYP;3933;SHhV;Abij;x3hi;Mc3g;6297;ZZ2D;oqSF;wNIi;W5t6;4872;z6hj;k6zH;oREj;b1Gm;9886;ikFe;AiRe;IWR6;Ju92;3308;AAAo;5ToL;aabv;ZNer;1334
Xlrh;Lr4n;tQFK;YOe2;3088;Oz6R;YFAX;qqx0;9caO;0831;SXDr;kjbG;xZJe;yxlu;7187;8PVK;24Nn;mm99;wg96;8384;OP2I;3cM7;jyuZ;enUa;1035;rDHf;5wkd;94Fd;ofHA;7347
6ez0;75hL;5ITI;CQ0Q;5712;WdaN;l9ww;mEqm;qjY7;6779;timR;HimQ;Vf32;LzFJ;9245;fbln;LTHM;qHFj;LZVn;6627;pzor;t2Up;Fz8a;LeYo;0516;VQvv;1z5p;pgf7;9HsY;5256
kY0K;h9LX;pTFe;GBkR;2843;QzZv;Blu9;pPWN;7qf2;0541;DERU;5gVe;qwYm;ZeOz;8548;dtQ4;h0rR;9ubm;X3UO;7325;odTe;EhAl;wCft;Eyda;7348;kUdG;pnAl;5aOf;CgU9;1211
ESnc;CC8M;ky4W;5l3x;8742;Ey3w;rqVf;wPrv;2TbE;7146;mRvo;mt47;tJIN;o7oH;8249;X9dy;joyO;d99h;avQY;0648;AxGR;RYcQ;kjPz;NExw;0817;GgHV;Sg0Y;3uHT;l33a;9421
Hk3R;Yk0N;ieGv;KNts;1605;og8L;hYAF;XPMQ;EBHz;8381;ztBI;ZAWn;rt0N;LvRq;1954;0wA9;Ksyq;nzYO;fAel;7297;LL2D;BogX;y4g6;MpyO;6423;xqXF;mb26;amFG;jnaZ;2506
szng;8zxk;ykzR;UJVi;3579;vE37;Nsui;zpcX;MtKH;5776;ca2r;V3xY;7HxS;necQ;5867;cX6h;alBF;ANH9;pgEV;5116;5Glx;O71Z;H7xq;Beeh;6470;1mQp;27iT;dBub;64Tp;4917
VDaa;QEPg;NBk2;YRoD;3717;A68L;21lA;iM5Y;sJH1;8901;dT7b;yWlo;l6LI;OwiG;2795;ayWD;Ow3S;bjvr;mIGz;8679;tm2s;RRKM;dtDm;vRzr;5698;xAVx;D0t3;UwNz;D8x0;7407
4Va1;d4nD;i4ld;xuGG;8928;bmTo;gpDo;ww2s;Ebip;8494;BaQm;35Y8;OoNl;BLg7;2028;GvbF;T5oz;HZ44;XePw;3641;kR1p;MhDG;R7Pb;i0Ww;4750;WbhU;gxxf;sLnv;qzbq;0445
CAmb;seJ8;egiW;oKLV;4050;SgLS;CMY1;K4GM;0gxP;1560;IGBN;gH1i;CbiB;rIvG;9819;W2TY;214C;61ek;ZVau;0142;Iyfa;h5cA;3MbZ;x4wt;9186;5k4c;tki6;ol3E;Yqst;1745
tfeS;Ho7X;D53l;6NDH;1937;w9BG;Xd2l;cQ0A;3Pae;6187;xYf3;RbxS;cgSh;oncV;5359;oFqz;YsvJ;GUyR;fA4X;0097;PMQd;m9IJ;8mrm;tHCc;8456;umEZ;JxXP;nikQ;AfU3;7608
Qsq2;6Q33;gYFf;GPkT;9187;73b5;NdhX;WBbW;yTe2;6405;7j7Y;JT4C;oOM2;2bBE;8147;WgcW;IuZ7;1ZCK;yaFx;9606;pmOk;EDSY;q0PT;i89Q;1071;orL8;1PF2;aPK3;jnbq;2457
GhGu;ai4m;cxQL;J50E;6445;En7o;MdSY;Ub1q;AZxF;0380;E4YL;G9ZE;Kq7m;Ejcu;0688;Nw9f;Vxac;hSxH;toLk;0715;EXme;UorM;MvuA;cjX2;1777;98Hn;YhMc;Hvv9;3Kxr;6459
hcuV;rD99;YaT7;N5vV;8091;4OZV;BJzd;iPaJ;xMhH;5428;mEoe;wHNF;bOqv;6QYV;5148;ZMHV;2qjJ;ybYP;zBVn;4498;BCDJ;4BFY;3VSO;tABE;6638;YbYQ;yONg;Vrk2;h7hv;0304
KCcQ;cQbe;VEbR;JPpC;2222;xv2X;5G39;rtmK;j56A;2709;YSqp;uC9f;ilTz;fNQe;1769;wOTa;sciC;kovS;U1on;9692;0qyE;bxOh;woPF;6fs4;6985;w2oS;PA5X;j5jh;vc2n;8865
ssHx;jN8z;uohI;N1k1;5944;dRdZ;k2Uc;MTFo;6xWd;3878;0ptk;o8w8;Y6sf;ZFba;6216;YAYM;Dufo;rYSr;uVtq;2260;7TZe;IDXT;SUfw;o3Kw;5329;rWIn;w49a;nwJm;MStB;2442
W9ip;ocAr;iXtZ;iy28;1980;I06X;itSK;S9y2;BDmR;9200;lMYw;R75I;WfGV;mge1;3102;6tY6;JhPC;H3sf;5IHL;3039;bkbz;VcHk;MLza;XPlY;3387;bdVn;gdki;HcTp;3vbK;1324
jv3z;8mp2;iqPp;f3ah;4945;Drfh;sCZH;iorn;aV3x;2729;N9WI;Uian;p8KE;kY4F;0829;r4IV;Ok2U;ZQeS;3UcV;2974;78Y3;CiUL;hsUX;xAGu;1504;rAkC;Mapy;veMf;1Ofe;0123
z8O4;vBla;gJBI;SCZQ;7263;uhxh;Sm5x;u7Qx;Nleu;1478;KuPb;u3bs;RqBy;mM4y;8498;zH3t;xIzp;q8Wk;5BnZ;2755;7Uvl;7yVH;WzhF;653D;1724;pGnl;assZ;OaCd;1DIe;8674
i7IX;oN0G;UGxk;d0dr;6841;f4lM;GN5M;jhmd;HZ1D;0201;pRiN;HTDf;aReI;My3a;6802;XHIp;Hi3K;PXlw;3Zy1;6245;ShDJ;FQIY;uc9S;mMOu;7911;JfPe;w17Z;LrXx;Ypjv;2565
jM4s;dZ4B;lWvd;7ikR;3844;cfY9;vRhJ;VwEz;XJKN;3588;tkkT;xS7k;z88A;Dal0;4225;cXFF;c6zY;GeYW;KwDV;7252;hYZU;JoX6;obZd;1bGM;2158;odr5;MQaB;wDOn;xGBz;7177
rs9b;8uZs;K1ci;KNew;2761;OiN2;mL74;aEEv;V2Ay;0787;pVyi;ofuU;pMSj;qTPN;2990;umhp;HFp5;gBzr;cMGv;8220;h12S;pXVT;DzWc;f2Y1;4041;UeD3;2q1R;GqxX;oXbj;5875
7zu0;XLuE;4yoo;PYj5;0034;uckJ;g9Dr;MZJQ;1xgr;0712;DgDz;5Siy;lkqf;KkQz;9286;Yrsb;T6f9;qaUB;SC5c;8585;FBUO;ZwMZ;baO2;6vy3;2333;MBIU;C5fO;MHKd;LZCc;4744
wI3C;v8YK;XY4u;0tSe;6891;jNTz;2Mu5;FEUW;gYPw;5635;PPHV;u9uq;G2Ba;nN6A;2127;QeIa;A9Se;p4td;NvMz;0735;b3RY;2P6d;drRa;GjMo;6816;wfvH;wzoq;WRRi;265T;7525
Qtsa;26pM;Zsy3;shQU;8419;XNmE;1L38;xRNm;dzQc;1446;zjrs;if0U;SVt6;zEk4;5510;0DXB;WcL9;gl7E;hTeU;8135;aT1F;EX4o;ECJK;rIuW;1991;uuOB;Qrkm;7isJ;zEoa;0072
CcZo;s07f;HB7d;KiIe;6335;db4z;BXtk;giCs;KdAu;7325;NAmo;S62D;mXg3;gJBq;6093;ikpm;5YVV;59qv;Oi4l;2807;gXHV;J9dH;yglQ;q6uo;7834;CWJC;8UQM;HRtF;spmF;1935
uAnx;aNBy;aX6U;jAL5;5607;5VxK;YprX;phqx;9Rud;0070;VyWw;yqiC;iUbA;ma0V;3248;URrf;sJ70;rf1T;QCgM;6878;Wg5v;XXgq;vFj7;brPt;4979;N8a5;h6Qy;5MNX;zEPD;3254
yI8V;JAn3;0km9;8GXk;4748;MbTK;lqKQ;1Ipx;6f1o;2624;47Rq;e98f;BIWK;55Kb;7136;yAhQ;0LBG;NLtU;KJFa;1972;yJWH;13E4;ndXS;EZoy;0356;BUPC;K1eX;PELL;kaJ3;8841
xMnb;pLEk;wdte;dAbD;5651;R3Xa;ayun;rb9Z;Pbjv;1229;uZ2k;yifE;uJAw;Jfgz;2565;79tV;629I;87Fw;flty;2496;Y51O;TAFb;R8m9;6fl4;6142;53Cm;DaLA;SJkI;TjZn;6633
cWd1;kls2;mVyj;OuJW;3938;XLtX;55aC;ZLDo;FKYk;3172;gJX3;gDGV;qyb1;vRn5;1001;3bBQ;ZcjQ;ski2;68P7;9125;DDFK;8nnN;oNhy;uCYl;8322;dXZC;6QPJ;v2rS;5HqT;3897
pyRs;CXaN;3NQ9;Nceu;6144;dKHH;7eqP;18Ow;wv6n;3619;5w6j;ucDl;tkUS;ZFMh;6037;A8Pz;fTL5;oK9B;5NQp;4159;Iu58;IQZi;0a6K;gB6c;7255;dncE;iiec;vF6X;m0Cw;4579
MDUN;YGHk;vtHq;vXq4;5799;r1QE;cl0F;AQJ8;9G70;8522;AjsE;Pqrs;V35r;u5zj;9283;rxPe;BL9h;TEPt;8ZIY;4816;ibm3;12r6;ln0b;N7IO;5866;eyAk;LYIm;nSEw;FxBD;1962
1TNL;FsCj;vhY2;vPIo;4488;mVLN;Vnpk;dHkE;0X3u;6596;Czd0;4Dqf;xs9J;7Q1R;7174;MMCr;cieA;AYN4;X62u;7975;b9W1;kW8j;2yF2;vYfp;1750;aWIS;G4gf;KpF5;IiJt;4347
fnW0;Batq;ia7g;sKx8;1063;P6Gs;fQvW;GRHE;Niad;0727;Ywke;Kb40;xWOP;HmMg;9166;zB64;Wgai;XEB7;y4eL;2783;d3lO;i3ib;RLIg;9SJL;0224;4hbc;p3ju;MmhR;UIhu;5240
OoPk;a3xv;cZ3G;mXWs;3339;A8JE;g3uQ;iexu;rPiU;8400;9kFf;Up3k;yAr2;n78q;9066;F9J3;JCCQ;2EU4;3jLr;7657;LIQ9;BKDt;iBn8;pLkx;0807;c5yy;AanL;mGVu;aomy;8490
5ljt;rQlb;B7Id;13Fp;2923;WNFG;Pyxt;fEk2;NiMu;7711;7sPe;JJjQ;MokF;zVMb;0195;Nh0T;HPde;kdJC;qOtY;2680;LohW;kUpT;xS7d;QaHX;9726;mpji;yU93;G1Qy;CXtg;5565
ckCk;PaE2;D2yH;P5O1;0585;WNwR;fQ8X;cQ78;AdOk;8244;uemc;Q46b;s9sE;HBHX;9855;VNpl;rSgu;aYPy;c8qo;9017;MvwZ;cGGF;tgm7;8oC0;8361;IQco;Pqtb;UCXZ;D4p8;2961
8ef8;t21o;5KLF;LZeO;7625;eoEt;A9az;n0CU;ffRS;1183;aXrs;6qGr;DZMt;jTI5;1767;awMX;UcRL;0mVA;U1bW;7533;orhB;jeuc;jps1;mdpU;8717;wEa7;Dn1b;G7fs;v6Pr;7394
Wyls;CNhV;zYE1;avAE;2691;jdNt;V6y0;5bvR;qedA;7125;EAmg;fVW3;cLFO;ZvB2;1415;Q8vM;vLNb;P7Dl;DeEj;7870;0zK0;i661;kCM7;IIo9;5963;UpGW;rQyK;Dl2E;3sIw;1838
0hw8;XUQq;zPjk;xDjF;6940;NXey;jJkF;2zHq;kdX3;5367;nTyK;txOd;ACZE;WbTQ;3146;895D;slBy;sInu;ZzpU;5126;iTgt;vuH5;I82B;UejZ;9785;9drK;HFx8;Kg0e;bKHb;8281
pj7H;ub8P;3VFa;y4vY;4739;CNh7;Vn6f;kerp;U8Xv;0349;J1uR;RRF3;WYO7;kSi5;4903;iw9o;oRZn;D82W;XwT0;3990;NRTp;RWHE;bhVd;3Hj1;9750;HnCx;4s2q;M0U8;KIh3;1976
7U6m;zkXG;PFPz;3fAx;6879;osiD;F9b4;0EyY;2xjY;3914;tFP1;X7fG;ftOx;RIqc;2773;tiUB;2IJU;zIsR;tCAu;1032;vFqU;kUxn;gw78;iQqt;9615;cP7U;NPs2;6elF;0a9d;2655
9EkN;llFK;Zz61;reZ2;7866;g4nP;ZrKf;8RW4;bPDX;0927;VF0n;UW9u;uGa6;uId0;7649;FWhr;2FpH;lite;Mhjj;9038;vCnT;wpio;7PWa;Jj8j;6329;gHfk;GOIL;j6lS;5PZU;9000
lddp;aHoM;WfJN;2L2h;6801;c3au;txIi;8d9m;zm62;6551;UFI7;pjMd;8Mv2;FvGU;7303;5C3i;F4O4;vNSt;e0Ur;5315;uiOE;vGNM;dtOB;xklo;3748;awrv;k0a4;JX0I;USOm;2099
PVa3;yE5z;61um;xSee;9117;FUu3;drra;7qUt;jriT;4383;N6xB;Qhpr;Bv4K;Bag8;3710;TgpZ;rpQy;98Qf;FCfe;4515;njYO;UZfR;Jn9R;WqZF;2569;HT1U;IjHh;nvsX;yUCk;4615
kzKs;aHid;MEOG;7dOF;5214;vdX6;6YKJ;JuE3;ddpE;7517;V6lE;Oj3f;yYUi;3mqf;8810;apkp;qCLc;twGV;UIPH;8993;DqsY;zOQs;JeDG;hYnB;3036;z3PE;zEGZ;Bbcg;zKPt;2368
0zOE;BgkH;Io3h;h305;7133;vSxU;sXF5;Xhvc;Khmr;7627;pZWh;x5p7;buQS;TYnq;8038;NinO;L589;G5g1;gmYX;3260;BBBv;bUY3;ZZIZ;dxv0;2245;OoR1;ffeN;No8f;iv5K;2674
Gdcb;XJTT;tyOm;ZzIW;0330;qlIX;dKTG;qXvv;od4V;2216;x0pG;YEqU;z3Tu;bUJw;2328;akI5;se8j;tQfh;PwZb;9434;UvPd;AtN9;0zvV;mXjv;9322;Tw7f;J91y;D9uO;eQlN;8496
Ekl6;3Qxt;Korj;izBT;1995;6B7W;CKJi;7zAj;uEXR;7858;JvKS;3H5I;7OXL;BYTs;6593;Gyq3;vo6X;xDvX;23F7;9223;HB1q;G9P6;oN8l;VCS0;9922;oY1q;KqcJ;9eUj;FXn2;9955
8leE;l6TA;zMbT;YtDW;2962;2Cvr;yp5A;YiN1;1SGg;1659;R2d7;Q6xO;bBoA;7qMp;2664;kBiK;7NcL;tdLZ;KfyJ;5938;GCdA;aIGc;40xF;lB9m;3418;zVjh;Myzm;CL63;dD7u;8946
XWba;GMMr;d0R7;d07o;0761;Z6BE;320j;jLSy;wdY6;7494;lXDV;jI66;RwcO;zaIR;3886;Zzq3;21Ab;Tulu;3rlW;4186;sife;cih7;VgHE;1kI3;5289;zFME;CBos;OiOc;qLGq;2533
XLlt;iSSo;k5zK;l6cI;2689;CvV1;LOu3;ETeK;CasG;7967;G4Nb;Oi5l;aWf3;pVjK;7950;Dn0J;JGgm;aHTy;1479;2498;yZFH;dDtV;NHLi;wriO;7486;Vlz3;ropf;S5u8;Pj8H;5063
iVYv;sfXD;w2Yf;r0PE;8261;qUY5;yC3x;kd9d;WND4;2037;Jo0m;7esP;iy0d;2nmC;2438;51h9;pPiC;q0mr;LYNB;3654;x3Ao;MSaX;YsDh;iuR0;0180;d0Cd;paF5;Jbdi;yHRs;7116
nSoi;iQk3;UwHg;mPOo;4150;kKYF;1ckV;lS4G;10Tm;1022;Nb3e;vaPi;Yg9Z;BF6P;1081;p0Pe;qBQp;Fi6N;QK56;4728;FuIo;Jvv4;1TX0;wk3T;8412;pt4E;zYbA;n4MJ;Kcur;2416
K7bh;T543;UHlu;APmi;9321;3svV;MI9f;Iudf;oKOr;7638;fH4r;JpMn;X5nA;Rerg;8327;tvBx;ZsXx;25KQ;yhEh;9853;TXVm;MCDE;afrP;u5WC;1551;u1sL;7cln;HP4H;kOpW;5786
IlyN;KPWE;ZxQX;BAvT;4614;Nkwd;7RdA;bzzM;2gBt;4987;H1u8;LUc1;M4UW;OzjT;5136;FkjI;fUDC;RbdV;E0OD;5895;UL1g;XpxR;2ma1;RSIN;8100;AEac;14q1;2cdv;0MvO;7501
fBU2;DUgL;XPAN;hOgS;2603;I2l8;C6MN;MrT4;jsux;4725;qHw9;fCcM;HRjt;gxmS;8730;3Mmv;0HpD;mE4o;Kg7Y;6537;UncE;D7Tk;zh57;n8Gg;2228;7Ozf;N28k;AITx;4fRk;5313
Ssoe;geRx;QoIw;JUd0;8813;kWvJ;TwWZ;HCxT;ORSo;5544;OAR1;05Do;zA9Q;Z9RI;5737;XGK0;l0Je;nvGV;LKOz;3798;9jEH;KvhR;d4bD;ZkI4;4192;QMpK;ZIGI;vwe7;J4gq;8700
RRQI;UDSk;UoFi;f1vh;5747;dMEl;ZG9O;yAEF;ulF1;0395;FgH0;d7JN;hHCs;TSPY;6024;NxIF;Ay4V;FNAl;VTyr;5951;I5SD;BMgZ;P9pz;HS3V;7095;3m9n;67IE;II0M;3ZIh;8261
CIxH;IpmV;lDEr;9H0t;7744;DvXM;eo7m;Racd;zBrU;0931;6HQR;ZUwV;jGLz;fp70;9767;pk3g;opyr;CMY8;DqAB;6837;6W60;QuTn;bKPk;oVtS;8143;dobx;nppQ;3N8m;ZVBt;3295
mb0t;IZ6U;VrcK;KzuM;5241;quad;rtHr;o5zi;dymv;2660;x087;QijM;jVp8;lA3N;6961;JXTe;es02;3JEh;6oYN;1797;7VED;rpAr;rXfT;EJwf;9285;LCDh;CBIZ;uCRV;BbBN;0462
oYi1;1jor;VVgl;BAF3;0968;dDUW;8xjD;pLVj;kbe1;9584;1DOQ;ScFW;XuoD;XeLr;3480;sCEZ;rZjP;WSZQ;bfZs;3663;mcl5;hi7u;z6Ee;NVkX;1673;LVFb;u11H;B5LR;PSTJ;2556
3vTF;XnUK;7Iho;nnpG;3656;dV2L;crpx;9Fts;0Mqs;0794;06P1;o9MZ;tUTn;2182;9548;GrQG;xVK9;HlI8;66Fk;3109;p2Wt;RUaC;dOG5;05ml;6092;2sot;SPDn;BSpD;awsj;3793
AYN7;GQg1;8v0q;B5Pu;1955;Ms6Y;E65h;XFYN;XJvs;5494;q7Lc;AI0W;7gpN;wfIW;7194;77yj;8BRz;rQeh;nLE2;0840;lKJW;7NS2;KKue;nv9g;8925;SP1h;SQRO;5XOV;zMZo;1985
S1Ba;M5w4;wT0Z;TPIl;3034;ig2N;LaEM;SSGw;03LQ;9305;zx9w;oAUa;jEei;5DBh;0508;Bn9E;RWP7;5XgW;zwqG;2371;Ku5O;u18j;hp3x;vEuc;1309;M57l;5VWg;5akt;Sqot;9342
8Nde;reUX;FStt;5rI6;5323;tZYO;u8xm;eaVd;MVYI;8615;Vs8d;8jZh;y2Bz;DYjD;9353;X0jW;6JtF;30lr;ZEJL;8955;tEkl;Cdf3;S3zS;5yg2;3823;JTDL;Ju12;agLS;ZPNh;1619
V3ay;lLtO;EGqV;0vTs;6975;S4oL;D2J0;2XH1;fEKV;5389;SBGW;MxM6;9a07;BczT;6199;nCYT;Eudo;1xPH;prZT;2852;npRg;vdcp;e5xM;HnH6;0516;mOCt;fpv1;rfPq;G1o0;4100
lZL4;q4Cn;uzp1;DcWk;4386;CqYG;LDX4;YJQI;W21b;5149;3NcS;Kvr9;JMjC;1jcr;3833;bbKg;pRUT;RfBj;gNBu;1287;9t7x;3V54;msVV;At1o;5712;EqUw;21Uq;UkSg;iNZK;0903
gE98;EJOn;NRjT;EnOS;3824;ZTBD;ucY8;XzLp;9qWR;1867;RbA7;OVNs;vVJP;jfdU;2794;Tq6v;fY7s;iXZI;IyWQ;1019;vOxK;b6lh;d9Zc;0ju4;4020;oUhH;CODz;qpV4;vklQ;1425
Sh62;ofHR;y1R7;6LJ6;1262;TeY2;UKQF;8DT6;PskP;9449;4wYS;hAl1;V46g;0tJx;3309;G5WZ;zFuz;tVMp;c4WU;7413;mUL2;shp9;lB0i;lLBj;6984;318q;CyuT;ebGM;Mfgs;4483
smsa;aoO9;GhU2;t5fD;9910;1F4p;u6Mg;lnrN;YLJ2;1995;hHBs;59yb;4Th2;UtQp;4201;07eW;j18M;sUvK;THGf;4680;TQbq;tiM6;MEfy;yCeV;5941;FCqJ;gO0A;WEbM;Z4Pz;9773
qB7F;7Ugw;TrzT;7D0V;1179;e2y2;itC6;uZVj;fI2V;2563;GnaB;9HLp;a66R;eqV6;8080;Cg6N;RMVE;txpL;1fwT;3335;Ww3L;Znww;vej6;eKYP;1916;ZAOm;1SHU;1mPZ;Bffb;2059
OL6d;5SqM;WzmF;rEVT;7164;X1M8;hcJB;6QAj;edaL;6290;VEOg;dbuG;Cjd5;zTz3;3521;Fpq5;iJit;9UXm;rdF1;3367;Z1Xk;7nxg;FOun;cjGH;3426;rp3Q;Vz9i;CGDX;BVV6;4119
RQsM;8jg8;0S7h;IYRv;0419;zl5b;1TLr;7xBZ;z637;7494;rngt;FoNL;y4Ke;RhlU;2737;NL8U;oCjx;WSf5;VJ9d;9181;alui;6ZKB;UNxw;eMTd;3643;P4aI;uKeU;owTv;7OTw;5099
uvCX;7JKS;6JfK;zMVf;3930;0xu8;YQHu;md2t;14Ls;8885;Dr85;1riz;5U4N;8r3D;6059;Eb5Q;jMq7;o2Bh;ATT7;0117;rM3u;Gjib;xUxh;cGuH;1288;XsQt;jWhu;d3hC;YEHA;8685
X219;uU9E;sj7T;9Qw6;5520;mRXz;FZC9;v9Ps;JozI;4968;sAyA;pS1l;njPU;s1dw;6631;m1Ao;28Mp;ROpb;g9R1;6649;dT2v;Djg4;rVSn;Tfim;5535;6RJI;kpmK;uXsV;ZEBj;8527
S1Gk;tfDl;oX7b;wJkP;2720;59N6;WAco;Dc6Z;Q3No;2566;CXYF;IAyk;onmq;oPmj;0093;2xeX;vQZy;90v7;K056;8455;YYdU;oagR;SmmI;Plem;0288;UALS;zZOG;05Ls;mExk;9505
OoKL;wrPt;QKkr;VLEL;1511;Fp4K;58A1;NqFZ;eDAR;4270;W9mz;Vuvl;Xkgt;6DR3;7085;Z4YN;DwMO;8KiB;mj6Q;3692;iuq4;MeSO;hude;KBpK;6217;a25t;ffNM;4CSs;w6AE;0433
lbE7;5qsH;8RGd;ErvA;8589;ICsl;5UA0;rZfZ;iElG;7763;eMec;zKjG;wVQl;eNcr;1431;GeVc;AmYk;sdZ2;LpgR;3435;NCvX;hu7y;VB5b;kfZH;7827;TS58;VF2Y;r6ee;ieYf;7644
1nl9;ONJS;GxMZ;2yn8;8496;x4g4;81S8;MubM;7fE2;3187;s4p8;eMJi;ezs2;QULg;9331;0Ekz;Awwu;uskb;ZVBs;0830;lGZR;peJh;rXRu;9dAz;7658;1uPP;J3ER;npR8;HmWW;0189
Jk2A;KgNx;jV6P;50YF;4202;jrDt;BmzI;GWPw;lTOe;2020;UPGU;aflo;WLP2;4yyt;6274;Lvxc;MBfT;u2Xz;Fbq9;0684;NMed;T9eX;fb4i;1Iyi;3478;LpoS;ijL2;U9fo;UmVZ;1615
Uk5b;blvY;j3Og;iPrn;8211;T7BQ;5I3W;MWcr;hsVb;3168;ByPL;Uh3p;SARP;pGqV;8973;PSsX;PU7l;QIwT;2hkY;7724;ePAx;Mi7f;tdst;vatf;3758;aqsO;re60;5qji;JVnk;1883
VF83;9V8D;zrsx;Patw;3272;WBZN;Dt8f;zHg0;C0NI;0463;7Opl;Z95P;iWw7;PsGY;8814;yEkz;smOz;3MAC;SKrU;3896;b2tC;JUEM;wKWC;ryUO;1275;YXtI;Weg7;Xkig;1Sa6;4160
Yhj2;aJNi;tHf1;ZNUc;5921;dXJG;fm6d;d7sE;sY0O;7223;HBkH;Bl2t;KjgA;Xo2J;3494;7MG8;Odfo;iqKU;m7f5;6212;PlNA;EAXO;Q7bk;hKwT;9190;V0sH;oH0q;ZO14;JGBX;8159
ma8J;hZvS;oOhj;0KJO;5472;OBo8;48Zt;jJpH;AkP8;2572;MpzE;qPz9;VZDn;9ybt;5724;ZfOl;1Vzx;gawe;fUYK;2104;094J;ebNn;M6CK;2THQ;6512;TkPe;3mPO;ekW9;5REe;8677
BQkH;x0df;SFE9;IGPv;5131;gVEK;qrnU;3pcy;h40V;1816;LcMd;3KDc;gMKG;St2w;4498;xHhs;TaMW;cnx5;Q2k9;9149;LFNF;Ea4A;iBK9;OBWQ;2926;F0J3;xKCY;N5Sn;qp9c;9662
AE8C;Tvw5;3Y7g;u5uF;7763;APZ9;S96O;7l8l;bbTs;7007;l2CA;Iaml;WSDd;K8jl;6466;J5Eo;YEHv;oRr4;80YI;8197;NQgN;mFfd;OfXa;wLz2;8851;kVet;LMj2;Aa8v;CFNx;8109
r9jv;HPAb;e1LG;zBBJ;1378;v5VN;RP2p;N29z;J0wO;5915;PFCs;RrAs;vp6c;aB67;0367;iCPZ;xeks;S0Pv;rTUC;8877;gJsX;qWi2;3huS;6ptr;4803;j6Qn;bBK1;IYKs;5lcN;9059
dM2U;qPh8;hYZD;Ou6O;3501;s2dq;9jPw;EnKI;GzKt;3561;Eieg;hkLq;S37n;poal;2637;qJl1;Zhdf;g3ik;8jBp;9336;nTgl;JGmx;cuCi;4atZ;3660;16NH;V4YD;ZkMP;beJe;5545
10sp;03Os;uq7u;2qDn;1963;GJQH;gMPj;beYT;LCSV;1541;BF1a;r9xT;cIAM;Lhce;8249;vL5P;mrCi;1H43;oDqO;0292;O2lu;qvGv;WAdx;PUUJ;9068;fOwq;Hm8o;DGwI;rx1R;3653
m2nS;HcHm;HVIk;KWm4;3369;LvHp;8Dzn;ubSU;Pa7M;2096;sHIh;XNfE;hAv0;F71B;4477;lsdn;LqSK;Ndgj;7hNN;0062;PQYs;s9s5;SuBt;ip3m;8746;AcFs;tH1J;IwRm;MgcO;0342
gYuf;ZKZ9;z3LG;uNkp;0560;rBFO;wtdz;hKjG;Fab7;6319;u0jq;WEmy;szvK;NJLn;7761;rah7;u6aX;kVQC;dO4f;5666;osCj;7hZl;W03Y;SsJ4;5545;KpRo;hXqH;4eQO;u45V;7364
SKuq;VY8t;26ML;s79S;4295;47r0;AYu1;fFtJ;NSfs;3046;c6l0;rgu1;Ulg4;3dxF;6804;mXPF;UYTr;2JrF;KE1M;0330;Z097;JMXB;4gy3;A0gE;4547;Hh2Y;lp9v;Stje;CSnV;1773
wEdc;2Y4j;btpk;8DjF;3522;kyZv;7yTG;nBMU;9rgd;1863;j9P0;cK8A;Sj8F;k8km;3879;dtcy;wtYw;RUlw;MGXQ;2612;vw3Q;EL4N;qQ3L;SuzZ;6346;pLoK;JG1P;5IYI;Vboq;2124
gEL4;5Lyr;UHCV;Cuqu;1659;PbmL;g4sq;bshG;1nHV;3532;fTmQ;HgLp;NoAo;elam;2733;5bCS;nmOr;uJfo;koFa;3192;htD2;2HJK;mWlm;6r7G;4040;d9UT;iklx;qNm3;A1be;5256
PkSQ;CFsZ;Y2g7;9jSi;3506;rVhX;qpec;BdHT;tUyg;4748;1ZJ4;s086;wIsi;Prfm;5272;rmAk;USOy;RmTg;F9Cm;7161;ypQc;LMO7;GLAU;6cXI;5824;F1ns;R2d7;Y0nC;3ogQ;7594
LGQF;nONd;JUXs;kN6w;1874;rWy1;LuSd;dkEz;vPyV;1193;EurI;bKEP;Ow4j;6aaT;4214;xBgC;No7X;Pbxw;85nD;7001;Ylza;7cj5;mDEh;Iw3P;6968;Gm2O;sp4X;XXbe;lHj0;0374
rWcY;MU6S;ARVY;5uik;3656;ZbGs;T0G0;Bc4k;Fk3X;9224;tqhZ;u726;8oV6;xGrw;8133;47lD;jnGy;w7Yr;Kp0o;4861;p1Q4;Kf1A;c8XF;pHB3;1047;pZsb;xWZI;q1t8;JnZY;3568
r6Qj;GEuv;bk6q;of2j;5181;G827;0Blt;Bder;W3w3;7227;Ziln;aIgB;PM8m;pNVp;6559;jGlD;Ei1J;PTY1;2EKC;8241;Z26F;B2hr;LqRk;TVRg;8200;DZbG;EwzZ;uqfo;PAUJ;9090
Q7xx;PPFe;kRTT;Q2qj;2808;YKb5;t99L;JrTI;aM5R;3284;5fYz;NzSu;60sp;DlOA;1278;HIY6;nKsJ;ZH17;BRLh;4373;Y4gi;tuoY;IyJD;MXkX;8869;yzRs;eOiy;LHqE;yivi;6104
G74T;r98o;U06J;7juk;5592;rqAH;MspX;1WHp;KfFf;8802;P0RE;00Xo;SoED;T4Xy;3214;Auax;seRy;bQXb;s4fj;3820;df4u;d5c8;kulC;ReZ1;3019;JnCp;ENi6;GYcf;if3M;6194
40Ol;EIld;GqXb;3NfI;7209;3uGp;QsFP;vE3S;eNpU;1605;gCjb;VfmR;M1qg;vGPP;0397;C49z;jJRD;uVjG;Rvhf;8864;yXMR;KX3T;FSWh;jMYF;8756;ZuIS;E4B7;BO68;IGIO;8108
TwXF;DEVt;TMCd;3mKW;1565;qzYC;YrTz;42wD;7iK8;2754;IjLO;GRf0;3NnR;xw3u;3434;C0Oe;gCU4;1NFa;YbOM;1445;N1WL;QLO7;fgyf;jPts;0520;LpgL;Namg;bjZ3;yk9a;5189
on0q;iIU3;W9vK;hMYy;3451;kMSn;W7aC;7wmt;zJFw;0610;uNQ9;DSfx;POvn;DfTV;9205;WkA7;otaO;eCWI;m0kC;1151;lskl;KJwU;QVza;TuNv;6835;si50;wKzl;zd12;4P5T;1690
E99x;9niH;5N74;irTM;0160;YHy5;wT9c;DvZ7;WmFP;6371;uBkZ;2qzt;KJ10;uCIx;3035;3JjZ;PjVG;JP4I;m4OU;4038;AHyh;50y1;Ceku;nnAo;6733;rHu1;kQgf;ONwS;bJam;6075
CerI;u0Yq;LOL8;awFt;2053;0srk;7BPe;Jyig;l3fm;4906;dxrk;rTZO;qEXl;PbJL;5721;kV2s;BsFh;1SNN;1tOv;8350;4FsQ;7F7w;huxM;fnus;3519;ZxCt;DXqF;HRBI;9hfA;9165
Dceh;HQnJ;6kIs;JXH4;0692;kFR7;0MBR;Gdop;vfDt;8320;otTg;undM;nQni;CsMW;3023;7ZLV;93ZG;H7qY;pAtu;4646;s2N8;v0aG;Vl9E;EJiw;7894;03dK;fwsW;dhG5;xDeC;5199
JFRy;Pbbw;7oUr;s0rX;6927;xd1X;QwDH;H6xu;Y355;1066;H6zB;5lKY;9eU2;Pjvo;8888;Mm6r;t8Nb;LMJm;AIm3;1656;ZDQa;bUSi;abEG;K3Ke;6940;8PMF;x2Q6;tpzZ;lcPk;4508
Qtsw;Urzy;tdf6;Cz1x;7441;uSQB;ESck;krt2;QzQW;2172;bscU;j8gO;IPdJ;pxAa;7837;0HBq;ghuq;htKH;nVOP;1031;ZQeD;dqLG;5vDk;Jmgq;9752;99fF;a4l5;HMAt;CBMR;2645
mxfL;7nr5;n7JR;cLxh;7872;4U5E;JlUa;9s4Y;QQBK;2640;d7m3;Api6;tlBD;ddxs;9616;cWuP;a6NW;HGIB;hlqC;5203;84Wj;3h4B;u04V;0w2O;2369;hy4S;kSzl;bzQF;Hq28;8369
JyhJ;l906;0oDL;ISfw;1536;Nn33;63e0;1c0K;yYCu;0176;gErf;F2YO;8az6;B1Iy;8766;nsUp;tLKy;Hc0J;Gv0e;0947;iaTz;NRpp;lvTj;g7yb;7476;jFzG;1zCI;aAaW;xPNO;3385
oMf4;XkHD;oeRI;X5D5;5577;8s2e;I6Ke;8UxZ;7Mwt;8045;9eNZ;s8KF;WwtN;dS2O;8983;E1jD;auSg;ZqBW;3R54;1761;KfCU;HW2c;ltho;elCA;2433;HDVR;QsGs;e8Xa;08OF;8034
5AaW;V9HW;jroL;N2gD;7094;k9DF;arnM;5497;fEk6;1487;VTSb;B7dr;1IaF;Ln1Q;6527;KktZ;BHX8;d4Zb;EFf6;2112;bw8M;ITxm;eRYy;SIab;2678;VEM3;Xz9j;XUb8;CqkR;7768
yYBC;CvKt;icRV;63Uo;2612;aJbN;e5eF;PbyJ;hFdZ;8760;SSXQ;71Pj;jR8r;B0Jf;0948;NXYn;pt85;S6bC;0UD8;0405;sPKZ;xFVv;ORSR;Wzc3;5841;2mKR;vZP4;B2Ta;AD3O;7457
Cs0O;GSmL;OT8P;JBla;1230;Ru8F;lY1l;xTTK;zCFm;7671;NL4I;MGz2;eMYs;zRBU;3606;J2vT;Mqeu;P44a;a0Vl;6885;TUiS;lBS8;FY3k;YAGZ;2119;On7K;7rWe;eHfd;Yh8C;0698
0ldB;QqTs;NeXw;uLxM;4391;BwIo;ovwT;3oan;Hosb;5967;99dt;lkJW;WwYS;4zuO;1234;KKE4;3USC;Gxe2;LU74;1783;gLJN;AxSo;zq02;rKgq;4944;oChj;Wj3L;Ilki;v72T;6831
Trr9;l3Yd;zKYY;WfSp;2748;o6it;TyyF;U8ur;CsHV;5583;QCb5;lyBH;3mtH;2ILN;5455;p7vw;TPOO;YgVG;ctlI;2449;WUNc;O7xP;brba;TXC2;0111;YpQH;ePa6;5rhV;SbUV;9759
exGP;9I9c;9xrm;ON05;9494;g7tu;m1XL;BhQX;xO0E;6995;kRfo;unIl;K3Tj;3ZWL;6199;N36W;YOPf;3t91;a97j;7551;tri7;6yRN;zlds;NsRN;5148;eKRN;Vpzc;ybeN;rBhS;8831
VGuP;Fdy2;BupW;7gnx;0962;JC9i;pbhD;tBLO;BBEm;3015;kOg2;Ikh9;wuaF;JGE9;2766;dkXw;RqQW;kw3C;4r0U;5035;Wo1j;UNSA;wdAl;VGFg;2734;LriD;u9wy;96Sf;WHAO;2258
Ld8Q;ZsXD;G7Wo;3H8E;6412;7K2G;Y5if;v2Bm;dyFd;4800;Xult;GXDL;T0i2;Qj1X;4885;BAKs;crYD;ohP4;Qf9d;9605;vNuF;3YyO;8b90;er0Z;0266;knV3;KYx6;q56i;Ct8v;5342
PnTP;i2ID;0Jaa;7mHg;3593;7WEh;3A2W;49Ug;mo3q;0680;sh80;94mK;jcXx;gSCM;5681;8CJO;mdKT;Pc28;Z5aa;3462;ytx3;1cSG;rHTf;x1fz;4040;Yc06;iwjT;sFeS;a6N0;2157
aaWV;aBfb;wzec;qJJj;6055;H0Nl;QQcV;xD7h;ABGg;3525;8Vou;Bcs0;KTY2;oHVe;8611;3syW;PeX4;vILZ;iIGF;2241;S70A;m3wm;U5Xz;Qdnt;6642;F7uS;QJII;3PD3;HHNX;4027
ZwpY;10gm;LTJd;xgW1;4862;QZdQ;T3tO;tZF0;ecJf;7438;R4EO;6oIv;pJ71;fima;3348;9JoU;YjGO;pK9B;SLvk;5386;sJHP;lQRU;U3WL;KN6Q;3828;hmVb;3Ghi;Bnpr;OvkK;9727
DIsc;GZal;95Z8;v1FE;9325;nCrC;14Jb;yaNm;SbFR;1639;gLLg;aCv8;nftC;5AxZ;2033;wCTO;o3oX;mJvr;Wcd1;6214;Dq5L;qUSJ;w2e4;SsJi;2990;ic6C;tOXr;F9JW;5cfI;8127
0RB0;l66i;FLuf;rpAH;4401;bMzD;eUIf;9mlW;FrqG;7225;LFlM;yDqc;eI9A;aF13;6681;UJFs;djz7;hlMK;VD0D;5866;IuoG;dR6Y;FkEe;CNF4;6343;zMJT;TV0R;aDSd;4rnN;4531
b0QY;kk8P;m3sO;rXvx;4653;kQjr;ISms;G6NS;XBdv;1569;pnu5;9vlq;BGZc;dqWV;4082;80QO;EEXU;iPV5;nQXm;7250;VZsJ;Dkgq;ZKRn;leSp;0574;N0Q5;EfRn;p0C6;8HWL;9671
PJiK;GZV0;nkTY;zq0l;6933;Fd7z;3VdP;z7F2;dyy6;8148;C7TN;RirU;q4AX;dkPp;7063;xSLH;pjr3;FeYW;FWAj;6638;fbik;9rqF;4eDh;0Kyk;4130;sfTq;R64U;GTYs;XzBx;2980
IoP7;jCKX;qHSd;humR;8355;qJ4h;7r7b;Bfgf;2Fo9;3114;wRPC;CVIV;FSvI;yp6p;3515;91Qv;k0pX;vUCm;dBDD;8704;iTFr;gEyN;oKYg;Jmw7;5938;rH4g;0oj4;rMjc;GvHF;6176
Gmi1;SxqX;hjBe;6pcB;9876;6DZR;Vk3n;aau0;70GH;7555;7PFU;6Vrf;bhSU;xxsH;4754;vuXX;X7dJ;cfDn;uBeM;1855;4gsB;LqWX;PDIA;x0q3;9364;HP3U;RyUI;ZMn7;rgV3;4906
TlKZ;imLF;vUiO;lfVW;1299;CA3f;32ZI;tuos;etVZ;6301;jsl4;FGp8;tDCq;SRDS;2072;eR7E;AbfD;bhm1;kMxq;1767;vHvS;8P38;z6p3;0zI6;4878;g8W8;bcmP;3TMh;qIKO;2542
Yrfe;qadk;8CoC;btwn;9789;sfZ0;Fcu0;DBnh;peHq;2632;9Quq;lHNY;JYHu;OFzJ;2757;EcXh;Dhhl;QLSv;xnTv;9890;sHpM;7zWI;642k;BHun;7589;iy24;ucRm;XSau;LXWI;7348
jknD;hDoF;BkX2;21XD;1994;EifZ;Gd9t;RDnV;r6gE;5907;83YL;sEhW;rH3Y;MA8E;7286;VWXV;xgor;wzN6;m2Bl;4731;IWNw;02ly;rZea;NtLn;5843;w5W9;Csmx;x73i;BTC5;4313
VGyn;RiDT;E3nA;0k8u;8017;n3yj;K3Tt;45fD;fvXm;6196;dvLQ;v6rA;l90D;ymz0;7174;UoCW;LndM;8XvG;sE9n;3248;0K3Q;UqN2;i9H3;x1up;0873;dsaC;L8bl;NeBe;QDXu;2600
VkNs;ffXt;7lRy;dYsl;8492;kZAH;AU84;ipwl;3GFJ;3006;wzU6;EeT9;2EUt;QbYS;5807;FRoh;W9hq;KK0B;BkEE;9899;EPZg;dJNI;8ZHt;ZvAX;2281;agsT;QewJ;Cnwo;adnK;0653
xtUo;BbPn;leF1;94SI;5179;7efX;vRel;FMz7;VyqS;3921;N4pA;L72t;N85I;kdC9;7172;roBo;o962;uO3z;rh9W;7566;s5Yk;ARbT;uFiZ;Nzbl;9971;A51S;V7dO;riJ8;rbiY;5252
r4Z6;moDa;zRKS;ySNr;6628;Lotw;8eSf;CjU4;EDzy;7290;Nkd9;Dl9O;tYgk;32WZ;4098;Hoz5;2Jyx;isZh;7rDX;3064;rGqp;tyul;GaSF;ricR;2802;URAR;IGY4;ctjd;ysvz;3753
bSGQ;NY15;yKoh;Etjb;9177;9B8R;o0KM;PzxR;k3FK;7700;jKFF;UePA;cduL;lJjC;9730;VitD;ayN7;ZbPN;bFT2;4827;njcv;PFJD;2k2j;ZpAs;1707;dCyL;nG6h;A0g3;0Sc1;9134
Y0tD;im6S;OrWm;jUgx;5029;xZ7X;1nOR;TSvF;n0Qs;6550;pZ8A;VWIC;xIN1;exfH;8085;Gi3N;swfU;VxjH;K9Kv;0123;U5am;OmfQ;ZC7W;qeJJ;8159;YnpN;OSTV;8O37;wYj6;6113
mi1X;JaY6;FEzg;gmCU;0584;brdJ;KVpq;Mt0B;bGDC;9204;ED96;aRHK;kEZ5;ZPoC;3126;lfVQ;6w1t;VLmb;2K5p;3228;b2bv;MZOt;e4V5;FDrG;2803;qPLn;5YwW;xth4;n98B;2682
w7DJ;TW1T;BeB1;uwcp;7557;0L7Q;F2Nr;aTOx;Icgr;7703;KTOV;qMWD;Zxx6;2Clm;0263;pjSB;0ZDp;b8hP;yqRs;5656;qxvy;YM2c;3I5V;9Hve;3382;cMCd;CkE9;of64;gvNh;7802
VxGx;05sn;p4s0;o4XW;8655;26US;1Qky;3Tfq;mZyK;0098;NtfT;KKlL;uFZr;inrG;9382;GbkE;JCCn;l24A;OGpL;8357;y7s3;EyqP;4KkJ;a6R5;4259;A8J9;z3xR;zedW;QlfA;4866
9srL;cvQQ;TZcL;6son;5766;cauI;cEIj;unli;dXuz;5487;Zb9P;KPSX;TSVv;FcoZ;5792;Q6y1;XEVG;k3b2;pDQe;9124;TJ06;faBo;4e1E;1xVh;3292;gUPj;xt4O;XfN8;HICb;1084
JRsX;jYgZ;fbSP;fxxN;7893;4Z6M;LUrt;S6Ra;t5kk;2947;l43a;kFwu;ERZq;lZVU;3084;CZ9O;lB8J;zp2d;JiM5;5321;yF7Q;1vjZ;dgSr;t66I;9565;D3TW;m0to;JzsR;0FHw;6672
rsf6;ha7q;J0TO;fhdD;8487;AQGn;CsvZ;MI6s;TDuC;8856;8IMI;6yZj;cK2C;Zacr;7424;vPo8;QOFo;J7IA;2waM;9635;2Ivb;JDiA;7xrK;uAOL;1489;rhQX;2fEh;Arnb;Jiqy;3245
hTG0;HFJI;Ljce;oPNu;1781;S7Rj;deMI;O5jj;mJob;5798;d4gw;HQbg;7JDZ;AEwf;5813;ZBap;glaV;r2wB;HhyE;1863;C4vO;CZS8;K42P;S8oO;3824;uIGP;oSWi;5sKa;t42K;8054
BH2k;JTIE;pHc7;Rxpx;2119;ipq2;rnmS;DSIE;sE7F;0974;frS4;tIPh;plui;ZLgu;8170;SCNU;6MiF;T35a;j3Va;6070;5MIT;unuC;3wmn;CyPp;2880;VX3Z;BvHp;zNOm;LIN7;5172
bVB1;7UNu;7QaC;161o;5972;OjGz;W4bw;KJUL;HUhD;9529;6fVT;XZuj;nl5X;q6UK;7468;jnmM;HIag;VgJb;r3xR;7158;bWaY;bF6v;Uyjn;geWc;6490;eF6h;1wwW;jqjZ;nJDB;7057
BdNP;dhN8;mV0j;BQRF;1574;oW4V;mD5J;FUl5;dqZt;3927;AXJK;X3vZ;WSEb;r8k0;3645;HH7n;Ukt4;Et60;9DCu;6579;1txK;JqWe;65Jg;uy9T;8535;LdNy;Rb7e;RAqP;BbeK;0123
efkA;qF8A;GMq0;LG2X;4310;POUT;p1NH;xRmP;WA7J;2124;hSh8;wVHO;yqsn;7loS;2373;DpDd;ffXh;cWqx;rHtH;9354;xNHn;s5Ti;OVmO;MYAw;8721;z19D;8CCD;20U0;vIpE;3793
U1QA;7pp9;pZdg;1MFG;6590;0S7b;3AJJ;ZpyI;FZ8A;8522;lnhI;UiKZ;z66d;gUPE;5829;61Wd;qW8c;otA4;krit;0399;UQU1;uqYG;qeK7;GTah;6787;YhIy;uWoa;BNzS;9R8W;6530
r5IQ;BMLP;w3vy;B48K;2432;yw7e;gLHk;EVye;A2hc;5961;LhgA;e3ib;NA6v;nEyV;8169;CZ6y;UcCl;vzhf;ACTA;4194;HyrI;yApF;UjUI;k6Je;6223;bT7q;rv2r;y39l;zqMp;9130
wvxx;PKNI;8BU1;bjJ2;5073;9TQQ;Z34E;bFhx;p3MC;3316;ryuY;CpIb;AAJr;pWVe;3453;tUyB;GjIg;RPJk;ImSb;0055;wzUv;Q7Xa;TGsF;eG4y;4739;8x1A;r2wH;prn5;Oxkt;5845
RZsk;AK1x;TuS5;Glkt;1606;1v2w;eeYd;1mEf;TzbR;6306;evxC;7xjy;vv7B;zanV;3643;IvNo;pJpo;umtu;Ibf1;9483;U7Oa;6JRI;8UT6;mIxg;0283;ePa7;oBGE;zFjC;oIx4;2679
MRlh;qjMR;rqaf;6SeS;5893;oORG;ijyC;GUkp;aNTu;4485;7mXr;dKUP;tNvB;rS1X;4064;u6wx;DOvt;T8VR;FE1G;3439;96LN;4oxg;abTq;Yt1Q;2986;A47Q;8m56;UO5U;dzi2;3650
zgOL;VYdE;BzXd;d2wu;0397;Ww0z;Awi1;vY6t;yX9W;7084;Ok16;zOcQ;S6DN;JsTr;1709;ijn8;UGGH;UWxq;FB97;6744;DuLZ;XMK1;NBRM;8D2j;0237;gUYc;WuMd;pTbF;X2IB;2218
OmKy;BDpD;3Wyd;t1oA;0598;AkJl;GSoQ;vZ4R;eECj;1950;mlpR;KY3B;stR1;ULL5;1228;jq6Y;JJd3;Zn4g;qn8V;7230;lfkI;V7fX;TyQj;BC5v;8966;KAGs;4lAJ;rsBy;UAGs;3546
A4Zb;zbno;icEy;rnsB;8982;NlPf;Bl82;v1jb;SrBT;1117;gsIn;AiRb;HTrz;lbx4;9569;SqgN;743w;WTkd;5Nvv;9598;77GR;hUhs;P3BS;t1Nh;3692;pNxs;4d2Y;rx76;I3em;4550
OElB;lRZ7;F1tE;5qoO;1796;h0Hz;t7FS;xEoE;N3YZ;5882;08Xq;eOPX;vJyc;HRQQ;6570;6bLL;7Z8g;Sy9p;CK6z;9023;CCl1;FWyc;Yu89;u0iO;0890;RayX;syrc;Wyat;Dw8Q;1004
jZei;FXLP;gVnn;tFDY;5025;g9hh;cLBb;B5Tl;6wuH;0199;FFUs;whsO;FDAN;m72I;7986;9jOt;GUvD;lmwd;HJko;0121;5muR;YAwS;QTUF;Y36E;6291;gDQO;A6xt;LGV6;SCrb;8807
cFk8;GBrp;zZtt;LDXD;3624;GTL5;3VM1;kosB;SjN7;7885;jgxC;C1Dc;Gzza;1TdX;2700;jUPw;mGw3;UKjj;Bt0t;7738;Mxrx;GyK0;ygFH;O75Z;1992;48m8;0Y7i;B1GP;gVx2;8966
QXbN;mtz9;PJUy;GQN0;9215;v7O8;pbat;aDfX;ZEn5;1550;cub8;EBCU;FIGo;oYs5;1587;IXBd;cO1N;L6yg;HoaV;9969;OxwX;6olL;8wsz;Vg6O;4692;Gv33;qMmg;i5An;Hi3b;1584
vHDu;x45K;11qX;fYXZ;5181;N2Ar;cgew;58fh;Bn9T;1032;yjGL;98CX;rvDq;ud52;9792;JeaW;odiI;Bj83;hla5;1149;1wvh;ZuDR;5Dqg;WPx8;1762;sa0e;8lOk;Lnm3;R12t;9532
kFop;lIww;fXyH;JPKz;0662;uDsb;9D3Q;N7KB;YyMJ;0099;uXKG;xj13;Qkux;sOn1;1460;s8k1;ZMrz;TrB6;0Hm2;6630;NOzX;inco;12qk;Ev2n;6681;vIRK;bZly;0B16;ARwR;7447
oh2S;rOYx;uKkK;cWi4;4507;4geC;uMEb;0HGv;6duW;9328;fxGE;3Vqd;qbfn;tr36;8614;3QMZ;WXlB;PiTI;mc7r;2020;Azrf;OWAP;Ecz1;QPtW;9587;TIVe;EWFk;MVua;82wm;7560
JK9R;wmui;NqkE;3hqm;4087;QYF9;ZgEF;cm6W;sZWl;0273;JsM2;7eCP;mwXs;mnXs;1925;muec;3BlK;lmMq;NDeI;7821;wEBL;0Y7z;IsNc;XMwZ;4411;NDdI;sH9q;1YkM;sWI0;2790
7wsY;sZA5;E4bd;Jpza;8736;Mn6K;A5Vo;BoL8;fxND;9853;4HN3;FpFb;eeHj;nwEf;5804;BCg2;0zKZ;F1sk;m23Q;4395;PTaX;sIKJ;LHFO;iVfY;6259;WSJW;m2I8;iEIm;BpAr;8398
KlaK;pFya;H8bn;u0Uq;3781;tnha;1trX;xVwG;RBAz;3994;zYq3;5VdM;5l77;ZaQt;6903;s8t1;y9Nx;fSqK;TPGj;9561;cpnT;hFSN;tIoV;qvxJ;0391;DWxt;UHmQ;hcF7;h5xt;9933
fF8k;qaXk;2oqd;z2v6;2698;xov9;7o0A;mk30;Vrx5;7660;Awwh;Iywo;MGgV;Dguh;6217;VLG7;XlE4;0mH9;bEQw;6729;YAsE;3tKD;dI0P;hKjf;4716;s6X1;X904;sc9b;XEVo;5211
f3Vq;AWuA;cfeA;a3oG;4890;6LiK;mBGD;SbzL;UMQ6;9303;JSoV;0qyS;mLUt;dIOy;4065;Z1nt;F3Zo;R2Tq;109V;8464;EO38;6rvD;eQLL;10lp;9535;SkSR;t0D1;J2FE;23c2;0009
drZd;31hv;eMhN;PElH;3690;aFNY;JEKw;IH5Q;YIxb;1836;LBSi;o3fh;Xg8t;uWLz;8337;AAeF;K68x;2eJB;yDYh;6674;2ZQB;aM62;RqPe;AKDt;0134;zt9E;cUji;vPlm;ON7h;1125
g9a4;6JKB;HGAL;jJw7;7348;urGh;O8L7;FgHk;Aal6;2418;INHS;L3Nx;fJ7Z;LBYa;7752;jqiA;pdzx;SX0J;eaxE;0845;byMH;J5UZ;BdVi;LZ1e;0763;WwC8;oEq2;Enzw;VYgd;9801
vvWq;zTDf;81nj;V1oq;9256;51ZF;7XhG;03sp;08yB;6054;VmwX;kLeb;I29r;Roia;1786;Jv73;Fmke;5VLQ;3GAH;1323;xBM0;FUrZ;Mot4;VlZW;2857;S3L9;dyqJ;EFJT;3xKR;0195
gG5r;oXBg;djvE;0JhC;9056;iDkL;CL7b;LpTr;vdwM;7260;NY1v;CKVz;xIKE;aW6D;7552;awDo;xnku;4B58;fgrB;1988;ZUu3;wg7l;KHhS;hbuk;2082;eXMD;q87q;eICt;palR;8637
fIzY;qeaS;8B6L;68BM;8832;Y0xp;Fsr9;PBwU;tUeW;9093;rWxC;bSbZ;YIgH;xKBF;8920;ZB4A;RiSq;wtzB;P7FB;9217;1iri;kg04;HsGe;1qLX;6951;cVrk;iXog;2P0e;KcFt;5605
tiPf;HDyn;pZuo;oaGb;1563;g6bI;1wqo;g1xc;g9sm;3742;imoZ;aRFz;J2YA;FsNB;9922;WA6D;sZRi;6YKT;fK8S;8762;jWKC;eKpb;TQuA;9UyP;6579;yKHG;O85t;wo9B;l5Gu;9005
bfwb;ENoZ;yUl9;LDv6;6640;9Fha;gHDy;Gh6e;AY8S;7510;YYuv;rxL8;qK8k;LVQN;5132;3L0I;SUP1;Oflu;3Sjt;0898;GbFV;rmCs;vWQ4;xbsj;8373;XH0o;dhlo;MYyT;lfEZ;0392
jgk2;UWpM;wGbW;78Tr;9337;kI09;CHeD;FGdh;MJ1s;4933;Fa8n;k5PG;wITH;rEEK;7014;W5uS;WWgs;BlQK;N63V;2343;4MAe;fYyC;Hy2X;9WRb;0072;eyx1;5QY8;mhYf;GwCH;7996
x9lk;Swkj;lD4X;K9GJ;0510;i3sx;RIvb;tTpY;xM3g;6942;t8mX;qAEi;nz2Z;eepp;3336;pL1i;UXQf;GSyH;1KYU;1620;bf8h;WJg7;DJ42;EjRW;8797;6Zhw;2VTk;AwuC;iygV;9345
KX2Z;b3qX;6spg;sWWZ;3933;XV9E;7jJG;VaMg;Lqe8;7573;GE6u;D0pk;Hk4y;AcPR;2109;DFQD;kuhz;F1V8;IKIP;5939;cJnZ;SuHr;Y5St;z52R;3607;Thv9;dx0J;jji9;T6yc;2725
CfOl;K0P2;XMmE;9jBo;4920;SJcf;FUQj;moJ4;yQlw;6595;LK2M;8ZFR;J031;uOID;0763;ZJnJ;wl6P;P1lo;8vLu;2815;eXiU;BoAE;ZdKA;JC2P;7542;Wqay;euM0;ZARG;iS2T;1886
HYfK;LWDB;wcVd;G36d;0576;3Ij3;qHxB;AspW;SCxW;4497;ZxLK;9quX;pqWx;3tk7;5860;qgDI;jtnV;bQjc;PUbD;9595;jypa;nusf;JiQx;Hiq9;2912;Pf3V;qdrC;leW1;j0al;4265
qOP8;dX81;MDWG;WDaW;1851;HtZc;up7x;sibv;zHIc;2907;GrT2;ofNP;SHIp;r2J7;2532;kAWo;jLdn;1kjD;xu3V;2718;jmLm;BNVT;sUOK;y4I8;9910;hTOR;Y19D;apWd;jsOW;3476
IPrY;TtDQ;frys;zALB;2029;n1v6;43IT;TFrw;TFKX;9340;xEaV;oSSd;Wf5U;ZRxN;0698;4LLf;ONVE;6iuH;6Q8I;9179;Qg2y;TGYT;Qf2j;tDAz;9083;hl5b;cGIA;rISt;ayy0;6533
e5OC;pKLl;9qGF;e0rq;8216;ZEX6;aZqA;IKcj;DIeq;3625;EKDd;gfOd;Aihm;1wIy;5785;95tW;FAUI;iZxf;EHRM;8539;G4AW;Y2HO;tAz1;tff2;2495;9zAW;B237;u0vV;Vwk8;5984
cft0;YPV7;6hUb;Z9n6;8981;YTxk;j0rD;WoEg;ZBSJ;5642;fnp3;Bzek;CN5T;1ycb;3795;9ZoQ;alQP;D5BC;lV0l;1621;wE6a;Y7VZ;FebM;JDUa;6013;xAXs;kV1I;Bfai;n9hn;2378
vDFf;SoG8;I9P0;V3GR;7796;H29W;U4N3;NShT;thFi;4722;ifig;1FsR;KTTM;XMzx;1866;kz3O;4rvl;K7aM;EhwF;2518;SDNf;Pzh5;UDgd;5jhA;8950;ySTV;1pt3;5ahO;QjqO;8468
FrtN;pZvC;pZCQ;VAmi;1135;CIn6;bJ2f;ZUuI;AEus;0223;iTOC;fY16;fecc;IyVi;4545;heW6;yY2h;YkjV;0MMp;3728;npBX;ZAxJ;6ZMH;hIld;2779;A0ts;qle8;1bYN;UpXa;2298
9m4G;Fqq9;rvFC;nKr1;2152;rOwJ;rR6m;qU63;WADx;4952;NQVL;rzCa;O95M;hfgu;4839;P7jH;ZU4d;xbJg;LMAQ;4656;EKbx;95KX;dShK;tZZm;5174;yXSp;Rn8R;urGz;NFAZ;6461
29c2;8D95;isYS;IXd1;7041;CXxt;HIMl;TyKx;ARya;7516;2ciJ;EwZF;hFRr;nWbp;1220;5Zcq;Q3VF;puuY;WRPY;8285;YO4N;4KDg;kjeZ;bzp0;8440;gxg5;VOEi;ib5W;oGvE;4879
f4ap;sZmx;Z053;M1EA;8830;4IoE;S5Q5;Ir2n;XExo;1331;PLF3;aftH;Gfje;0vPt;2323;NU9s;PaFu;UMuW;vnKO;3909;xUCb;jze1;8kGg;gR15;1541;vKCJ;FKWX;HoVC;IYsg;8144
09kp;IhyO;kh03;9WJK;1636;MJMC;4qtX;4f4Y;9HXH;1442;D1eZ;p7UJ;NPzB;nkUk;3916;0kwG;yPJ3;jmWA;BdeZ;2550;QPT2;DBth;060b;nSyE;3210;G8wi;Hnb2;PJ1Z;vpTp;2472
nkX2;0GaW;QMHX;2kj1;1330;ZlAc;QRet;qVz2;XWEX;5896;UUsA;Ucam;nA6I;Etr2;6054;pr4L;D94x;BLqg;1H50;2986;u89j;2fS8;E1ae;CGeS;4690;B9lM;mY9h;K5xJ;X2og;7819
ZHdB;dJ9F;GILe;hKxc;2830;cBpg;Abza;8Mcg;O5ND;8573;HoY0;bmvQ;bCYA;EHGd;8283;lL9C;OXlf;7Jzi;7ADq;8964;ClTl;3TUR;xVbC;yxtg;7035;eOns;SuOc;a9kN;QNtv;2105
YDX3;rQlj;lQOm;Rde8;6493;ddAK;ZcuY;c4Dn;rna2;6250;JPPh;kUZ8;GYRJ;WweH;8202;gs6A;U5tr;k1sh;Ap9O;9194;Kkuh;Jur2;lns6;TOz3;0256;5i7T;xw4Z;0MqG;ik4g;0807
VQFs;P7Yp;0TYi;8aHD;1793;pcGL;7Er3;tE30;OVj2;8961;QusI;1Ypg;KnQk;3Sbo;0256;ym47;imhH;FGBo;gVtL;3911;b7Lh;xJQQ;AOUB;IUfE;9230;k5Vh;q7dL;0dM4;jotC;7338
h67F;3Ntq;1NAN;WYZe;0686;Itxe;VR8n;O4Ls;bwA8;6262;ebOl;qYF6;Mfbb;PHvC;6977;rjIE;mY86;mI6c;wJIM;9690;agYv;ur8z;qWZx;Bm3u;4486;kJPQ;Udav;f11U;Genl;1510
jhBt;VGlr;FpkR;DZXy;8199;HcY2;0H0n;eQdv;C7cy;0589;j3R2;PCGs;j2QI;IpYM;4401;JDCj;GMPB;fciC;nQWg;2182;npDH;ZM7R;qgHd;EZaC;8409;4SQD;BQrq;Qs4S;0GeG;0096
LU0B;7Rv9;EYq2;tbJT;9776;Y9O7;kfeW;YBET;IosZ;2362;YfZY;Fmet;Y6dc;ftTA;3429;6aQD;i6PD;1t36;S8LE;5676;ef4x;HeUe;dJeg;gJem;6132;ZEl3;HpAj;kPYi;LW5j;7804
DpwC;2AFh;41NK;iwFd;6766;ufPh;en4U;dn2C;4FND;8844;qcWe;UxUb;Ka0K;sSqn;1422;qpXt;72El;EOkd;L0xW;0146;bAE8;4VX3;v24i;1SbJ;2547;MOe4;Ki6b;UGLb;gBtX;7377
i3aS;nQOp;7kXD;M2e7;2816;cGjD;odoM;C5bb;01Os;9465;w8g1;fF08;zgrn;TmJm;3732;4KDg;eWc1;aT1G;ZSTw;3409;WWNL;Dk7T;doXp;3OSa;7855;pmq5;0iUd;XL2j;R2MX;8216
SsDf;yfWs;X8ZS;puCm;6148;6Cqs;xE6Q;0C9Q;Ozpl;0229;d76H;F0ZP;8Gge;axxb;8614;vmLy;xEHD;lS9Y;MHLV;6201;XyG5;6auD;cBh1;Hcpt;3705;BeE4;fulu;3fVI;P6u6;8046
qPSj;eq5V;uYD8;I9Dj;9954;R9IA;l0rT;nCXY;VeWS;4104;Vkj2;Jn4G;jc3F;DFLA;2221;sqcH;E9hl;eifV;U3wW;6855;Zb30;p3Fr;rAQ7;1hsV;3407;jteT;zciP;aEAL;6Vqp;2414
7K2Z;33DG;cYVa;LFBM;9341;gZi5;qfgB;dhnp;3nL6;5875;rgRt;DnvZ;RL2y;DeJD;9265;nSAV;fIN9;k28r;I7L4;1402;pkDt;GZJ5;ELjp;kA6T;6377;22hp;ootq;0ZaK;Y7TJ;8187
YKD7;wza8;tQ9L;8qv6;0167;Dge0;OCbP;0aTW;rykb;2734;YxFU;hh0u;lQKG;cKem;1577;zlqM;eczx;i4Az;xA3A;2924;fOSK;2bUO;JBFZ;xq0w;0337;puDs;2SpE;0gSj;36dj;3859
qiI5;IIfI;Y7H5;jIla;9903;X5gG;NZ1Z;6mA9;Px1M;3246;BwOG;OTBq;RLwC;CaLc;5590;gTqk;n07F;XB2Z;1XFe;0405;dJIj;kQi8;lBS2;LbuX;8315;dJhQ;2sT7;28st;BNqE;1250
tPGu;RbyL;hqFE;aFCX;9585;ek6n;N5Ok;YCp4;ywwg;7205;NwFT;iQqa;1P5G;nodP;6789;Jrg0;wEU2;CjV3;odv3;1584;p71I;3al5;xXrt;VIYq;6541;bct9;mhK0;zTDL;eapW;0835
jaFf;fPmz;16Yo;1F5w;8082;8SF0;d7Y0;eNw2;pxqk;4271;PsrQ;qY7x;cjvC;ewq0;6971;3HYD;WYUp;iI3K;jK26;2074;qe4N;HqFV;rNVy;h5Bo;7529;BgMV;wY7X;KkIs;7F9Q;4175
Bha4;SVzc;pIOG;5P58;4387;ThEU;6JMe;rKgR;evbk;9283;MTg2;L1IE;RsuI;VMSD;8590;XwBU;HQ2S;WZMS;TC7V;6100;1Itw;M3VC;PXoA;xKij;6684;WElu;UZ77;BHpl;YbJu;9448
nyP3;irYK;ug02;qvSe;9425;tuHU;kFY8;FiyI;2o8P;2480;V9pF;VxxF;IrHY;Dg5G;5717;KbIc;ceua;w1je;ehMn;6876;eDj5;lV8l;5mvs;RWgC;9553;Pwdn;gFnk;tf2Z;EPTA;9413
byD7;ynrM;MEBV;V1QQ;8566;BIwo;HiNB;eVRo;0N0W;6311;hWzY;mvhM;W9H6;wRS5;2501;l4m5;FBYc;Gt7R;kQ1E;4777;Ikuj;NuL1;qbbx;3SMb;2204;DV08;kgtL;oneT;LuD4;3433
eqSw;0P2T;bFUv;qlI8;7543;SFaR;eRui;YREL;LhqZ;5911;2K24;RYWr;Okc4;sAYW;5108;xn3M;w0w5;NtRX;ID33;3799;txy1;Th4k;cig7;GNYf;3571;6qYT;eF6N;ZDGR;l4Kn;5820
NXgQ;ooSM;Ih6x;tpJz;9979;6pVx;AYj3;R95e;ord2;7513;7SAm;iTKi;qNRM;ja6p;0526;t6FN;wbDq;TFBe;YGdP;3073;5HeH;XZeq;qOkd;6vRo;9248;EWZJ;g193;0bt6;jlBR;1147
HiGj;P8T9;yJKn;bZ6X;7805;0LUa;Jeoe;69Gf;CYhN;0490;9ESy;JUpW;5frn;AAvy;4431;ZGrq;q40c;lLcn;V4Xc;0964;9bIX;0BHu;HsWW;gk3j;5963;EwbJ;rL5b;4qEI;1ifo;2624
1p1f;vf0p;LFgZ;PuEE;7142;i8Oc;NtVl;IRgY;WZHS;9647;kYyo;xlR9;lB64;UX1B;6496;9s66;lJrC;dkL4;q2sc;8004;s8at;asfr;GD3s;3yKj;5663;8A5w;RD6Z;jYMU;PAvE;8150
apAc;ZCaH;8V5c;tBnJ;4436;xfLd;BgbG;Hppi;BMbj;5361;L3s7;O7Fa;HuUQ;wvwN;5392;bfLq;HO4p;uttv;nukf;7901;ZcyA;YSCB;Ynen;m9hd;1691;Mj2k;YRHX;1Ao4;0G2Q;2387
HS3X;RBWk;mHbk;aDRI;2068;DY67;kyF7;xjq7;6vUD;1245;0KFz;M6c5;KMt0;ydBW;1555;Yjk1;WUxf;Yewl;SmaH;0902;vciY;SsPb;4RsO;cXnB;7013;7A8F;2nOS;k2Pz;mIlr;8071
N7gh;mXDZ;nnSR;3jIg;6172;cAki;0nBq;4Mgg;r89P;2659;JRHU;u1Bj;woGF;FYxE;2797;Xyvb;Aegn;1AsD;KzT4;7025;MytR;9Hey;C4KD;JmMw;9057;lSjN;mPeo;KqiA;tAZw;0268
OFbN;qWmZ;eROM;ANFI;1901;9oZl;wECX;0XAL;lR0S;2457;2ZK8;KhlU;xhw1;nJ29;9498;SIc5;6Rcp;5flz;aKeD;8029;XzCp;jbX7;zdrZ;hZkv;0446;1Tno;q5xP;KQWV;yvaP;8769
XsZV;Lgap;wn2U;1I0t;2415;7e92;WJBQ;xiUS;PGpd;3103;Su0L;lStX;nwJR;JI69;1919;w2vC;XLJ7;muhf;kFaF;2831;eWHP;UBqN;9n78;Hw1w;4047;zbY1;K09A;aaJG;1vQL;1944
DCRR;act9;m7cs;wZPe;2783;nq52;GtNn;nnWB;6nwR;5431;vrCb;hFrZ;uEAr;ZFzJ;0214;02Au;KNSo;qJor;MgaO;8755;3aAp;MnVv;kZBM;ghuj;9390;YjY5;NYyk;rPEY;KqvO;6985
aXgK;Sb0O;cdQN;zH27;6281;FgsG;YUeD;OWAo;VXe7;8369;j4IA;6pC9;f9f8;S3CB;2943;prRg;PYyN;FG8D;tHxM;7986;3bSq;AdYv;7hzR;m4pP;9494;R7AO;DRgb;NV6k;7TdC;1250
7rXE;jtrG;5Y5B;Grsp;9032;SI36;fftj;d0ED;DmpN;7619;Vbaw;fOUr;ySZC;ZFJY;4746;JoSa;jfiO;dpzK;3SeB;4732;NSJs;EOWl;pcNT;TKQ9;9867;hbeD;tXQO;WZdo;Rj7S;0801
0QCR;B6zo;vWB3;RSmH;7367;LMeJ;Ktcw;VvWq;UpYB;5376;GY8h;JYEz;kwJy;01rK;8249;BVes;Xj2T;muaN;fTOX;3852;0yN4;5HrN;KmuF;F7oB;6526;vIPF;Tyit;LKmw;y5cT;6595
ddFR;S5Mx;QWtp;ISiO;0402;zWup;bxe7;mglS;uIP5;5350;Ouds;iPC4;jOIy;1Ywy;0176;UEf1;NPbZ;X0e8;yEeK;5735;AJZg;c22r;N829;kqH2;6401;esli;HRgI;tscv;pNXB;6662
jHu8;A5mg;dBj0;72b9;0371;G5Dt;6mTJ;mB4L;oAor;6894;rYhb;0ncC;fBfy;Pety;1810;0xbe;fDjJ;VTXa;jz3w;2424;ZKCu;ssDB;Jjqr;QTdM;7958;6Qn9;SHpz;eL2h;BLrW;4673
ZV5g;b4WJ;eEbr;0wmM;6236;NiPa;fzJg;p3Iz;ettU;3837;jFzv;JBse;AKqF;9jaL;0526;p8S8;ByNV;k19V;cf4a;4922;tXU2;WxvF;6esF;ZcOo;2296;GPqQ;GbWc;ET2l;EFVe;3127
HNpy;Goqx;RQdT;6G78;1638;8TRg;Je8t;OIBu;VuH4;4744;J3zz;JEaZ;crsN;tvZ8;0704;M7D8;fM7v;zkVU;NZbo;5859;6FgE;EUi6;O5Zk;jAQq;9774;zuca;GGKY;RqxG;IUkj;1632
2FYr;QstD;is67;kxAw;9457;ox0X;P4Ie;8N70;aaxs;4479;T6Vn;F8DQ;uKrP;EEQ5;2227;4kOP;c4bO;M0Rp;KPHX;5315;aSGH;AbPZ;aikC;7Ndc;8044;1hDv;uND5;Lh0I;GwAd;1331
l6uO;3azX;yos5;g8jr;6804;KJFk;qjVI;cDfc;PcZn;3583;1ROG;ObX7;eNIg;8PtS;9915;1FWL;rPjs;DQag;PCQo;9413;8EQY;36p0;amQy;5cWe;8945;hpHt;JFaM;hcDC;bnP6;4672
GGiX;EFZt;sQHv;yt7J;3190;kc5R;5Ftc;mHV8;lII7;2300;KUI6;78zf;3fwx;lSE9;0603;133X;PPKi;J50j;N8sZ;3759;tEbH;mxZu;72VE;cX34;4361;8UNo;SGzP;TBl3;S0gK;7162
AnOR;xMVF;hERB;rM9Y;1202;bAH0;oYJe;6kOa;70Al;1394;Nf9F;R9Fs;Xh4k;Vsui;0704;NZ5e;p5Hx;ktiV;vPMo;2925;U4pz;kNqB;Bxkk;SthG;6836;ZrUT;BcSo;Y4lS;rraL;4258
ERiS;3w71;Q6mW;5fqn;0151;r1oO;75yj;6hrB;ZLjE;6277;cYEe;dUTm;VGxs;10n1;9083;ZKot;1H1I;RQDg;Mzn6;5937;cZAm;7cvM;8pOX;cy9w;9239;yJEw;D8EG;VUdi;8TpB;4767
rctw;I7XJ;5dPF;aysP;3243;chTC;EOAN;zQkt;GFzW;4207;wcop;thQE;q2Tp;9alv;0035;3IRZ;ng5A;y6Cd;EaiD;2758;rpbc;M4Ut;f207;6Jui;0483;a9C8;jcPl;4JWj;nZgy;3554
gmxI;0HFm;oksx;LC3N;3872;S4zq;8YBG;knsj;7r7W;0273;vTN1;lyPs;wx9w;rPr4;0929;Qnew;lRkm;TpI0;aWjg;6268;oqn7;dmlQ;HNRG;TmJm;8051;NQR5;adb9;iVI1;30MR;5022
BBZE;714l;PQhi;hXV4;1610;OzP8;DGKU;Lo0h;xYgG;7318;Oz8k;9Y0V;tbBP;KAlD;0905;5N4b;97TL;zaAm;Fp3W;1029;iBEx;lx2q;C0uf;pnAi;1677;bPym;PLKa;ZL7i;s6jP;1358
oIyC;LroO;6zMW;oB9t;4230;U6PG;CpyM;MxP6;5BT7;9811;YDZA;f9HN;dVHm;zhjc;5743;w7fL;0pyq;kLP4;lD0Y;7913;5vAg;Rkxw;dKN2;Q85M;7514;7bSl;1JBd;rFfF;vPBe;4034
qd9a;5qfM;iLlz;RnCf;6919;W3NM;ek8C;gwcW;1BhA;7099;bhSA;JmkM;znGG;jmPV;4773;vIOx;Xd7C;aOMt;ZFOd;5776;0qQQ;MLwM;nrgH;bZ5c;8968;5LuP;umK8;hOP7;hOM2;5941
OJ6G;wgpV;qtxx;vmGT;9297;JFDj;op7S;ihHM;G8N6;6979;f4gg;4MDH;kT14;7dT3;8891;ZM0W;T5rH;jv27;SPPf;3218;T3F6;fmx3;vpke;Vgxk;2789;sgKA;ErcG;BKAo;ZjME;5033
eYka;fHMq;j07m;pcRN;3215;Cw6D;GFIX;fn3Z;ro7j;8120;Yf01;gxpt;C3ld;EBlz;7993;jXTA;qegg;FzsB;VKmo;8021;vKtL;MNDv;yt1G;atP3;9720;Zkqo;0TQY;2R4g;Adrf;2818
zmrW;shsB;JwAy;sipO;2649;xpyy;KiOb;7NR3;hSK9;3760;xeUo;h5By;XJwl;yJVQ;5819;maAy;NGCt;LWAx;RmLG;6433;hFS1;ci0o;dJDY;DxMn;8545;qauu;XFpv;zVqw;mrqj;0658
GGWR;bS5C;ILFn;APuf;8760;kF5t;Npd7;WBmY;gemv;6426;QBD5;ozjE;8R1e;9IoX;5153;zILk;o2Jj;jrwL;Hzbo;1628;VlvA;D2Y4;Mh1h;k2qn;9743;T7zH;pRWD;kcyg;eE3z;0380
Fxeh;L0rJ;KqGN;RDo0;1120;E2Xd;9U5E;renX;YeDS;4328;B2gG;jM0G;FD1O;53IS;9040;rAc0;qvws;RHic;iJ6l;1973;9CyK;fls7;xTi7;gKza;7072;P0wu;LlJH;6MYQ;TFLb;9943
oB1D;ilTV;E8Oy;OwKb;1709;mpIo;JTCm;dX9A;2jJs;1991;D0aH;q4mM;r1es;VKMy;2833;CSxX;8vSr;J7d3;tS6p;2042;sjE4;VZNx;9gGw;AjvS;0335;DrA9;CsZi;h0li;Flzy;3760
6Ywn;RI7S;FflT;CXUc;5762;GzBx;236d;jqq1;whbV;2814;PWLq;v6d3;IlwZ;Pca7;8524;NcXj;jSrs;EZhf;Bxnu;9272;0nLX;0alJ;f95n;QbEZ;8774;6zbv;OH4U;pf9J;Ol8G;6116
sdRz;jvlc;bSb8;2jpP;2639;VgOD;An9B;qrJu;dn3U;4776;dsW5;9gcj;3NfF;PXeJ;6084;tnKN;dIcs;wir0;GrHV;4836;4sCX;KqX3;G7yV;tt7L;1723;ztJQ;HwTO;qIpI;j2ri;7925
9GxB;sG3s;06Fb;nz1R;1828;SLgG;4hV7;eX3r;rusf;0527;erNZ;97V9;Omjb;Rh1y;7558;z6Zd;yM23;aUeR;M7Uo;1141;Pg5y;fXT7;pUv9;dNux;9140;L4YB;SmRW;SUgB;aa4P;4645
UBho;hfI2;rpyo;FJQA;2426;LZi9;oPHs;hUWu;Wx1O;8675;sULS;BkA9;SnGd;XzJT;5033;Iz0B;vlZn;Xa3z;cqF9;2772;GdHD;a3sZ;qV7S;ekkE;9604;jhtH;NHUe;cNUQ;gjTO;3831
H1WP;MnFt;stXN;Z9ts;0917;Pj6T;PlNi;a9kb;8dfW;5672;UKXS;Z4gP;qL1X;s1oS;1156;1qSG;bBej;aLfj;qfDn;8352;03P2;mFjJ;4i9r;7kPW;1817;AgbT;Hxmv;w5MK;rmHy;6862
hhpV;tKja;Bruk;MkEZ;4349;FZee;43N8;pNbK;s3rl;9841;zjDY;kefF;5vQc;KfOq;3551;gjhl;JjVo;7rPi;3nhO;1205;1Q3U;6RcF;QmWN;QS7q;4250;ga9Y;63TW;WMDm;UqhW;3112
99Ie;fdB8;AF2N;M2ky;3443;hp9p;GmqH;cZky;NwPA;8835;qiGb;eK8U;CYtG;onkp;7923;yStJ;etAS;nDJC;WDVB;6895;0Bms;BNMs;HGmw;E04c;1107;ezrG;PscJ;kpt5;v3JN;2987
4HwZ;6aXr;mEZW;Kwhc;9750;YHwJ;MAXT;JRAl;elaS;2105;BZjH;tTxz;3SJa;3D5J;8860;xs8o;W7vY;n3aK;aJ3B;8091;dQD5;pyn4;a29b;ZJyo;4594;tGnq;ZGRb;SP3a;mqSZ;9998
3Iav;S89B;Ju5F;fQFd;3022;kgvL;ODKv;WOle;UhHZ;3507;ezTy;JVgG;tgsp;t3ID;9176;nQdf;n04J;Zeot;yOis;8969;cDG5;M18V;eIO8;RLl2;7361;6TvF;rH7N;WkD5;3mt2;8795
w2FH;piY3;PyHL;H1aU;7650;pVHj;xweF;UjGr;tsdD;5082;wX9h;PFXG;lGeV;ERbk;3535;x10z;fMyu;FeSC;CY9C;9116;aX5H;sS1b;ZLpL;g5vG;3857;uZZH;foE6;Wf77;92dw;1484
ROUF;WNuF;nOHj;PSzf;3305;NWxx;7edd;WItn;LHnB;2562;vmMz;GBTy;ULvf;dJt6;7552;q2Mn;QNbD;lDwE;gbua;9751;OTu6;9LTk;rIkT;ZP1z;2029;gBp6;zMIU;pATX;lZGn;1013
VORK;UYT5;ZvLq;UWhQ;9578;Kkyn;ubrB;aVJ0;PfLy;3206;xD6U;XpHu;Juqu;hXuS;6926;7iVx;LJ1n;JxA8;m53J;0707;Un0w;AXd4;foHA;QSEX;3115;ZqaQ;bkwt;7XMj;XuM0;5852
4PJx;OfFt;CWSI;siTe;9006;fS2V;VqwL;rPDe;FLLU;6262;ljJY;oVRd;3VpE;EUQD;9861;f8eL;ceBB;3UrY;IIom;4373;mdR2;sAfR;UXqo;DyUr;4935;rNJX;JHJo;Pm2v;olG8;7020
8ymq;KjGY;TzHP;7TD7;7811;KZjG;rxbB;Vvde;Nlh2;3411;q57Y;YH13;0VJH;f0Y2;6627;9EC7;7TxE;N8qK;KEai;0161;7jJQ;hpkZ;VnvM;ygU3;4100;Yn7n;9kVc;FgQv;c1O4;5481
Hdd6;q5GD;8jLa;Owbz;2795;EMvc;bLAn;jcIG;A9NF;0589;amrI;1M7n;Gr8R;KbIF;3056;XF38;pH9y;KeWH;aML4;9340;W4lo;XnAY;q4Oa;qmzr;3432;dJn4;9onI;LKFr;1jG5;5099
5GCv;edz0;UsnM;uXA7;9985;xrdK;IkGK;zXdX;yKFG;1523;Erqw;to5Y;URRC;6nk9;2416;WjWJ;yxMW;jn8z;NRl7;0690;FUER;ZXxb;BzYi;VjXb;5095;vgIl;tpTs;2GUk;Rq3p;7231
xTtP;4Fsy;bGVN;AXcT;9416;1njU;x93q;PmvK;DJ3t;0266;mrP8;OnsI;Hf0f;ZPUB;8401;fePm;JKWo;kCyb;TArz;9545;gKLW;5RVd;lh4S;ZL8J;3741;ASOK;L1bB;KTqZ;es7P;7166
UWkS;v8J5;sZ8G;40ZR;9066;Gsfh;l5UJ;iMwZ;1Af6;1832;mK23;fv00;bksH;12d7;4172;VcXZ;Q5hF;lRaC;aMNs;9590;VewP;rjSR;F3Ky;Itg8;8699;eTQt;Cs7A;mnbG;R3Ea;9051
MP2T;yTPj;qmXn;mrdv;1177;b08i;w9RH;SER3;tYOA;3054;AUJ5;CVYJ;Hw37;MmyV;1085;uelo;hyS0;iFDV;Q0Wi;2154;XG1m;rzjG;HxKg;j8jv;0876;sWaa;Fwq4;vz7o;kNzF;0692
A2CM;ZH44;cRkF;JM5d;1872;kaet;9o24;Pt4U;Osl2;8405;o7tm;kCrN;fSTZ;y0OW;1236;gntg;6QGr;yeyE;M1Va;7484;mDBh;u9PE;gYV1;hfJg;2318;LXfb;6Zc9;MdHm;N4zE;1142
7Thq;7Ok5;ZrL7;REN8;2214;hymt;1Rps;2NC1;3xqB;8414;dlUQ;w6hJ;OuZT;HGjB;7715;hq5W;Evju;hsiE;xZVC;6326;3Nfp;W0Og;WIKa;6rpq;4906;7eG7;zZ4M;xgee;Ch1I;0634
QaSP;ltBQ;7aVH;7Vkb;3757;XTAo;LHsX;9TeD;sHtp;2756;FFDt;9KMZ;hI2Z;mCRl;9280;zmGN;EZDq;aPMk;Gh2D;8536;LWNO;9kvq;Io2B;1cyQ;2907;egWk;BoPw;8w2C;ThL5;7344
iECX;yFfk;4Xo4;47Rr;0820;u4wb;lzFO;rdSZ;J4cs;8526;V5Bw;IK8w;vqQd;v8Dx;7963;M6zO;2MQo;dYyt;1aJ6;6237;YxqK;Vu8L;Buib;o40G;2932;CJ3r;WIij;skIt;QflQ;3766
HuJ1;smmC;pjLv;LpnJ;5271;MLxH;1sVu;DobV;0gaW;7179;BSOB;Kg56;JVRf;YrEC;3285;gVkY;i8Qj;YhZD;GeCh;2658;gLFq;9pZx;VPxo;7b0J;9304;W9ne;I4Zp;nvBv;Ocoz;6896
jyPc;WV5T;Bj60;0oyM;2563;A9c3;2iC6;ImCr;MCyu;4630;T0h9;Ls5t;7mRA;ilLH;0480;5HkX;yQds;9bp5;mvg7;6172;oygs;tiQz;0va1;se5T;4136;7Wnk;3G8W;1RJM;eg0Z;8536
ClCZ;yUqj;oUpZ;3xOq;2079;uqKR;PY8I;Dt0D;vDAm;7180;lmQD;cEDv;2zvQ;EXk7;5312;VPmD;e1Nh;ZT2m;JbkY;1483;s19a;n5lm;oPTN;Pggl;3927;DKcv;DiUQ;eebm;rOsG;8672
2hlT;6AuM;tIvl;3AQH;5428;lwAx;rWjK;wsum;ClKY;4766;e0fg;daJn;bUWD;EP5d;5593;vM7r;xUJ7;FApt;VmLh;5387;SDpS;o1vc;rTJ2;dr4a;4330;So53;UI0H;q0vw;vHaS;8980
a9yK;EXlu;yhDp;kyBr;5600;MXCT;7g6i;lC2a;R9ws;0344;46wg;2B0R;8XA3;FIaB;8644;pxzo;TCgH;gFJT;frrN;0677;QNY1;0cWl;r6aV;xKbZ;0859;dUsG;qoxE;TGlk;EKJA;6135
7tOE;XXbF;HXtJ;bLc6;7414;Q83L;FNkc;B8uC;AES3;7701;zQ9t;4Ozp;U8iB;hLAV;9013;9i0S;4ncw;nE9e;KT07;8110;JaiZ;MFPq;MOO0;7eNr;5277;26D8;xGSh;CWns;Kud9;6235
wRh7;ljr9;TBHq;Sp9s;0765;2Q9d;a4Bf;txgG;NbxX;9846;6e1x;lifd;heJO;QRUe;5297;PybA;BGM3;uU5Y;aPkL;3382;6SJQ;eX3X;UQaO;Rfd2;3517;Wz1c;KWhN;SYLh;785g;5763
bCZt;OY78;VDaU;BfXM;6392;wz7j;nTai;juyu;PAvs;7554;MQK4;LZEG;acwc;jOiV;0278;jJcU;q1Pb;1nDK;Tni2;5248;se6p;BBIX;Ybf4;ruWZ;8142;IHkR;YYAN;f7l2;vBfE;9616
4Rqy;zegK;7wPJ;NTRX;5634;0tJy;xND3;VVRt;fcn5;1175;DLOn;77uW;sOkH;uFBZ;0789;8RwN;0gi5;4KXS;jO88;8652;ETqD;0O8P;P4xt;34sf;6745;TEgP;hZi3;C4an;PEkF;4184
sgFo;W1oM;WXjZ;d1lL;1411;1r2q;ru6d;aZUm;c8lh;5312;An87;JDDF;ywhD;MTGg;4729;tUmf;80os;34az;fuHA;8380;1vvf;OyE9;pd5l;8KPi;3795;ODIY;bTjB;jhbs;oWA3;4090
YHgj;s9Ur;ZrLu;ZThY;1845;hpke;3zjp;izRA;n1dB;7613;nOmj;bipj;qekO;5T37;1959;9lRp;gVpb;IwCl;BMdd;5427;7cta;UQm4;S7SA;F9Na;3657;NOn1;EbVQ;I5Vr;uNyz;0848
homQ;RUY0;xoOv;x2XM;8880;PYsF;JyyQ;E6Ta;XukU;9627;dY5l;b024;f0qk;Q32U;4299;oqV5;9Yga;ShsL;B6yW;2660;eFR7;lgA1;DbUT;dAR2;8881;47Dt;LA9A;Sotp;JAaA;2698
fxvi;6qyQ;8nU6;vfIy;1412;QtTf;vdKG;tbrg;SYJc;5599;Lajh;uKPd;NZYo;qbqB;7631;2apH;oaRT;XlBC;0LfY;3300;hVVB;Jtax;FpcC;3Pl8;1109;EDe1;kxHd;Llag;83ZG;7612
sleR;CgjJ;JZvf;qlPl;7855;c1TK;n7WV;cmMb;unSI;1169;BJ4G;Flw4;da1w;78q6;7451;Vmq5;ryWO;ncY7;HL7H;1115;wpTh;dxJy;CjOL;i2jS;8842;9mFE;hBM1;suhA;5Rxl;4760
TXFh;zJ5C;3Bbs;jrRO;4602;CAmk;jjsn;dKGV;X8pB;7897;0nX8;EVMf;SKQk;hlEe;7364;Lhqv;MAFg;E9sH;TyB0;7262;dqAm;riQI;BVl2;eJLM;3180;QBJd;lVnM;X9FO;kPxv;9806
h6L6;YoMN;xkoY;yNZC;2211;iHGN;myMa;Clkn;BmAI;2573;VKCy;9wMm;1OMt;mPsd;4457;bmRB;JDNi;mteG;rQpO;5254;PhTC;4Aaz;Qf5u;6g0X;4875;nOAx;7ZBt;URjn;isK8;1731
RURZ;T1gr;AeQf;bcV8;9454;LRfU;A08u;5oTW;2NHv;5876;jvJ7;7X62;r67V;GMKw;5967;fjp1;JKZE;z7JD;q89L;3482;DcCp;3c3C;6Wyi;z9e4;8937;Vhft;BWcD;SXWE;jgdC;7707
AO76;CtX7;RgGt;4bpF;0854;PsyX;1hzr;0j8m;0cmU;4635;ZAVa;3aYH;cJpV;NfdU;9771;20xU;CvT2;1WSW;qkGT;0631;FxLw;zrmz;zmhu;jQ7K;9226;izG8;ctx7;F2VA;Wbs5;8632
2fAq;nQU4;nOrn;x3VE;1123;62pW;4BQc;4t5h;WarS;5988;3q8G;8BY8;5kyl;2X9v;4288;BPGs;lKaz;7pIV;Q7LP;2697;3Nef;JoCc;avPe;MZL9;4994;w7AR;45Gr;v692;GhiZ;0812
I2xn;7gHq;87YQ;HFU3;8995;y5jW;5jWP;X7xJ;Ww5o;1244;7yGg;WFQ0;Q6wA;Lqmh;2036;UqfZ;MJlB;nkez;5lRO;9481;3nb1;F9ID;ugaE;jcL4;3192;4P8C;Ckv1;7D6g;gJHP;9112
4czW;Gdz9;OUzu;fGVK;0157;1JOE;0xiV;rEUy;fMcg;3441;4xIS;7vJo;HnmX;FKVn;8986;pTsH;He2R;tW5q;K3Xb;8784;NHgZ;3IeJ;uW8k;UifQ;7764;RgKH;4EGj;alpY;IvUq;0818
HFi9;TKTw;gLeO;d6QZ;9906;5e10;rfgp;oeza;yt1l;4550;NLJX;JGlN;afYD;Wite;7558;IKiD;WBWE;4fLz;VLww;7699;PYFJ;7yV7;TUDO;uir9;5995;xgih;nvCE;HXVf;qi4G;9462
3Av8;kHK8;kNvl;mHg2;4631;gK1d;HsdJ;wMWu;tvwl;9288;Qpo5;xRE0;okj6;Cw8k;2359;m7sL;FDkc;4QC4;5vEQ;0197;1c4o;ZFfo;q6uV;xvbn;7327;pKDD;wDYo;WTaA;7YwR;7725
ZsB2;hcv8;mMCx;y7dX;8070;XAGt;qM2e;Uun2;E9Jo;6121;LxZr;dxGf;Eiod;lJzU;4171;TAco;p78U;HVVQ;JjtY;3657;jYHY;D3tG;j8rS;bFGv;8274;MTDy;kdu0;bbSO;ESbv;2078
kZNA;RJZT;8fY3;pdjQ;3639;9Emf;yRdw;LMti;lkUh;4421;JB2o;IO7V;iW3n;8HX7;6074;0eA8;gcbs;Kx8h;VXZW;7489;263j;CoO0;Tgqy;l6lK;2786;gx8Y;Ve5R;nali;478I;9101
PhOK;jtlx;Ksjx;ltKv;7720;aHuy;ciR8;WZhG;uF8Z;1672;wKOh;oE0y;JWkB;FmRq;5831;GMcR;ylt5;Ewdh;gBoU;8673;7stc;i3wB;8eXl;qqRH;6317;2WmG;GdCn;zedS;MjnY;1352
8SOx;4zyN;0eWZ;wZib;5727;RjgD;Q03E;yJP7;z2Z8;9190;Rac6;8q69;gVIz;SmCF;2618;MdyY;Odsu;RmWv;2Gme;1297;4EAB;Zodv;aBKu;FLpH;8669;OrOR;8akx;IAw0;NeG2;4531
ypJv;y4ZC;knph;c0zV;5553;K77G;iQ5r;XTvY;yRFb;6826;F6S2;dMca;s04i;MIIx;0547;mjsM;NMjE;SSXt;c4wz;3600;OVKe;Fw4D;9c5I;MBYR;5808;zk91;uiwP;1LaO;EST9;1315
MqUw;ASyf;A5ZD;R6rm;6675;55kE;zIRt;LkSk;zJ9d;6685;Ht7h;YALW;AIog;357h;1766;Yd3h;ZeJG;5eu3;SOvj;7591;gBWs;P8xL;ZEUA;FOeo;1674;VScE;RKjA;8jCP;6NJ4;1647
j7WW;koP2;kJhz;lNeN;9343;CcaU;9fRt;DoTe;auOW;0540;uCnv;BKgi;Mf6u;Ict1;2342;yLNc;f2Dd;q8HA;vt3A;7234;zoqi;apIp;s2XM;ewyP;2254;nIq0;0QWQ;ciOb;IVEG;7459
R4Vd;IJIt;Ns8b;I3VY;3531;FqLC;r4dz;gtLR;3QMj;1998;nRYh;JuvF;CtOb;zm2V;3231;ejbI;2r22;J57l;jArH;7650;dhpV;bRu2;IU3O;Y5EU;8979;AAmt;x8xN;JLcQ;2qq3;1451
tHTP;WvCm;OUDr;zkBU;8293;yKmV;QN6C;4R24;p8hg;8013;U2p8;Pz4t;3wHU;JtLP;4606;uuFd;sXZY;Aj4q;6iSG;9397;J8mo;tdsT;vF3X;gXbE;9794;tjB9;BuYb;ZSU5;LqFJ;5644
VZr5;MNca;HefQ;qySg;7431;EtDY;tiu0;VC1l;H2JG;0988;6tk5;wIUq;VKYG;hK8b;2322;RUZ2;ZaKM;OuST;k5nz;8552;ca1t;Abnc;7pjx;a9LQ;6159;YF8o;LaJ1;JKVT;bYdO;1559
ZO12;dcCV;1069;wEUk;5692;UjHM;GRk2;yHx1;xo0G;8701;p88C;h9qo;icyM;Z7l0;6214;rnpI;soDP;QQcZ;ZE06;6973;vSGe;8PnC;I4vI;4sem;6244;q9UU;yaF9;ybpW;Fwta;7102
bKbG;4on1;fcjY;r9Bw;8098;3AeV;Q7iP;eqKq;cBnN;1260;syOn;kJ95;PQUc;yTbf;5612;Xcpl;Bv0b;zqMB;8xSr;9384;hJU8;yYSe;gKmZ;NZlw;8004;jTCy;37NU;u1b5;YM8N;0592
BHQz;XJ7x;QyKX;wBSb;1629;Aox6;6MZd;REbC;SeXG;0620;Wwrk;WRV2;Y9jz;qyDw;9492;0lcP;8h0I;vEbp;8YLK;5660;ia1a;qqIM;nUiB;OTy2;5439;cL8Z;1Y4S;qvdJ;mBZA;4779
xFEn;Ud7r;bKfN;5D49;5163;NnDH;def9;qVnV;XMmP;5897;1qx8;vTWp;C9AX;X1bv;8800;OKe1;tOiE;UPPP;0tUn;3107;AGu9;JTHz;S5SM;aJa7;4045;ofZc;ikJa;eNkT;D9fA;2718
pQ6U;nyU9;syQ1;SsTY;9667;59jT;RM5P;jV4M;4GmK;1867;wuU1;RSaR;TdC2;P1fK;2552;haoc;QE28;pU3O;BRYg;6204;SwnE;onsC;pVlF;wrWj;6838;7xpg;wqSN;7hpA;ZPre;8848
5IDY;OVjd;Dw61;FMJH;9731;klC3;78J2;o3j0;qFbC;6777;IJt7;wb2F;OfLW;wl7o;3895;cU3U;kT1X;1EJJ;uuHl;2966;Yh4g;w32a;RDLz;LBGg;3661;c2Tw;DBvL;RBlK;6xe8;1224
uFnY;iZrl;ZObL;midZ;2132;2dll;vdL2;qXXX;JQtP;5901;x8My;7B7o;66iR;6DZf;0091;Oob9;S0CF;Efvb;GamE;7137;BsZu;NqR2;2Wyn;ergk;8875;8gLM;wzO5;AWu4;CIGY;8660
Y9CO;nDIR;VgXM;tSCG;8012;CuDi;ZeII;WkOY;7n6n;3829;n79j;2vVD;Vs6E;q40n;5660;0cT8;97KI;rVEh;ZZBc;3374;MJox;QgNt;KJFu;HtVO;3660;VCee;q918;vBea;Bsq9;6419
14Zo;NLOm;9Xd2;WhtT;1107;k5tI;JhVb;6FIX;qwzX;6363;12hX;vQyv;VLbK;uUkh;8205;gMz9;Zjgz;Vlbf;yfXm;8339;PJox;dloM;2Sct;Vifn;3525;Aufb;bvj8;xlOG;w9S9;4145
3lJE;RxxK;jb2G;oxvk;8555;UVBt;OiWE;cGUh;lTj8;6074;pnm0;Js9E;SQoL;K6Jj;5073;3WEO;mxje;XPj7;QT8B;6926;opJe;IPEP;jfey;NScm;6803;Ac9y;T4zV;mItr;764R;9297
2u02;hDvS;B60O;aCq5;5002;jMso;ZqrZ;P48e;a5L6;7852;4Hk7;85jg;mZOq;HoC2;1243;KIJz;d0Of;7894;szc6;8098;MI8u;ozZC;1Lpp;hI7Z;5271;7zBp;4NLF;rira;NJKb;2743
tzMV;1OBT;vJaG;3F4R;6563;6KAL;mdz1;TUjh;ocJW;0976;aveh;2wg5;SQgy;Rq3p;2292;s8HG;O8p7;qZLU;RarN;8412;dgT6;yEoA;oPCr;aqAe;6815;kgN2;ik2A;3BDQ;gTkZ;8571
jBI9;Nw3H;2MNA;44cy;7514;6SIV;E6Fo;WelP;8V8Z;4031;OzJi;6aK5;7nwc;e9fU;9373;gaLV;I879;VfhF;gciU;1714;9Vp2;bJjA;3qeg;sirD;7342;uT0D;7H0a;rwMi;BTcP;9069
2zjq;g7kR;3adf;OlpD;2628;j9bo;EAK9;HWHo;NA9G;0917;0eCm;mABz;3SW2;3afA;6033;onBK;8le0;KPpo;KL01;1504;gY0M;g7so;4Qvn;ugkJ;2436;OaGn;JP4L;x9F5;rrBL;9457
hKum;Eqsd;KBPa;fcTB;2057;M27L;ZZOS;Dg7g;ZoyW;8308;8PtO;eG7v;c7ZK;mGmJ;4424;Kdrx;nEL4;5XR0;Ks3P;5985;bdK5;5zJZ;rrDu;sgOC;5496;3rPv;KmWq;HFl1;cglD;8821
bxa7;Mh5b;ydbn;XyfS;3986;5MRT;FeWB;xq0W;Y0vC;6325;kOCD;QAcr;vSab;Gzfb;8843;u002;7KW5;4ZaR;ok2u;7479;uz4T;Srjg;Kfbw;XXyz;1267;1sIU;5qhi;uaSO;vhxr;0397
z7iW;PnTk;MGDs;RR98;1511;Ux3G;ftWY;r5yV;xxbd;5536;Fope;9oPy;wlA1;tTlj;5977;k3Cg;KioN;Vwk7;SD8j;4312;7BFx;6BFf;7iTc;vjcL;1584;Yxo6;l6tx;wNCf;f56A;1255
ZShx;Uo0C;P4Xv;hAYU;9220;7h0G;CH6R;uNQ2;qNHP;5969;Dk8j;Ial5;eUIN;cX7M;1797;kyfK;tSRu;lHDt;vZvQ;8277;TJeD;8t8J;ZdFQ;HtYr;7733;Iu5X;uLZn;0cbY;ju1Z;3785
aHXY;fVA3;9Ttu;JXiV;4061;GnK0;BBDH;oM7i;7OB4;3368;bBV6;2r0h;it4c;y2iT;9368;16Nz;os2I;XYgX;b0dG;5745;7Gec;YUf4;4fzf;uWje;9858;d63Y;cfMd;6E6Q;Qkor;9237
yDEJ;BOnq;KEcg;Iyxp;4520;tFIl;A04V;h4UG;L6Ds;2914;MPww;totM;CQGd;yVDu;9341;nkFc;7hhE;RCbe;MQAp;1732;5xIW;JiLd;7sXR;UIMI;2383;ZcJP;WsFy;hh9R;Sqyd;8137
0RhY;Q8nD;zpU2;fgGP;2903;bO8u;UnNM;pSm9;p6VG;2186;9Euf;0kMo;VWOy;r2Ra;9420;2eLh;nw25;y1g1;MMfy;3851;Cc1Y;A8Td;Ovtn;p01W;9571;gMSF;KSvv;aZZZ;qS81;2703
vYbB;cZoS;3MZ8;iSrQ;9364;5Wps;oDBN;jGl5;FjYF;3585;PRcB;Tids;sLAp;VHZU;2827;O9EQ;INbH;rW05;4jZb;6390;hHZ1;x1z4;NnvJ;ikBv;4755;Emr1;wzmz;lEj0;nGsQ;6472
ggKl;7lxh;x0dS;PY2P;1149;6XNg;c5je;OonX;Y9u2;2631;uQp9;23VK;85YD;f8oQ;3075;dgbr;qtYY;ysN6;s2h1;0785;p3gM;R9Aj;7MEX;2DqB;3753;9yaV;BFFn;oNa6;ueTk;8647
6Eim;I6fV;MSfg;CHeY;0723;lFay;vaqj;4k78;hkBY;4055;gpAr;BddK;RkDy;Ns9G;7905;MF4f;Nl6g;HEu9;SFTn;3257;14WT;bdqx;EJ1w;xAKh;2227;VVGT;sa3m;Izqh;GxiN;1119
tMyJ;bcKX;XeM6;XSf2;6875;kU54;7XxD;7pPB;YeE1;6061;yNKC;XvS0;GRMQ;GV1W;3954;wOnv;QwuA;jVLH;H5Qd;6819;cTK8;YRWT;grL0;j17u;9914;u2Me;0G6y;QYib;zxYG;9254
GLKo;MUJV;Nm8Q;R1N0;9031;lQVg;Cy3N;ZLbz;C70k;0013;GocZ;Y0Je;ClXj;K0xg;2478;ET0H;krmV;AqrU;9raW;5036;VqU9;v9Q1;Rdsp;OMB0;7150;HTnt;WR9M;wnMf;GfuJ;3737
enxj;sGX2;EnMK;CMJz;5707;mqU7;7vH6;LSuh;yyYY;6913;eRj7;u82c;k4k8;iFMk;6030;Vs7t;qMlV;c81m;82uD;7031;l740;mbCN;wecd;h6iS;7844;bbPN;retJ;Kcs2;S1qS;8058
M5ei;ROYn;nBo7;Gpiy;6635;OH1C;VnCG;DsGR;MKC3;1630;aMfX;5C89;kn5J;n7Na;6709;Xk3X;AOzQ;ooow;TYdO;5213;FbsW;2oPV;HQhg;smL5;6004;DWhq;g1uM;g7Dk;8Kt2;5353
gwoI;m5Gt;O6YB;THuu;3216;A0F1;xqaK;6sCY;zD3H;8826;Ky6t;IKos;c8yW;B323;1497;7774;0qzA;4aDD;EjoH;7665;gE2X;3iVo;Rh0G;dziz;5144;XUSY;HADu;2mgN;Ei9S;3642
JtJQ;E01r;Tka0;Ec2V;6470;XPVR;7IHD;Rtuc;mthy;7913;QTqw;UinY;hOFa;Wnpr;3252;AYaz;RyRM;HbgQ;tQ2U;4750;gw3z;0Q37;0MvJ;YaKf;4787;PyMz;ySWY;xO4d;5qbL;7895
kZLL;cD01;jOv6;F2Wh;2838;n1VD;MTAS;E1qo;U9WX;0572;ErYC;9LzO;DG4j;AMHw;9666;30xR;RQ3k;9YMi;8qxy;4309;9LDJ;1Lue;hs1E;nY1X;3849;MrYk;wxcQ;zugC;Pvcd;8773
b2KI;zKR1;Son5;iPrQ;4571;6CSz;7v0I;cGNq;ajyV;5839;HoRJ;dALj;Jhdf;aFIp;1747;LbP9;Myhf;er6x;9KMO;6668;curt;mLd4;dhjT;pEdC;3991;plYt;AnI5;J0VQ;4l5p;1349
4sNU;HbmX;Lakr;LFaO;7973;G1Ux;Tm6P;Epwh;0gVK;4178;SY8N;vFwo;VQzT;mcPK;6547;7tBi;cAwq;fb4n;AdF5;8427;ceDq;4VSS;gjtM;voo1;3067;doTf;2fHr;StZs;EVWC;2284
m296;B1pN;E8H8;GQcr;7656;VBuT;IqYN;OCtl;qhvg;2917;8YIy;k4Y8;ryn6;EG8m;1931;t61Z;bxME;dsMo;mGp7;8909;NZjz;qyIv;EvZP;c35Z;4698;5i4a;25iE;C6Jp;yXeV;8798
ZCF6;TRXj;0uJb;8BgK;3889;uVET;TvE1;EQD3;wlFT;4691;07v5;7jau;aESB;3aGD;2689;8Da3;xiiD;QLPZ;1SbL;7723;m3bn;JG1o;CjuG;tUVP;2355;xZoC;uWWq;JL5c;RdNy;0956
LKmT;yTUY;8Ssh;ju3y;4973;V8fg;WNxw;3Et3;gbVt;2046;9pc4;3ALK;DLMI;XWK1;4301;IC0C;NNWw;RJZK;m7Sb;0730;w3As;uIwp;0jHd;YRyI;2294;RtdJ;kHUX;vOzY;CsHs;5899
yRHe;bCQ1;I6FL;dL9C;0728;xmZh;vz0O;ub6e;l8vy;2898;30qB;MND8;GJGC;Y857;6819;m8Wn;4wu8;gyDf;BfeH;1202;uVt7;SMEo;wXun;hJwI;4337;H6sX;QVgP;ZV6X;9Vo5;1723
rTyz;a3RQ;5yJU;zvBm;1796;5yh0;Zwx2;4lbZ;D4i2;1219;Fu1b;lyOH;xtBC;LViu;7221;z193;twZF;O7p3;n08j;8868;LHWw;cn4H;3azw;uUNf;5882;JR3B;1pak;HRFt;nWw4;9605
znmb;0CjS;kY7E;gTny;2807;7Dfp;9XCm;94KN;rEkt;5555;llXf;Es7p;wcT9;8L4m;8007;hkDk;SHtQ;JT1S;1bnn;2263;VeEY;fhGo;xUsD;DJFL;5501;Btir;cmUz;bpRD;2Fh6;4596
WhNQ;CBgX;aB9y;OvkS;4284;jbVX;1dcq;pbjY;HN1h;9217;vaop;f19K;M8oz;4Htd;9638;yzR7;qYMh;meu9;UWxF;5194;o7QP;xWIG;TQpm;D3rF;7403;NuDZ;25yi;xG4S;tukx;3336
mEXd;YTpy;ABxW;8hco;9323;XotZ;LmG6;OnuL;vgfs;3491;YIXG;OtNS;28VZ;EbeQ;6458;4nli;H0w2;3f9j;eZoA;9377;at97;r5R6;GXuV;e5mp;7001;alT6;ntpC;vvST;6Bo5;4106
BCkM;yN37;9NEG;Vi7D;0389;A7pH;JCpz;yNwx;NRSS;6418;U53b;uXsL;pxMv;OwCt;1566;Ez9D;UNr8;KgEZ;vLgK;8472;EcII;YYBL;cNYA;QzBv;2498;2B77;p6Dv;rVfO;rVWC;7451
nVRQ;y0h8;0Tg8;J66h;5751;54gz;1YhR;SxDc;Pz4V;0436;TWZh;U5td;kkgX;ynE0;2769;9k3H;GZ2Y;gXU0;G5Sc;1948;jjnW;RwqC;TfHZ;ioOf;5022;qSek;D5hp;NPwG;kSKT;8745
1SSX;HLsC;EALA;EcvH;0339;pFtH;E49K;fHg0;l4RQ;2097;qmLB;EWTB;lta8;FyWZ;0719;Ts7K;rG3d;Sh7K;syR4;8320;ustQ;0scL;EIeP;uyMJ;5073;tzF9;UD8j;Quwy;daGZ;4601
Bqh8;TNNu;6a8K;CqpY;7450;KYkT;xMhk;iHVQ;8qQM;1757;8tsf;AoXp;W88T;jAKw;3670;qeFw;hHcF;NjYl;lYuC;5866;zJyM;b9On;g5Dz;LwiP;4725;vFZw;Kc22;GqFD;nRc1;4735
Ko3W;jpvV;001c;BDUp;5465;hzSm;rneL;VWiw;Wy8B;0894;4U03;2awY;lADX;aPCD;5120;dRHa;V2Gb;lXvg;DJeQ;6462;1Ba3;Y9jU;wxvs;Qg4L;5898;PWsf;moyO;0ce9;yyg8;5630
dOvV;PJHL;vClX;KzGk;3438;WKhB;yPyG;zsxv;SHhe;9177;m7RO;phYU;OLBW;b5VW;6483;Xkj0;CzsB;mmbk;wAM9;2421;Jm3Q;0ZqT;IxQ6;L07b;0129;OL6F;PsCt;xljY;HYvb;4670
fy3F;WPEr;F0Ry;9O2W;2689;NyKj;Ixc5;mAib;Pp32;7011;1eu0;Sj9H;vVhH;lead;4420;dcHm;DAco;Mfnr;wt3x;0134;FuRc;bgCl;r71c;joEp;3044;kOvP;HBfc;Fv3y;3pSQ;3180
nNji;Scqv;aJAf;1Bdl;7734;pNO0;BOWx;iV12;cN7v;0245;R1tO;6UEI;eFVo;sEFq;0003;Gt03;L9nK;YrSj;7R88;0040;YQzL;pQmy;8rAa;HQjA;1162;p7Cf;Zvpu;9xE1;KEKc;9775
WqVf;Vhgt;ANcR;VlRn;5336;ADWd;UMWT;6pwH;UVFa;6693;WkFn;M4TE;9eju;FFBO;1080;V4Z3;stfw;t8oA;YLDH;0367;9IrH;r3JT;zcvc;hKsZ;9616;HSAp;i1fj;tKND;TPQr;4238
u5bk;QdgV;wPgh;Cf4a;0906;OcLM;ZI8Z;vykW;TyxP;6597;Ahbf;B03d;GmQL;giHy;2810;akWM;09Xz;6adY;XhBf;3435;79gd;mz5O;zw52;PNjq;9438;B1Ea;R4Tk;iG02;RJpV;0754
eduQ;GA1J;Ram0;1Wo5;5255;yy3T;wE9n;dMmI;Ao5S;2375;0wxC;H4od;J6KO;f6pV;9314;9GWP;Whbl;dVsJ;MJcs;5197;PqtM;gLJh;PMaq;nrVO;7289;zDoj;1G0o;IIPX;zV7N;5978
b2ch;rkUX;m1BA;tshJ;3365;Aki7;BLL8;aBxF;l9NB;5699;VgkM;BA43;OLWA;JRHu;2405;Hll3;2OTD;rZOu;npUt;4364;5uJC;EqiM;jiaj;Pv5U;3437;KYHM;xZSH;1X5o;mFgT;9469
wBDH;8wME;9Vq5;VXUq;8311;VfJh;g8NT;rcw7;GDra;7956;ZidT;XFLL;ybHt;OD8Q;0457;MRtG;iZIX;Dgyw;NeIO;2137;BCD1;rhjk;NrGi;R0Os;9281;WJep;Zdgi;CePW;AgiX;0757
jUas;OXA1;YNTf;HCT6;5491;5sf3;Kd5v;X7J8;XRBc;7968;hOfY;ChZi;9RNl;XFuq;0649;7jQS;yiF9;7eqi;dZ97;0095;XIQn;1dxN;D268;RI8H;8195;sIgd;tlKg;YBlj;OEEH;1224
VKE4;nuxr;ORa9;yh63;8633;byE1;mCN3;eMT5;WwzS;5260;S9N9;gp9X;crOS;hRQ0;4358;4wsT;cx0i;n08H;0YN6;4649;nOOx;Ii25;OzR0;puV8;2467;4b2C;9y3M;VU8n;nBsL;7002
ZiUY;k67T;ylRh;K6rU;1405;p808;Wh3D;l4sH;70g8;3539;aiyK;0wMp;qVLh;LekW;8131;NfV8;rCAU;Todl;klDF;1258;qnnQ;5ePe;YhSx;gkdO;1947;jzF6;11X6;JD0T;nBVu;6702
cAQD;6ARh;hih7;2TEc;5569;LRX7;wCAX;v6S1;cNCJ;7825;HNrf;vIdk;Uu6Z;7aSJ;8326;tgHc;xYLw;6zsO;6S0m;4054;q2lb;iNbv;IQ0V;R3d6;7280;VOLk;0Nup;OVVV;kkKB;7806
yMja;MzHm;REDZ;Gn1G;2555;mFij;haeq;5eUK;EYWf;2594;Y1NO;40DS;4BaO;VLtN;8187;ELIp;tXHc;DC2X;0clY;7334;7OR4;a9Xe;6DWz;qwD2;5705;S99l;JTdv;r8UQ;TxXf;3580
Krap;sbkE;3cXF;lVPv;2587;Ku1f;n8A4;F6S6;dakG;4457;FqHn;NQ4K;vHZe;OGWX;2400;zAXg;ibBF;toye;ad3A;4682;SASB;4Wcw;S1GN;oLw6;9999;iuXj;FMvU;xIcn;Mcfb;5951
okm8;WSmS;OF9i;Ayit;4309;D81C;Ekdz;SXL6;aZR8;6972;sSEz;i7ua;SQut;3yLR;2000;GIIu;hRqd;0FxT;1Kpa;7332;3H7m;S9Uj;AdIL;pOUB;2016;qthP;wrkw;2Ivi;kllO;9176
Qqq2;124v;MZY6;Q3yx;0534;Ecfe;TTPF;7NcT;xRaf;4672;sUtZ;dsE1;eFQ9;V8X5;6140;f0iV;FFAw;bZN3;WwjB;9545;ESwc;lbpQ;8CLM;K3EY;3283;J9x1;qIMQ;cUSu;P6Nl;7997
qCFN;DzmQ;fbvo;jRci;4035;9Tck;7QDF;JbfC;YSTF;1701;0sBf;kF9Q;I54z;eXrx;6177;20yk;T3vR;qC9e;GIqY;8759;D2Zy;vCJ8;cMlH;snYi;5206;0nsW;xXoY;UPhQ;X3CI;8162
vgk4;ZsXN;HRYO;35Wy;7919;SGNV;cy12;6SjF;kOFu;8847;NMIJ;7qMc;lH7i;4FZ6;6161;qcwV;37MJ;fJOI;uXo1;8951;vVa9;t331;9Ax1;8KYl;9620;gomx;5sD5;szOm;eJCC;3740
j65g;kOGc;H8eT;wPrH;6429;lV25;0XBh;2Ca6;ny8t;3452;lbOp;aOyQ;q8Ok;KAxu;2376;9y5T;fOv5;vpIv;m1ZM;9160;rLoC;hcm5;gV23;SAno;4331;Zy58;VNA5;gZuW;0nn5;5537
ZzQK;AAlT;hnxb;imID;7786;tVe6;Nxb2;WJcw;Wwlu;7652;n0N1;SA7q;t9ML;bQXW;6297;eDjH;v49F;eeZD;Oh03;1123;XUht;x0tb;Uf8H;Ye4G;4531;jWsO;jlhA;wpUq;UiMf;4525
FXa6;uTgU;l2dE;Mszo;8508;D0NW;d0IT;UFLy;EE31;7700;n6HY;wVli;lJvU;Afp3;2377;jqud;mYif;GWCN;xnHk;2305;O7qU;XNjk;8ig8;RHVu;9445;aYjs;MSoS;Mroh;i5aK;8432
ylH4;gjxw;p7I7;qrWQ;0086;fgXK;eziw;pUV6;nln9;8890;dSCA;WIdo;bwVR;lTJs;3406;7hSC;7u5b;1EPi;Xgsq;5061;1Aj5;Fmbd;vYw0;yv0S;0892;8AlI;8XX3;O4nB;UzsN;6445
NpW0;LBBX;zanS;ewh4;5230;55Tm;7nEs;UYeB;lgul;7125;hVnF;GLvg;wOJl;v4PA;6960;K7TM;AOH6;wvvI;jTIL;3823;aY0P;nGvV;H5VH;qSjY;8618;DTdL;LaaE;8ABi;GILq;1193
px0D;csU0;F5Aj;AY4a;7490;koMd;u4V5;6EQU;q4Do;7240;F5Sc;c0xv;mWSq;x1xF;6887;Qh7i;Hr1R;Uhfc;IV4K;7584;R9zk;X8u0;wohG;xKOU;6201;OWc8;Klnh;Wb9j;dq4Y;4068
CmKi;DoD1;GrHv;x2sr;5428;lANe;s14C;y6kD;fAEh;4360;xKUL;5gaN;r2pb;RIJZ;3328;2yu1;8BNb;1WAL;UGyA;2202;s8c6;Pzjo;tyFl;puMP;6261;neSH;2jC7;Glmq;wqyx;5753
DTLa;1Zy2;tBf5;reul;8635;ddgR;XFdw;M738;lo5m;5016;9jGg;EYRl;reDA;Mg8x;9286;Z4ac;bvot;jUdU;N2Cp;5297;sdYD;6qmj;juhi;Qm9T;5177;k4rt;SvWp;5yFt;RPXq;6951
KkBh;ZvPZ;hvOR;Mx14;2893;2YpD;hei4;RC8y;kQYk;1979;pwam;sDXQ;9xw5;9BHW;8153;1gKZ;maCj;qpB6;DHM4;6474;6K0U;2V2P;Y0di;e7UY;5189;3KKP;TSoH;Qlds;3Rcc;8227
iDvc;ibfx;4y3C;Y9Oq;6847;WDHi;ZXEx;ZfqU;37bg;2339;OP88;LvE1;xeDh;A0lL;4966;JoKI;QSBL;p3Ev;Csp1;0295;b2Fx;dx62;P3lC;6Yoc;8106;Uqpw;rsPn;CR7Y;SFn4;5225
q1VC;f6sA;7J5L;2fnP;8245;Etz0;Ob8K;kWlk;XSkf;7464;ipCG;ZJ1B;u4yI;eZ67;5379;2xHw;ziBg;1M9W;iGDR;8906;XgZO;w2WS;DM2C;23Dn;4700;gGwl;fxkq;doOm;5S3H;3208
hPLq;HzuI;IAYz;QSNW;3518;YMZD;QVJx;AUId;wmEe;4566;6DsT;hBk5;Qb9P;V1Sj;1606;sus8;p7k0;Sn9x;V5Vn;2269;0Etj;yWYU;E8hS;OtRX;2283;56U0;a2nj;kyWr;H38d;1298
txpl;qWFk;m7YS;oFsj;4982;Eg7o;PYG0;1tCJ;2jVa;7905;U9lc;dpA3;0ht3;ricJ;1320;mz6F;v4rC;kO9W;lyCa;1582;UiyC;zVzX;YrKp;dbSN;2650;ohAf;xYjl;4dvZ;UBXD;8377
WBgz;djLz;GLsm;eehk;2075;BViY;3OSv;T4zN;rysJ;5542;Rkoz;iERB;3Zu7;Dtsj;7478;cYiX;twTG;wD7r;jZOr;6490;pceV;9S3v;W9i7;lZ0A;6048;mZwb;Kja5;HCZn;ikVZ;0333
GH95;5ya9;aqV8;qBjv;5940;ySfJ;nsc2;BKHa;rKLV;1500;WSXx;QajI;tH6d;7RYN;8564;7pXb;V3vs;herr;5Ntc;1974;Upvr;fNYA;LEVY;RWQ4;7761;EVam;yRfR;Jxnv;1d48;7020
ttSM;aTQK;sll7;oVTK;1337;Ly5L;zziA;DaE8;pJGr;3116;Oclk;2BS9;JQcb;EUK6;1072;r1b6;Srky;lBDn;noXh;4224;UYOD;mRKs;aiJp;cWng;2923;qOYh;3KgY;DFcQ;Irb1;8557
bYPy;4kv5;ANYC;0pql;3924;rxFu;8PLR;ufEM;T6qP;8684;MLA3;w6OP;oSmh;lyD6;7390;pddI;T6ic;wSSt;uxLi;4189;YPHu;pobP;fGBa;4wtq;5553;K7ak;hmYg;Yl2M;uNvC;4919
SKV0;I9bq;TKkW;vkqI;0523;x3hZ;vBzr;8DPS;c6qC;6454;BKBQ;jYZW;6ccH;P49k;5707;Knwq;wYpf;yAXj;FKQk;0623;3dFX;bm6w;PzXv;VUPy;0772;wPQV;nUmn;gpmx;1q4H;9947
AoCE;wuJn;uPn7;QhNO;0302;BDHA;Wgv6;iiCd;wBKS;7124;GFbU;hmNo;PGGs;KQqx;8197;L0X3;o2XN;dEVK;jZFR;5074;48jc;9CyP;TlDP;Pt0N;5536;s5jr;nQLk;Ky3q;x53R;7398
LicJ;Gqgh;750F;rsBz;5351;IgK6;Y3H4;e5cS;waB4;6666;8dc7;5H1W;Mupp;W9RQ;4447;Cc7o;PRa2;kWwL;wusU;6662;W3Rp;zwKW;AjMB;bStm;7455;QkUO;cMrS;aeSI;kwp3;0458
Tw79;DTYc;POq2;e5VM;6185;cXM3;MP51;u3mv;pT6L;6955;8RbC;hAJu;10QR;nKri;3194;O6Qj;6BAx;7wCr;lSVe;0866;BDnZ;nhxB;OwmY;tdoQ;3806;YORd;SZYk;vOzZ;3Pxw;1275
lJYP;NUEA;XRmv;C8M9;1281;r6kN;XbH9;KQag;kuIh;0379;oa0M;XaYP;yc6a;xS8x;8501;Fq6Q;UkTX;MHdE;7O2x;6782;dyUN;NLXh;3EyB;cWek;5421;2HOQ;DsvY;cowt;Amuf;7597
KcxC;lPBR;UVac;OXpG;8756;rXxQ;TS5h;CZz5;y8eq;5420;qLpa;gxTo;KR7z;vMVu;2284;vDC1;dDTt;OGJb;EqAk;1276;3gDq;rh9T;ZLpR;kRMx;7867;6y2v;HDG9;uwM5;XAft;1360
qNpM;B9XB;e07Z;GdFJ;2027;GVSF;ehqs;46tF;F1Qo;2589;cV4d;OBRE;rhAQ;4wee;9457;6SEu;FMbd;bDZI;ZPha;0918;amhb;VDbt;uJJo;fy8d;7481;zXMF;Hyxi;L0Xl;ziu4;6240
rD1f;0p9t;skru;HWjS;8459;8QxU;tti7;AO5R;X4V1;4455;yl1H;KHVk;3X73;j7Ds;7412;RqZr;QUzt;UGRZ;WU67;0672;W8Jq;H9o9;CflH;zTU5;9770;DSMy;eWUF;CVAR;z3jk;7363
0rlp;eiHy;tzhs;XZBi;7746;FJ3Y;B68t;q9iP;3vu2;1023;9BXf;X3EF;Di2Z;YrD3;5944;Dcec;ZoII;OwyZ;modq;3513;K9NW;64kx;ODCt;Uvp8;0567;AhfQ;yDvK;zBMP;uPjX;2751
g3EF;UdTQ;2KNi;Nfc3;1052;rl7x;Uzwb;UXw5;FTDk;7114;SC3a;p58d;6u0K;PF6A;8732;Xdre;J6t6;i5ZH;3tgl;8501;ghUi;SDwe;mmzK;gRnH;2298;5XJY;FuWk;8A1a;lAAQ;1848
YHhJ;V72B;SAgt;MB9I;2519;n5G8;DoM9;FXKh;bogr;8804;MHTs;6z3P;Afhc;j4cE;4931;XXV5;H9n2;Mi0p;IACn;5367;rqoC;wCkv;Mgtj;GR95;3538;0sPP;FsU3;kexI;rWRR;9425
E99S;VJAN;40rT;XQQ5;6512;PdgI;27J6;LwxG;HVEA;3939;SZAD;InSz;q2Cl;Nobv;2973;ucxc;bzlr;kSCE;DB9n;4705;okpn;ElHl;iCrn;nIYS;4426;uOfr;MNJd;V7n1;Nwsx;7881
OJb2;G6XY;3dA5;V2D0;2558;xGhS;bCnj;iqxp;Huc9;3616;4JaZ;hKjC;MrFQ;jENh;9053;NMle;zmsV;tAaH;gEfr;8491;ZSaU;a7FK;ES1B;Uu90;1767;4o5v;S9qo;teb7;G2HB;4226
jGlj;fdgZ;3Rs8;cg8N;4571;SwkH;J9sG;OWdd;y59C;4086;NZZk;Kxow;KuXc;AclR;3843;FoOs;cJgw;BmdL;xYOU;5661;xky5;wggm;WKk6;ptY1;7698;RoJy;PJyG;NfrL;MW9S;7681
Cyr7;g7MD;zr9A;9AGc;3427;05oa;DweM;rxey;vURT;6929;B748;hqOY;3uWj;9sf3;8236;08WN;PGWz;dsMm;18Oy;3280;rI6z;7Acv;gKaA;C8tn;1519;G2bw;Jkt6;qrlg;tMPS;8834
cmPu;Ime5;nF7r;yf2j;9269;XHU0;JM2Y;BHVM;uFps;1015;HESn;fGrb;BrIv;Gqkk;8800;oF5J;xdk3;SMn7;4Bqg;4969;gSZJ;gPeE;vSxZ;VQHs;3413;hgIr;cXE2;2zjd;CkTh;0388
v4qv;Trud;6cmk;DKMq;0680;ZsJu;kTfE;UOca;BD6r;5134;fnEO;pSs6;u490;1wJi;4775;maud;JAee;09wL;Zdj5;9303;6d48;trHk;bjdG;XIxQ;6979;aRQ4;XSnX;e4pi;h6gY;9721
EyQv;YW3F;mzQg;r613;5207;FBVH;R7Oo;txN2;bkLy;4056;WWNi;Zwjt;nAUO;IsRc;5921;OsEc;HGvB;WUQa;pQxk;0507;Co7B;WXVN;8xFK;J1Jg;1816;TRoZ;WDFQ;sDeb;dpl5;2134
HZF1;fCHQ;qFaP;hEbd;1106;pc2c;OgGN;3Kdf;MKwr;7945;Y7YE;MjQi;O2ef;Sx4l;2266;fqPb;9YiN;V8S7;F7B2;2871;u1d8;gLwb;YVOm;BVtQ;1336;pMUd;dMpb;QgET;HK1K;8038
DRD3;YXxl;ggXc;52AH;7025;uk8u;7how;Ht5d;mDNR;6850;WGie;r0xL;nxOu;3Ix4;4634;7ZaU;RgJ8;3Z7W;F82F;8044;EeBU;yQbF;BE4O;UyX4;2512;UylB;fLCq;TR8f;M4Qh;6566
eYpM;lsje;y55n;EaLG;7196;FwZf;An84;JG2Q;PjSv;3365;cnoj;IDMk;FpTr;7HKl;8968;ASH5;vm58;IxZi;WgrT;4718;xsxy;sxrz;WOmf;Wnor;1797;r9rj;6OKf;NAtO;2RWn;7505
Yy11;gndR;OPit;G2Rn;7733;mfhn;0xxn;7540;pRqK;4902;rw3k;sYHR;XBet;9B3n;0725;S13o;KgEK;CfMH;rguE;5007;EWwl;aVyh;QhaC;b07h;4084;6SrD;oHfv;ceOy;EIoy;5047
eCja;HO8P;BRyh;jzG0;2571;8cqc;m8Ro;cIY4;tckr;7739;6tnJ;J5Ya;Z4sB;6g4K;7624;Yn1z;4m82;5kr9;tQsO;6290;79MQ;NWYB;YuNt;Cctq;9562;uotG;LMN4;CdfC;duYG;1226
DP3e;UjTW;N7zv;H66W;3175;2dA3;f1NO;e2mJ;DJGM;2331;lEna;6Nbk;0txW;wqjD;8049;JDI7;kYeY;Y0As;fTyI;1356;gWOr;894H;XyvQ;E91k;6640;llk2;Pn56;RaoO;814m;2920
0dWb;7sFU;WLWl;a1Bj;3369;t5uw;8UYH;Lluq;gDmu;5490;uVXA;Bt6Y;DhEs;SgTA;9009;QotB;GOP8;gMVr;FWhc;8151;XsUW;g3AK;DOK9;m1ia;7817;wKRE;dtfY;vOl2;OFyy;6237
AKFl;u9QT;B0Rr;7Njj;4320;M2Ja;NTim;Rb6U;4SpF;3266;MNX7;GtCF;9is5;Hmzq;8270;xiEK;EwUV;gYxE;p8U2;3714;2OLo;si3O;uc8a;oA1f;0441;VgjP;7RHt;93y3;0W85;2175
9tqu;LS52;MiOK;tjW6;6616;h9i0;YV0J;RZM5;B22E;3968;UTV2;Gq0U;yCHK;qcTw;4596;rqAh;jVzL;iVhJ;BdGL;5559;cob4;5wTb;k0uv;jsqM;2986;u6hT;HEYN;uVnE;NwoW;2676
xGk6;0vRt;7wK6;wVDk;9137;5bFI;2yVt;35nJ;FXYP;4105;Qm1F;tw5e;otrh;5ysl;4487;O7P6;9HVf;7am9;kTkZ;9730;QUUt;26d1;uWcf;yER7;7008;fHQH;wRS9;oF1U;LJQ1;6552
pDC7;zODp;uAQy;qcNa;8977;yMhv;YWIp;Szg5;hMGl;1323;pTtf;AI04;e1Ym;Ejlw;8439;7QU1;L5r2;njwJ;EX30;1630;wQMi;AtO0;w0dP;FzXr;2813;y0Gw;4r1A;7I02;mNEE;0417
NcmZ;x551;zjec;2Qkh;2515;q0u9;Bv1Y;aIxD;pZXi;5203;kW8r;Ui1K;PQOI;nRRg;2720;dYDJ;FI5q;lHJ2;8H9n;3247;LtG7;YCQn;d9p3;pRZU;4785;ix87;nlXZ;w5zg;sG2Y;3125
9beo;bYMo;PGk2;kzUs;1646;W1vW;txot;Q4z7;DkCe;6657;2ujp;gAvl;yMpf;7HkK;2685;IU8N;GxhI;Ba99;5FPt;3456;e1ma;5q4S;O51Y;ZCzG;1263;TObd;t4AU;UWCr;xlnN;8362
toC5;E9SY;Q1FJ;C3Zs;9242;VnBP;Jy0x;VJew;3u2a;2375;CuYA;sX4P;2E51;Rclb;9453;AKX0;QkbI;eYo5;JTqi;0025;OBde;KTRz;UNO4;XmQC;7003;tHtR;ZRw9;zxXh;ZPmJ;5304
f6X3;N2QO;TtyJ;GfYZ;3737;83TP;6UyE;dFV6;2fGX;4987;1zM5;ZPZh;nE6y;M5B6;0705;EvOb;Zfh9;t0Em;STOQ;5978;6oh7;yFOu;QOyD;hFxS;1860;ywhs;EeAZ;sDYp;QpBh;7016
aFPv;Gw0u;bmFx;NA2Y;0100;sAR4;ZW5q;5GmU;ImEh;8814;15wN;Go5y;OGfw;UU3a;8865;iRj2;I8zj;8ugY;T72N;6416;eli2;C90l;g0Lx;ymNv;8121;mo6b;TOyU;6qpa;AXo8;0863
khnh;nmUG;Fv3P;1lmA;6925;qDul;FMSo;Xq9z;5umZ;4736;170F;ORUV;gMn0;UD7l;5006;opwq;1NoY;gxDQ;1wxC;8137;w3GL;FBRz;TJvI;zH4J;7751;shLH;6wZ5;4jGh;nWat;2382
w9qo;g9xd;Jruw;qScb;0744;DvEf;3vZF;iZ0U;9mUx;6852;IN1v;I41p;af3u;PJd1;8661;Xm3N;CaqJ;vcPN;IaJp;8046;wmbN;tJnl;ZtKX;dsvg;1718;qVUr;SEp8;PEQ6;OYKA;4043
VPeD;jj57;7kKO;3kiw;6148;cNqy;N4wM;NU9M;vAkD;6147;TZWx;Nk4w;5oak;x4Za;8937;Uqsp;La8t;jrvw;UPEd;7904;TWvz;1C5j;9sds;Vnsk;9700;5u2E;QUfz;gWz5;xavy;0721
35jX;JgOm;CoxR;KziZ;3555;wQw2;vxoO;WCHR;hgGS;3335;ZlZh;HAlH;vzvY;RPSM;3814;mXt5;X3Fp;7ecV;T7Ca;7929;Vdpp;T31h;41gD;19nT;4794;lpxB;E3uc;vdOJ;5s80;1133
GC0T;4R0f;2LmZ;pcLr;7541;XOh7;gMVz;AML8;XfQc;0301;6fHo;NMyB;ihpZ;x399;7806;WvmA;RJ0U;Newy;gRpH;5111;gqs2;07hF;M8C5;ZOyn;4588;Wx4z;NYx9;9SmK;u8gK;6361
HsuJ;goZW;oJ2P;rRyC;2345;PhCI;KDBW;SmI1;2Txv;5106;LMmX;Edpi;wtJZ;Fvd3;7066;H6dn;2aj9;L99U;hYaj;7330;37rC;XWvB;26ye;IeK9;6511;iZ8W;kwMq;ZxME;MKgJ;6679
Q6xh;HgYI;RRf5;IS9f;5991;pvcu;RMFB;k8ek;k8NF;5723;H4Iv;k23h;t3b7;A15s;8941;vcHG;O44P;y65I;XKwL;0088;HKhn;QhG5;JI1K;TEGi;0748;lP8X;7tMU;YPgD;1obN;4503
8gXc;orPM;plkE;nuME;1621;WxUt;MzXZ;bB4n;EMYQ;1828;tKym;98qr;8zwb;nsdq;0734;3YWv;LJHH;C3uN;uufP;8986;iSAE;xJD2;6c5I;uh79;3209;oEaU;BQWQ;5qhC;FoX3;7051
t4Kf;qlNj;atYZ;bQPm;6087;ouWE;lYwA;MGJg;jrsM;7016;JVKj;n7hG;MCCQ;cDMG;6495;HAKW;bfP2;UeEv;H4LE;3692;vGUH;dSmc;8BOc;gTeD;2366;YgFf;wuOp;rP1R;Ld6X;6319
OPit;LgAM;JQfR;Cqzn;2307;YBkf;mhNi;Qu54;d4VL;7134;wBZf;MHsd;QbtD;21UX;1102;J6bD;jSbJ;BnRO;kOTC;6004;UhRN;GIVr;HGp3;4AGJ;3694;xIzo;cYtw;dFGk;DkT9;7616
U9Nf;3XQQ;hcjw;lzfe;0270;kXga;69GS;YvKI;2REU;0938;8NCa;MFN3;XwmW;OP09;8956;xpX4;pGY8;qYZW;SoCm;0107;o2cZ;Sic9;a9Vd;m1qS;8031;b6Tf;juXt;eHEJ;ShoZ;3887
JYRh;Y2Yv;veIZ;QszE;8679;TKil;pYqP;E0tr;d1lD;8609;vzmM;4otd;fhIw;isCK;0917;2S0v;obPN;RGOv;vZIQ;6545;5nat;uP5w;YYJ5;wwPk;0003;kSE1;aieJ;wgLi;P1cx;6081
IiWs;gNPi;VpI8;gB5i;0784;wSyv;eTuH;hUpu;9BAh;4513;zDZQ;foWc;5639;XtAH;8399;xI9V;WWNv;nxI3;Jz4e;6576;7ewp;9uPZ;hBsa;mJFG;6550;MGIp;POb5;SDS9;z5h3;7153
j99y;MHRi;KLvR;WZDc;7507;U0vR;FhqM;cngn;5nrT;2105;csrg;eNUz;bva3;OfvC;8906;rE9D;lOZL;edrK;igeF;8609;KNSw;YA6J;J046;ph3G;4340;ACFn;Fylb;xb6e;jjp8;6862
VCWU;Qjt0;rMEU;oHYr;7930;nMVS;JkdW;itdu;R3Df;0076;n8xT;TdRM;IdB3;0JkB;2895;ICfd;WqOJ;bwgj;OhgA;6713;ZlPy;t58N;7Dad;Z2v5;3688;5XBB;DR7Y;5Qth;qii0;8241
sjQF;j4bj;fTF3;b4kt;5293;2jL2;0vYl;5dUZ;Zxba;2027;MQe1;CWcV;NJrz;gquI;0175;Pc0U;HORG;j8th;jwM6;5920;qnqs;WJ4H;0mXc;8Y6m;5738;7dBY;0Nyn;EkWP;zoDS;5743
6rRx;TrXG;MmA3;AwNH;6529;pGN2;t06F;sWgT;BBP4;1796;3NJ4;x6fl;3CTv;V2fZ;3683;JaSF;UtCE;mRJ5;jhnV;2288;ORgU;vocE;4DJD;RRo0;6617;f3i3;XE2j;wORj;5sJ7;7523
8h6p;gaIE;hkzE;gFMT;6934;2hH6;PehH;IrYW;0gTR;7925;5WJL;Q3Jn;Wszw;wPxn;1036;Ih9T;o2hj;zQHl;AN2y;4348;cn7m;jbK1;ru4F;6Zmq;9741;suUU;kOcT;NRso;QUdG;9210
x2At;xmoT;mtKq;e4f8;9564;Kypn;DrCe;kaEN;yKzF;6875;xxBF;kbKh;rxNY;oUor;8132;bUsP;yHe6;BrEn;Ltme;9436;CwEL;iraa;blSm;QTiZ;5192;SFQg;BBWJ;8s8n;WjD4;7787
dMdn;I62k;lXHU;Og1B;7170;p8Sj;F5uz;CPyo;j2hQ;2640;8L6z;pjGp;eiAM;bSVv;2042;sTC2;76Ih;HYjE;Eiyb;0925;BmLi;Bzd6;eVXH;ZG06;7172;VW5E;tGxJ;lNQj;uLNt;1865
qXg5;ShD7;6FqH;oyiI;8011;HcjR;c3tE;NQa4;je7a;5827;tMX1;fdkq;Bdyv;AC1p;1900;UIfI;A9qR;JMRs;C5OD;2604;SHvL;y09f;S0Tk;XpqM;8405;tqRQ;01da;xxYM;ZJB8;9158
lZYv;kGYy;syxC;ss6c;9371;S4JG;brpd;y4BH;qVwr;6160;BhOo;llNU;oBPc;S3e9;3165;IcGZ;wgiu;mGxf;FY8e;6452;9nwq;0LzN;26oe;4wBE;4268;rOoO;YNoO;Unvu;FkSa;8830
UIb6;q9Fc;tCpx;l0JV;7360;1Obi;ZsV1;ATlO;xRyG;4171;RPhM;wQTE;Kojg;CRFN;2268;t6Qi;ftpn;y0V5;CqtJ;9560;AWd1;Xhrp;cEwO;eyf4;5160;JtfN;2mM5;33Wu;3zb4;9715
w1k1;4z5U;qZky;yAYq;2559;LW1I;vYdg;6uR0;pS3W;3111;ISmO;GkT8;ykZp;SZdD;6340;Bq7H;gG4A;Xdb0;2hvV;7457;T1PF;HldW;4vdZ;7k9e;2838;oyc2;as7B;BciL;ve1Q;2331
Fiqg;a5t2;YsNG;gCqr;5170;IUSO;mtQJ;0kKt;tr0L;1878;JBSx;ATmN;EFKS;rEdZ;4823;jQ62;SGCe;PIGp;op5c;2415;ns1x;t6S6;vO0G;QfMl;6398;ja5N;RUln;38S4;Uy01;6543
7Syw;K49F;9iOg;3KF8;7995;zn4Q;HwDr;uavz;x2o9;2545;mLQm;l6rI;FFyo;dkjh;6632;dBk9;5eE7;dnhs;6veA;4834;8WlT;jTO1;PCDB;hSgL;2626;fHk8;Bskj;yZMX;Yx9p;9310
EZEF;ibwm;Eqt2;Jy0z;6719;oDrT;Fk7T;tJJ0;dHEW;1952;E09N;IOX7;nQKH;vv1b;5090;2ggg;0th1;ZMuk;LPZi;9967;u2WC;BVCR;K5EW;pu8I;7140;ECsb;EwB5;jfHO;ux7n;7081
x8kn;98Wg;gmLl;fooS;8539;SQDS;4pJa;pj8b;MABV;3945;C46e;LPyD;Jxp7;CBid;6806;oUOE;yiUS;5DOZ;4rbv;8590;YnPu;3Psz;DZdK;DbXs;2179;Xm5e;tERD;1gHJ;peWJ;1370
V8LI;Keu7;GYHE;zrko;8034;EwNZ;012S;6zpL;ZE16;9910;jJlv;tQrD;6D4h;asf6;7608;gI7A;nUts;5ldq;Yhob;5106;TeJY;V1Cb;rabA;ibyr;8102;8ZVq;OJce;Grdb;pdMf;5371
UULA;fF4T;C7zy;EA6c;5561;KUBG;i6l8;2Kgm;gUgm;3254;xixx;CXr4;tiet;DqwI;2448;15gt;YYoo;8ctd;WcxM;3766;vpUc;1bJn;F1CP;NSJu;4677;hBfa;Y1FN;cUIs;mdw4;9075
8zYP;PSt9;1kdU;21tS;2346;3yW3;mkqZ;JpNS;dtc6;6803;t6Ra;q1Fo;ni99;V8sn;7006;ZLZ4;eKlv;zOdj;HchS;3126;lzKC;m401;RCD3;NqDj;3995;Ue10;p8My;xfSU;Ka6L;4964
A5Vs;wZya;85Sf;HL4x;6600;wZuE;OaMi;D5nF;j4o3;6733;DRqP;Louf;V4yM;v42q;7351;PHyL;iMEw;7nRe;4yNh;6238;gr8A;7p0f;ljJr;1N9y;7750;HMbj;MSO9;XlZ0;PcwH;5747
ItoE;Kbes;7MZD;IrM0;9460;4MxI;LEjN;4tLU;B42f;2222;4QeD;VSut;pD1a;3Qvj;6710;vuVa;nzf2;cXr7;zI2j;6078;ZIG2;35KT;WqUe;FFrd;6197;eBEb;obLl;U5g4;Zi39;4985
qj2d;nGyv;mHdE;JcVS;1273;gWxZ;ok8U;8qMu;4FUQ;9726;1DYY;anjj;jul8;TSzB;9697;AuRz;vxll;J4LF;qUgs;0211;CJBl;9am5;BWQ4;Hs70;8409;LtUt;sYaQ;y5NB;NUqP;6777
1lQf;h77W;n2SM;Kw6H;9659;3gZN;xkAA;cHa2;Otrh;3344;OGGD;iG6O;LCAD;1GPB;9365;9qy1;9NoY;uYCd;FjMG;3104;OtaQ;e0bn;DTOR;j4MS;4000;JHtV;tvbH;FvWi;EqY6;1614
OAyO;hoAI;s2Cd;cved;5253;YCkU;9iGO;iGXO;3Q7E;3195;azbY;EuSF;6XtW;2d9m;1015;XRnh;6nWz;mM5b;d978;6763;5rd0;0eKc;dEn5;AOGz;8821;VogW;iUj6;nP7A;g7KK;0758
OQpf;ER4R;coqI;g1Kq;5489;fILG;Wgyl;4Nr4;W0D6;2199;w6yx;Ml8F;oRSo;RWAF;1109;G6Nq;w0yz;GWar;Rfi3;0920;1GJT;Wcia;A3Ff;CFVk;3038;IwA3;hT6A;PTTH;zPx0;9213
n6Ej;Ih6s;jztc;gpkx;7085;vMgb;SLNk;5vE8;wQJn;4230;kGjm;gwum;WqgO;Ccl0;3461;c6zs;SOIr;AesI;EOGP;8264;N27d;UmMb;f5eN;6hy5;1067;GX6h;Ox5J;jwwa;ok67;3771
4prY;jhAL;oi9H;ucXT;2061;8m4J;OKN7;xuvt;3nbF;5012;1BQn;qYKn;zppi;dLw9;6851;pwYK;PxIL;v2Nt;t90y;0784;uau9;UAXt;Bxaf;rXJm;2739;3o5t;ZXy9;4jOP;ObVa;0923
ZeHs;nVUi;ysnE;S6Se;0095;5qHG;KeNn;nrnT;avtb;4726;DhOe;bliS;mh5j;DXcd;4051;5eKN;vUKG;bJ8E;eQJW;8638;i1qy;GQXe;jfD5;0mpj;9824;YMOX;5mTq;Xjge;A25f;3849
UKHh;OOQf;fxTd;LIa9;7151;F4Qx;9GHq;gkzl;iOmv;4073;VMfQ;XCh9;F9mC;huiZ;7232;5ogL;Ye0O;HeU9;pGaZ;9933;2v3D;n88F;oq1g;WWdz;5875;fZKL;345a;ISUQ;QqDU;5220
pOGD;TZ4V;Pn7B;r2ZI;5415;frws;DuQQ;GKb4;oVe6;9731;mG7i;fc0d;hrDV;Pb1h;4796;g8c8;6xOS;QIT2;k0WF;3633;Z9JA;Pn7k;XxVD;iESW;5028;nguG;iHkm;f08U;pR9Y;8680
Xr52;fNAZ;cury;AbHJ;9886;Zxvv;1iwb;7oeX;WUYF;3101;jZyv;BglN;QMA3;JRXs;6573;ExZ2;Oeab;flv5;GbIb;6036;01ch;6kur;IrBu;gYon;8691;XbOg;cbDJ;XIXy;dXLd;3335
Exnj;4tuF;EjTk;mUWW;6360;YE04;7ke6;FfLg;QEao;1401;dAoy;QPnd;oS6X;l6Vm;8659;qU7L;OAz6;UURk;E0oe;0893;wv63;SPe9;CF9v;qk4s;5830;fDie;h0U1;K1BC;ZxID;6039
XZKU;PJRm;VE1E;K4h3;5105;mxZC;73P0;mIuy;LacN;6388;AhJZ;i4Ae;I2KO;snaP;7365;BOzR;K6bS;U2bn;h83e;0151;AKOY;Yxdo;G8fK;01nq;0538;sTN6;weXU;EZha;q0ns;2025
kQ5G;Mdkx;xqkG;Js89;4921;PYcV;f11G;viNY;KA2C;9355;LrsI;vXEo;9qWK;3KPl;8336;1zUQ;hrCN;qVfN;6zAd;8218;CPig;j0Pv;DXP0;0Mzo;4785;B4kC;wo8g;qDTJ;RbQL;0818
UvDy;Sjhm;lDOX;z95D;4973;XdJE;MMgD;6781;QKHB;4397;JWqv;nxNX;OYad;ScOp;5847;bhks;UgZF;aPdW;X7sb;8434;9BeV;9XjV;whZu;wyOf;2658;annO;SKSp;kB1H;AiBF;6278
Prxh;pWxV;9WF2;M9ub;5619;swb6;IKaJ;DJbq;ECTl;0716;llsk;0jy6;VpZ8;wZql;2864;BIgA;aTzC;kgol;9UrU;1704;z21M;nKgo;5x2E;fxNY;1106;tk0U;HVWY;jfzt;WrNm;4689
oOVg;JZmv;suBc;Ft42;7224;zkgl;h61N;o3OY;m0V1;6304;qIWP;qEJ6;zwES;X17i;0018;hNs1;hFFs;ttZo;DH7b;5243;5FRh;GQG2;mFhk;4Kon;1117;7Dgb;LRf4;vBwl;NbkD;3308
kr6Z;jZKP;Ef2g;xAm8;7017;zQ6u;6D9Z;SwSa;1Dca;5851;MyPD;ffKo;EQLp;WtJ0;1432;qZww;cWm0;2Cs3;QrMQ;9782;yrS9;tqfc;Ru2d;Rzmn;3108;dOJH;hRra;tAkl;GxtM;4486
Fq3E;qFmN;tAIu;jkqJ;3739;p7G5;4Gus;a1SH;VaFJ;1715;IaOH;sDam;X0o3;MWOG;9652;NpDq;PWNQ;laJ3;1h0S;9830;uNkX;jNgE;WOBW;TdJ9;3069;uRuB;gh5s;KUJ7;Kviv;1845
DnKj;GQmK;M0aI;wcWI;3017;MOCN;9wDD;OfRn;CYz4;9639;oq6g;CQFp;H12w;WBld;8985;bUTw;o8cq;rLiW;1YjH;9337;hGK6;pfEk;Tn3C;F0cC;2886;MEPA;MyF5;7A3G;huO1;0690
DR5H;pZR7;96b3;whND;7807;FzWB;Q2Ar;8imv;EK2U;9038;3WQD;2ItA;OrqC;gVKr;5671;KOYO;WDHO;c1O5;Gbwa;7235;HxrZ;7XLs;Rmtp;dHvr;1155;gTUy;58F6;L25d;69oW;8349
g9KB;eFvz;YfTR;T7LV;2754;sUUh;VpxX;eMQi;ZbDP;4064;9ivp;wKBt;CvhV;SuoE;2343;RRTu;yVIY;CWhW;wJWf;5211;YLid;vnwM;pZxD;5PDO;8312;RDSn;WPRh;f6i3;V2Rw;0407
uTYC;Svvt;M5sc;WdL3;2212;nkSz;gD9j;i0eE;MBeu;1489;ZqAb;Bafu;t7D6;gDlo;3966;6jjw;hm5F;sV9N;S3Rg;4586;Kx5w;f9VA;3KLz;BjFT;9064;ebqg;OCP7;0Br3;XYZx;5536
TUkx;KIOl;S0wg;i1ot;4079;j35E;nL69;Po3V;QZtS;7268;0h7Q;3kND;2Jm5;gIoi;7155;9dPp;4eHJ;L7ke;VWmp;4362;3snP;vtQY;HCZX;S20S;2918;Gcoa;cVrh;Ywlw;x75h;2654
c2Tw;9wc6;hICu;jN9U;3259;RUA9;J1Lq;IBgG;o6G5;5281;xpv4;HjKa;r5aE;x12e;6432;gtvM;bzW1;Ycp8;kpot;8829;CvhU;zcYY;2JpH;Q2Zp;1728;7u2r;sEQL;WmS0;KYDr;7076
hGJl;ee0J;Oob0;JrmN;2198;vhsD;zrti;7AOd;4nOs;3532;Dhpp;ekkQ;WDgf;8Qos;9870;n8Nz;90gF;udoL;Oz8x;2543;HcXg;AisO;MAq0;ljUK;0185;8zVq;5ayW;jfiP;rezc;7009
yG8z;t6LI;k70E;nypN;9772;tmY1;2vJj;kVwj;iHoi;2482;gu58;kk4S;WnPE;Andl;0839;4uq8;U2SP;x8hp;OWo0;1756;mvmD;nYMk;nPkJ;Vjfs;0405;xyA4;H4Qe;YnkO;3nw8;4265
o4oP;f1OP;wgCP;CWSv;2788;82kE;FuEF;pNU1;eFWt;5029;xcsy;0GsJ;6Dqa;5o5Q;0543;i68F;h3ub;QZWJ;d7bc;7060;GKqT;a1YP;XFnH;DAEQ;1212;NI2T;z8cT;aRGR;hgZa;1488
fSTC;fGlC;DDpr;M1NA;0143;5Tr7;t9cZ;dx9H;jFX3;2332;XDq8;r4Qd;W2O3;CRlj;6438;lfYC;gg83;PSn1;3eh7;5052;geMK;tkbz;Ax6r;seXf;4060;5wFS;EBqM;gMtq;c7Bf;0718
YtpZ;KiWU;3FR8;BOhM;2896;Pctx;V7Ac;6G1c;o8Uh;2909;OLcP;CBpN;F4bV;E4yb;3502;MUS7;enXe;uvQw;bibR;0054;az1h;BXzh;jVRM;D36k;0493;nFUN;uHOA;Oj7r;vJE0;0407
ORYI;hIil;xpD1;Gm9F;6744;tJ9y;EOHq;smcp;DFtN;4754;wapV;XQHS;yi9Q;cZv2;3800;q6Dt;yfWA;PwtZ;lvci;4945;5KQN;WUz9;vtfN;VOJS;9943;4LFM;EMW4;D8eC;wZPb;8634
gV2W;iyh4;b6Vc;7K4D;6316;jTkn;teRe;OzUg;kwyD;3499;McV3;Tt4D;sS7x;PmhB;2866;b0ys;lJiD;kWJv;UwC7;5133;IbQZ;t3Xy;JsRS;fxLW;2722;bEGi;jTI4;wLrE;a44X;8109
SYcS;T1f9;iX28;ejGU;3036;aPxl;0O9u;DGfV;YW7t;2601;LGqg;ux7q;tOBR;aNKB;1307;BSbr;RSWh;veH3;0dC8;5337;Ioy6;iYd6;UH5T;PEBr;6971;57Qf;d6B7;sXGa;dO22;1068
TpBQ;QEhs;reEQ;FWdx;2793;KXpG;W98P;jfAZ;5eo0;8125;YeX2;N8oJ;GS7q;gyUh;9107;e9zY;8F9e;BwAp;1mwx;3040;RDbx;5FQj;mjnS;WNRp;6863;KPYZ;9kFT;RJaL;nyEq;6178
CI92;V0eb;RSJU;5Quv;7376;rs9C;oIA1;3NzJ;1zMz;6846;AhC9;FMXx;wJTS;51iN;8682;ZCAP;ohBS;Ei3h;eWel;1663;EJDc;wwMt;1Gmb;H4C9;5609;Gm6y;ltrv;8X97;lXmy;1393
yATM;ymm0;50pO;NCy9;8266;S6MD;hUgY;grIP;uNeo;9386;ViJF;qt13;vHY3;z5Gz;5537;EUsf;YZU3;uO82;SPil;3251;hK7k;iBfl;E3mO;bp8p;0763;fNAX;oRrV;CO9i;YkCu;0483
JG8M;BUdl;BMmm;HjgS;4658;jaOc;8Kip;KQsv;FfJt;0000;1JNF;MAQt;kxPo;Xigi;1730;Hg86;Ezbi;jH1M;y1GK;5309;50j8;4OqU;LWq3;6j71;6742;P7Ce;GYYm;etxr;iqf3;7208
PRph;V6J3;dih3;tkbC;1088;Mby8;cJse;I0yL;MsHO;3382;8njt;4eMb;9nl5;ZpBD;8289;NsbK;rvsz;ODFO;vadM;1214;buCT;uwvz;C6VV;KdGn;7114;Bdz7;XcMw;KnE9;gVeZ;9302
F4PF;ZxjR;03Cg;LYNF;1559;bU3C;gVfH;UKLg;Hjj3;0197;eJJX;xFV4;PNpA;yQsH;1446;cuuC;F2Gk;KTbH;75cj;0474;6OEJ;Tzo5;gS9h;TnM7;0097;lC1u;UQDL;71SL;nkt8;6175
LZzP;aFyM;ORjU;yEA2;4710;nUHx;fmxP;bUaA;J7lV;3707;ttYv;mkuh;Fp0S;dOVB;0001;dCyU;8xRS;pQ1c;BAwg;2243;lhyT;U6IV;MmbH;O1hK;7710;qaIq;voVG;n7DU;HAe2;7229
iC5k;jXYh;4PRf;CZw5;7336;5PQN;iqhf;dFTW;ClC2;5440;4TC3;sYw9;IM4M;xqdn;5415;iIRj;KKVg;Sq8a;5XRm;4060;AkFr;MQ5i;K5MV;HttR;6510;SUTS;QoFy;ZUAE;7gY7;6061
HnRj;L5Qi;Fvfz;1iQc;8711;5Sz0;Qw29;lA4K;pQCl;0279;JpGd;6YRE;7L3W;jfhf;0008;tM06;pD5Z;J9iK;y8lV;8794;VddJ;69bx;ur9X;LOF2;9459;2caP;mfeT;e6zk;Bf6B;6525
wAx4;lnt5;oQYM;SlSQ;1406;jUHH;HaLW;i3pK;MBac;2553;Q6bG;eMF1;phBF;Sl1T;4279;UlDs;t3pW;57A0;US4E;1566;77tJ;PqUK;3EI5;aeDz;0114;cBgc;zX4z;BaTC;rBxL;8490
5HCH;JqRq;DTyO;ZNVv;6715;wTIw;tPKc;lPuf;HHa8;9453;l2US;bDTF;k1dv;2owk;5316;G05j;vCqU;iy3B;KMHE;6402;FtlF;5CEK;BBqM;lBeY;5447;yP1D;P7HD;wqtw;B4xV;0473
ooRk;nAks;3ZmP;lYsZ;7768;Cny3;HrLd;GraI;OD2i;6502;yW59;vIJP;Dphv;DVEd;2546;lPYc;tZic;K1sI;SCx0;0427;BfoS;j7r9;HfXs;Eo0v;4383;A6xc;W93S;gfrv;QnrH;0450
5GqG;GIOK;6WW9;SizK;1838;sNY5;Z6JL;rRxx;308i;5836;MWMA;7UND;IJwa;YRyA;9910;niRB;w5iJ;do2a;dLbW;5885;mBhy;7pAA;n98m;Nn5e;5790;pV2K;3UnG;DDZU;OYzM;0593
JuW7;b6CL;dirs;YRQH;6509;jkJ4;nIZR;rHJU;yNOS;4466;XSqh;fIiO;fT34;VVMX;7302;krWv;A2GX;Djr1;beEH;9927;VSPH;UG20;NwVD;3vyx;2606;GsOa;oBeZ;gkFP;yXdi;4651
ZNqu;MtIR;eRnq;PWgh;0861;w36f;5o14;5fzO;Tlwj;1762;YvMI;RSCH;heJ3;uWiH;4415;gb7w;9eK2;YE3x;1Mcw;1999;ZGim;PFiK;wdxs;o3mt;3736;KKjB;YzXW;emX7;LG3I;2831
J1WV;dKGJ;fWF0;XhMi;9703;OX5v;6J86;c0Nh;ud4K;0988;CQQS;nrTs;xGQr;W6Dt;2591;9rer;Nt32;q3RB;dORh;7433;hLRn;8T2y;7xSX;ABpQ;0263;Ildd;yleF;m9o6;tYBV;5870
D8eN;XDHr;fFfz;mEv7;6930;ppqR;86Rh;iyck;tptM;3885;wJXm;rL7Y;1ZYM;As89;5457;YTom;jm3n;gnKV;3usj;3362;zxqF;fgCC;1aul;y8iF;1393;XwqX;Z7Sl;srcT;RYG8;3177
Xgq4;HOBs;oVg4;x8B7;8238;LYN1;E1iZ;VPvJ;8rlR;9692;AUyQ;AKLO;nwBk;sik6;3089;LseJ;pnQY;JRwa;Pkuo;6236;Pk4K;JhEC;XaUR;YOVb;0511;4LZu;m309;Dsdo;u5DS;5327
FIsc;uyFN;vER5;2pFk;3798;WI4J;RyKI;ShRA;nYjq;3867;EkDz;QRJK;7Xs2;5Khl;3220;zMax;kGIl;bb9z;sY07;1450;9EEa;VOhl;uGfw;8V2L;0783;M5o3;p0aJ;4m2y;G5R9;4138
FMZm;tzY9;e8Xs;wN8e;0104;jnRh;QnE4;DYEo;NxCC;4339;akqz;nkZX;67bv;OGdF;3164;cQHj;J1b2;YsaA;g2lN;7413;TLhS;GBqD;JTfz;20qx;3090;qOcc;b9Zi;2gmZ;WTpn;0049
zcdU;fBIP;YLsh;PWsL;9657;bzbz;IZMp;n3SW;VKIM;8947;ZUSi;WGf5;PHSW;8Vp4;6927;vSLN;PNR6;g4wl;euV7;8876;ksw3;xpCz;ogW7;AZ5S;6173;YnVQ;67YW;jf45;sEyK;3497
gC6E;bKjO;6efi;k6Rx;2803;aB8q;mzDL;aOoN;9P9D;7033;s0i2;Wkun;6QuW;2nVV;5475;1bAA;A274;5Jm0;jdEC;2698;BIVk;O4R0;kvZy;dc0V;1454;8lwK;A3nB;Nts1;RxKJ;1321
q2A8;izMM;SEOI;BvZm;4942;z5yc;lHj7;71KK;hC52;3589;1rnF;jmnj;fpox;GjU0;9361;WEVK;pcUL;J2HQ;IAuR;7238;1n56;yqld;9wlZ;S1Cd;9641;eWtW;PSA3;evPQ;G1JQ;4095
06Hh;cQlr;pye1;0hro;2383;ds2h;n4Uy;rzL7;KBDC;3792;OnHZ;F88E;6m08;4qOU;4676;QpM7;gqYj;IfBL;84gI;9916;5Lmq;gugK;p78U;UTfQ;0771;h4eK;Pozn;vHqk;7XhS;2839
TLyY;yZ8y;8Fr8;1oqL;8438;iRxW;qXFX;tn2h;lfFi;5360;445q;g5f7;pGF9;XwI8;1157;7Dtb;QCHu;cCrk;MC3n;5749;RG7Z;uQ2n;tVA0;jrcR;7746;fS0d;8tYB;2jJX;7Vam;7147
N6LE;r9zX;4667;VFdL;1489;yGS0;M9Bt;xZUi;MJPo;8989;CJGW;kFcz;zdfE;Bsm5;6468;UfzU;GOU4;om47;9ITY;2168;eZ2x;3tx9;Rm90;3or6;9901;vLdJ;sXew;KpEa;g5eP;7679
w9Ul;DJbH;4PEj;NyKV;5933;hinJ;tSSE;G6Tt;jwpx;3566;rDuj;2NhO;Rr6a;Tzr3;0464;8E9c;V7jA;LETz;RXYi;3039;ED78;Z9eI;4vb0;yKIa;0251;HUsR;KCgv;Rp77;kdsp;7921
LKxl;XGrf;V7kj;g0aQ;9091;ssAt;pwB3;AiTH;aX7c;5660;IKaq;Vaxw;TKMl;GNxK;7006;oTo0;qAxk;mdiQ;L6TY;1605;tgR2;Qeer;JLTt;uKKd;3343;qPZH;GAF3;CRrN;NKm5;8354
Nj6S;uUuc;Agfp;NkrM;3826;c9TH;8iTj;jFFD;ihog;5010;SFln;kaoU;4oxk;RikO;0571;n7UQ;8WWt;CLnS;W4di;2141;m4SZ;vdYU;Jg3f;X32h;1707;3KhA;bxFW;fKvF;Fwjy;1154
HN2T;rIzD;YBu5;SFgg;3136;vcPW;x4VN;yzo2;i913;4062;M72W;pKi8;70ZZ;H5g9;2440;lEvQ;iR1I;zQmB;5Ifz;8239;ADbZ;Dmrd;azXO;Xmnh;2263;CgKn;nUfC;wmwT;bo3G;6360
vDe5;MgZt;XDaq;vdz3;5767;I0K0;DZfM;Ghv8;uqGU;0593;1odh;BMOO;7AM6;1nRt;3061;b9Ht;Pq7U;mupA;wU6x;2021;Y1FC;CdsT;NMJm;L2XO;0843;MHcG;StBA;RHuD;CGBC;4302
0yzH;he9x;960v;PrAt;1607;TutQ;uueR;LS7A;t46x;3790;HnvU;pylP;09jP;337x;7989;PJc6;NfkP;5pTN;uAOg;9990;D6Ee;dTxy;8AA6;6FP3;6586;By5v;VSQ2;rtMM;jDZX;5504
b9Ph;BWuR;uLSs;9hko;1181;CiJL;A9tM;5ZrO;zRBt;0550;QfoL;ALXK;EGch;zhfY;0357;FBGz;GQmK;voJs;2sTd;0420;WBYA;8Zwf;3tYm;Pcke;4112;EfEH;mD1N;ulUy;ntq7;8528
BEQZ;eGgu;YUZc;0uba;8208;6G6Q;Zfbo;3AwO;YOjb;2286;kXae;lMTZ;GtR0;64y1;6071;4PyO;EqeM;h8Yn;nfdM;5001;iIoc;kkoV;Jqrx;rEvP;1184;oLYS;hLxM;sqyR;JJJZ;4269
gQOA;5HVs;TtAT;NjqB;5135;v6ee;ism9;oqla;WjB2;7180;L5F0;v8wu;LkLq;i1tj;7935;ASAM;a0bP;xHPY;sh6C;0005;eA3Z;xObG;ofXL;4EjS;4326;64t5;6xyQ;AJMa;HwX2;6859
I3NF;dRZw;gFIC;Ktvl;4599;I3G1;RGHO;2duy;ZM7H;6358;zsO0;xfra;s1YK;AA23;7677;smQ4;dg9v;2uVa;zSYD;7052;uFff;sXlD;Js5r;Z6Lz;2465;49ff;ZiIK;9FvN;nYuy;0200
qzVc;FlQs;aZsK;3qzV;0216;cc55;xhb4;zXx4;yK9J;1356;tCrK;b2pn;tg1x;1igw;9890;fAP3;hj4o;c9k7;fK9C;1064;1HAa;dLC4;bNh4;COlE;7210;Nsee;fuah;5piA;r6ER;9177
nTCe;0abQ;AJV5;taBX;2552;3FOC;c7Qm;DYba;wpiF;7301;5AT8;CR9s;cHrb;244V;1804;ZvBH;yWUi;6ttU;rroA;2736;CpLp;OZ0E;Qomv;oOw2;2324;piog;9Nod;CFd2;93rT;2736
rE3F;FAL3;45JU;Sqki;9231;4drY;CvI5;1yv4;f7bL;3019;SDe4;9GWl;G8VL;LvES;0383;4Fgd;6Iwj;eBQo;5cWM;2787;LwgH;PGPA;92lb;Hyr5;3310;aO9o;v76h;mmZ5;Gxpq;8707
93fW;eusJ;5Qf5;dlyb;5003;Oe1x;bUxZ;bgia;2EsP;8781;F2xs;ncZq;vX0m;eEMX;2269;FqSI;8iOw;UWfl;HRHO;8334;7ZXF;H7L2;9d19;VtX1;6864;75ed;pifG;eYow;kPcZ;8375
kAYi;q3tN;Spps;fyiL;9250;mGZK;QfFL;AntW;8lBA;1665;B8OX;c4BP;HX46;s9CQ;8114;C7em;nISK;ayND;bIn1;1736;7S7a;MFML;0X0d;499L;9315;KJ6Q;qcsz;M4tT;1308;8280
KgIG;xZc7;1BIy;L69Q;4538;am1f;jwNt;IihT;Zgys;9920;vnUS;7Ltb;2w16;nYnn;9799;P0IJ;Vw83;GASV;zBxw;9853;YXpv;q1zw;d34u;b1BN;6538;sqBA;SzRS;9qZ2;yp4Z;4640
xw3F;be8a;tSxT;7OLR;8828;4prm;Hyfo;A0x7;va8A;9627;H16v;NX86;gNHk;tm88;8440;cMZs;1Uqp;k4G3;PsEr;5994;fXOp;6kX8;YfeR;kfSu;2278;N23i;GK41;Hyw9;txpY;5236
bIEn;V2LY;brr9;u2Uz;7430;Domg;a7MA;5Uhb;PB3t;7760;gkZg;5CPc;aj0x;q2CW;5747;IOiG;n2In;MeGZ;FROz;7870;sJse;NSBh;uyD6;BMsE;9841;EB8X;x8Ab;3O7e;huWz;2306
XZAy;JwvI;vRkg;Zgo1;9421;i9r8;DAux;LFle;6Scy;3720;N6BZ;8HrE;SRmA;scEo;2295;0hIW;onBM;BPfv;4Nma;2141;MPRr;oBSD;MEIX;tvOV;9415;VWeJ;tn9r;VsiM;210f;6605
BeFL;gsfS;7yw4;8qTY;6205;iRk2;hE1b;KmAV;HDsm;1806;oCQL;wzFh;87LA;ZIQ4;6713;qjKN;1zH8;R4oF;u4JK;7045;8L83;fiy0;r8fg;kcZY;9643;CBgp;iWAG;kTWs;sMEV;8311
Fcn9;UHAg;kQPQ;eEqF;1337;DLVu;vhsw;yOc6;mAte;0007;ESs6;qoEN;bkSq;7LZW;9253;EGR2;lKoP;NnRs;T5Y8;1794;FRry;CSG8;49mb;4mAw;9610;vann;Ov1v;3Fez;kiSW;8955
6eAg;2XSO;V7nd;Vxym;9211;7wEC;1zQs;p9gD;Mtha;6440;xeR0;fqsX;ueNq;fVDW;5426;WGmi;QFom;H9QY;bWGx;4115;Rsdv;bTaW;wQYu;rpXD;7821;kZDA;7p6e;eTfU;fHwH;5113
sCWD;WRQS;g883;NOC0;4970;WuH3;VDvP;JCRk;xcEp;2698;q4j7;0nuC;L6R9;r8zg;9466;0x0T;wtfM;ywZN;jqVZ;2446;OebK;xglA;xYpK;7iyq;8449;IKf5;AqbM;CVCe;SZSh;6875
MRqF;rHBS;FKFB;nEzx;2665;mYjE;ZZou;oCzQ;MPFG;3190;4wcB;d38x;yxOM;19wO;4795;H2u7;FcGD;384u;mSDe;6008;oLKM;Z6wQ;XVUf;TchQ;9682;AcDN;r7zP;MpUx;ASMd;2479
xoD0;zmDl;z8uL;Qq00;6910;ifPE;qlN8;FOs3;KGOr;3113;xMWF;i7K1;vUMu;zm2p;2388;GPSG;oaj1;ol25;WEpM;8074;jLY7;3ZMU;XG8U;EEzh;8439;XlfX;AU1Y;NPPq;K4KF;1467
lzMG;WWEc;rJgS;FD70;9477;6qCa;EsMa;NPz3;TkjS;9382;rRHz;H59J;0hg0;8UTy;3963;OPAd;sCuD;66Vn;54mz;2296;fQGg;DTK6;ng05;SHia;6631;XGiW;G3Ae;StvS;XuaR;2121
1ec1;a0HW;Kb9L;mqwv;9090;EV4H;rJtl;rdiy;7BaA;3760;girI;KtA4;8xiJ;iomQ;5051;HfzA;NPEj;RBpp;GJy2;0875;9h7d;x3Yu;WpSG;k8fi;5838;ajmc;ELfL;bKlM;diL5;1408
E2zC;Putt;I8Xz;DmlK;0621;l6a6;X7dA;1SU6;7B7y;7614;W5h6;VDcK;wdPK;p17Z;9963;LRGR;GFKK;gThk;MBGr;9240;eFbk;Zoxe;9Gfb;gzBv;0909;4vJE;DHGo;YBY7;XxXv;1353
rGyX;uFho;LBXh;YgqO;5059;cQg4;NPU1;CtMW;GaJD;7671;FdpC;KCLO;nMul;4KFN;7963;88Z8;O7Pe;AdfE;iq7K;7322;hOxr;Dpax;0M1N;adxE;8612;ZRnz;fy63;im0z;BzFf;8167
7Wvu;umw4;A0ny;lm87;7285;R4cf;aZMT;m7NO;ENyK;3998;KWHq;INFE;LEJy;9B4a;6865;G8OO;SKuv;cSOf;q40h;7365;vE8J;Nfr2;IOtd;mVec;3020;bJVS;lFy1;Ps8F;3r5a;1773
SyUC;d2au;QRzM;2LiR;5204;oyuN;N16g;Q780;5uD5;8118;98zz;WMGz;V3p7;qdv6;5320;BDHj;XmW8;XSXC;RFNL;1357;VYnl;zdfH;RKGy;qqOM;0339;xcSf;bjgg;9xHd;NYdk;0543
PsHm;ziXu;0GaB;h33F;9920;rWrq;a0aF;AEo4;qnPq;8695;EsB1;Edqw;gAJV;1yJo;3643;38OW;d19E;ZgVC;ecGQ;2962;t4IX;jthG;CwzY;SqlR;5278;NE9h;Dqlh;1uFY;s8qw;0680
87ua;jfBF;hwrB;3Cs0;3126;De1w;Deff;PksI;CAfU;1188;dn87;4oEl;NoGX;uFmX;9107;1AQn;Nl14;jQXr;p0Qo;6489;PvTk;FD1i;tXEy;Wyhh;7922;rJu4;A6YI;31k8;nLfD;9779
YozC;GNGA;KhkH;ntHj;5232;ckck;ctcR;EWLD;e5HI;7474;CIFC;GcX9;fwhM;Z42E;4629;chc8;0vI4;ID4I;8nZ3;2188;rd2B;0aUK;1UP6;mX3U;9164;JeX7;ST8n;0QKf;332N;3438
rp4J;25WI;otY6;4paq;6844;SsaY;KZyh;N5ia;ZH9P;0673;PT75;ANaR;yZer;qH8q;0775;gW5j;xhT2;ee8F;qaaQ;1780;JNm1;JBBO;Er6W;B6R4;4504;MQpE;tJSX;doxb;AckG;7828
UaQj;G9We;opSn;Msro;9002;Tpxy;DR5v;ZQXS;C8tY;1036;HRMS;h9NL;zaFL;KblU;1900;X7F9;nL5O;t2wW;WZue;6676;i0UC;az5A;HDg4;cfMK;3525;PlJY;BIzC;5cZs;o63q;9343
aWlH;VlFG;IfVf;hqoP;3155;qXVO;XsFV;qnag;ZoJz;8436;mEBb;JnXz;CYuK;DrhZ;5937;P2jH;oldS;5Zw2;I7x9;1248;cpqB;ABkY;yGG2;rQaz;0979;aJLM;zUWx;PoPz;Acd6;7543
aXM5;aeN5;yNcu;PwLD;8071;2aYi;aK0p;Fd5r;Kav4;2434;Iw0E;zSmR;8B9U;0mM7;1796;KwTV;IVpH;WqBQ;oY6G;7662;taHX;uTrF;183c;wLNX;5013;ZSgB;EiyA;kNLO;ebko;5686
fa3y;8zOy;X4Hu;X0T1;9028;0420;GbUN;8ZJz;tUGr;1635;PlU2;7w7S;HMPV;pACd;5130;mPGt;PUjH;PHzw;RzMk;0097;ZbL8;H4UF;z3xA;Bwxq;2912;gTSI;oz87;yJl1;YM8r;2825
8s2A;laSL;3w52;xHC7;6650;DJhg;qZWB;LE3a;zw2l;4007;rCA6;gloL;BRvA;ewci;1583;2gv5;FR5s;JyHe;5ebR;2070;OPqK;RKd1;fqiU;bbSC;9411;Gl0L;Wg8x;GJGS;BZkC;3003
SzDu;gEAa;nWPi;WRWQ;8138;vZwU;Q6Uj;4LlG;XGaL;4344;tU9t;s78L;vR7t;1QIE;5385;mmb3;S3kO;oV6F;80kh;0095;s4wJ;T03p;7NWb;LIa6;1156;gQ3O;hUld;BEKU;1c46;3906
daBM;EdL3;wxIn;62P6;2733;zkcW;TFBH;aEqE;X8uA;8949;ts9A;MMmv;2Ypn;afY7;0313;SIvA;e0TN;iaaa;gvoq;5768;Mm4i;KfKW;bxfD;SGkF;2393;QICF;V6xk;yJud;ClpI;4441
5Lg8;UKQD;CWCN;UbtP;6633;1sBx;OfE6;UDG9;9n7M;5018;BHo6;tyvh;b3sf;VFWk;1533;ncHg;PGEF;TXuk;v8c8;0451;rpqY;JRra;EuGk;NnC3;1380;A0TJ;5p0A;PrIx;n0O8;5292
a27X;bDuG;faNc;Iol2;4484;AGuH;5nmY;16Ab;Una8;8539;twRX;loET;aAQF;f6Ji;9194;0A5x;gvac;qqfQ;oyXZ;6224;Tpiq;aEt3;8Vzr;KhVh;1751;bOIx;6Jgo;qjot;4kXm;9346
P3PT;hRel;KvN9;pJPC;4601;GrQl;IL8Q;4hOk;rkcX;7676;Y0uX;JvaP;zZOl;oeYU;8830;6X7N;mUe2;LcyH;BHtU;0848;zpgF;nJUo;iGbH;QIFw;2228;aXRT;Ivns;m9RL;tJfT;6580
xh7P;XG7W;ifu4;vycQ;1096;t3Re;GQiU;7kbc;ubjn;5415;RN5X;S9rb;4BrW;pIcM;4346;lzRb;isCH;ZDAe;GOfe;0847;cbLI;U8G0;lzC3;VBgs;1187;FUZA;7rvC;LpRR;NAeY;1791
4t8U;A95I;wktb;1tvU;0886;8EWR;5Uvn;FqST;mJHY;6508;bQGL;TFeT;AYLd;Ul1H;3010;w719;HZPX;y723;bCTx;2130;EY3v;Knqy;b7Im;9Vsv;4295;3OMZ;GkO4;t7Mv;QnCw;3588
jruY;FTqx;zNOX;C9wM;5127;n0jB;39uX;dZkA;1MNC;6149;CD9J;woRT;U4Lu;NX1k;3047;lceL;YSJd;ripQ;e3DN;3256;6SKX;14X8;e5oz;Q4js;5788;2s9n;FOnx;ZEIK;5IXh;5369
lGAW;l0GB;eShU;lZw5;4550;7dHc;6tqE;od9e;s4nJ;9489;3Rqf;rJlp;6RB7;DydQ;4428;2Caa;4lvN;gEv3;EVo1;2366;M0iS;9TPF;Mse5;Da5L;4706;OrJL;QJ9C;06W1;LjFr;9877
ULLc;X7A7;aBUV;xzsh;1178;vE8T;Qwku;bBHq;2rdK;1159;ELnQ;x49J;8Rrp;6wqK;4526;ufku;nEBn;Ox28;fvVe;5892;2XKR;5T1c;KraC;JuRS;4313;kAE7;MtEV;YEY0;NN6W;2953
5NHD;2GTj;YLv0;4Sc4;6263;ERvg;rAsv;48qH;NkdY;7431;0VmJ;F6tn;jtFA;KUso;2976;5Jy3;oAW9;baqW;WYMf;3078;5CA8;qNUu;IvmH;N6D4;4858;VYbd;unES;8HYC;GPyP;0881
TXxf;VfYZ;Tqgg;WECu;5931;cZwU;cQPt;3JdF;GiyT;9377;94MB;C5Q1;ExCX;CXGb;8984;g2MP;uhpW;0o3K;49Ko;6165;zMK3;dU3W;jlvC;pACb;2058;ednr;UtzL;XGKV;iUxT;7573
ZHqW;BjEr;gezo;noFV;8182;0Aqq;WGmu;fjmg;sr1B;0518;LySc;2dze;JjQf;6M1r;7803;jfFv;dvaE;hEQG;4Mx7;2564;IFVc;iPWy;YG9V;vAUM;1235;JQ0Y;B6zy;htGd;ZL90;5013
YiZa;LAY4;NlLO;eWjP;8557;V56b;Ha0i;JrZW;1Gil;3823;nagL;RJlP;ZZ4b;hU94;6909;q8eM;KLav;8IJx;cUm1;3814;n0Dq;FnJT;TBXE;aDYi;5193;wTBj;n7jD;sFuJ;lDTJ;2962
wTNF;UNo3;mCcz;kUzu;6195;ejbI;15nU;hWu0;tDn9;2583;NHIs;YaRu;QzWv;U4IB;4599;zyVj;Fcmn;PisY;DNiX;6715;J761;WnSx;9Szo;QgLm;8511;OsRn;73Lb;v3HO;p8EV;2559
Axrv;Z9nA;q1gp;JYTi;7801;yDNc;gxQf;nnpI;aAmo;6345;ln1B;7oih;WcVJ;jkjd;2187;WzmJ;MP2Q;Iu6L;qPqD;0762;bc2v;jwBu;aMUR;PFjl;2886;Y2z2;xMTl;NfXv;EB8L;0882
AH35;lsmg;kI7j;RcOa;5031;eWxw;eCZe;AeJv;ynPX;4095;wHxo;YCne;jZYH;MLt4;5644;VyTS;Lpcq;d06F;0Hrd;7087;CHAc;YXEI;9F1T;z1xU;9695;zjTm;z9G6;CMvg;qcxX;7612
OC6S;q5EY;TcSo;ev3d;9185;0NgH;j3cW;qt4E;K41V;1793;5ovo;AwQF;NuJk;azC5;7838;pbpR;WnLD;gu4Y;6ho9;0431;Hq81;AtuZ;GVLL;A7De;7484;tqSf;miL9;xz0W;8OiM;9409
7Qxs;f9Ve;kSje;QzRu;9267;RLvB;Ct5o;6waX;ONu2;9237;EbtJ;JUOM;bRuE;GTXE;1060;ZyKG;7OWH;09o5;8CQQ;0409;ck2e;XGwc;fyKX;tFT3;7584;Ylgm;3lXx;oI70;2fHz;0909
frsU;2SYE;7Pdi;PMo3;0043;PNos;r9KH;GZus;rWK1;3137;c7Wt;mVxP;nVVU;ODmJ;8401;4qUb;fV9F;6Yuv;ctV9;4503;uBfR;nEjZ;Bg1K;nQIT;4493;eLGe;9MDr;XCHS;KkCU;8587
NZyZ;dBiA;GVbP;oOP4;6181;n6yT;t5n9;7t4U;XIaj;4055;frgj;fDV4;s0mf;YHGM;4780;SX1B;MGcJ;8VqD;EXyb;1360;egzs;eeYt;KOpg;MrqT;9049;oG5c;ayOm;l2tU;sNVo;8391
CvC2;4eBX;60J8;AUx1;9411;wKhO;csNz;K94X;NPOP;4436;uJzA;k7JJ;W4FN;Yb9T;5804;CPR8;qLy5;A5i9;HpDS;3956;FPNo;Otic;9FQ0;oWmr;6192;ed7X;FpNz;QWaG;Ex3I;0927
eNuD;c8Jg;69X1;ITS1;9761;qsAK;qV96;Dz9P;ezaO;2120;ykcb;hk9l;P1AY;dXn7;7312;4G04;cOxt;Z2P3;W4Kx;2099;rAVP;QtQY;K4Ik;vgYH;1733;GQCy;tYT3;qSdv;3AWv;2943
hWVy;nE9M;9xeE;JEvK;8218;4LeU;aGgY;uwMI;Uvn7;1380;IMBW;sn1J;6OMO;SMxI;5738;yLQJ;2gR3;Hd4t;E3UI;6387;XGEt;yI9O;olw3;KirU;5368;WBJ4;4wUN;7GsG;NeHg;9855
L6wC;R1RW;tyMT;8WNr;3017;RoTJ;zj0f;GSSC;wb1R;6748;7SWs;ILmE;hQD1;sxdb;2925;nY20;5YFK;RlDO;we8w;7924;IrYl;GRT4;BNCV;i01p;9062;EAop;lmna;U8Id;G2oB;6648
FZ06;bpM4;gvfu;R7Vc;1582;0QMA;1yYk;VjzV;9ZXQ;6499;BB2f;T8ty;t6f4;rfO4;2405;n93D;pDlM;mdom;56Km;4008;sGFG;HhFx;ci28;bULU;8679;dzCB;Szyt;78x2;AGsN;4215
XBRf;IStG;8ftY;b2cE;3922;qcBC;pmrq;119u;StaZ;3027;jVry;Nv3Z;Y9B5;peH1;3417;jwnf;M14l;8WLJ;bVge;3119;2ycd;LF8f;Gks8;1yLW;5008;Sv0x;6W9k;wQJk;x4Rl;8938
3jsp;NbSA;4onf;EY7d;6064;WP2x;OudJ;xJ4z;tfRF;3247;RZhK;ShDq;lqmq;Qigg;7907;s9AT;Mldb;Pcj2;QmxU;6359;jWf1;nCJ4;FCjK;ieUu;7658;A8i6;x7x3;YH1E;WB02;3659
5W4y;RIPV;cV9C;I8NW;9579;AWfw;UAg1;YBDI;jmbR;9560;9zyt;9IkZ;oEgP;HCKr;2055;vqzl;OO0v;rJN0;6Wwr;2585;tLUw;55ba;ptCL;7STR;9733;nkRA;6DgF;1sV6;f0zg;0069
ATLf;uz8o;Yy0O;ttQ6;5436;Vm6k;STFl;dFNA;20Ep;9045;LMFT;3GAN;YlVR;aBYv;1018;6JvV;HlQ8;qZH9;JMDj;7241;dI2s;VMEo;25sY;qOOf;4455;UAGc;dCLe;xPfN;YPKI;1734
xTqG;j5jQ;EB8M;2ZJm;1938;c5AK;QuOw;evtq;sHQt;7727;rEzp;Tk7w;TacI;QHrf;7440;MevN;7k28;igzi;DOtx;6191;dvIW;wKUJ;UyCh;vIoO;6860;CTJ9;6uIJ;tUhX;AXDu;7560
boSD;EO2t;a2uY;l4Nm;8196;Mg8l;VPYf;0tDm;34Hu;1240;LqQm;z2Zb;HQxs;GKqx;0632;904b;VGi5;gZTV;jl9p;7955;oVlI;JBpv;BpV8;adse;2611;SjeY;xRlz;3fIP;5WZ3;8205
KxZT;BTwx;ezu9;YxW0;8941;5yYp;JWjc;KBjE;xSZH;0684;fvs5;Z1C7;fMr9;tKAZ;0275;aYfv;6LDI;fCHO;lC0c;7178;qUVT;TFxQ;Lae8;LBd6;2678;sm9C;WVok;tsGp;sGaI;7789
AxNu;TQI1;YwA4;ylEu;9371;InNS;POQz;A1gP;5mp0;3747;Mov4;JQBD;WXIi;zYnm;2188;cJ25;cHW6;NoAT;iCml;5410;1Ju1;Kd53;aGCj;0Lg9;7461;L9Ui;QDVf;iKHU;kgy1;8559
rgMD;WU2j;CwR6;A3BD;4323;MYR0;jD9p;OKUS;MpLl;5627;w7dg;yoeb;GBWQ;90Qq;4282;oiVw;l2DU;GFHw;Gu4i;9369;091h;v5cF;WySw;rAHU;5028;efBy;G0wN;yHf1;hm5r;4347
2yC4;MEAr;tMiz;TicX;9055;GH8s;2JL2;mSRg;j1HO;7309;J6sP;dKJO;nxES;N1Q0;2328;W3k2;2dEN;vBjJ;o6nH;2697;ZVYt;lEDu;OolA;jH0h;1803;3VYN;jq04;GSg0;EdWo;4542
8cYe;zX9M;Fxb3;jEv5;2820;QfGN;7yoG;Q4o6;lfWK;8386;elt0;HoQS;5c4H;YMoO;2487;lCL3;ORMY;m6Go;s30G;6181;UH70;9EMY;f6xT;E4ZE;0073;eNFi;WHO7;ligQ;ldrH;4167
qUBt;ybJY;50M9;vo7C;7281;QrcU;1TSU;Xaej;IJNF;8934;l81u;7tD5;PrKe;fdNo;3834;qvHo;ItuD;fQhh;EFZE;1045;vnpb;vIRh;Moow;hKLA;1132;CoRt;c7bO;V9iI;HhEi;7065
HvAs;nNZ3;5LZ1;zks6;4996;WoDW;EpGV;nxRv;VKp1;9601;WkTc;mLbn;8JK6;a22I;3305;bkJg;JLs8;Ehyz;36oz;4811;d8O3;q7ID;2lnU;1PBb;4787;UM7B;qOG7;rb6M;HESk;7387
0yLv;CO25;4F4h;RgCl;6601;Jef4;VgxT;DD7Q;vLtB;0324;Aqdf;HYNI;qzzV;Sijz;1341;Y7Rm;6q8Q;MdGe;wXL8;9772;Ts4V;c5gy;kWjw;XX5C;6493;tpFm;VXZo;Jz3D;3FqX;1677
Ezma;JPM9;mp4P;MhV7;1750;J5iY;SvOd;z4ic;KX4o;0465;Wt38;vv8k;98G2;YSln;6812;2MYI;iqri;2xDi;6XIr;6924;LSlp;2jJr;5eL9;fHfQ;2908;RIUj;w7g6;OrOA;xLtD;7843
0eVb;DZco;DcIs;o4CU;9972;gITt;GEF2;yHdS;jalf;3855;RYtY;ofkA;sIIZ;VyvA;6523;Vhc0;RWIK;YeQw;4cSt;6215;ZN3u;ZmZf;px9A;6Chz;5501;E5Uk;3CsH;Rklv;KxCL;7438
2nQg;p5hN;Dqpt;flM4;5445;G6O8;46fg;n0g0;gld3;7971;hDLo;S1cV;vk6j;NjSu;0804;Ipxy;akCc;NsIQ;Es2u;9184;KBWh;PTD0;A9R8;4NY0;9770;q18G;FiCX;6asw;4Y81;7508
Mkzy;TbJ1;HQwi;1ev3;9519;7B6Z;JEtr;nTHA;Yrvs;5292;sOgE;urHq;uCKA;FlL4;4321;2Uu8;a603;2mOM;EQep;8193;ih7c;zr86;P0zM;zXWK;8303;iOHj;3SXz;Fbch;yRNI;4768
7MqA;7n34;luWR;JgL3;7121;M3ay;pWPI;fmLI;LBDa;9775;V4xW;LmU1;HEmb;yjET;8471;hXRG;vmtw;BdwU;gF5W;2211;26is;2SFM;Zumk;uPUh;0021;oD0V;mtSx;ckvA;ggDw;8983
QUEE;VYWe;RaLY;QkKl;7081;VwC9;xMp4;Osua;vphH;1130;dSQl;zELl;7S51;e7XC;4597;f75a;a9Rd;OH84;a7vC;8076;Lqua;dTGA;i9Vo;NoL3;9354;DTYl;IYAK;XIzq;EKee;2289
x8aW;VTs1;MGri;OQn7;2328;ZGrr;1sEm;OUfs;Avjl;7916;lZ2G;aAR6;6hKs;ZEP8;0116;B5Xe;bQTS;8lG0;Hed5;5377;jwvr;BxdK;KsdO;zxrg;4058;vgNJ;3mzJ;5IVv;XUAR;6609
0NTa;WeLV;kBED;MQgZ;4783;OIYy;LBWm;xcqZ;UtWf;4360;Jv3e;2LPZ;yfqG;yHQj;4087;0YNO;BJz1;E0oe;EMmG;5202;AHT1;xvgU;EGwZ;Uc4s;7085;VROy;zROb;WWmJ;UGLi;5999
zG4s;hsIq;1iRi;jXKo;4781;a4vn;QS0I;XNZo;7feJ;7395;ekym;RhTD;FujV;GUuq;1328;Do3x;Ov7Q;Bt56;BoYm;8475;W02G;Bf8o;0G4H;7JUn;6144;bKQU;M6w5;1Tc5;EaqD;0074
JSke;ZE9Y;Rlt0;3wf7;2088;B67U;OHlc;DOBS;U5b9;6732;ysnt;hDvV;L4yQ;qhEI;2388;sjy3;rAlo;WCkF;idE6;3943;aSzQ;ioCA;KawT;ypQr;6578;zX9e;EkFI;ocrh;8NPQ;6100
PxFG;bCR1;EgcS;TG94;4668;Dvyo;cY4r;naad;t8Pc;9201;vS24;5rtm;336C;iDIP;3854;hijI;nvSl;pA4e;jl6h;6472;5moz;FqPM;79Oy;1iug;0026;cejP;sRDU;tZoy;Cy7X;6796
DCGl;CGTQ;kUH0;sXzx;0844;gk4z;AAyI;M9B5;Cr6x;6569;S2Za;9iLL;ASPR;8e0h;3134;DTSX;HqEV;aZqw;tLvj;3751;ePoo;JfXK;m9YO;uqjJ;1497;ISi4;9wwH;QhHu;xZor;3827
WHJI;8gVu;78QZ;dNdn;0519;3koc;2fSe;O2VQ;qm0o;4916;5Pwy;dxUT;v9d4;IX37;9815;xXh6;Tm4N;wpDe;VU5a;5047;CmfX;q9ht;0dcb;rDSx;9840;CuqA;kiZ7;58VI;BKpz;1137
yPWG;F7K2;rvt7;u3YY;9296;hT7u;MbzA;DRyV;pFvU;0615;x83j;Z3HF;iJdW;48e0;1461;Lfmi;lXfs;SLc6;QOnd;3237;GH7d;6CN6;rdPb;UgxH;5529;ma8W;o32L;CltD;Lmu5;1438
oUxu;KW6w;GvFN;LnLk;3121;1TvX;DPvK;aeaG;TVHA;0695;k6qN;Qcc1;l6M3;y5Ho;4640;Vc1n;9CZL;SOLT;Jz0n;6443;0y9Y;cLUA;bPik;sXml;4140;mGWI;R2hb;MMAU;Fttj;1176
0I5E;knTX;3ts0;pNrf;5779;xMFi;35sm;rfHI;nRT9;2017;R7H6;mqb1;OkV9;FDqG;6471;3fCg;KdN2;y7i8;2SHy;9329;5kD2;4tpN;c6iX;SRGY;3216;p2Nc;Ffot;pWoD;hsNs;4193
h3uD;n1uB;v6JS;yFjk;1535;uS6n;h7GQ;5vFc;3YCb;1792;oCZK;gkFx;dKxq;onAD;5999;7XKY;oOGL;Tdbr;YKPc;5075;Ii8i;yagM;NML4;1Vq2;3925;aHSi;HsL9;lhKz;Wn4k;0963
Ihsk;o2cv;OubN;cnZF;5483;v5ho;JDos;pTP0;WKvq;9817;3XU1;BSUt;pilS;p3A4;6762;kzVa;Dglo;vBUe;9aac;1735;283m;7Ksp;1MUd;jVx8;9337;BO5P;caBv;Zlhd;Enzh;0271
RzfL;P8el;rPoG;YzKo;4724;YbJr;OYwS;XCdG;QxVe;3416;u6va;T57t;LKLd;gZSN;7549;aCts;sqWI;0ffq;SyFh;2804;rtbf;AbYx;ggsb;m8zz;2123;BBWr;O5qM;MZvF;zF6O;9418
5hD0;W5xB;tyQZ;OHr8;6531;DYca;oXyF;Kevs;uZNU;6324;4AUf;VNB0;tDeD;toRL;6123;en9Z;vgmr;RphA;RfAu;3963;9Tw3;Bi61;XaPv;6BhA;3817;Pbvo;PDQb;TsQp;7rnP;2256
Rvzn;cRHL;C7vz;s150;1129;CoM3;pIeS;p6SL;GwI3;2831;xcf2;auj5;fqZ5;Hopw;4363;axjt;QMcC;CRXJ;TtQk;7223;dNEY;1Bx8;6BJE;df1E;8649;UZw4;mJKT;JB6K;dMdD;0554
9QTd;9bIn;G4CH;jLod;0697;lOLH;TCfk;BGba;Btmq;5865;2lQo;uc78;X5tr;drj0;5017;Q5n9;ztct;0duz;ODhZ;8204;KcSJ;cntP;1AsU;vR3K;9502;ctgw;xwdP;CUg4;iHrr;1547
45WW;Uqhh;xCxX;LdNB;0226;UWBd;ENtG;ILta;mfnb;8596;U0l1;Unr3;ctZI;rtu5;7764;P12p;ze16;Ho5i;z5up;1263;2QuS;zIr5;OUo4;Aewr;3251;ppQH;3VBZ;BnDJ;3Oek;0336
jsMz;Hc4T;yxhX;GrnP;0788;ic9d;pgPf;0UBX;XwFb;7776;UUYf;q0S3;ILfQ;9JP2;4644;rJpA;xJI7;9DFv;ojXS;2592;J1GF;en1i;ydwN;nlGY;9210;EB6z;USJl;NtV6;WW1L;9804
QWVh;jHY9;ISrZ;kSGk;1851;1pt4;Zkef;Lhia;KFC0;7953;K1ox;uW2P;EyY8;QDeM;5281;Qt3v;YOt1;WT7P;fKoh;4270;yefR;Y2KJ;dyTQ;0hz8;6315;hqFN;XhoF;8Jyk;DSy1;8614
YyP7;oUNw;mtes;7VqC;5306;Cm9P;dwWi;ipHg;ZmE7;2414;ySI6;TCLx;DgfK;24mY;4024;v0dR;nIuL;zica;yA8T;5313;esEG;MP2q;JO2E;p5XO;1226;pBDb;G4y0;UqwT;G7Zi;3385
lrbo;pGhr;8jXz;gOqq;7633;wXzC;XFC6;cx9G;1PKH;2688;bxBe;H2wg;teNA;Faph;6738;sGzb;omy0;peel;Tnov;9679;wNsC;kCIc;O9C0;LYaV;3847;IE8N;85Ae;2UtJ;rfus;4602
nOOo;jpk2;quYv;iuCa;0269;Iofx;TxHT;BLQu;rHu4;6523;uHVj;7IWD;BQ03;CwRf;5494;UuWd;uP1n;DOTP;N6BQ;4876;IoW2;ir3O;7BUf;x871;7259;Rh5k;S7hl;vn1q;yYbo;8837
J8bM;Snqu;DOV6;uLrG;4283;dCrp;YnGr;aH2T;cbTB;9763;YkjV;QPyr;6G5D;YuLP;0791;rrbC;QhK6;NbPq;KLxi;2347;bX4w;mBx6;lq1A;d1Ry;1773;7w5h;IlJ2;0Wr7;qpxG;3176
CX0p;B1jn;HRSK;G9g4;6278;FCnl;ArxO;YWpI;jOWX;7219;v0ld;QmtY;5NDQ;SGSV;4374;m1tg;JgDF;4JuR;tacr;2826;R7Qt;fsWB;Dy9g;5Eau;4705;KoJN;sMt9;VfH4;qqwN;9802
OxbQ;joJe;SqLR;mI4w;2063;q9pv;2pBA;45PV;mnnX;5592;2Q0G;9TA8;dBUC;YLwh;3051;LX6H;Rt5c;Hghu;Pnzf;3818;B8SK;y1BJ;oUC8;A9oL;1194;bgP1;WsKQ;dfJ7;EeF3;6492
mDCy;tSp1;Bx9O;j4Mk;0093;Gum3;3H3M;mKKC;6mWy;4433;mkLv;JtLl;Ilal;AiSo;6313;k43x;0wXR;fbcL;zZZh;4838;P3Rm;3OAE;xQlR;tmks;7800;4I29;fD5y;k712;kLSW;1631
IcJW;dNUv;61OY;0EP8;6084;Z3QN;rUFi;s0ks;aiHR;9678;cX6d;D48K;0iki;6S1N;7384;WQrO;tUX6;8HkU;pKdF;8465;seVg;q8PK;wESB;zGkK;6639;rFDs;xY95;mWaP;n3uz;6726
iDEV;Ogso;70h2;uQ9a;3233;7qqN;9eLS;MAfB;gqkQ;0291;Tvfi;AVr0;O5l3;uWNx;1361;zapN;j20R;K5Up;Ly4q;8635;S01q;7H5N;ICsu;L2tG;3964;V067;9kcF;C1Ji;ijuM;5365
mqXl;t6XH;ARtW;4hB4;4238;sv7k;NQQF;0nuZ;eQTk;3492;znsg;3WZO;eJpr;0D8x;8554;v2St;oPNH;0wuL;00H6;3781;ADG6;3wjd;tvLU;XfaD;8304;SsPr;VIKl;ia9T;TrIp;3727
OxmX;mRvt;ieLb;F1mp;3654;UCpT;ZUyQ;r35x;sfjC;0901;1soP;r4nt;gHlq;mj6T;1930;BDCU;BAy5;XB3M;f4KM;1879;VVgC;PBkh;hvCM;vt2Y;4427;cgjM;kTS7;8EUM;VCVp;6345
55F5;Byum;25sZ;uSDA;3870;aUCh;OdI8;ilPJ;ReAi;6240;T1P7;OHAA;KM2f;Vbvj;8542;mj4l;BLln;0kLS;HIdy;2432;OcNj;dB69;9rcu;ta9O;5594;MMpi;t7ah;kJ5L;dHIv;7089
j4BZ;wzdL;ZtlX;Fmjw;8300;N6OX;r6yq;SXWo;lZiy;1182;zbuo;6xG9;Kuw3;AQcG;6557;85sb;FjEO;LsRy;aaid;4174;Lf3B;Im86;j6cC;yigT;3653;lkOl;d1E7;Tn6V;Pjhs;4359
90HD;90J6;3NMx;oYxw;5062;wXke;VC61;eQGg;lcul;8768;FTTe;MTm6;Ozn5;sq1P;8642;PNyV;MNA3;U0oo;txYA;2752;6Jm3;d4iL;u6hE;xZmd;0271;kdeL;BbtM;6NzP;owvp;1395
z20d;VSsK;EjHZ;TjIg;0125;eqCy;0mvN;Sjse;5lqh;2843;bLrl;TCkx;kz7j;QdT6;3057;GESA;8w3N;6uZG;nG6e;7155;sWk0;lY3B;rPay;k0qG;0073;5IoM;cqjW;gERB;B4dg;8738
U0zk;3qKP;IfA5;xG1Z;6969;mEbD;VZWk;wFYr;Vg7y;1133;wmp8;NTtS;gk6o;26XH;2993;plIX;P3lz;3SBS;GMlu;3599;2bHC;sxKv;tixD;cIYN;4953;YTtV;Wy5D;L1M3;tY3k;5977
Z2Bg;27M0;U0it;AXdf;0782;id2Y;QOEp;Tmmv;JVkH;1237;y9Yw;wG0m;J9Ws;y4E6;3744;6b49;dzdZ;vG0m;k5YQ;5729;d9xZ;WKHK;khyu;Aghw;9410;ThD1;rST0;RnmW;horI;4244
S4VM;k464;7ydM;VbZ7;5959;DGgP;StlS;hs7h;2PQH;5167;sAeW;6SgS;qFmB;pO82;0314;l0OU;VNuE;hL5K;si1D;9817;0BLj;88ts;88Oj;lQm7;6134;rgzR;sgto;4WoS;I7N3;5305
rsOb;mr2d;Ehc6;lmBe;7958;EK7o;LgeS;LLnS;SJSu;6085;4DLS;X302;yzqY;NAfv;6213;jb4V;J65a;f9k6;i4vk;5309;ajfV;5oZB;7d8g;Vgq1;2257;53KA;xD6Y;zSMz;Oa7P;0412
UgIU;sfEE;iyIM;CAKm;8810;9nxL;synU;KHBG;Ov01;0458;85SU;YsIx;DDg1;EDSz;0209;N3uW;HEPv;RiAn;e3DI;8516;6GtG;y7dz;E51c;lmgc;4777;ojF9;CJAW;eWVj;Q8DS;2137
Ptc6;IvEa;8dTU;jYeV;8830;lEeY;xsKM;DXpN;ylJ3;6676;7m6B;KLIG;LTwL;KxUe;7705;0c7o;ZoTP;3EGd;nxaj;0966;lXnM;ddKk;odOB;6Pqf;5792;qFAe;TOT1;Cekh;DTKA;4710
sVqd;Vxtg;8liZ;jPEF;9121;wcyk;Q8PR;aTrD;OstP;4717;cBbF;PWuQ;wMpt;iTFy;2093;pTyM;arG8;nE0a;BXY1;4978;uZzk;4n0U;ybTK;cl91;6369;ud8l;3zTb;6tCk;3Iyv;4922
BIAS;5FPa;6gz0;vS8S;1997;3j2J;M5s5;ujeL;3c3E;6439;pUJf;dUqp;2Psl;0Qrr;6745;wc9J;XOnx;WqYl;OsNR;0891;ZFCa;e2Nn;cJHL;CedW;3174;lyT8;qCjB;VzbT;JnuD;2854
G055;I82D;kzEr;84Cr;3085;DWu3;btPh;CoMM;6j9y;4376;eJ8G;PW56;wRwd;bnml;9669;7Lcs;dvH9;qiyO;oh6k;6514;SZf0;Vw4p;pthB;yEHB;1960;i33o;bDJz;ebcF;0afa;4761
MYwG;zzuP;GNuh;oMts;0004;hDOv;KwFc;MMJD;JU5t;7799;exhv;X57i;jBP5;poct;3997;zvWW;wcx9;7l9i;bFgp;2491;h1Fc;GxuD;YuwY;hLpM;2337;kHWR;sRpO;odYj;Qz7F;9760
CXnf;5zQz;6D5c;QABE;2845;uSBt;xEUS;U2jz;naPt;3118;yX0l;A83E;gZ72;lM9P;7555;qxYX;8gPg;m9kr;XOxS;5293;XFDy;KqSE;ouBR;L6nK;4526;EyFm;Ddqn;L3tr;I3ag;2513
5Rtq;mzuc;kcqZ;fy9V;4444;QGSe;X8qf;1ejr;Xcvm;1629;zqKA;lhLq;LTy1;trpn;4437;5fGV;jBaW;DKTE;fOIg;1790;c75i;jncS;smlW;xP9z;5735;XDNE;0DqJ;bjQs;7xoO;1021
dC5e;mysq;JdbY;wzn8;3815;1HjR;elIw;zu1X;I9Pi;4873;Rkoy;czLp;DBtS;EZAG;9692;zStE;R4HF;i3Ro;gcGL;6815;zcDi;Kshd;Ody4;R89I;5043;6fuI;DHf9;YT6o;wjys;3438
gsDJ;rlVC;Qwaj;hmny;8949;ONet;pnc2;Fgg2;he5w;6755;bj6e;RweE;GCzd;sPsP;5464;XQ8m;jYL4;fbVN;NMFv;2130;61IT;qhes;RTrP;fqn5;1054;AxDM;EC0m;UDNj;h0KC;4108
80nd;ORSn;gUjy;jHWN;6378;VRck;JyCB;SzPO;yBk7;0722;nju4;o0uq;b4H7;TW68;1083;cK8K;RDIG;4zYL;CfIt;1435;27j0;iO5o;Hsyy;VfaW;1886;LXo3;LCXF;KS1W;aaAh;1131
wYyV;V5IH;VgNG;0UBs;6282;8CmU;RC7n;CqGz;jSA1;2097;IZB1;kN5B;Pxtj;yUuY;6138;EFhy;RI5r;cSy6;sOyq;4880;cwZ8;9Mpl;e8lf;uqmR;8993;zT9L;n9Nv;BMmr;I3z7;4196
k59n;4f6T;C7Q2;6sHp;4252;OTNs;Zwqs;Kdxf;1cve;3353;6j0Y;5yS2;JXSq;EO6q;1492;Eaig;ri6K;SuSD;Ox2B;5783;ex95;7qyb;EWkf;CLWr;5689;aPXD;Hp0G;ncLt;emy2;5335
Xxkd;ZU5E;eLaJ;TFs0;6147;E22v;skbc;xm9F;MbL0;7720;sxdb;M3hx;ZKWz;dsMv;7875;7bYq;XsQE;TaRF;RE8n;4848;btMg;ansN;knlj;q6mn;9458;6mK3;PAid;iSUl;Hce0;8139
90G4;ZPsm;ZWNH;Jn5J;1993;ETUG;9Rst;aZ0f;iLHo;2342;7hI0;e7Zr;mIzF;fJlA;8928;GAZ2;wKxD;tguZ;yqZu;1071;jDUa;MajX;pVEl;n4FX;6751;h4ND;EG2L;UuSK;yXgP;6292
YZNs;ZUiV;kVk9;mJZL;3735;fAY5;LqaB;PCoq;GZsg;7476;qDeX;m7Kg;J0l1;7QT3;8514;pRnU;Rlqc;JEg8;w0bK;9673;Ivnd;tn7Q;rYsL;D13H;1922;Sdam;oFhK;36Is;oQLa;0478
8VXp;GCr8;K51A;S4EM;6130;eE5Z;nadZ;WZn8;GWFD;1532;bkcK;84EV;0i6z;Ypsb;5792;skPc;O1C5;IyS7;llUj;7652;iEPt;0Arp;mKTw;If1O;3693;1TVw;QcGD;Af5y;BbCL;9721
lw6e;Hltg;hqyL;31Xf;3626;kw9v;82r8;2ty4;4aGm;0613;rng3;YCmc;49b9;zYeT;8417;r4yd;IYUI;Wo9I;E9QP;9855;a5a6;50jz;iXRW;Ax37;4631;ZU4W;E55V;sgM0;qBbq;4759
MFPv;sgM1;Y1fq;mloo;1983;6Dir;FeTx;UCDP;DB3o;5970;RaCX;w6nW;enh5;gEfw;5944;Ms5x;nooo;MwTk;Oy3q;9015;DcFo;uJE9;edHL;73pm;3078;bKTW;ZLJC;ByOk;Ymri;4167
2SZ0;cqP3;m6Z5;WPrb;6384;06Lh;JYz7;Iu0L;Ofu1;6835;YPhl;dniF;u2un;jDst;1413;EXXt;2VYN;dZde;XF7e;4949;QInO;ybN2;IrpG;HnIX;8192;0gZ2;Ulhs;AluK;tFnb;5643
D98x;2G7c;Ovfc;O0Q5;1199;lfkS;vf0E;KmjZ;X6Hb;5501;O8le;Ne2Q;LM16;fTST;5768;ClcI;8EUe;YKVZ;NrLQ;9005;ejxy;nf9h;pGFY;ymCn;4898;Fvcf;YY7m;bISJ;rfUy;7417
xX3f;8Cpe;nKbR;PYv6;2112;R5a5;ihny;FNoS;OIez;9687;yCcX;p4iL;aiHn;wzQz;3790;39kg;LI6Q;1xh4;ltPA;6243;ox0C;kPvc;CQ72;WLv3;1758;oe70;jcOj;fgKV;TThH;1735
uozG;P0kv;HEPZ;jLOz;6807;omsc;PDH4;XEge;47PV;5902;7WEw;ihq9;B4fP;LX1Z;4341;LCTc;E7XZ;TNvi;NKMf;8834;h7lI;pnvs;wvSm;PBA5;5186;wIIx;7Y2H;JvZb;ASs6;8546
Moad;Nxat;5FTH;fM5T;0656;fUK8;mOuc;8AjC;GxTh;7346;puq3;YJ9P;6XQu;IFd8;7413;V9Lo;12uq;dW70;Vrxh;3142;p284;9N2P;Wbta;HPjX;7964;5C7B;TNvD;xBy2;sP89;9920
rzSj;P4J8;TKFV;z3qd;6715;hLMo;9NMY;eAh5;IUYk;8781;Or2A;hOdy;609s;0oNe;2431;QNjE;ixm0;LBum;HJfj;0265;JVNA;Aovx;GemP;Jmxv;8051;M38M;5sCc;yh6C;KIX6;7517
AbUy;gT2e;SLcD;20ri;5211;ZVw0;h4s2;4wpD;CvwA;2199;Rn50;lJda;hZPs;h7EI;3796;XibZ;Flmd;6ssv;UZof;8496;Fon7;vdwb;GhcJ;1raB;6525;oULe;CR5Z;Ev62;wnQv;1446
r7GR;Ho3B;SduC;iajm;1482;kC6R;TaYN;WrPN;Tcjo;9063;Goko;ZJEV;HPHh;FKOn;8043;D3X6;j6I6;5mv9;dCYb;6805;Qgl4;1ecW;3Dmv;eiOt;2344;KuTh;iEL5;mAkx;8QNX;5418
8GB2;rmfw;o6h9;Iv4e;2337;caPo;qHuK;NJEF;X3cF;9047;7nCp;v8XN;kjb6;GFnG;8035;aVqx;Ied8;w0hZ;kczN;3085;tRNu;6i3w;OJce;2Qqh;4088;cTcP;cuYQ;XiZq;KHD1;6232
jazx;GBby;lkXP;hGBs;3688;6VgE;OR9W;KN2a;ttZk;9659;ecq6;uSjY;egWn;NQLc;7433;vAwG;jENo;DLrK;2DpP;6544;1CT6;EBuy;KgSP;7Rdx;7679;fb5z;Lbbc;OH3z;a6H0;7138
7A1Y;5Xfo;7ZR9;uI0L;7409;pbFe;DIeM;KAvD;nxeG;5906;CWX6;Wfcv;MDle;0jdr;3565;5IpP;FvRc;5PVa;If7V;1092;b0VZ;pOOd;PqtS;lvye;1701;PB6D;ptdB;opIz;Pfwi;5423
TuPL;eVU0;LQSV;3ekR;3593;74B0;YeNW;sv90;K2wX;3966;rA2a;TPFT;nU53;ndYv;2848;bCt3;KBOo;UMgD;VYWh;6745;sBmQ;ZyAB;ZVTr;wGYg;7190;jVMO;gqgg;LFCQ;1NtR;8056
MkTG;atyz;s6Uk;dcVH;2453;A2wp;o956;dbnf;W1DB;0900;YWPU;r4yq;j8p5;ZXVn;7632;IFDd;omiN;j0sK;jKtI;8887;Zq7G;E64Q;1K7X;bWGL;4370;xYkw;JmTK;Tb3v;ub60;7908
4H7s;Q4BO;WTPe;zkJc;2771;hcTn;rC0S;HbDp;eVlg;3959;SG3p;0yHw;FnZe;hged;2151;zhfq;YrGt;IDo2;BdQL;9503;n0C8;1QJG;5F1d;v8sL;1998;c03a;jpFd;pN5n;OIEP;8741
UVTQ;ieIW;QENW;0PTi;3389;Hj4V;sOD3;A9al;iNXB;9263;j7wC;IfIR;zC2Q;g37A;2110;b310;UocP;Q3CA;8fnv;5907;Ys6U;zdTZ;lnvt;hxDZ;9925;SGNl;fLYI;2xfP;8gNf;7523
2BQM;Zxxj;UsFC;wNtY;0065;FThT;73QY;xMt3;8kVg;2233;i5Xj;JVbG;RbnB;Qofi;1823;59sv;QTXI;3ETM;pVPK;1021;2Ugt;amet;h8th;REvR;6069;sb9k;IJAW;lKyO;GA2i;6121
au9T;esCo;1xRz;IPpF;6958;YAE6;qjiy;uPoI;LF2F;6656;hkzj;8fbb;B46z;BffW;1913;DwMM;1wEX;rv8t;D7iW;6116;61EU;RzLc;K4FS;mZ5J;5695;qwjs;D6xw;EVpa;L2gJ;0769
O5My;ypS0;dR8e;oETs;1193;gjpm;DN5S;KvEc;GV8t;5323;0NAu;soOT;BDQN;oNua;0832;zHTg;8AxF;zQD7;BxCF;8046;M9KA;CkNx;YnXH;7tGF;6959;fXKw;nlsr;Ifvs;3mvN;1250
g0KU;CSjn;wyAi;W8jR;3790;Dckw;gTcU;PUcE;iWet;0267;7OtK;7n3B;jY5F;n8VD;3592;H5Cz;P4tn;TymJ;jSlN;2926;6wA7;nE2S;wpyB;rBT3;4092;pyKX;26U5;eJRg;rdm4;1370
CNJm;1d2b;FJIe;IhKQ;0682;OZFv;dBXg;hDDI;zrUC;5513;Oqls;P54B;1a3Z;DaZ0;7459;MOsS;rpYB;GzgW;F11t;3979;1F5o;OthX;bodn;opjU;6540;H2Cb;IHjm;PuCv;t7In;1506
FU1o;l8Xf;2LzK;UbBW;3667;vvuL;B4Cl;2DsS;QAyL;4991;mohm;ve2K;YuAr;xXeW;4816;ZSVC;0uJ1;cat9;HQ9x;5442;ZTjq;2CEt;TQ06;2Di4;1199;F4gf;BdHH;zbBy;LIIE;1278
ZT5L;D4DK;pOUK;alGV;8909;k4hz;ewf5;gtR6;v6ZW;0599;fJDQ;RDRY;0tZO;80Y8;7432;EmmR;Om8n;GDDF;rfj0;6120;CJQq;aGRK;PUOO;cndY;5486;kXg7;H0Ns;OpVf;73zn;7549
jdIz;KcrO;yaoP;qSGK;8848;98bc;kEKi;4GOq;MzEt;2565;vDtR;nGnu;idiY;TW0l;9569;WkJG;EbVY;YXCH;ULOk;6065;leBm;A9Ui;heZe;pMn5;2843;YzpS;Zrav;lZZu;iwZb;0032
McQA;wsb3;7oUM;anH4;8161;MXTl;DaYh;7BmE;qeFu;8767;jNtk;Iqao;dqJR;5yUh;2552;KVT1;S8Q4;7H6z;dNni;1913;yoLL;KcAo;pLRM;fwen;2536;SEIS;a8YG;WzZI;wLE8;2228
1yek;JQgI;SNMd;V4Sb;6184;PQI9;4gMV;mNc9;vHbo;9324;LPuu;lMbQ;eaHR;LbgA;2061;XM7K;JYKZ;riKn;57Gm;6737;9wMz;P4Gh;Bw0C;ANgs;1618;AUje;bP4u;tfFv;6A00;8432
smS3;7efI;rjBR;J7y6;9186;3MB7;lFfE;DiZ2;nctA;6560;Pe4m;fcD4;mmlA;RuoC;4286;Q238;SPfw;t855;gIJO;4461;3aLr;ctCx;GuVK;fzBW;3451;h1xD;gcCC;0cYD;qu36;2237
L3Jc;s8t4;xnHE;FUdV;6691;SAWw;aoVX;Y85G;hStq;5268;i7pN;TdFl;jpgt;0Gyn;3302;oUzE;djsQ;xGDa;DiaY;4952;U9Bf;4TQI;Sgua;QUyZ;8131;uWHP;yOr6;uQfx;1vf4;5654
eWAJ;ofvP;jfys;buIq;8150;BrIA;P5jF;boZG;oGeD;0065;kmvl;1Xd7;gier;vgMm;3911;7awj;StP9;T8p4;8vea;0069;qaG9;SyLO;OxAd;uWwC;4596;qGno;EJjZ;2gBV;cK4x;8396
CwYo;RDDF;GH88;5tSd;1715;oP2y;7YOf;3IBN;aE0t;4485;sYeR;aZ2N;rzxE;8zCw;1907;gxpM;Z9PE;Ypbk;v19r;7258;FGuC;rtra;Zfbj;z0rO;7831;ilAi;mfrw;a31P;5o1b;9558
jG4v;xJRi;eUM9;USpX;4144;hBCJ;LipS;g9lZ;4WG6;6499;Rgr0;Tx5L;gWst;etVT;0634;5V4N;RkVV;17hg;Nr6L;1305;onyl;GBtx;FmxR;cg2H;2164;40lS;NbkC;Ntkv;W60S;1950
B6T2;u3IZ;kAMW;HDwt;7950;iYhr;SeIP;mqgf;OhWX;5115;8xlX;3JuJ;5Moi;NsGs;6599;HCij;kv33;GaN9;H8dI;1191;qoqd;Vc5V;sYKC;mKOa;0501;s489;iVdY;0Smg;pcuw;4008
Vhig;89cD;yaP9;n9lQ;0787;SdE6;H5m6;SLpY;2CuC;8944;SJzN;gka7;aDrY;3CwQ;2164;kKSN;jTC2;SLyf;wr4q;5183;L6dz;D9Gd;IZC9;y6ON;1350;xsGR;FKBY;BPRd;XAZz;7762
23V3;bI6L;1yCR;mVB7;0194;hKVl;6Cw6;QC5M;m6zm;7990;JQIn;3bpp;RYbw;QoEH;0043;N91L;TLVc;GVCF;yoUh;8497;JO7y;uruC;OHpx;3lFo;1811;XhQE;LeOF;Du2z;JiN3;4069
eoe4;a2y6;43u3;FeIC;4969;Tvhv;Sfxs;0zCe;l47f;4431;s1Tt;evPi;Gk07;Cd64;5419;7q5Y;5RkM;b5xg;ygfj;3760;xkjF;P5FN;Jn4E;v1f2;7420;N0ID;JrT5;o6iX;8UA4;5058
Aatu;mo6e;x9Qi;wB0X;1738;JxIA;4V4y;wYLn;T7bG;3788;v1gu;unnk;1nhA;QFMi;9243;9sm5;2BYQ;Iqr0;NNG0;2387;8yoQ;RPmF;s9At;WEjB;0966;dc8g;C5pX;Iy5c;uTjB;7021
O0km;g0tW;Is7n;GQUQ;1460;iJlS;U8I2;PqiK;I1kI;6955;fGGF;onxJ;p5v4;li5i;7714;iyCV;TWj1;u1x7;QCB2;6287;8GRd;u7t1;DZRR;Utmx;8501;VTw3;X3IO;zzeQ;gE2T;1584
84A6;mEIo;IVbj;tLcM;2099;1xeL;Yyrr;kJQP;9Jm8;5950;BKs1;05WK;jbRW;q54R;8964;DR9b;9AdB;ORLr;6jwB;0502;d6uu;LmQZ;zuEy;elhM;0857;Oylz;rT3m;xi1J;QY3q;2752
0e4Q;tcab;7ORo;xY9f;8248;SMwA;4TQg;eRzC;0CJt;2857;qWBW;NQWE;3rrV;Tppl;7049;yqSa;dNXa;0eOQ;luDe;4737;N5Tm;0Sed;Y1T3;BBwY;8885;AAvD;Mn6C;1wDI;AMRN;2732
4zKi;sdyV;l5p3;GunD;0043;H2o3;5DFl;uZCc;lIQ9;3023;2q6d;Tz11;pkyZ;3RRD;8382;4pZm;h3UE;oYgE;qH6V;5946;B7qC;IKSp;USLM;2C2N;2980;gCXs;NPXj;6V6R;ai5p;4391
hsBt;SJaF;Fj2R;l8lU;7514;PqSS;HB81;D25Y;gweu;0019;uAPN;Sc2q;DnQq;xaFe;3816;0NaC;TnW0;z4Kd;80JM;6304;Jnyq;va3a;KqvP;nn8T;4292;OsIW;zcFZ;LSLX;rNxO;2932
f2KG;uCWK;QcYm;YGfx;9814;tqcs;OoY2;nGkw;zJZ4;2626;TPUV;og8X;IwGg;FiZK;3334;ARON;ALg1;aDw8;ypZp;8648;1D7e;NjpM;huSV;3GR4;2592;yL72;Eo9q;5qGe;nw7w;8184
lFro;5EzI;5b8M;DoH4;6459;iBXA;JstI;ifvw;vSzL;8965;ccej;DE5H;TuDT;31eb;0037;4kyL;hc8u;HlCD;uHVl;9566;6cst;q2Rx;QTwC;V0qx;7197;FvzA;Phes;NbFH;dYmI;3649
Zu9l;CyAc;bEKc;BqtV;2201;RiA7;HOW7;6ZmH;fu60;6058;Pb9M;btEV;8ap1;djuQ;0786;GBvk;mVpB;NYj2;MLCI;3432;Xv3x;Wj5V;fowI;QeE2;6073;s7zY;kQ4x;IEyy;0i82;7212
yjKR;dU0b;Lb9u;0ivK;0398;v1a8;WCin;4g7a;8YBg;7019;DvqI;VY86;b0Kp;cSib;8340;tMkj;U4AW;bcDn;Pgop;9300;OmDS;E5B7;ePh0;Plzw;9092;Ne5Y;ZBAM;Adq0;xr0k;3210
D1CM;vJ5G;lhvl;KySS;2663;E84S;GKIl;0tQj;2wsj;5814;7ZgZ;oVGI;6wpQ;3Vq4;6829;WUXL;s4lf;vvz6;CWLd;5594;AbHz;9Rnv;TYzX;TStP;4159;1Aky;Ftq6;NwaF;M00h;8388
jE2n;9vJF;7W5D;nOZD;1576;w7gW;1ske;lJqx;Sojg;8200;SqDo;eWSr;eyqc;WeAk;0726;V5Cn;0U99;zLqp;48Cr;5184;Wh7P;NMdH;T2op;5ESD;9879;BcP7;jRf2;Eweh;M168;0230
QiwT;ixlr;bY0m;9spR;3095;wcnM;HY7C;45gk;8JOr;0365;2JUS;jHs1;dUX9;Gvac;3135;ooko;S4s1;BUSP;wnNm;6702;kS5x;09cS;4L34;VaXf;0777;yNU9;6ToJ;S3ED;E50G;3016
lr1U;GhwG;3s3A;ndRq;9566;LKoi;FHVv;e4uq;3BgV;3280;EJib;mns3;gpDo;f4n2;0368;BZ2J;kLq3;wBLl;As2i;8099;0cPM;O8bM;ImFZ;uKIP;4577;EAdf;yDHI;tWKl;HSMH;1746
hJrt;oQsw;HxEl;9eIz;7570;6i4H;QHh5;E0ua;e3Rz;3508;HeXX;t2Zn;uvT1;eJUE;2620;gkE5;ZmmY;Bw9Q;GXRf;7634;Z8jf;Poc8;djp4;ARRl;0231;jn3e;SPqX;T07n;lDWQ;7234
EpJl;0U9b;Ztdm;QAvL;9364;fu93;A5p8;151o;tqxU;0443;dHUW;OhVH;VAjX;zryI;3837;eFDb;doY6;d905;kFNk;7468;02Zi;LqvW;MV9e;48nX;9453;w3qX;4f3g;7tRJ;Bwrw;6876
3Hqx;rhlY;d6yX;8Oti;4537;Wpje;vmB6;Edov;8wqk;2976;GV6R;5Ml2;z2zn;NYDx;6472;LHhy;9bn0;Gz6t;FRIP;1296;RbqG;y1qv;wAEG;lQOt;3472;lUJQ;SzFN;4FkW;PpXZ;9526
sv7C;2NmL;UJ6r;Eo7i;2296;Gcut;K65W;Fqap;cl6I;5040;PoVS;nRhR;YxKr;32k3;1108;rVuq;Olgh;yM2v;1VY0;8450;egZK;mf9i;lFZl;zZH3;1905;H2Nr;TJoA;6RSs;X9qv;3585
ISZH;kg13;Yfcz;VQ4B;9558;uEx8;j5sp;mykG;adqL;7511;1wXb;8ich;5oI5;46f9;5345;F66q;4oPG;EYf8;LOvp;9596;6UCN;u37E;xgj8;fvkN;6515;o0cs;YOFY;c3Gt;9Wad;1048
7CRc;nEPN;jUho;2ICt;0271;OVUh;kn7K;FdaJ;KQID;2849;5FcG;EhG0;fcm1;p2LP;5809;5sQQ;txUt;gAWC;i2DC;5138;hwzV;sH2S;0TJs;McC7;5777;NO6Q;7MDm;Lpxq;csw6;3371
Pcz0;QwWq;5l5w;L6KH;9558;jayr;lKkn;ADDs;cmfI;7241;vCbc;afAH;jAY3;AEBX;0493;ThH2;a2Gp;B84n;5VFh;5614;Ur7D;IzxL;Z8Kf;zbzz;2899;iKGY;RXHq;MPYR;L7d3;4135
L3if;8a5B;RkIO;vd9u;5369;MA1o;SU80;XLmk;Kvz4;5467;zNvF;DQwy;yvH3;1sbH;3379;QCFT;hCz2;znV3;pFzc;5934;SyQk;ifj4;UNMo;tRTm;1878;1tqL;TWWX;fDvn;Kbcw;4742
ORig;WO53;fHVv;CtvT;1358;oApM;ShLQ;PxSd;RLKu;7863;wDbh;cHRn;Bem4;OQbW;4395;MqBs;rE0p;oCDV;ew4k;6814;nSIx;bJ9X;4xFd;Tfjt;1948;TOra;KS2f;lB6Z;EVBS;4352
oQiU;Xa15;JbfQ;Rw2V;7506;qBJS;r8bR;3dUl;QCqK;5849;egOk;ONvV;qZPe;3sMo;7445;C1F8;8XRZ;3kIr;KxJr;6754;ZO09;AbEf;ip1h;GnAL;6925;9QsA;sb52;12iq;0a3v;5936
VWIe;8WWR;o76k;KKOH;2224;wCjg;7Ndo;tSJo;Rtcb;8463;FBto;qlnw;yUz2;pXq7;7483;aN9A;shdZ;X3FL;F6go;1305;klb1;dSYE;SfgO;KMiU;1248;Q8tv;qE2M;pKVp;IEu2;4709
vZrc;tq6P;rSzz;OxTZ;9981;yzhY;Rnye;u8xk;vtpP;4487;Ijk0;OEut;U3i1;NzNK;4100;bQQE;dNb6;F0vo;VvOu;2563;X34P;0NdU;F7qj;WYL1;2310;l1KM;sMlM;495H;dUDp;8553
oeIB;sKxm;YjN0;f1Ra;2577;ggSZ;ewvi;p2xE;Uf7Z;3483;6DQy;FhOU;oX2k;XQgM;9114;Bz3A;LTsO;T3Sc;l8CA;0767;LvbP;XpyU;Jhl7;CnAW;9585;AblW;WSfJ;5yhX;L6qC;6344
jrDh;eOkB;uR9C;4LnB;0080;W5to;NMk1;D3I5;JUH5;3738;eLwk;O6wI;NfiY;xqNL;2688;ufy5;GNuu;Eqmx;95GE;0519;pnhK;dgBC;PxZP;4v26;7966;0VLP;C1c3;DOzU;ptDM;0717
cVlk;sfyG;RRw3;SbDg;3424;bWK6;AwCn;tQuN;0GhQ;9381;FI1y;21VK;lJNx;Hy7N;3179;a5iA;WFKF;9Aa7;2cno;8760;uny9;zVLM;tmc9;1rjZ;5036;qjsy;DHyg;OzKW;af1Q;1494
4ldE;qoQw;d6id;2O5a;0556;RzkU;3cel;bv7v;Ldw5;1584;IhXN;l3hY;1ixw;4G91;3461;bqp8;EWl0;Lppc;qdiY;0142;BQpj;wfyX;6doy;7Fmr;2588;3Du1;OXPu;mN7Q;m2AU;4583
4zRM;ZTUK;NMwe;l7QX;3240;WZBt;tlhx;6te4;t5G2;6281;C8X8;iL3J;sEBc;lCGH;2779;aGTA;0DUO;GbAs;vs1a;8766;1zwk;WfeS;XSJW;MC7l;4265;YTTf;7CnP;sZlu;DeOe;4017
xkkD;qBki;qJyI;Xtc6;2714;SfmJ;UroJ;2afy;ZiGs;0499;Idie;GprY;RA0n;YOj2;0039;Tg85;FRig;vSCI;HZID;0479;iIth;bry9;nNao;6lMh;1489;5MkZ;lu26;gYzE;7MLi;6459
bNhK;ixMy;qKxG;A7ns;4683;1lM9;Sxeb;Jqpr;yEgH;4036;qyL1;PJrt;oOLn;p89J;2255;3dGN;fWKg;zy1m;ufEo;2581;gPfF;vndM;i8oO;Lewr;3628;h3Fb;jlFz;Qn0Y;eAjQ;9114
SMM2;BAS0;fUJi;DpkK;6969;45Os;U3NP;TIhu;i4qu;1177;Lp78;fjBG;Hdpv;eGk9;1474;NdWq;XL9z;jKwY;ZlLf;3814;ZLWZ;WHL8;rr6W;gBCt;3766;4BkA;vx32;csUo;mU9a;5826
gBCZ;1yng;Xdph;ByTR;8260;DCQf;ufhg;W7bz;pLha;5525;SJTN;cwh2;hNJv;68yj;0750;W6mt;Msqb;4oiu;ysVP;4309;ySdd;ZS62;Um2p;Twtg;1889;JKs1;eYhZ;nirn;5vxY;1564
jRT4;RvYj;2ACI;B1KW;4781;1maG;NmoT;BZPV;TdM3;6621;KCUK;MEkn;xDM3;mAYC;3044;ERWG;Zx2u;LOvP;3Q5f;3123;Lmsc;e3By;9Xq0;GD0Y;9383;tTbq;d13L;Xfyz;NSka;7612
iHTk;0Tcq;j67C;J22l;7866;xoFy;fyMR;IFW4;prwJ;4821;BZPB;Lmem;2Ahg;iSm4;4151;hebP;5T8x;zGJ1;J7Jy;6475;0ES5;u4aV;IUr7;AvLu;2896;0EEA;lgQC;ztVe;eOxq;7845
zJa7;VzxF;CFUj;tNvC;9033;FmVc;KC6u;e6xz;o0QX;3023;sUH6;MoEC;3Ur4;euiT;3167;qZXB;yKio;X1Rl;293O;6652;qQaS;GXxx;ma8i;evrC;8472;mQcj;JKrd;Fo6E;va0I;7196
z3eQ;oiQG;dYjN;mM5H;9064;V07n;9zkD;ElVg;XPIq;1053;Hf2n;JKse;xBUN;toWS;8791;Cu5l;jLy4;MPzl;DuwL;2621;djy8;kKFM;fO35;2FRd;9655;6fvw;L8HS;WTuz;N1wP;6908
DaAf;V84D;po9t;szCW;9158;n2Cg;fM0s;lbz2;n4G1;6019;jFXV;7rPa;150m;w6CD;2231;yBSO;AgMU;iZV9;7c0P;5178;2z9t;uTQe;341A;Iss6;4278;gasy;Pmpc;hYhw;Fx2U;5609
kcex;ZBKv;nMLl;9pFq;6432;i43h;vTaP;zBbi;aUbu;4245;d3xc;Zdkn;hhox;KSJh;3405;8WB0;58KO;E1pW;gwgy;7171;300A;H6Cc;4ocB;zxt5;3840;Wrei;UEa5;Les5;AsED;1185
eOsd;XflI;e7Ps;kbf5;4866;F2eX;Iud2;GfB3;WYxM;7777;eUwz;qNBU;L0Pq;lRv1;5572;i6Pv;EOaT;eWUz;hdzT;0374;8xbF;RQiV;Xfmk;uhdE;8290;IN2j;w2ir;wjd9;uB6U;8351
4Vln;38ZL;QX69;me5s;0588;WCet;8ti2;BLvA;XaQY;7706;3En6;zZ5T;oXWl;r1Mp;2784;ryjn;U9wT;f7BM;j5YM;1304;4z3P;9mo1;XePU;vMWH;3604;jJHu;iG9M;Hlwd;hlKK;0206
gJc9;fNMM;pOI6;ikrc;5409;ples;EwXl;wj4h;jTAN;2385;6Cm0;3brD;gXqU;o1NL;4182;LumP;dpfX;8IEy;WXTX;4476;jLko;l3kS;sWrO;XmD7;9834;VB2S;cXkp;ti9N;zYJX;5448
qyVt;G7F8;nc87;Ad45;4508;XZpc;OVyy;tNNn;2Srw;3362;T8Mi;XROG;9FK8;jnT5;9455;lJJs;d7Rr;J5MK;SfUa;2376;CV02;a35P;z0mW;l6jt;9244;EXA6;fxfD;VtN8;eutC;4300
GzIr;e5Qd;qVYS;MuBh;5479;RO9o;Hh6m;1rXD;HFm4;0899;WyCH;WTbX;IOGQ;6OqL;3479;3GTU;PDaT;Ae2G;jv1N;0708;S09i;yLii;GNln;zLgT;3450;xfja;lX7E;HTgT;hLbx;3043
o9SZ;P1q3;I8rv;T1UR;3730;aaug;ix6t;qFPi;4qgV;8474;tMPX;VwCX;MYaO;SDh6;6095;EDmC;vfEJ;Ejxc;uIwd;7137;Bt6v;mzaS;zrxY;QS2q;1169;6q5h;2XkS;McMO;yiiE;0620
JrTe;NGG9;Rilx;gJXI;6394;ucsI;Pxz8;yuod;i0HB;7468;zYFT;zIws;IBEQ;nI1I;1439;PGK0;FX8u;sFpO;Ly3s;4735;RIWu;qHuo;3DAx;3rmO;5843;Ls2A;9Vph;Fpio;xFwN;7032
7whe;oPP7;ENYE;c26O;7142;0o1J;RkDI;gdFg;UZgW;5713;J3SQ;gR1w;e56G;NBzn;8740;IC4e;kJMl;cHT1;H2XL;7168;kOQf;euk1;DyvE;CJjB;3278;YA3o;vklQ;ngip;isTF;6393
n4HL;fZIU;B2VR;3LF3;9601;cV2Q;oiRC;aK7s;b0LM;3689;4U3b;0MZ9;Loap;QzLJ;3596;Lzg3;QyCG;LZSR;du2N;1062;LqNJ;nwwM;NBpf;UOTB;4492;aCPW;4xQv;NDyj;E4bC;6618
Zgll;AvkS;30D1;BB7o;1110;kYuv;AAuI;HoPI;eWwM;2442;eXmZ;ClSS;sOa5;CzaH;2785;Gwuq;IRPf;B81A;Jl76;1723;YMTu;nMPk;iFOy;Rw9K;4182;67BB;ia2p;G6xe;7YxL;0809
xP9m;Fgim;Hz9K;5C2t;3086;HaKI;O7cP;wKsE;0nhj;9076;42cB;hgi0;3naz;nZ9g;1026;dYaP;dTkQ;Ltzb;d1D1;1093;xntf;QKch;kZfb;Q1Ko;3265;cekQ;LeyK;pPno;PtSO;4910
FGbr;T9zH;7mza;TyiV;9051;SErc;kpCz;apPy;JBRA;0004;tFMU;jvjH;VZIj;2Bfj;9022;nJdd;eLDm;bSUZ;gIFU;7785;5GnD;Udgv;J4rL;6Dyp;4658;Fghz;ipmx;xCAP;Mhe9;4771
xF54;Edyw;bida;hVZV;3599;UnrZ;b1ek;k2PC;4ZR3;8664;xz8p;ZJZv;VBo4;h58j;5913;sCfw;Xkti;emEP;cyXh;5880;wvFE;1kXD;g0tA;NKqd;0598;CfyL;zbk0;UOhW;IUgz;4086
l1VO;5oF4;SozV;zlwp;1927;Jd5f;iUZz;Iv4r;G9yu;9380;o6by;hX98;w3p7;RNbn;8076;EFAb;Yajd;jNbU;tzkC;7813;TmO9;a65s;oKzx;mXrj;5026;un5E;2bcY;rI7E;pn8c;1068
2wP3;SLoV;Y29h;0x3X;2122;YOiO;lDiV;1pYS;mLrb;5212;ULQe;sAkK;FTy7;Vo4U;6999;TNUV;HFbe;NLFs;4gy1;0863;h1Qx;JTwC;A5LP;BkWw;0794;XPBa;RPHq;1Es1;OAMP;9200
8FjV;gPgj;q0lG;fDqM;6938;i2qB;R4yy;RnDT;WpxU;3073;MoWc;RNud;sq4x;0P54;5615;uaby;ocnm;vWwP;YkVT;3864;SVUO;afRX;0bAv;jI53;2668;fjlS;4yFP;HNHe;gabe;3434
79SD;G7Rh;Jep6;ADVx;0246;yqrq;1fBz;q1PE;iau0;9997;xFZV;jD2X;JzVE;vxex;1337;ypcJ;SagU;9YBU;3ekU;9577;CpUw;1sFH;95K6;eSOH;5959;53z6;HhTg;IASb;qpm8;9323
JvPJ;Y8ty;aH6x;2n43;3344;UqEl;AtEM;QtLc;1MUk;8057;lKYM;5RAI;TU4T;drbq;5463;3bRb;reID;FvaB;NK6z;8623;rK2R;a83s;tv1e;h2eK;3361;wVbi;7E5D;F5Mt;cWd3;2291
w1Bl;bKvw;bl0u;yR83;5871;0RPB;7uLy;g37K;EBGg;2503;7AoJ;14sT;ljWF;1Fxm;3847;MKp8;NQmw;Df2i;FzTO;3395;7BFa;Okoe;cfEd;sDWC;2315;74gV;C6YI;GbTW;Dz8b;4684
5Tdy;mt25;Gonl;1ALz;1221;aGhF;BaHW;ve5M;zMfZ;5823;ig9R;OMYo;JR23;YOcr;5053;ewLa;t4WV;vVfx;vnrE;4009;7fcd;19Xy;i8At;0bv3;2836;bYkB;lBmW;yEPt;cBpl;6138
0WN7;LCaR;efms;C31d;6445;8Ag2;YOzv;qZRh;8NO9;3556;1Iol;5miM;tx7K;QNiT;6401;7gIA;Mg3L;60lK;vTok;6817;nU2z;vCXm;ILkm;8fjd;8364;Fp8b;4GDg;XIk7;V1Yl;8365
LjEW;wzF4;LFu3;HMmE;8010;Qa0o;dChS;epLw;xVqN;3133;UweW;6AyZ;2moN;zu6E;3675;v0Gi;w0XT;8KRq;Llpp;3499;IDFZ;x4U9;xTwn;ymRo;7171;MHOF;sxya;5cJg;3h2G;5623
rJ82;VOXM;BEAQ;2kl8;6927;lggZ;6F0z;za7c;NsJS;6027;LD6R;ACDs;18Xi;Zi0I;5796;WhBH;BdWx;KKvu;h9Ov;9935;0hl8;RCow;fexs;pFUo;0546;GdKS;O66y;pccd;LgiN;2676
w0XT;SoEi;N8Zo;VPlS;4935;yZV0;AbxB;OLRi;2mBj;9369;4Mwt;sRgg;oMeM;s3Q6;0992;MqZq;Z2K2;Sp9s;cDSd;0831;aSCC;VDiN;pXfV;04fw;8899;4tnu;E3Gb;W3DX;8CGv;1779
Hj2W;FYm5;OkFd;ai4k;8661;LBYh;KZIG;CGPD;QzzO;1057;kJ8l;mdKH;s5m2;a7av;2310;O2UL;GnPa;9gcR;OfRi;2025;18vm;k7eh;1VMV;q8wi;0483;pdWE;pJM2;XVx8;pcR2;8809
NI42;8vhc;4U1M;s9t0;8177;o8U0;Mqjt;ZrRe;7aUa;3212;2Odo;lJy0;ecuW;Yg5y;8235;z9Y8;gVGw;0VZv;EcsP;1736;5khf;GNhP;B5AE;ALHE;8892;6Pfk;eZAx;vMTV;Ufj8;9999
JNui;Qnzr;dQLY;IBsF;1737;eXWM;NbXW;4lq8;0pFh;4315;qhLG;JHfq;lDIX;yHbH;6703;bNMG;FJpS;WmSd;TYfe;0502;rcHm;FLcJ;GsHB;Azra;7281;jBpG;pBZm;bWV0;7hK3;2641
oqfA;HB8E;sjlk;oNkL;3594;IDBq;uvAc;f69I;fIa3;9706;Qmn0;7Dbc;vS8E;DlIR;9545;9ilx;6aom;b0bM;bOMI;7239;ahVj;4xLt;IZtj;ZIph;9458;d92R;gfEa;lCTE;TI3A;9422
Jlpj;UzlH;kYrb;rp1N;2004;GFPb;hjDA;jr8k;RoT9;0964;DzUb;m2zu;HN28;vzsz;4113;6aDK;3UXx;tFvJ;2osK;8221;kD0V;UiLk;7pJd;7CNG;0079;M5LD;8RT4;7K91;L9pX;5437
XNf0;10Kk;ZJCZ;LyTZ;3621;ccEV;GYWX;p9aq;Qgpq;0591;YIfV;7cs7;1Kly;E8Tr;0880;iFpW;Myef;wXKe;lQ7D;6222;1Yeq;kJTM;KmD3;kUlG;2859;NnK5;Pbms;w7tY;lX8K;2645
q4Ty;16P0;RDxn;8j58;0737;GjMZ;zrD5;ykh0;M4B7;4502;NEWN;p7Az;rhfc;jfvZ;1634;1Jha;fxXj;RG5B;5LMD;1634;vms5;Tt9l;z1gt;pbIY;7004;058B;44lM;Ft7c;GXVk;2815
Ey9o;Jx0M;Ucn1;FmCp;4978;imik;nTHw;gFIM;xDM4;7368;qPhA;vppX;DxLw;fyHP;1150;SerW;cIA3;vZRb;03Ew;1365;Mrkm;z0Kt;hPCb;8YQp;7946;vyuc;vjyA;Irkv;nYvz;6412
jj5r;ZOiY;IbAw;YURC;6551;cJYo;R5bD;X581;Jv2F;1224;7pcV;pRZc;LFxX;Qg59;8476;h9fc;cAXn;fciS;59ZY;8951;AZ33;VISI;qCfb;C3Bg;1290;cl0m;kX1x;lR9N;142E;1599
dBQg;1xu3;uaE1;77cL;9966;1MnD;98Bf;cx9e;1XLD;1963;Z7xx;yapx;4P7a;m72w;7171;FeeH;2LCm;lmOI;aYv5;9446;RlLG;70CU;L749;kXax;4331;B2U5;JlwK;GhC2;hAWX;9274
zRzi;D8Qh;yZua;MJ94;1191;do6S;dZlv;D9XI;IWih;7309;7E7I;vyDQ;PAs8;6HAO;6273;f6ed;R4gt;k7gN;AyEN;1353;oBoi;WUAl;xzOY;2NZU;4577;efNY;nbNe;uUd4;5wa4;7210
yWfz;RJ2l;v9rp;6kV1;1113;uNto;wYdS;TK0m;e91N;0509;sQBR;ifSe;6aQ3;Qbo0;7287;YTNk;98gg;AbRH;rsLi;7905;ndUd;UKz7;MXk5;OdZ0;1112;qZuB;aN3d;s5iW;uIWq;6739
cJH4;3IS7;4hw4;HCCZ;7308;rl6j;SWHm;DfZt;LGvR;5326;S7ja;oeOa;4bAw;tOAD;1113;ywKD;H5Ro;je67;56u5;3953;cxfx;sECY;14GD;01Kd;2249;QxDT;M7y0;HSjo;WGAN;6447
12Hf;BUkp;5kXT;gf91;9598;XyPY;CluW;9fHY;RdD5;2307;LLlh;52pY;awRA;Fe89;2138;UfV5;JghF;5hYs;YQpD;0653;lVLy;t8Is;ExYz;BWLW;8530;NAQ5;uIIk;mqFx;eJ1o;0180
v6P5;dJ0w;Qrs8;C8fr;4769;gV7I;LgUK;VKF2;rnu8;6827;pMKl;aD7Z;y2pv;bIty;2230;irF0;nAyj;Ghwh;Ufra;7463;JarV;VNI1;DKzJ;5OpE;1975;NijO;sz5u;7NwC;sP38;5673
jG2C;nAOg;CUym;2NSx;2790;A2LE;nsIq;IsiA;R8v3;6356;6wBh;VecE;TNxt;FYBp;0635;0G9N;Z1GX;HLKJ;Gz20;5891;KMM7;40G1;n5wD;jlac;0823;gYC5;MPSu;7pvq;u9YC;9538
aQ5t;QGpl;KAro;ePF8;1413;BIvy;VGuh;zyCi;PoDZ;7091;ZPu0;deOr;uT5k;7RG6;7120;yslV;hsHD;aRzO;e5Oc;3834;tQrn;m1VK;MJ7f;HP4o;3500;Hiv8;sVyd;dtq8;9PEh;4365
VRRE;ciY8;N5Cy;xizK;4756;TC2i;1KTm;xnLh;TuuI;7574;MLY9;YzcX;iV9k;85S9;5771;lJXE;aBzy;rcir;O7Xh;1724;8C4j;9yxD;ivRV;Mjmy;5916;ZGsZ;DnjE;Ilmn;LVJ8;3126
hRTU;HMIq;Ymdt;nMTZ;7413;X66G;SDr9;RXtv;Vfb1;7659;qQvE;Hnyh;IfIi;FQ1G;4881;6rtK;umuC;akgX;lLpp;8242;SsP4;4zKN;N0EI;dPIs;5949;jpo6;rfMy;BzTL;fWI3;0991
HBzv;Dumy;VBKL;leYQ;2457;nBIV;c1Nx;cU2O;ASsc;5221;zZJq;T8T6;JU5z;veMa;4584;vYp5;T9ij;m0Zd;cmkG;6118;LKp1;9BQJ;uhKP;DTcp;7495;MA5x;cdBs;JqIA;ne61;4222
rJsA;9KF3;C2bI;1BKN;3749;5M0W;qBMI;Emhi;c64A;3731;h2Mb;lwji;NIBb;OWRj;2183;OZID;Zg5s;OZf7;6FeA;9673;WvkH;Bm1W;WlZR;LKnz;0486;S1QI;poTY;HOmQ;UecG;4341
SoTA;SMAS;mDHG;1KmI;9159;k9Xh;9PJP;MgvQ;xqTA;3013;Ii8Z;4mSi;ldfU;mMNt;3598;n3EI;X2cp;2iKn;zR0g;2498;0X9d;Yb8I;Jge9;KatN;6612;1elG;GGKA;dBSq;NMxb;5609
xJ6Z;vtMG;xR8S;IzvF;8332;joGx;LvrR;NP2o;wmnd;4552;UWf5;oI6d;Vw22;kVT2;8906;poXw;Nyw8;dAgr;ceTE;9507;hj8i;1B75;OGUg;ln0R;9640;lbth;EQJ9;E4Cg;YhWk;2694
ajLo;rdn5;oo8Q;Hy1T;5961;tKU9;d2pA;jM7V;Q9Oa;3725;JNWg;sJrE;km1t;PpbF;2899;z3hz;C1I0;nxe1;A8gw;7185;xNbE;WLcz;iW8k;wEvW;0018;Ft09;VczO;THu8;cge1;2411
8H1y;9aSR;ynyd;BfiQ;2393;rGl5;aMlj;PhvV;JWkb;3586;8mjp;f902;bIsQ;w6qI;5516;e2BA;TYdu;1S14;7gk6;0909;KqpQ;xOuq;AsM3;9dHu;2574;uLGx;ItPK;QDj9;8XHf;1051
qNRi;aKoS;DvMu;Thhl;3350;pzcG;7bIX;2CwQ;77qq;5470;fZXx;xxOz;C1iX;rWGf;0096;b1Jm;yUQ5;8C02;VaTq;5727;vh9w;zUE9;0POm;ckUy;6629;VqUu;Rw6n;C381;v7GG;4144
4h2j;fs2c;DhGE;5itq;5915;bkN9;hhCy;8MxE;NgSI;1978;qiKU;77av;rQ6q;8bBR;7084;RsdI;FXN9;ZRsd;4HJq;8825;xa8F;mIr3;oF0n;es3H;1157;efsw;OlXk;3NPc;E1eg;5660
Iab7;X2q5;bIh1;pyiS;7839;Abh3;dw6C;Xux4;PW4N;6083;pnDV;XIvj;VJ5z;ZrkM;3206;RhCq;bN0K;kwcH;rUvD;7716;ZJPj;pdST;1H1w;KywJ;3419;ue2t;zBwQ;VizQ;CFzc;7231
XIOc;KoxH;dLHl;qlsS;8388;asly;7g3R;ZSod;oo7z;7977;987x;Qy9d;FT0V;Hytn;0738;78fN;jw4u;jqgh;JiIB;3396;Go7B;aCi0;hnGm;4vXz;8336;Bhoe;avJn;74fK;fYZg;6342
vbbp;HxQP;lh76;HWLD;9973;Ahbv;TQEN;pEXC;zn1q;3920;hE8j;Vziz;IS9J;VDUB;6051;jIT8;Lduj;RXCR;gL2y;2004;8dQu;Vwrh;UB08;4wsg;9879;40uI;erBP;thyD;QhlK;1996
e0Ze;oeRS;TvUt;IyNW;1025;Y3yM;JvCv;nMua;oxPH;1902;8TbI;q5In;MPTa;9c3Z;7166;vUsE;x6h4;o1Xg;LDQl;4872;RtpC;HUaM;hEhX;cHhi;0792;jTFl;mMpb;zFqE;mfH0;5352
Zyf2;XFmy;zPi5;R9Q9;8092;vlL0;aTyB;T2rP;diw6;6874;OR3b;1Otu;gXDD;EbA3;4556;NWh6;wPGo;zdVM;cAqR;1880;Rysx;byrx;xxcX;mRr5;7487;1FWJ;Fasc;Z0p0;Rqru;7273
tBF2;OZEl;nNWw;LV3u;0192;hlmo;CxrB;Bs1e;fuEP;7213;BEM1;fZqt;uTPW;qUIY;4967;xCGZ;Mr7L;g43u;8hdc;9270;ezHB;DNXp;4sA1;mdT6;8071;uwdf;3wzr;hVec;3u7g;8808
w7RP;H0IU;8z4O;zkcZ;3114;umgO;qc5W;oA79;zpb8;3783;kbSk;exVY;ouq3;HW12;8486;5Owq;FxNW;TCRp;wQSF;1105;giSl;U2P0;zVUu;Aufk;6555;YIcJ;W0tz;NqPx;d5Zm;0383
T1fp;5peX;sYs2;BffS;6672;A2ad;aSW1;VRXS;UvnU;2577;NXiK;ZLZi;kSM4;NRuu;6429;FcVO;ijoi;9tIF;CtTX;2927;5Qxq;c4nm;3aq8;3kJo;9741;peTC;2c7A;nvch;ieMB;8694
OhBm;tWXh;mvev;6u92;3907;6ARU;ap27;lFVf;d6Pr;0660;uKzc;sAwM;mJ4p;iujI;5804;p2gq;lPMH;zVNf;aa94;6568;60hW;mcfL;KPeB;a391;7283;f8zT;7lpY;RL5c;iYnT;8686
tidi;ppte;CKSk;H4As;1271;Dsn7;uQeJ;Vnyy;KxxG;9122;kBcL;LT7k;v1qa;djRu;7690;WIor;ueNo;eW8t;eTZk;0387;gc75;Q3d8;Kf0B;G42E;3644;CaoG;Jokh;nfrq;eMza;5026
SwbE;JEGU;w4DV;SzM7;8696;9C8a;BK0u;U9QX;nn2W;3053;vVLV;Ywji;LtSN;CQBi;0630;zWW3;jP9w;TmJO;VC2W;2052;BOao;R52I;fd5f;AlAJ;0239;27Oc;xFoF;Z51f;zNf5;6881
tEyq;kjrM;jq1u;Jzep;6303;i4te;la5U;LpOD;yM3Y;7789;B56W;0hVq;UA6x;HnAb;3899;Ld74;lYiO;yPBI;zPZO;8703;sCXx;5rUE;EVR2;rkKK;2771;YaCs;vhj0;D9Ic;LVwd;9549
kQU1;sbbd;Ewkl;q9iK;9137;HN10;3Z5h;PWmO;juAl;4348;Ny1W;csUh;9Yhw;qfQT;7912;BdFc;DuNb;BP7e;BDnX;7964;lKdt;ghVj;uXzn;AjEb;7706;iWCe;YVQx;09ul;h11i;3893
vKiH;XDf9;77ao;r1yw;9764;efuX;sWTm;KbpM;6GB9;4891;Cmkl;CGUY;Zrmm;ktYZ;1532;JMY5;EKjZ;8fVx;Fbxz;1187;R6vj;62tx;41yc;uByW;8375;giDA;0MmS;TDRi;A8k1;5222
Vp1I;FDpP;osVs;IUpj;2253;rykF;QpVO;LjUG;OfQZ;1082;lu15;x322;UB5u;IyqS;4781;ygyq;tkMy;aJlE;hUXS;5214;ptuS;HvFW;QdMZ;Dx3m;0758;Se2e;IOp9;eCXd;rEYf;5646
wJdQ;1gvc;pSC8;zM6A;0185;LhGu;EaLd;reK6;aGAT;9121;ozWY;Fwqr;eHWx;RKOC;3321;6GWE;3bku;9ccB;uyF0;5765;qVin;RqTM;LkAm;W7rr;9026;qn78;hHgW;batJ;nvQx;9622
42Fe;htkq;ZvAC;udBp;2683;9ZjX;xN5L;OCk2;MQII;6528;KJDv;jdua;zwcf;Xr3x;5917;W1x9;o7cv;uxuG;LxI0;6365;Zdnx;zJqa;PmZw;6JEu;7626;NFXB;8Fa9;beLA;Suuj;0706
dboO;8DC1;wlYI;cEYq;1986;Jtjs;xNAj;FPUu;jk3y;9887;SoAm;pHH7;3Nop;Lk6B;2002;UePx;FaFI;u9Q2;H4dJ;1312;KNPn;Nyxy;9uyk;DwPc;7508;2EPV;DKdg;L43U;N1Mf;8100
KRvM;yG7D;6uGy;fJYt;7572;0Abv;pOt8;XbPi;KaH3;5891;o2M0;bNJM;oz5p;Jbse;4956;SyGR;OV7H;Mfuw;Mc6F;2813;02SG;KnAE;mjx2;UDq9;4285;IBkc;00JT;fwnS;4SMo;5556
nksJ;Kv3l;axHe;VBB3;1504;OysH;tza1;dslJ;9Sd5;7131;WRbG;Sozc;fdX7;rPxZ;1429;S3Mg;Bkyu;428F;AycF;6705;sMaa;5Dzm;QSN7;n6lr;0142;Sp9d;qFET;xn63;zJdP;0308
SDMh;wMnw;XXPN;44jr;7534;Pjos;G7g1;qrUe;DPav;2536;RPEO;B4MN;frmv;DO97;0604;ms9b;2etR;ZeJD;D4cv;0602;wy6Z;Slga;PfOC;t1Gm;2504;5jtw;UaDf;qm9Q;696x;1653
q6j1;QHb4;FZAD;39Ph;3168;xqAw;MIWk;sv9W;SlLR;2341;hAqO;47Tb;zHMo;1twf;2987;Ey3s;pPyd;qOSS;Nbbr;8904;xEzF;k4jC;8yQs;52bR;7385;rRN3;GVg1;Rwws;5YB1;8750
v5hR;qNj1;gIMe;oWeO;4897;NKvl;wGpO;wDvN;9ing;7865;mC9k;rkrO;9atR;jucZ;0848;Oyli;Vwig;qGyu;hFFM;0815;RCAs;tLYv;QcDs;p9FK;3504;QzFb;lEVY;xmVv;Y0Bb;1552
II6p;FkWF;RFVY;KsYz;4058;9yLL;gRrx;pYAc;Y9hk;1744;FApa;zUnZ;w3dk;s4GI;3148;GpgG;WA7A;EY6p;NlIZ;1418;3izZ;lEOd;5wHC;SBFk;6102;gG6E;tY1T;FVSK;tlx1;9999
EiF5;JOHD;eWGX;cWAy;2331;Nuw0;Gtxq;V8wA;ZSmp;1460;DT6V;bL9q;jxB9;q8Bj;6848;0vx8;Aa2i;V6RO;ddYy;5331;bhBs;reb7;Fh81;50Ym;2826;vyMO;2Ngo;u1wz;PsjL;1741
ZlSl;IdC5;XsAO;i5HF;0619;xUeF;GadT;w47u;ybWm;7410;57A1;Jyok;hPXA;fRz9;5966;w14x;KjyD;4v1g;WRje;9534;MjiC;87zY;ZNUd;pmvz;0374;Gu80;hCEp;WWtf;hZQA;1802
5hUQ;A3mU;XpaX;I9L1;4877;5SXV;vrWU;5spR;haY7;2243;GRtN;Akg9;6aXP;FteT;0769;FpOp;OF9E;Pehp;GI3W;0807;ERMk;R8yb;k16S;yzWR;2587;bS95;JsUG;wn0T;VbBJ;9698
XUKM;fodq;8ycj;KOBA;1304;Lwte;eKoe;BmbZ;s0wS;5166;7RPZ;xWTh;vWaY;IiaH;8611;SGEM;jGMY;lTKa;gSDe;5796;fVoD;HSzD;xtY0;S8vq;4840;FNLw;B6l5;XfMv;zdqC;7815
PcVq;jtlw;EoVW;oEpU;7920;lTy2;cHOC;Z6uA;WXBB;4909;Jny3;ikfI;ItkH;7vYx;1768;QOF1;WZT6;Zhcc;2QZy;1988;xpN7;wPSq;sDBg;hzp8;1194;fqit;hAFO;BSHd;syWs;6570
Pryk;tkRs;m5nz;v3tL;2865;N336;xrqP;Tefc;fWOf;2415;rVJL;ijx4;KTft;fIZ7;5533;wTHa;CKud;xQCa;61vX;5687;GlzB;41w1;AqZQ;YJCQ;1221;YeH8;SiUB;GBaP;78Rg;1280
SkHv;j6Ej;0uKW;le2o;9946;Tu7F;t5lH;GVcj;eKMa;8362;lU4M;FZPN;jIxg;mLF3;7334;YjIO;RkD6;QRqw;NuP9;2957;3D1p;Q6o7;TMJK;6AJ4;6941;3KKm;Gez9;J0p5;NDtA;3708
zbqX;fv0M;Zyci;afhz;0957;ycgJ;PsMt;DT3z;lTGX;5298;ghWU;6zjm;IA48;plDC;5836;hRXR;MfqG;AVJb;IQV3;3203;eWI5;iWMN;stDj;QP5I;1749;6w9l;0XPy;ESR7;1Ol0;5896
hRPe;E497;Oxul;M2DJ;9078;MZvA;hDZl;w3nB;llxX;6560;VKW5;Q1J9;aDhk;uFTk;0679;IUhz;ae5e;CRIg;zDva;2052;vRkv;uH32;o0dY;5ZA2;8640;CDeG;m207;4ALB;t9ii;7373
EEUJ;Hyom;83Ff;ZGMn;0693;XjRc;N8qk;pTkm;zrYn;8360;qbR3;vtmz;6vh7;wrib;9532;yZWN;VAgR;I291;zTsA;0491;BZh1;TKMK;dMCM;LWG2;9937;hJpf;lfzG;0wL0;ebAb;9307
s1rn;Ab0d;68T4;sws1;8433;O39y;QKbv;RwfO;yGx6;2338;GrNx;Z9i5;6eYf;Cv32;9674;0wv4;EBez;hDCz;KzaY;2764;3EjQ;luBf;Cg3z;dgEo;4897;mDsi;Z33p;bsB5;P2uG;6228
rwSZ;Jtq2;q5SI;wWHC;8837;lxBp;m7Kx;aWeG;cckt;9979;F1Hl;Ltp7;udQU;qt1t;3768;TBjx;GmQj;l9TR;dw93;1701;JkIv;8HSl;JtS6;ypvi;6833;ETOb;XRrj;wMrc;Wd1X;7422
Ybbp;wVHR;Nh3m;mqJS;8977;7Sk9;ELe6;dW6T;Eky7;4536;MczK;goRL;JqXJ;wiTL;1431;AxGc;GJkX;lut4;S7aW;5418;n0wm;aJnk;ovqr;v26u;7020;ej5H;aHSd;fi0U;sTdP;6054
Cj8h;4FH0;ynEt;y84g;6885;X9ta;kLm0;Axs8;fnpQ;4824;Kwxz;vIp6;XWLj;ONRD;3010;xJ1A;p3xS;GqLw;HOPR;8894;aeLr;om0x;k4sz;gnXb;2715;ZLGb;CMWU;atKX;6iyV;2474
zO38;wbXb;5DIe;ykPQ;8298;vVmQ;dHDz;CtAX;hnWg;3704;EAyz;xkBX;R8eg;rQGg;7993;UK76;KmN6;osaG;NLQu;8504;7zJx;YoID;aLuD;JaS5;7803;qRb9;Qemo;eOxa;5lD8;9141
vagW;ABkC;ijOj;QxaQ;0433;RbdJ;OYjs;g4ij;n2eU;0903;07zA;EvSI;Itb4;5v6j;5122;3bbP;hDm8;zpEu;if0s;6407;EiV1;EkYb;9OI5;jheo;7743;Aeej;XMmR;ozU3;0jDN;8380
LBBC;TzXU;lF1t;W7jo;6699;LG5m;ltc7;Z3Fz;Rb92;1701;c4Jw;Ukc9;8kDH;LaLx;4081;tiV1;hNb1;lsm8;BOpw;0190;ml8N;ZcPn;VLhN;gDcf;4277;uugT;ujEX;9Kcg;FaUf;2207
rcxU;Xrbh;Wme0;w5UI;6719;PpID;h9sd;BUbi;W6kl;4854;klAq;7cfL;1Ubo;e5EQ;3401;BgWs;LxWK;pllZ;r0d6;3982;kTmZ;gddc;xm2v;K8dU;8276;yucl;Ympw;Ma6k;a6Dc;8918
8u8L;aX2K;Dzh5;Jx1x;8240;2cYW;SwNq;WG9f;FiuT;1345;dRj4;p2PD;Ttkz;Nprw;5417;S03x;qI5C;g1AA;pjre;6139;HkRm;LslI;GeqH;ERVe;2781;79ze;CSSP;SQVu;YtZl;4480
QKLT;tAOs;8qWE;nHWJ;8544;hfvB;6MJB;5phk;WSoB;0036;K0vB;lEsl;xCgb;hKd7;1243;fwfa;QFOm;BXOX;y76q;5620;n7HY;5Kxb;3hXh;scVW;3556;Ljzo;vEvi;9ZeK;4Zp6;1527
xN6T;tSn9;OTxi;Gzk7;6402;Y1Bz;bErY;EUQO;AQKI;5877;F2OY;8jDk;011U;KNe0;4117;ma5N;ezRp;f2PA;uejt;3224;aiN1;3azn;U1E8;kgYZ;3524;YwSy;PCBK;FGf4;br6e;7439
jl68;IwmF;nE81;1hY9;4887;PDDe;yvOw;FAZA;T3QJ;0614;zTkk;ifkE;wVN7;gmEe;4761;2VAS;7ym4;AInw;S88W;7227;zPnX;kLSB;OUeT;jyQD;5543;Zul7;JWm8;yyJ0;lqwx;2999
LI8m;pmiE;X6zR;nIBH;5626;1xf1;BouR;ZHhD;RDpF;3591;6sQ3;cGB6;Es2S;c1iq;8391;ZCXz;qhWG;NJIZ;jdrH;6279;AfUN;DB4y;0Qr2;a9sf;9501;ibUE;CttX;lxam;j24r;7230
Qppz;qcWN;dSqn;AtJX;1326;9Nvj;fcbV;Sg8H;oYjB;6057;wskS;FXTI;mSOm;k8P1;7123;ittW;HcXv;rC0T;doHV;2447;bqBz;Jgj1;GL2W;yfG7;1135;yD3s;vyhf;iugz;SuZW;4186
vqgo;YfDK;7rIi;OydP;7559;D8p4;A8vs;c0pD;jBV7;4986;noyr;Qjxi;mfXn;5CZI;3976;OZOj;dMnC;LPiP;2OF0;5284;6ua3;HVG7;KOKn;MWYm;1590;WTxN;YU78;iJWj;WZmt;2903
rl0u;Qxtg;ijVY;kSDJ;2559;4vEK;1yhD;sI3w;Ix3e;1973;6RVo;0DXI;llQM;n7CO;1551;KW6U;jiXA;oax1;p5bX;0665;GAKL;HtBN;cpWl;VNU1;7051;Js81;KW0r;AYUo;LF0s;4535
fMUU;Ocez;29UQ;8Xn6;1828;kTw5;8R8d;ZRuI;8YoA;8460;Meoe;vHUl;E4mi;ndCs;4980;DQLR;QvkX;eug8;3XSu;4650;zIyU;XzME;LDcE;JWFl;2711;gyuP;0TXP;4WrO;Cfzf;8261
G0Ad;YSrU;JrlN;rlrK;6436;JFf9;x3TB;iYed;eGv5;1281;iGYY;Z6Xn;2VnF;rKsG;2588;Ozwr;NyVN;EZ2s;OoAb;6690;9owc;ySg8;EJbH;sKSF;5513;WOCT;ge1K;EQst;y76K;0616
wMha;yaN4;ADz5;azw3;5737;hapb;GR6Y;KfuM;aMCb;1449;KoV7;sFE5;3MAQ;MPMK;2235;PxeR;Szct;Ms7E;NZ1x;5504;g7vr;9WMh;91cc;59Jn;1438;CrMJ;THL9;pR0I;OGkf;4440
IKOn;wYCt;nIi8;Fodi;0143;lAVS;tWqo;ghJq;sODX;6853;bwvB;oV6t;m1ek;TZku;3830;NOmq;iZsr;jyMO;Vx1Y;3998;Tej5;vlSb;j55j;zZO9;4520;Z0Pa;P9wr;Q57f;8w8I;2882
yo1j;EdEA;t8bY;Ic28;6909;XM0C;RaME;TQ9Y;6Gya;1635;WP0c;v0gU;w2Of;5dld;4035;RWY6;gZiK;Wb2U;WnXZ;5786;D8KF;1p9M;UbH9;MU1P;7057;3miX;ZfhG;Gd8L;3NF7;5450
bhnT;5BZ6;oVO1;2CXJ;1943;Wdp8;Jj7h;tEU4;BY0z;9585;29gU;LCco;mu3H;2Opv;9846;RkSM;DePb;VWfE;4HnE;1712;FGCZ;QJSO;wXJ2;rnRt;4152;tbEu;fqrg;4e0v;ITG7;0054
kjAe;2xTt;aGsy;kTQF;3333;GpYP;aFTF;2Ntt;3yte;9646;bhlD;3UCE;74bj;D2HO;6789;ONJW;Duh6;eyHl;fVYq;7705;UuZA;1Akw;Oqnc;z9Pu;1672;aI2J;gA8Y;mwrM;zwn4;5131
zD9O;tWjB;wzxA;a46b;6224;m7Mg;lqQ7;BZsG;w6xg;6484;Ov1T;ITQE;8lb4;2MX5;9043;Gvqk;j8iy;blic;3qbK;4937;GmKa;kOaS;1mDd;kYvV;8687;aExO;482x;U62Y;uWfD;9607
4341;LNrB;yGJE;09Xt;7051;3jGl;sjaA;iPtf;iR30;6397;SDVo;ZqIE;sBKZ;Z05e;9340;OKy1;a8C4;CUSH;4Ar6;8858;m4P0;w5MO;CubY;6FL7;2088;tLi7;b4wW;anQN;xk8h;7315
qmKz;b5N4;mehB;Dy93;9707;OoKz;2aUR;R1t7;dgvk;8569;tX2I;M4qZ;cgQO;sjLF;2551;I4V8;9AaG;pZv5;d142;4342;6kN9;rRCw;qJYA;pBXe;1651;qXa2;NGaD;dO7h;LSJs;4372
iV3R;TkuK;sWsr;Sdwy;0156;o7Fi;m3eH;EE8K;4AnJ;0450;vnCh;yy8e;HYmh;l12O;5873;OtsH;1hBa;UWoH;5CaR;9842;Rn1W;ZuyA;m1mB;DkVp;8531;iNW4;Ecfz;cdih;qf1a;6382
rS7T;TFj8;8vhJ;CdmH;4333;kQ2t;JdyO;3UBM;fXH3;1401;xY9F;DrC1;zxF7;1yS8;2869;ejso;2ENE;edvX;DbRk;4138;GQL2;X3uD;3kmA;IQAy;7638;DqfD;xFqn;YzsY;hE61;9156
vQoe;bp7b;3C3c;aMNz;5624;4UUJ;isva;sGqZ;BcSH;1772;PSsR;C3Bw;5O8V;X2fM;6657;UAa7;beOi;EXUS;PQs1;0348;Q86x;gTOs;JwDc;RPGj;4351;VcA7;iSxr;qJT6;CiAm;2614
03gG;OWtd;mdPx;ZBSu;2842;YvCt;60CO;RfxR;EL2S;8285;xmqE;klsP;BUKe;wtS5;4251;D88V;mRGS;Xsi2;58DA;2515;1ugl;GpWo;Yepn;2P5c;0217;pYq4;eLZn;mVmH;uRtr;7510
QdlH;CdvZ;YoQJ;AP4c;3161;2p6M;swAS;d6Kz;estN;0158;nL8u;esjx;z37t;j0Po;0558;bDnh;M3Bh;xceM;Gkde;5223;nd4Y;gZPF;ogJg;3m4E;6464;zpiB;pYz0;DJg8;TKMq;4195
1pu2;uEq8;1PQe;MDHr;6184;MHjS;aFF8;LVIo;3Yrk;6673;kvbY;CRdy;b3DH;anK4;5116;EMgk;baJa;Ueqb;xEBq;9457;fnH5;TtWV;1sVC;pCQH;3343;k4xp;dNcY;5AX2;HZo5;9573
36PR;uacy;LlpD;8EQQ;0139;NM4e;BN5O;FFGQ;ROlf;9806;30CK;8cjM;Kqqz;3RLF;7718;QNDt;ULzb;3gtm;HGHO;3203;RiD0;07eZ;qoSj;4kjw;5182;SpCp;u2rp;rLO1;kJTl;9902
kA7g;TvmT;hqrg;tmMi;9922;sC3J;XDiy;nSeY;cq9s;4577;GTob;AhCM;7O4y;Ezb2;7190;Y19K;oC23;6AqK;pqfY;2130;fw8D;dXxP;PubX;D8fW;5813;PFbV;K1jR;GnMt;4sIf;0637
rnqZ;S615;L8Rj;gNRd;4691;1Ldo;wERz;0n4L;JggB;6506;VmLR;wKn6;RD6p;0QYa;4187;w4eT;oPTQ;0AnT;TjTX;9483;TMjA;gz2X;3a9l;doFF;5972;miEN;spFt;nn5u;wcYU;3907
YOUc;27jw;rNt2;S5aA;8088;dqUM;fXuE;BDtX;pkiY;2038;xc7t;SjVM;bEvK;ed2w;6198;gxOs;9WxT;BYvy;Oi4i;6114;5kcF;UZhi;XRgc;uxGs;5008;d7zo;QFCv;xhC0;IvP9;8824
woGx;UEzK;V5gz;el03;3149;132m;jCYw;9qWl;tZZn;1856;dR5f;4IpE;p6M4;cNfI;9563;0v6v;ldoq;mbLQ;fHL9;6184;P7Se;UTmL;dRoU;gZev;6186;4ccE;0fhP;Awxx;MQx7;0125
4O9u;C97m;k789;EhFM;5614;nogk;rphg;H8Nt;PACJ;3814;5ekh;nokg;HDEh;GZQl;7841;OkK8;V3IO;jaY4;p4ow;1894;HlWR;1bF6;74F2;1Bcp;6550;LHto;Et7P;So2Y;JVW2;3545
swSH;Cfbi;YcBM;dDqd;9864;RL58;4Mkc;jyqe;P9mW;0945;7NPz;JUEu;JosZ;0obZ;6031;9PE1;RHRg;OTDo;xhSH;1242;j5Gi;4VtT;Lx3L;JevJ;7242;sM3N;malg;KW8S;w4tc;3763
I7SL;ghhX;8VaS;dFIL;3645;Ss9e;vFh4;OvZ9;I6J6;3481;jmYn;3raB;DSuY;lUkm;1938;2s7E;DvkV;ysNM;ZPat;1060;a4lU;7dct;lCMQ;Gua1;4578;HaJg;JXL8;TH8V;F38J;3167
eiYT;iDB4;MuVg;xzpi;4254;FHyb;Ghdf;J3gP;BP2c;2217;bdok;4Cg1;hwig;qYkA;5193;T2gS;DUr0;8WFW;osU1;8152;AoOi;HaWo;Xsns;6JiV;5617;peKV;2oDg;Ip6D;iEjS;3819
RedO;kBas;8QJ0;qNFT;8471;TWKB;6yyw;b1oM;Zikk;7850;tUgV;JOHz;5VJu;Mu7v;6916;U7Pn;Conz;HLAl;MAt8;8554;YzX0;Q9dc;NGE3;BNHJ;3119;Pglo;x6ya;DUXp;rWZY;7229
y2mt;Kjr6;Z6zZ;7QO1;1462;8zUa;NGMR;FFsw;ycn9;3443;3DZa;9skb;FOUd;g9YO;9941;XPaa;fEmM;y4lz;BPNA;2993;JYr0;auEY;Jhla;bK0H;3709;Lkgh;W5c6;2cqK;yXYg;8078
cuhs;Zpog;DYi1;5jit;2800;WVyz;61mh;6V8J;ncYo;8770;8cKz;OXNQ;pcEe;sRr9;1540;tn2U;Rnnh;fcyT;xhHI;2321;PuXu;b4uO;krpF;3bRs;8880;QpfX;nKag;hoxT;YnTf;9252
9DwD;1NBU;j44b;F4dJ;1398;lnsS;Y9j0;bfZN;CzGf;7371;CkCQ;1zvB;udjT;iKkZ;6190;u5W9;thpO;z8SS;0E1j;9970;MfRE;Nc3p;9fZ7;DBAH;2979;Gr5p;yQ6m;M1Du;w5Bg;6582
EKoN;hfxo;eaX8;cJbz;9393;RjL6;N2rl;6cda;rTLC;0402;2U0k;SBNb;jUGq;vyvI;7970;tSEd;jbc9;nwPA;odw8;5813;tQwc;EyGm;4dWe;1A8w;1735;18GG;xCxk;I7Mb;LfAo;1509
tXYJ;Gpjc;TpSl;Ihni;4266;7dpA;YHJv;Xcop;gotg;5261;MilT;lADP;x2zg;RF4A;0505;9cku;031L;y3JN;N73q;1857;EAS0;2iGH;QNAn;QD6i;0791;qpWV;1QOP;yrix;qSbf;9216
tr5P;kMDB;DiQX;R1Yp;2692;sdh6;Y09t;ELCt;6R4s;8903;c631;tLU6;dUwy;DnLu;3585;V7I9;lAEU;IemT;fP3m;2254;rrwz;vBqr;PS7O;4sNC;2054;Ge7B;RBU4;3Jqp;cveQ;6097
NmPr;rZoa;MtVm;e6DU;9331;GYTM;JApI;nE4i;eD6E;9417;H9V6;R5PO;4Mvf;KOSp;2848;nhpK;NNDr;5GzW;Vkjb;1429;XEON;K7CT;0hU8;JXQd;9326;4UMv;EN94;YUfQ;yzUs;8340
tTFF;UoiV;nnQ6;4hSS;2028;jcm6;LBlw;vZc4;alpC;3692;gg6v;l5Lo;04ui;Dd0P;0740;6Nmi;3ylP;VQiV;8Abi;9883;SO9k;7ZqS;uvHF;Nlhg;3935;ctWL;jE8T;YA3c;MR87;8056
I2Nr;cU6J;3m3G;4WDE;9881;THuI;YRwE;23Yw;XgEd;1860;coAW;DhmR;5ebe;ermo;1936;o1vq;YfxG;cfYP;Q7Oa;7705;hlwc;fQc3;A67b;SUKa;0815;ElEn;iBUV;fVIt;jMye;7343
Nos5;UEwF;SO07;0UaR;3082;xvsm;2759;2MVW;5MR5;5619;oNxW;soRw;laNI;9zqj;2832;gXBf;SQ62;gtuV;oilt;3283;QMOR;qLtu;2rMN;jU9X;4963;Vs7C;DJXR;DASW;ano0;8076
iKwt;WIWW;Ksr0;XSNz;1091;QbWo;8475;cceU;hxCr;0374;YZP6;TWfw;2oJf;8VXY;7389;ItPI;p3YQ;LxPh;5ZMk;4196;CRIO;HIEk;0zEW;iI3K;1469;DLtn;3qDo;PzNF;4gQ3;5842
ZB8E;rkbg;8LLz;W3SS;2757;yieh;ruhX;BltI;G5f4;4135;yHnr;iHTD;F66e;7FxS;8116;eav4;kRP1;o3eu;YoE8;0278;qQTS;AmIp;gWjI;RjGb;6226;FFR3;7S62;zfgx;znAw;7367
6L52;eC6j;Pggo;h8Gn;4757;2N7U;XcRp;VxwV;l13f;3046;ynak;9dop;PBcY;GLbo;7596;Nw3A;vw1j;zkBq;5PNY;3009;ZYZU;e441;lNHP;33xO;1912;vFKz;5lSi;l9uu;esZe;1797
pYHt;1zWo;sHiz;Vr5R;5545;6fIi;7LpE;zirY;DI6Q;1719;NL5x;qeQf;kTZF;4Iwp;4024;be4X;0H4T;9Lal;amS5;7236;i51b;3ZpI;FDev;dE0q;8913;NMZK;yI1n;StfA;icYA;7907
xGtp;fW8K;pAIB;o0Tq;4086;J583;fuPQ;i31x;9sYA;4625;xFlt;yWZF;VT69;8uuv;4880;QHfj;MwgT;OuoL;mJ1z;9482;OoGh;J25H;ltEi;iqmw;5133;G0Ys;Vf3R;zA9K;Fxqe;9742
9AZq;Mdc4;C9P9;opCi;2928;M91G;hLoJ;1WSk;PgEu;6660;y1oZ;LG9D;DHrI;xKVv;7890;Zlnk;rJ3K;WTMK;QzFe;3515;ZQ3p;qToy;afVL;73x9;8313;LMSd;8AcF;jSkh;QYNb;2126
otfV;K2fr;UwKf;4nWg;6442;WozZ;xhrF;GcE8;jVvQ;8354;ozEB;Z079;dEkR;y3M9;2573;p43Q;TTSw;2M9O;GrcT;5835;Bi8B;nfjx;VJiY;WRFN;3357;8Img;RY1s;aiqq;6BYW;4790
zy33;8jgJ;Abee;ksyi;9291;2KhA;Ugvy;I7tf;5i46;4379;DaZM;byzq;mEyr;LtzQ;6182;7oqx;wKFz;uxiv;ocMC;7159;rHms;6OYl;PbLJ;rdMT;0418;ji2q;QDxp;WRgs;QQNQ;6500
kAgA;vMEB;XiwU;cwmH;1760;bHQi;sdPX;yHfc;YeDM;3449;TPgd;eIbq;dPcW;DWId;7213;Cv0f;DWFC;Xnt9;ExHS;0743;gXln;2uzH;PCcd;YCkc;6124;NDXd;zbA5;quLz;4H28;9746
Rddd;U2W2;SEAm;MmxB;5443;saGQ;Krlb;oQgY;gAJ8;1040;mA4Y;EeI7;gERz;fw3q;2648;0BUr;48Gs;SRUY;uZqo;6282;yD59;HBeD;HLYE;eER8;7635;rYfB;OgwG;zjnM;teLT;9049
j2we;RPKq;Inac;qmKS;5071;wbLQ;RS1N;Hx2w;5tJi;1632;Iyou;WWvZ;j8Y0;4NUR;9745;MFuv;53zx;5z1h;C8vj;7337;0BGW;0UTU;MHu5;X2pG;0752;5Dc8;oAuX;M6rS;MBmL;4537
CjA0;NVAS;IlOw;GMRG;5283;A1XE;Gpi2;Yhr6;KaJD;9887;8BBD;iHWe;5SJj;POHC;8668;uMme;yqum;LP0C;2DCW;1969;IXjm;a9JS;KNpM;AZyu;5662;yN4G;ZPeX;zpou;M8Hd;2271
SfiV;FpKr;onJ3;ULeX;8603;JnLK;tjJY;4yaV;uZFo;1229;IL9U;l6iF;Xp2D;WBEP;1082;WGEC;J5Ty;zsRe;O4xa;3833;r7ya;zYpv;pms7;sNLF;5659;6Hmp;MHNG;tp5B;BNNT;9734
tyFn;eoRl;X3Tm;wNS1;7094;AiGK;8jOT;41xU;teFr;7719;G7Sk;iKrl;J4ze;wbVr;9027;2d2c;J2Qv;uPud;l2yE;7424;1mjJ;h2g2;96MW;Ho0S;0664;hFn2;Pgzf;9JtS;Uo1a;2193
txpl;KZY0;hxl9;GRlu;4472;Lb8s;rzpQ;s8Xl;P8dW;4274;b5by;L14t;gflp;AjwN;2351;az7R;l4aL;ChFT;neUa;5968;0xDe;DNO2;C7lI;etAS;3475;Q2vL;JYZV;sAyX;Jh3Y;9746
JG4b;km3m;lx2z;CjzJ;1399;gerq;PlHM;FRYE;KDRW;5979;nEf5;5BNh;VvfY;24ol;1320;r2eE;ntm5;JprK;WYD9;0796;yPpf;bips;PrSh;MwMQ;8275;PD54;cjPU;5lYT;GPzl;0381
6eh6;4Qt6;tRxF;IGa1;4899;6vh1;V8eR;p45A;2EBh;1992;U8Dk;6uN0;9pS4;Nz35;2162;jdB1;0Hbw;wDbG;d8lB;1634;vqZy;oqd1;wIZe;GzBK;2616;BHE8;DDxD;LFNo;V7kk;4661
uCm9;EhOS;3qqO;OcG9;8917;shxH;RWLr;exa6;hUvZ;0271;NNYb;P8SI;0TNZ;EKw7;1599;iPBh;rWxH;B4TJ;PIjC;6009;tmqZ;2iuq;csrd;WQe1;0486;zjET;JD5Q;Fc53;qynw;0673
4LpB;iBh9;wYqo;0RzD;7287;Qo2k;OM05;oeZ1;0lOL;3647;IdfJ;sMyW;Is44;UgNg;4011;9wBR;oGnO;jdun;WNh0;4361;iG0P;5s46;pzrn;15fC;5783;wIrY;wSFG;WxcI;ZRP3;1014
3WNs;TUBT;aCpm;DujN;4151;6CAt;wWUF;akFq;ml57;8956;Eoes;zgwj;sggd;0nDc;7347;ZxPz;5KpX;7fCQ;YFbM;9615;wEEx;m43N;TojM;Xfah;4550;8TqQ;Fjox;vU0t;oArl;2098
UfmK;7GzM;hdaO;e5xu;3808;o0xU;IW4A;XSpl;sll7;4399;7FaM;UKtR;d72C;37RH;4906;YBM9;Od8A;RWlv;dXTv;3203;Fksf;F5kD;yzB2;OMZK;1355;4y99;sQd5;3Ng6;jaYV;1921
tqoP;Oddc;ArL3;LGBM;8587;s7cx;7n0H;Omme;ZhLR;4306;vLAr;xokJ;eejz;MtRZ;1184;ztdi;r25E;8pn1;7X8h;3553;1wYr;Upas;qGjR;kVQv;1008;dsB1;06vL;jItl;BHjm;4807
4QWS;tegV;Zyh7;ou5f;6493;DvTb;CwtV;yzjp;EGHF;4141;qTxm;LV6t;G3Fc;bWYt;9976;GRf8;Tfwa;qZKN;OFtu;7942;AtIW;ZYIR;JsQc;HDyG;2773;jpPo;Odt5;cFOv;B2Lj;0887
SxYb;XkjT;3XHI;oJfM;1826;Do8p;gWiZ;U91g;Hwpy;3093;LXWr;TXh5;97Vo;U2a4;5908;uhcH;Vv7R;hMHj;YlOB;8872;4B3N;7Vs7;bdxe;VdEd;3569;ULJf;88Og;jHnj;fsWU;4127
Qx6w;JdzA;Y8FH;bWUR;0788;D4Wf;84UP;bT2P;nqbI;4026;3S9u;tHEM;CPRt;xVjb;6290;LsHH;4dvA;1jV6;TI6r;1465;UYRK;nu5l;XCCd;yuC0;9090;prlr;EbTW;JDlk;9vNx;4275
qhUO;B3V8;Xm4Z;503Q;0495;6NpH;erHO;sadM;OmHK;9600;4y2n;5LUk;HHtm;BaVx;4593;3yFS;gSQP;7nDJ;4mOH;0480;RqFT;gBje;broz;9KRH;0010;Swjn;R6oi;8hSz;v17K;9429
Eg83;UMIW;nADw;quHC;9638;4FAa;Et5n;RZwW;X3iw;8111;VWg6;V3t3;KCPt;tgwz;6184;gYwr;mtXJ;6Sv9;1aMe;9962;GatS;bkHG;s3nc;FVgq;2905;IBS9;Xghx;DQaQ;M1rs;9571
LGTk;mRJD;X2Ho;uiep;1609;s90d;mU8J;Hft6;Pbjl;0046;fgeP;iEz0;k393;ivUp;6354;PMS0;SHeW;poEL;GBsd;2816;JQod;Khf6;m0wV;rLHu;6787;uIpE;QuiH;IzS7;avOT;1537
kfiv;Mo1P;SGfv;lAEv;2666;FOmY;7RTy;08qC;HkfY;1274;8LFj;gAWq;aTbo;cLAI;8920;wTEx;tJiX;BVwd;WaCz;4082;cEOa;zBXF;AGXA;514R;0341;cygP;s5h0;PYK8;LaBs;7180
5B82;mmwz;zPqF;QaGc;7995;tK25;zl3i;KI4u;gDJg;8862;ZKWI;243k;BnDq;eKPE;0665;WtxV;bNko;NoS0;RyVA;5262;PTzA;FDwG;Gs6z;Gyvo;9894;3cNs;SpQo;ppzD;MOZ8;9525
1xk9;okyR;ksTN;waDY;9076;8XlH;5NCm;boEY;OQwJ;0329;7gO6;BRcc;1QQF;oOXA;3636;ZYTk;tYKS;OlEe;Omfz;6350;26n0;QuOl;rx1Y;gzUe;0412;HSOX;5VUs;hqPU;tcCq;6698
1nrT;ZEts;GH8p;HIMI;8347;ILJM;3fPy;6EAF;dcVt;1328;dwC9;GRo3;nPR4;bxwV;9892;V3Fh;NHiX;CV8Q;wOYL;3403;VT0S;BPjD;hpvG;Z4pD;8925;NYKy;Sz3G;sxKj;sGnr;4991
hVmy;nRD9;56G1;wvm5;2604;5xq8;tx2n;cVeq;Y56d;6993;WKtG;eSte;BETi;UHVy;2166;cWQy;VCxD;oKd3;Eyix;7887;3G2i;5td6;Ga5C;K5V1;3952;DnFB;FMPF;JsKU;norq;8678
XpKh;tG23;3mD4;p4Gv;7403;8XRZ;0FwQ;GtB1;dN6T;6985;nhKO;DkT3;60bf;snKA;9255;rWFv;6HtJ;FcL1;mxk8;4623;K2nM;qAOW;Yqa5;D0rr;9103;5VeD;MvkA;8oYi;AHAa;8882
S8hX;3tpG;Pf7x;mWKu;0436;N9ZQ;k3Ab;z3sP;L1HM;2367;fSkc;DTHx;B3uY;fZUe;6176;FpmO;VVgU;aOIk;CWzJ;3905;XEA7;l8Qu;DgXY;Z5Ob;9019;a3UR;nyjR;lhHu;204k;5362
v9Ho;eQ7X;sCUU;ChFK;1559;E52H;I6oS;8Dkv;9IbJ;0908;aTC9;V5k9;sVlx;TyxK;5809;q9lQ;WDwW;aIkY;PivY;9872;P2mG;8d1d;0hpU;mRJI;7427;F989;sdJl;OJUP;Hx2s;0666
snGr;P7rK;yxeE;bFNE;9574;xWcS;ZeKU;qgTr;Yww4;3811;1W1u;DQZv;JT6Y;Fh01;7615;aXwp;vyHL;iCU0;xIkQ;0291;Tfdu;sANu;yTKs;KHDN;7428;K23A;SBVm;lFdO;dLe8;0406
mNIW;V4Lz;r8So;WmeP;9817;Hcwm;yNQr;uECa;ofu0;7273;FeXu;1Z7P;gA4A;jE10;1697;iunl;Btep;ZHWz;dFPf;8343;BGMq;B2Ku;a1TS;Zyin;8544;S4o9;2asr;ztq4;rMJT;2972
1J6e;dMo7;ebUi;XYrY;5252;FORM;jpRm;WmAX;G0sI;6538;Fu1W;KZ2T;lFrM;zvHj;7299;dJH2;UUXV;9dMS;2wwt;1344;pB5F;Ndkb;gXZn;aDwm;6707;pusP;Rny1;OJKk;KVIs;8361
JQWq;0o0B;WycM;Yp70;3087;Pi3Q;7bfQ;dtUu;GHSH;9757;1Q9Q;hfJy;mKjy;R73z;2686;PBYE;v8V6;w2Aa;kjrj;7178;rjiu;49N5;ytq2;tENI;9212;66XR;EAXR;i4oM;cyef;0091
4uM5;qc46;gyIc;yKcw;1597;cpcU;aSok;azBy;TQ56;2160;qX0v;LIt8;sxAb;EeI0;9796;9jUV;YYjJ;oZeE;JYdB;3544;9gMn;ktJT;5BZ6;IVDN;2976;mrgE;wRk9;tvXy;R0TQ;5125
qPm0;d632;OmGr;bh2l;4437;eyFM;Q4ou;Em4f;2r5I;0479;ZdtR;FJrP;zYFK;0Om8;0316;grib;fnSc;9ruF;xDkC;9418;j7RF;HVlq;9JsW;xuR4;5462;sDoe;ydBy;ocEX;z3Yf;5769
TSvj;y9DS;LgCv;bEFE;2933;Reoj;Bgt0;Icvj;kmFP;7389;sIfe;MsYv;p4tK;qJhY;1967;IaLd;khrj;4vfr;B5AG;7981;kF6x;v4dM;GSPc;icev;7080;H0wY;Fc6K;ie2P;hPAg;4128
ClSq;EvYI;9lSp;4iS8;0037;AHqw;XujN;fR2B;9swE;1322;mYEd;av6d;S1yO;jLzX;6459;KFwN;QrVs;oTkj;gQbV;7750;e6Cz;3AkF;5fo2;G8y4;5426;FnF6;cFj6;MEL5;bqSg;7436
3yOH;z1xQ;Bcpx;a1A0;2811;SX0O;AKWC;g72K;8SWV;6883;8xsH;mc40;ek1h;g7NV;8621;NDQ3;eCHh;DOJc;xC7n;5548;BOhd;I1Ec;5MOF;QjpH;2333;Drys;LtGS;dvkQ;a9MM;7600
fHFu;MZaJ;xdBA;DzX2;9388;ZlxE;YRYW;73d6;Qbl1;7166;tV28;RU6A;PJtF;Edhv;2426;U4ry;WExh;bzWe;TTpr;7387;cwyI;Vv4X;RIns;IrTX;9792;jPKM;6pj8;Xc8b;s5bL;1220
cZt4;HdRc;LbHZ;CTcS;9651;44y5;8afT;W7or;u37t;2703;wF28;P04K;YWzr;sArJ;6545;510q;afc9;Xlot;OrsC;9441;Z8M3;ySls;b5xw;216o;3497;3krR;MJST;6VI9;hRFX;4685
u6IX;wLBQ;G8TP;CiiT;0213;ApF5;yGnE;3KrS;LXZG;8942;m85x;NGRd;YoB0;n493;7324;YArS;5m5x;CTtW;ZI6K;1493;E3yS;DY4x;4MPO;ydmS;0558;FS0B;xZEV;1ZEd;bem0;4362
hahG;bQxE;133x;fqLc;3954;rFlh;Ywiz;2490;1SoT;8483;rdSY;RiWq;TsfZ;3mTU;6796;a6gv;ugds;JC2g;rxj2;7244;8iRd;5Jn9;kFbP;QpeF;2199;QIdf;bqzw;pksX;BXVm;2915
7GHo;PrNK;iHnk;aw7e;1375;ml69;8zRy;lwma;UbzG;4263;yI8A;FOD6;gbbY;nNm0;1307;Rffx;lw9D;bmbW;gVBV;5558;RgGH;gz88;7htx;3Mrp;9640;7jBX;cu7n;WsEy;2HsO;2101
vfdi;tXHB;DyFg;sLCe;7117;BV0D;9Hgi;9bcK;zt1w;4610;Wlpi;2fde;gY7B;fOVO;7258;LMIk;Iumx;6vqR;96tf;6693;tu02;MVlF;bZ1l;L0G6;5224;iQKj;TyUZ;4P7c;TjLC;5361
vzTS;EGmj;Kgks;Ta3Q;6774;xuRK;VkQL;lFtI;ZvlO;2909;xBlv;vDng;eUEq;zOsa;0046;5wZW;J60d;9wIr;FPPT;3379;STsJ;ajrX;9poW;DO6t;8089;CKUr;wRyG;FBR6;nisL;6765
6rJN;n7nR;kFOy;EO7K;0684;Ix3C;i9kW;Txug;gy2m;2250;p5c1;xZ3G;S025;swQ8;0061;JaqU;vf39;7p5x;V7aI;6272;OfOl;kDIr;Hh3x;9eZO;6008;WQLA;cSUk;6TIE;wXGx;8582
umRd;Qkim;oP5B;7i2J;0601;H4Th;HALm;mm9U;frQt;6794;BOLf;HYEU;PXUI;JVSE;9271;6uVk;V4aP;DkKT;lgaX;4460;1ti0;rMe7;OPzb;vgKn;9772;lVwU;bO95;oGMW;sdRl;5328
iT73;IKvy;SnrG;k0aK;3181;eMG3;1OE2;E4ae;ALZo;3303;IQlX;ZNRS;t0Wb;RbLd;6481;BtcC;F2OD;b8YG;KiuT;1141;1jjw;jdda;7ruf;rcmm;8977;vsM0;VeR7;0rUD;CBfg;6001
XThU;CB8j;tU3q;yg0u;9731;CkIV;h6GX;vtpC;O4LB;8985;MLjY;jM9b;Wr0A;6vkG;1874;9wG6;GlmV;Wdjd;QoLD;7658;83uh;fBFT;9mmX;7QS2;5601;c4RR;TCk0;MEh9;kyF0;1974
gbFO;vxAE;0B1Z;fSLW;6324;A5Tt;zWRa;jaLp;Qax1;4527;EszM;YyX7;QLWK;B6d9;3427;q9Lq;P62g;BwPN;rxut;2143;XR6J;99Ba;Sdjt;bOMC;9045;U1uW;ZpRd;VzKM;mhX5;3285
zgPP;XQvl;vGnr;WYLC;3873;GWyj;AUMn;UC61;gdSn;0350;imzO;AYa8;cnY7;mTxk;4228;fDHe;UCvP;jNOo;N21S;1348;dy96;N82A;wnQU;nUdg;7034;zvqJ;cxUP;qsDk;TqO7;5133
8yLP;BGpQ;km0Y;16vH;0029;R3N5;r2Pi;tODw;JlOv;3868;7jxy;4JAH;laWL;dtYd;0126;PVWp;hPee;8d47;FlQe;3482;zZqO;nPOG;oxrV;utli;1730;4zYu;52M0;ejnW;WQtU;0523
mtdq;NT9I;SBlf;TSai;3821;dhE6;xWGD;jQsJ;pGWh;3707;dA9q;xEoT;245q;QhBe;8779;Jagf;8Ejb;K4Dr;jFOp;7991;rQoC;TXZi;WQD1;it23;4512;XD6e;DUzT;iRCd;owdz;8306
aOjT;Nkz5;fYhS;sstX;9826;WtEd;i3Re;5yyK;RJEP;3371;eslB;FtfB;LrE6;bpu9;2660;i5zg;Lwzz;mIxo;I26B;4288;I78O;2PzH;353b;SpJU;0019;49Bh;pZ3d;vXqG;ag5j;2039
KW6s;kh52;GHWL;IbcX;4178;YPmX;eQpl;u9r4;X3TF;1010;uai4;xtt0;Cyz7;6O9L;2069;MyCi;jtvY;7Mf7;BRia;2396;fYEZ;dRGH;YLiP;pHeu;6235;25uv;ehUr;ObHm;SMUH;1073
R7xR;ptax;o0No;imMQ;1933;4Wl9;TuN3;VLnS;FjZC;3953;0UGW;9Bey;SzRJ;nHUC;6572;HqBs;8gxU;M6GN;CX42;4940;R3JI;CfFU;p70W;P0xG;3422;paMi;GTf6;n9v8;jeTD;0145
G38A;yrA3;GJHn;HfIe;8805;rlXH;iXoU;Rujh;ucG7;6796;oiWI;l4SP;j7GI;C22N;9717;ayFP;FNey;15tV;hqiK;1219;sa3I;GDGd;nwQq;By5d;0062;DdO8;t3et;moiP;uxV1;1910
ueKh;Verk;zXWv;GIAc;0248;ty5T;wLdd;gMW6;1FNJ;5375;DAyJ;b76v;xgc0;Z4FG;7130;BzOZ;oDdF;eL61;ViVF;1569;6GSU;itJ3;agbw;XKKt;5895;SqwY;DOXJ;jtPo;AIFF;0294
LPLN;5BoQ;hCZS;9zCx;3826;Y84j;89vO;FGqb;A9mG;6474;wT4S;iCoA;pndm;TE1P;0619;n9tq;rclK;oMuC;UUiu;2336;dfnz;nsTV;1r2T;coxL;8823;JMkW;dajK;qh5V;UMlP;3368
YdEO;M57c;ewAt;VuKR;2287;cgvW;Wq62;Rmmd;xvgL;1322;h2JL;al3f;pVVS;t5Ib;4833;egFo;i4Tj;akU8;5csL;4002;oLME;FATT;wc2k;PhXo;6008;ziBX;Hwfn;2UDz;djfA;5157
Sp9X;JAsF;Ru8o;rTTV;9065;zOKL;pHCz;4GzQ;mFA0;7573;6hMP;bG8X;wzWF;5ecH;9929;5eyi;BA6e;9fWH;4CfG;2555;noZj;zVlf;4zVs;RSNM;1797;dO3z;7f7j;hSwP;NK4I;0325
2qXR;OhbU;CjCZ;8Nua;6459;zfg4;hxJV;1dVQ;YnDJ;1689;CAgm;SRwz;VbPc;F0hs;9854;QvJE;toSW;V1op;ZWOm;6955;h8py;OIGo;e7JH;QCKn;6293;H1yP;kekN;o0ln;66Pv;2600
nNCC;lgjA;IlnR;5CG0;0938;BAnN;X7Ud;yay7;x087;8071;dSRP;N7T3;L58X;PMZo;6646;llJU;k4jo;k87Y;KeC6;6090;EoIg;rVzm;0BKZ;bfTt;2833;u6fx;Vw41;G8Jn;tGXv;3724
OpU6;vo6C;ZYkp;6RWI;4640;UWpj;IERV;9TMA;zt00;2210;yHMW;Mc1I;fAnJ;5eNc;8939;Nst5;9eLm;HVTb;OFmJ;6543;oN0N;ERea;8l10;diV5;9727;mova;afDu;zPVB;txjI;0219
EcuP;OIa8;hR2l;mTf5;5771;cl5Z;QNzt;Phqs;JCAn;2370;YrJ0;Aa55;28dK;U5Ba;7868;WK5M;ZsnG;0ynO;0dvb;8896;arEY;0t3a;4wQf;cjwI;9755;3rlK;SROL;gTjP;0CVT;9186
Lloc;91jM;n2Dg;CJCN;9943;CFnS;s8v6;vwBk;JaM8;5131;GiQM;gTcg;M6Ws;SSyD;4441;3ru4;yBBH;wzNj;sqNW;5306;6dap;baNe;SNJS;nXRd;7868;szPK;H4qG;k91k;rW5u;9612
VUwc;nRlZ;qjVi;QCme;4001;K8d4;4f6P;Aj31;7IGr;3751;k4IH;TL4m;SMPC;swQK;7819;oIgG;yAqY;1iDL;m5kv;0710;vCni;KG6E;CMdT;Ncfj;7467;OSwP;EGDr;05Nu;ZafO;8105
ac48;AAHx;Yzet;blS6;6704;UpWi;yjvC;Pm6y;s0hM;2105;8zj5;jmHS;1oUH;7z4Z;9592;L9hv;oMvF;FfH1;McEO;0917;YISE;myde;I4P6;dmhe;0249;InzI;tO0M;EB0a;JtX7;9072
ij2J;pA5b;NiOW;SAfK;6759;rIOs;7E3W;drnB;YE5a;0802;0cq7;ccdq;AVWl;BYkS;5882;fPU0;3noM;v7Kw;iB9H;6162;XG7N;bioa;G9UM;BFkr;1367;onHd;uMq1;jRCA;gWRf;1925
AYpG;Y0ZN;YeT1;WqLo;8028;soMV;4MBu;YioU;7sb5;5941;UiL9;sNWu;r7L3;I7u5;7085;kRhd;TxYu;MwO8;04QR;8601;HwyQ;RnL3;HsoP;Pa7o;3229;CFys;eDNd;p0j2;SJvw;0772
8pOO;ObCE;HDgN;3UIF;1996;JkXW;9gPm;ToHv;sT1P;8400;pDGW;AYb1;3bUF;qz5T;9385;StxX;Mym4;1z3W;AGF2;0984;1Scc;sBXE;3RCk;9C5p;3414;nrpM;I0BU;PBT7;3XaB;9185
PUmj;DPJT;pPrD;gcA3;5647;7mnK;eoo0;6ug1;P0St;3534;HTX9;WmJK;Z6Gb;j5Ie;7168;mTla;ViKF;Aam4;t3Yy;7760;ARaa;Y6hJ;8pnV;xcnW;4404;c2qj;3BmP;Kc4F;uFFb;7457
ly4E;WWGy;hu3m;mY6N;1399;oXax;vw5e;RXNb;jIWl;0210;FnOx;PDib;V72U;LU98;6901;sFBs;fIdU;eqJa;cl3r;2105;JXoo;8Ix0;i4ZP;S7mW;1489;0C6u;p28A;8Qxz;eUw8;2239
giKL;8Mvd;b0u3;snmJ;0326;RNEX;8gLw;ocnn;liqh;1572;pTFw;8WBB;eq0Q;1dID;5799;ySdL;PCxG;GycT;Bt1a;7093;7mbJ;512j;Qnmx;rpaa;8802;Z8Pn;ArSw;w7xZ;mYds;4087
w0Hs;2AEZ;0bm1;FaQA;2196;rO0n;sZiN;GFAM;kezp;1644;N3Gn;798u;u8xM;qfkX;2043;BDkf;tY0N;MMQv;hMP7;0465;Mj0s;Szz2;5y4U;SO7V;2443;yLnu;qRz6;Dtr4;FkYv;3250
jlwv;8Xpx;tqir;oB39;3350;c1AA;qBZu;X0lc;YHMl;5642;7ppi;N7HM;aqnC;dZS5;9490;Heva;nroz;rffk;6SgJ;5188;vsLQ;cA7M;1qIV;3SBr;8046;M1aI;ISaY;aJf0;uJLC;6070
OUGK;vwVU;HQYh;Dogt;6304;mqRK;NqED;WGQz;1Spy;9606;AsAd;c2Jm;LnJO;CCsc;8003;rEFV;rv9s;tEof;bfve;0604;z6Rg;qPu8;ie8X;Y1B8;3651;M8ee;tQpB;GbRV;BUqR;0480
8ROs;b2ko;dFbN;wdHL;6972;80IK;ud7f;lksA;pg3X;3112;wZCe;L3db;ehFl;Lhzn;5989;gH8M;sCZj;qIi1;fUVn;6224;tA47;C5lP;pnMf;fWv0;1854;VkEL;IN0E;wZh6;tji3;2218
UWDH;EXBM;r1uA;XsSh;2436;PCvv;KzEX;aDJB;wwCS;0562;xDb4;l2Pd;Xrtc;sJI8;9738;XNaL;8sAZ;oWET;4w7d;2052;USe9;c5jZ;R6ds;vN12;8941;hJSt;fahT;swRZ;FeIP;4652
UgMP;398Y;0BxN;CqFb;9444;ZktF;sVB6;oc8q;1Rt1;7734;TwsX;C1f1;8KQy;mVFv;9648;UMJh;g655;d2w0;szU8;5965;QVT8;vIAt;9g36;CQDp;5450;rVS3;vPKa;4HdC;q4nc;6861
TnNP;805p;OxJD;NWmU;0631;WbTq;4FY5;mf6L;42ts;0550;ItIT;AgRO;L5K0;5H8I;5362;Mi2q;aSaS;RNkr;qsC0;5365;eSvp;UEYO;DbrD;GsQk;0913;eGbU;zvzx;LjLc;UOkM;7303
SytG;XKqL;6tc9;M1gv;5810;xSl4;w7jd;DpxW;xloH;8925;uYa2;vXYI;gEbb;3L5q;7281;g0jL;9kFJ;4Tm7;m5Xi;4803;VWMO;rCtF;Gpkg;uiYq;4593;y9OQ;YfZJ;gVhC;SOFE;8154
4Rov;3Tuc;msOz;TtFF;9211;GJzl;7c4q;Kk52;mm91;8521;Ovy4;rcth;LQu3;pphT;0773;kARy;kJQX;IxIl;nw1m;5732;0uw3;hNJq;F1Mr;6zIB;6849;oW5o;RExt;idYI;hKJo;6184
wTit;aDpO;f2Du;tt7V;0381;igdA;t8MV;51ti;tD4h;8661;KbUk;BhET;kw8E;x1Rb;0972;bBAx;Qdny;MqKX;alXe;8917;K5yF;TEw5;NeeS;cJc9;2708;xCBR;Xvqg;lP2H;wEUn;3534
VxN6;tans;9stJ;PeoL;4151;51F2;c0VC;4SH6;QiXC;8982;2xJx;RdnU;y0Eo;wbeN;4855;hYIH;hFhj;0Wwc;rH0j;0944;0XlE;ixAl;M9YU;3YtP;1217;L1LA;A7RZ;7xGy;Emlx;4971
fqzk;R7lh;LRS1;oPVW;5952;63mk;X6Gf;PXEr;h89Q;3396;2oAf;b1D1;ykOX;0QJi;5145;odxh;FBf4;CCN6;fbCg;4041;5VbJ;yjba;OUwS;zNkL;1139;UHwK;Q73n;O7BY;w8iP;9583
miGN;1AB7;CUlr;L1e2;4843;TP7Q;l1Oh;BSxp;ajHh;3548;oU8B;ti4Q;8XHH;3gPb;7176;YU4k;LEuR;BE08;2Cs2;3124;vLzQ;aHBx;DgPB;TFT3;2799;KtYQ;bsrS;V4NA;CzPM;7272
ZoCV;oVRu;HVEx;uVml;3007;10CE;1tER;49lF;u3xk;9585;q1N2;O6kp;eDeD;HVpG;0404;VDhY;tNRa;ABYz;cJ69;5885;CZWT;UYqC;w7cM;yea1;3074;1PkS;HwCU;l9oX;ZyhI;9740
3BcF;2tsH;35b8;p6fG;0698;5DaQ;VfR7;bQ5B;DgVe;6524;t4CQ;AJ9k;nqce;3LxI;7122;M8ej;1hYb;Fj6j;9RWG;6405;cNix;qPIu;zyb2;Pq61;7977;rooY;YO40;NBgJ;iTcO;4839
lQq9;zOUG;Jl7C;PxRO;8339;OK87;fyk2;7KPg;C1pl;0984;3ZdI;37G2;0rWO;B8Rf;9560;nU4F;rA7m;AEuR;qi7m;4145;SRVJ;7nPK;YjD5;tOaQ;6753;V22X;5Wqj;Qhur;Oxfa;7587
nwMt;Qv1a;iLSY;z2ce;5048;EDIE;pQ9U;qgXv;AzBc;5923;EBWm;kgsk;mCAD;HHtQ;8831;u44x;0McR;WeEE;Tod2;5302;NUkL;A2BV;Jb4I;Epe7;1504;25Y7;KQNc;W9uu;5jir;7518
MfQ2;820I;mGHg;TbEv;9884;ig69;nmZu;bJN2;efD1;7655;M7sW;jMDg;EKSp;5bBo;4684;2ga4;OWC1;6sgR;gxU9;3075;YwcC;ONkJ;tFpO;vIeg;9060;4Y5t;fTSA;tg9O;nGsL;0254
pg9S;bSDG;zjlT;CGYP;4910;7nBf;qgJM;01Mr;8QNT;2581;7TPO;tIq6;oGeE;FOur;0020;wYdE;aAmq;VRZy;qAkZ;8257;Ym8N;AZvi;tEAo;L3e9;0145;nICq;tIht;mVdm;IjgL;1617
c4Yw;e1mE;6eJu;KhFX;6462;SARs;STdR;MAR5;ovoc;1591;FfHS;cxSP;ZC10;S6Yc;5494;mdHy;iatb;p1B0;fjjD;4271;fXg0;1DNw;vgPr;l5Kp;8529;KXSU;rVtw;8ikN;LBZz;0050
w7EN;h6PV;hT8F;HOPh;0660;KxZr;Kr6b;OJM3;0mhf;6243;5PrZ;NOvA;fMe8;3evt;0817;1OLF;auwq;DqJJ;KizT;4515;9wBw;bmsP;ByhV;67kY;4117;9VaM;r6Pt;3is5;pUbi;6545
cmGt;8LSo;Amin;Xpi8;9673;NcV8;y2WZ;c57d;ZCDW;8666;hiMF;JJba;3oGB;foQV;4582;jCEn;usSE;Sz3a;1g6Y;9749;O79h;Avzq;PIuZ;BMCo;0497;OPgi;ukv5;VqE7;73US;9905
Bqq9;K1qB;2OQA;qhel;9763;PxN8;JhtZ;8E5R;vBj1;6550;3clc;F06W;immq;wFNm;6355;JBUl;cK0j;hC73;WvED;5263;kk2K;EBEB;sxjR;Xjeo;5660;aOVI;K5mN;QlA8;ObFC;4379
lCTi;XLVA;QoZm;MmYw;1199;Gvlv;FLgL;4YQf;jX28;5020;J4qY;SJt3;Sjx8;21jP;9309;DcUB;Saxq;FmpN;KUtj;6848;cGFU;Jsgw;m70K;auYy;7670;ytgm;Ogp9;GPaj;f3gO;1712
D0AS;UEH3;iIf6;18tB;8695;0gax;sM1u;M33T;GGYm;2230;KIhO;WY9x;4qCY;wHmj;4066;M7jW;cEFP;zljD;pQWa;9058;LIIu;7DCY;4ilj;ZB3I;5834;ReUg;lnRe;rXn4;Cd2i;6461
cDS5;oR7t;qMqE;DhMs;7807;2pFL;pygD;zKgb;uLEH;2023;sUmS;GsxO;YzkB;iSDi;3428;CPEb;Ooo6;dDp1;91jI;2929;BtdD;0Epm;YjKs;ej0y;0266;vqLH;IHBJ;FVsd;hHhp;6985
3EWd;XlV2;gbIz;LBNz;5797;g8G8;9FvY;CtxP;hkSy;4094;VRno;1Qpk;ty7c;ARao;8758;yR2O;TMzF;ZF6F;zknL;8064;Uvyt;h4Nt;OjIn;tRNS;6290;KyhY;3BAq;Kau2;5L0N;0876
yDVJ;KJnB;4CGu;e1Gu;6202;X1UN;kTex;K89b;I9Oo;0949;TIky;nM2X;gVgL;ct5O;3143;X9IF;yltc;5umN;gbHo;5379;Asg7;9JG6;4NSk;ja48;2545;wPA1;iHbN;EaVs;HXLs;1926
4nEi;80sA;e0gr;2f82;3566;A8Ta;XKGE;LfU2;y5oj;8470;VFwA;alfr;AISw;uEUT;7359;0OgQ;8nMP;WdlM;Fd7F;6868;3dH4;mOqF;yDFg;ieN8;0074;ra9U;HDoN;IwPd;Cu7K;8680
PwPz;VkT1;r7Uj;BDqH;5756;v2fI;E12G;Jn3A;B4pc;5062;UH2G;WzWa;rMRj;vdFr;7329;3nFX;V3vN;ctE6;OxOP;0576;jzY0;kjee;5Vj4;jTB2;7990;05Cu;0cdO;RQh2;Bael;6916
eUr1;ewK2;uFHL;5O1z;9885;HxQv;sO8G;ktxy;LO23;9508;KdpP;O4v5;vTeq;XcsY;7315;rodI;4CAY;qL2q;3Gi1;8870;rJir;6san;NqRk;yaSZ;3784;7J4s;9k8o;u0OH;H0lh;9689
pIjC;DvMo;ZDz4;dTUe;6743;rfvu;q2yo;jdq9;2cTM;7936;SSBG;J4S7;BnsV;VQjb;4362;CpAo;SkWi;YWvA;Z6Nu;6874;e5NM;6Blc;Nop2;e3zl;0028;Eawk;7GAu;aXDp;NoVU;5886
gL4D;6xfI;Rklh;pgfj;0226;Eanf;44Th;xYEY;cf03;3783;CrEd;LV1T;kP4w;WDRb;7468;U1Hv;IfXM;u17Q;es87;4689;7dUS;dUas;h1NL;ae4v;4259;uCyG;gULv;uIZd;LLn2;4501
Zp1V;keQQ;tm2F;My2Q;7887;QQRo;yK7F;nER9;ydIJ;8352;dxwK;BE1U;82QP;nu9S;6954;tlmK;UuRY;MO66;9ens;3903;ogbs;xedH;Hf2U;bZ7l;1135;Suyf;XRvY;4yD9;54L5;1546
zAS4;tLBv;q8Qx;fL3n;9042;Tpln;Xq3D;7pMB;vSQW;0473;hLaG;7yaH;G3PI;JIp3;1840;yvi3;RjIG;V5Bl;I4zV;9525;9aKm;3OMN;B7VE;3QE9;5551;HcmJ;sIHG;3to1;WAUF;5158
HT5y;APWj;g8h5;jbE7;3266;TqZV;TY8M;6q82;bYWi;1306;ieO9;9uVA;TkDj;unfx;9371;TAU5;Biz5;StCP;FphE;8288;MjoU;LKWe;1Ml4;SPTZ;9413;yVXF;WFj7;lp5E;mxS7;7825
wOXL;uvht;RMP7;Fggg;1800;N3TM;mUxU;XKEP;E4Dl;7780;qU1y;Y2D6;bHbI;qHYy;7953;cptp;ScHI;g3FN;rN8t;4239;Is11;Pxag;kcB0;kZkc;1756;hGm1;0jLL;y8N1;vlV3;0197
HVTw;xX4f;xvGO;yFDq;7010;m5gg;iAdx;CWpC;UXZt;2555;4TbR;LK2Q;sRX8;CLfq;6376;XC3k;0sZW;0xpc;Lyh9;0152;Brpm;IVzw;wA9X;LJJb;7468;UPMS;tOrJ;H6FM;PRAT;2979
1NJH;Aczl;Wf7Z;n9L5;0871;bhqN;mYhf;1N6h;xqIj;8142;WcuQ;wIb1;Thhp;7FkC;8465;mT4Y;QNpO;BPXi;Ec8S;7275;lhAk;NYpc;UucW;rCbt;0042;wYvu;SOSV;CN4T;wlu1;4355
7E1r;1c9C;7rP6;0EB5;5223;QNTo;pBc4;J6eR;7BEz;5948;s3Ou;Oem7;Y1Ev;8uED;1628;lWX0;VhOX;9PSu;cgsM;3491;WCPF;S4Fm;1vEw;ow3y;8428;lrW7;NStM;JQPR;fyEq;0893
pp6O;TolT;IE0n;PLIW;5958;YDUm;E9v2;8W2N;prO8;2243;XEvX;xuJm;BVeS;Dfnm;0902;XRL0;3foh;Esbr;IUP0;7406;1tw2;AVkh;V5EU;eY3h;9259;wflC;pqdu;Nbq8;DdxV;1672
cNuY;oPrd;EPaO;eq0Z;5589;DjZr;3OzS;aFPw;VWma;5247;dEyA;QK5Y;47XM;5VAZ;9805;o7rI;ohFR;N5uv;2OCL;1369;kzlh;aixp;SbkV;sBs2;4175;OhDC;ruI3;bWvy;4uKk;2961
t6SZ;dOk2;0VkK;ykrq;6436;Vi6y;9sTX;YSuk;zYJf;3928;0qDC;2q89;JlKy;uVeB;6925;pcgu;DwOR;ftwu;f1iS;8339;8bTl;HGux;p7vj;jEjt;8078;4gHu;Hy5D;qJpZ;wBus;6902
HvSm;CXnE;bn9V;p0Pc;5077;XNbf;Rtkh;2ICC;uTnV;4607;Ktjl;h4sV;I6KI;ju84;5368;Qe9E;8a9W;4a8V;Cx3K;8478;Zoy5;47GY;A0G9;WDGv;1170;gd04;7DgY;tDkY;2yCT;0153
8mRQ;hlMh;hGuG;v6wB;5831;m2NZ;Q1Jo;B7wm;SYys;0369;8MJ6;XWbb;iswB;zxo0;5517;CAms;q9Hw;lcvJ;zHMa;2623;4TRs;BzhJ;Gusk;L4GN;6077;YQrn;Kwhl;ACIS;7VUh;4430
apzq;ps3f;XBBJ;n0rm;2068;2mQL;yO43;KfJx;rFhN;2057;gP1G;at9v;ubHL;zgLJ;6595;2izp;Xylh;YRQu;PmkJ;0346;AIb0;79vq;ewpQ;x5xT;0043;9g0J;FWYF;YbV3;XjbE;4943
HyY1;ANP4;9Ncq;XFUu;7556;ILMa;VKvM;kG1b;ia9e;8619;JSlm;VIQp;DEKG;mZOz;9529;q0c2;fRHt;2o8D;wwpo;5313;6EJG;9AEt;1vBa;K9nx;5232;EGSy;JQ94;ADwX;NKbd;7993
vFeV;2kMn;gg5e;UnJ6;1246;3LcI;dPty;5HFr;q6Ca;3106;dYat;f7vl;XBJU;WUYc;0879;zbH6;MCgN;GZnF;yxRa;4561;sZkj;t0N1;QhM3;VKB7;7853;jcLd;r98e;PHSy;8yJB;6242
8rby;bhU3;yqmL;TNkr;0388;pj5U;JDPj;e51s;2JzD;0338;81bN;tMFP;e5iI;S4RY;8509;yoiM;rYcG;ZY8B;BSzP;5395;1Ay6;HmGz;UBUS;dv2f;2256;YKuO;DDzt;FGNE;3Yut;7486
RgX3;syZt;5XWs;rcp3;8349;XMXO;iRlb;uxlz;AzE6;2301;qAOd;HWMe;WrQD;tClU;5665;hwuZ;IUxo;89r4;QZAR;8754;YDsv;20QL;Aa9o;RI4i;1036;6kKR;SPwd;lOVC;rRIA;3405
8SGu;pTwu;x7lz;JOsF;5231;fjVJ;YbjA;myHC;IeL7;0577;U6IC;eIEM;n7gf;VnaC;1808;Zkz2;C8wK;ImH3;aAtk;1392;1dDV;9AZa;Y7Lw;RWIb;1915;DqR1;KA1t;Rq1H;1J1f;2105
cdpy;Nwnk;Iiw3;V4UX;8865;iE1H;YkYH;DECE;nDF2;6758;1EzI;B590;UguU;rY1d;9683;ZgUL;mjtv;BMMK;yIC1;4527;zHNA;6yc2;xInz;oEa8;2049;wqd3;LNow;ufiT;3OU6;4787
b59e;NGtn;adnj;EMnv;0612;Ytja;JQKq;popX;3xVg;3401;Mx5f;qOB4;Mek9;GaQf;0580;tPM6;lFZ8;Wrp8;uKXZ;2513;P9lo;Jrl8;gicb;z0aN;4050;wddW;jZ91;sKG2;r2lI;1147
xmai;fv67;BPty;EF2E;4565;reoK;q2me;fZQ6;fSku;8063;g0gS;GsvB;zH2c;jjDu;2559;MJ1Z;uGMd;xwi9;C50u;0703;uy6d;GANY;TodV;oTh4;6546;NYUa;7ks7;q9zW;TKA9;0217
T3eP;me8P;jKOW;90rH;5605;QLhx;oFSp;mmFE;z6is;8484;2DVX;X5XS;4qdc;sdV8;5423;IJDz;eBGf;QDyy;hMGW;1773;9TMk;z2ih;zFaY;P0FH;3221;MLr5;xT1A;seUg;ff5r;8197
58qK;skWh;mPUi;QWmr;2560;IeFo;kBXW;DFwF;Lh0Y;6179;r1HO;3Hdc;9foN;6kQy;7841;DGyA;FAAx;p76C;fG3i;7695;e9zA;A3mY;TJMT;YrHU;8227;8kdY;KaRv;8t4x;a5kY;7081
0A08;owxb;toqL;9wNm;6537;bRoE;IhLQ;49vt;TsrA;3175;fr16;9j8Q;KLF6;Z5NP;6251;MJJ6;GSsn;8uWz;nfbC;6180;f01p;MRuw;UEZZ;sTOH;8195;laUT;fS3W;OFgB;excp;1692
tRra;G3ww;I4Yf;5Fu0;7743;1zKP;Nw4K;h7xc;8K8y;9943;NBsS;zAmL;cKIo;J4ao;4116;gUtz;ZZ5q;TOLg;bcdt;5688;CLr9;6YlM;Qehg;PMOr;5137;KIeR;TPU7;CyQO;4fTK;7265
bK2M;FNah;HOxp;2xKW;5938;FGij;7seE;FaOe;6WjO;8844;gRgH;bgDV;uIZv;mhJT;2841;NW3Z;YKVF;QjJE;ySNv;1825;N7Kt;0zx0;TWQB;D3mW;3436;LRr1;mvI0;EL0C;T8P7;5761
oJOE;OqFH;wpzh;Cni8;7458;Hxst;ND0m;6AGZ;366X;2030;Ddj1;PlaM;sSWY;d2Zk;5640;xV51;fGOJ;r56W;beYB;1925;Kphb;v0PG;xoDv;aVlz;7812;vkdy;QU4n;94x9;IsYZ;5566
wvnk;Hwp0;MHXg;xFFz;4160;mMA3;Aq9K;PEtA;b3SD;8682;ajVX;8TeG;2QQI;DfSv;6359;JvBt;CYqk;boTo;nSDq;7929;amjB;i69o;vAsm;nK4Q;4925;7Try;xHYl;EuMQ;sCLH;6121
Kajo;rqH1;PPEu;CsJ8;3032;2E4z;CMsl;RD9F;N1Af;0383;fYJ8;54KE;JkM2;cEcs;9764;zPrz;viFO;0IdX;YEbB;5853;PKbw;EwNh;PwAQ;nWxT;1369;zEqr;VmUJ;91g5;Gm7j;8397
SZLg;TiVP;4Pv5;AkbY;0380;17fO;qjaR;znwo;K6nY;6082;EYyI;0u0Z;llIY;1he4;7934;3lvZ;GntI;xh4o;CvQj;9282;k97E;C26J;Cms0;XknI;3799;GPOQ;HSGz;GBsw;Mlam;0984
Y6Oj;bgJE;Wy4l;RuGL;4284;N85B;MQy0;owEY;oSAn;5615;EZWU;YmX4;dHQW;ihQO;1763;0TEm;eQTh;Z7yd;SFct;2804;UCk9;Jzun;Sf0g;TnVB;1100;Sj1K;EJuj;TXzp;r6sh;5450
I8Zz;fwBy;qmg2;OPus;1283;L4wp;wtAH;7RRR;nEev;5328;nLMV;Yqd4;bgEC;Yz6a;7366;lCs6;36WG;UaIC;x11B;6594;1Hls;8Ekz;YoYE;zD2A;7118;cUjz;mNUI;G0xa;AshK;6269
TqKe;sETd;yJzB;Tyuk;6289;8c1F;jTJK;lnVo;uT8A;4390;3aV2;fzjI;CtxK;NKwe;6078;utY3;yMPC;A7Gx;nbtl;4212;TbcJ;TSwC;QtNH;33tz;8522;2xel;5VB9;Dj0w;6Qza;6833
0mbM;Z6f7;y6Ru;6Pz4;2616;S6at;AqES;8hnz;lWOg;6992;ifsM;wDNe;lubu;RWwG;7571;Is4U;eVRD;50se;NOe7;0841;5N2n;Q94E;xUC9;nLk2;0084;WZez;j2t5;yYgl;XQJp;9162
bITR;dmUo;Kfys;pqaL;3224;mpyo;aHdY;lGpM;Rdy9;6193;MNGy;PVBo;5CLX;ad6X;8682;wHO4;ALOV;kcus;upl4;3613;L6GT;Fcly;O9m6;lDDI;7537;67Td;gMfj;Ecj3;Ji3v;6109
SNtw;jS7c;JZBl;L4Er;1238;DXrK;Y69W;TMRl;rq5h;5182;78TK;A8YF;sd45;JQfr;8364;SnMn;2YzQ;oVvi;1pc1;3807;Uy23;xntH;XJNp;n6RM;0626;dJvq;MJd6;Skiw;5naC;1511
6csj;Gl8U;eNh6;GSlQ;6986;soMw;rLcO;2toP;hzTh;4814;luJf;J87V;cAAW;cgzO;8976;LlDg;FG3v;pN9R;iFq6;3071;4JWl;aq5J;bEzl;JUOv;9846;dL5x;PdHQ;y2ec;CB8n;9670
qxRV;ylSd;BgGl;6dLb;8442;8N1F;m3Sn;5K2Q;f6Bn;1644;UxdC;4jg7;G0Oc;BjaS;0644;CZx8;2U65;Z5NE;RMiy;8715;u8W6;y1Ls;ioJ8;hnnL;6205;cF01;jOfc;NiZu;Unon;9799
l8it;tH0w;Ec6J;L3BQ;7882;BRil;d2FU;cVdI;J3O5;7158;PSWw;uaVv;pZRH;pstT;5219;itsE;34zP;ZH8b;qMSb;4769;yN8J;a8tz;vRv7;0e5F;9995;BgjE;jPX0;gmhf;DRsw;7716
evoG;kP0Q;7FiL;AJZM;7685;CtQm;MfhZ;iNk9;nu7F;8349;OnM5;VtVS;I4PR;dVSn;4715;dLcd;WwJQ;Pych;kMhU;0847;iJet;UHBc;9xcW;JWIE;8313;NwEW;NAKk;7tRD;Dxf1;1112
Uq3d;cz0z;PbOY;Rk4R;4845;CYYJ;BMbZ;48sd;6cdo;6399;HRWm;dfse;SiXx;0RM0;9271;n9Tr;bdrW;7K4b;4jQC;9726;kGcZ;ILgH;4SY2;LKOT;5027;dpli;n6hH;w0IC;J5cx;9276
EkWx;luX4;V3sp;glEZ;6573;KOvF;OU1O;znps;UPS5;3865;oNO8;06NB;uy3z;jilu;7813;j7eB;YRYo;2C0s;VQ8b;3370;FuGy;Xtm6;kbwD;vUDC;5741;0tck;QwWO;Zr5y;riaJ;0395
St9o;38M8;JP2u;nUv0;9383;C0kb;vRU7;64vF;mJR7;3229;1fT3;eFJd;C5nc;cbAV;8190;PT3z;fE7c;uQ4w;JFyG;5036;6KLu;TBkE;nwaw;sZlW;8799;hlUA;ETV2;stDl;6vOp;9270
ihY2;zSAa;e4QZ;67vE;1421;5X2a;lAEd;XXC9;88Ni;3935;pMfP;NUKj;Wi0k;n8Fc;0476;6U2Z;oEw8;9B2n;lEUX;7774;ZiIv;bqeP;cDPd;2sYp;7694;BWpW;8vWX;UVtH;0zr8;3534
nZxl;gHEj;QIKk;AcqG;3813;XdPm;K68c;NAv4;VxQa;5770;puAp;SYxj;a2HD;CrDc;1608;rwJG;5UQl;tHcp;xrEs;9582;jE7H;XQ6B;QpTK;meGX;1890;dRvY;lspA;Ol2i;C6Oa;6487
BhJk;Wmhp;2JCB;PIuh;7486;ihad;uvbK;RZ6k;aowi;8160;Uiff;uN5Y;mSQ2;f2wI;5398;XEKZ;3mLd;Spoh;QPff;3500;k9Nh;WVYT;snzZ;qUsE;9302;bGrK;0QrR;4F2H;G6Zu;9381
W92Y;SiTv;eQyO;voHo;3853;AgGi;hGmf;PQQ5;mFvS;8521;OKpn;TpDz;zDNx;2LAb;7559;mxWB;tW2z;iD8B;9p6e;1105;QaR0;6DCk;OuUQ;oylu;8721;FMhI;JIYn;UnUR;1qOJ;6655
dlq5;vwTG;KCzI;hp6K;7215;GNzM;YGfi;9vsO;i6Jb;9399;y4dG;Z2Lk;jc2b;ffj5;0616;n6VR;wx1n;3oIM;icmq;4328;xoXe;astG;bU09;cVvH;6645;zvhZ;ISjP;sD8d;jZJq;2747
AdYo;CuHw;hPyO;CKIH;5052;TC9S;fTME;8nJQ;q2ys;9625;zxMt;JJje;L8yk;UAu7;6878;kgb4;89In;HGV4;2U7H;5805;wuI1;98l2;QNEJ;pu4a;2913;4nSA;yvHq;WN4C;jngV;9545
7DsC;jdus;QrHe;AzN0;8944;0G7R;LqTs;Pq6R;qaIu;4125;78pn;jl1T;5cI8;CVHi;7623;mxvX;wmy0;obIj;r5pD;8536;ypeR;4EFQ;rT7d;rLap;5714;FAWM;zoaF;9tgY;0QIF;5623
WXxB;jRQi;eYCF;aqxv;6920;sseo;f8Ux;36Yz;AwLW;6503;FzCT;Vubv;Y4nu;HDVW;2063;E1rv;et4m;ZnDv;aERO;5383;PwTn;wLls;1kOV;FdCm;5296;GYXD;aUsP;Hco2;lXxo;3351
S7k7;2GN4;UVG0;7icW;9676;AQtl;RsBM;CNr2;0M3L;6117;CYvB;DDbo;zbOl;Uyw9;6967;kktn;1iJd;OPdk;ctgs;8917;Vo9H;XnLG;KW1A;jLNd;9631;Jjr5;ENTZ;K2MG;mde2;5769
UOLT;a6YV;amVd;JRCO;3389;nVZR;7rqu;2Mts;aL9b;7924;VWYb;3Unr;05eP;TLqs;7317;Le2Y;fAZX;HfVq;nAgH;1342;7BZv;kDj2;An5D;noUA;5649;2IAe;oZ1c;ZGLd;Zval;7873
Hz9a;A2N1;1vcX;DCj1;9434;GWL6;kGMs;s2BE;xvK8;4069;B9V8;pd6t;a2ZQ;MGYT;4605;bNJC;1Iez;SoES;txc4;7048;hOSt;xTTh;w9Ue;FxjD;5936;cFWj;LAbA;pYxB;tBuU;6020
KCdB;gtnP;ahLa;GvOs;6523;a05D;NDuS;fzkw;Pf5q;1081;2ouj;Isqu;m22F;kwLw;4852;x4UJ;M81e;7TRa;kQNR;5986;O8Ol;eCTy;WXk0;mYQY;3951;sxMu;naNk;WjwP;fy8u;0203
UUCB;jt6d;5Rpt;fPhO;2988;jQYr;mlLG;kWSl;brCa;5400;E5fR;05DW;bXkz;IE1T;2103;fOEy;oiDJ;GNXK;mgbC;6705;C1ne;HMVm;p9dX;bsga;8950;Xc3a;iEZA;bfon;pOKD;1124
1aYZ;6F3K;5nzn;hZQR;5800;5N3L;nJf9;04VJ;dEwJ;4885;ubGh;B8vH;BY7C;k4Mv;1573;GMtW;ZOjb;KVXc;BBLb;1208;S8xM;hW5c;X97L;TfoG;5532;1pTy;DGeL;yhKg;Wndr;4299
4JKD;aday;vFN0;HaYa;0823;Uemw;JoT0;QDo1;aand;8954;FCPQ;RMjs;zixO;VQ7Q;1536;oaZz;CYeR;sdDt;HVGy;2605;HiQC;iPbM;TKBq;ZVae;6100;7LgG;wJW8;2jv2;cvRi;6674
KJz0;iS1b;5aVk;6xiO;9733;Dl4k;zflB;lCSf;uK4h;8312;z1xo;8And;LQmi;ymQx;4376;KRBx;phft;IiOP;FtB0;3024;igR6;wwt2;L2HM;JFuQ;9299;vC75;4ocg;BvlP;AWnE;4328
8eQJ;sGmF;DT5N;H3hy;3373;dew0;PUjp;db3l;LQp6;0347;Noot;3TdK;po1L;M0CD;0668;AMan;Vmxs;tcyU;0Xag;7390;0OzJ;7Nvo;0gHv;r2eK;1193;zky1;9XsE;NVwN;vjWW;9485
nS96;Upo4;UdBM;AaKP;2965;3qnM;iiQ5;gQKD;wHzw;4581;9gww;2iG3;SSCj;2Wj4;6553;NtC5;xMsP;EbLc;peQm;6254;9c3h;skrc;53gR;tUT6;6631;S9iZ;4Gcm;ucKh;k23t;3937
weBG;S0Ft;8agi;tpsv;6519;1V2Y;Vjsw;zIw7;xg1J;1123;oASe;MV0v;3NOk;M4l2;0748;spTe;t7VF;KO8k;NaWN;2156;RB8X;zy8I;Piw4;HsYP;3896;Yyt3;X8GJ;Zz9b;Cxwl;9940
W0nK;Zz8t;Yn7L;136h;3723;bCEH;slsV;ge5J;BtVf;3566;ktiP;e73W;3SqV;Wiay;0333;YlGp;auhq;PJaT;3tCP;7319;Nsiq;oYht;FizK;bf9n;1744;i60B;irx3;AvqW;dijU;1849
Uwov;iX9A;OMcV;uzCM;2626;jjaN;EDlm;iDoI;p8m7;8821;3WjL;NgHz;LB8e;PJR0;9299;gguK;ANWx;gXlo;qvAF;9714;nOtU;AGHd;Y6Oo;U62A;4974;Sali;RMX6;D2Ay;z9SZ;4617
olUg;eEvM;H8CK;rpGA;2174;JKh3;xy6u;SKGn;ElmN;6241;AWQ6;wPEK;D3rV;amIN;7444;IYNL;ZCgn;3qHb;YQML;3052;mQTl;1SFU;Ao0O;SKtW;7039;VHdM;TAIF;ckvp;oKlh;6131
X2DY;BZ2d;TrfG;n22n;3502;iOOl;GXuL;31kA;4XFp;4317;Nngt;rI2N;RUJK;JYdU;0049;6jPS;g6XO;dN8F;LKK8;9650;sfg7;Zv4U;yzxP;R60K;7932;A8Jp;UvwO;xDrg;uWRl;2984
Sl3o;HlxU;kGS6;XXAm;3515;GQdQ;Av6z;A5p0;WoGs;1826;8pkj;suwN;GxBp;IdSH;6245;YBmT;htkM;kyNs;PCLb;0867;L9M9;6SoA;XAya;4aD5;1517;epx3;ITof;l8FV;EGIt;9322
Sv4M;LFau;KIhn;MQA9;4170;Rood;xNad;4E7X;gvOX;1283;W0Fq;qmjH;sLw6;3iMA;3569;eYaP;O0lX;D9WG;FiYR;5547;Dk3q;SlFU;VB6c;kLA6;1887;4RaU;GZKt;GOac;TWjD;1860
ybq4;zghs;1Tpj;H1Ye;7293;PDVw;5bHj;w6jg;BjPj;2645;3kFS;sFPF;Uff8;kdqs;9433;dV9c;goFQ;haPZ;Donl;0156;hrB3;QvkZ;NmOd;UAPH;1540;zeBI;yGEm;lwTP;fSfA;3902
86eI;ubhb;bLfw;kNCd;5812;55BE;wQaR;VN6M;W6xJ;3114;wdur;1UsS;JvwJ;p32T;2589;Zy2x;7oQU;cMzg;n8RW;4955;Nrp5;v5KC;0Hpg;BlqV;8576;O336;fjf4;lxl5;mjuN;6472
lCow;zw8t;6edi;nxvQ;2724;yUFR;Nmkg;04ZF;TumU;0374;FHBM;ZelI;Ip5q;KeIe;6419;hXph;Yf0Z;0BbQ;5IZF;5082;SoOX;zJe5;MwBa;ZBO9;4234;NoaZ;gTrt;suE4;3iHI;2667
Zf2X;B8MG;zd7g;ao2b;9776;NM79;qZwG;hy0s;TQqB;7296;3YJ4;qKRE;1NcH;Dqlv;3839;sQE4;Nw4R;ssds;19Oy;9577;oiuc;M9AU;LL8g;81V3;0604;cjdO;IsFz;MgeZ;qgay;6168
NYWN;UeG4;9HMe;Cjxf;7366;zlXX;ytEi;Xpiv;t5s9;2262;99Og;FL1m;tJ7d;t5Gr;7715;wZaz;K6F2;gSm5;TJ1s;0482;PAcr;EEwy;ZzJl;szuC;6678;16nh;uSIt;qIbW;yaV5;7003
fOj8;OK2s;G3hc;HDPC;4436;Cvst;ShpY;1ETX;PiQ0;5201;dfYt;YG7b;bgde;u6mq;7045;d9en;bQgr;KRJL;f2fu;4507;3lel;oOhY;XI3H;8S66;8095;GX2f;Ng6c;wXdV;FDLZ;6409
rpP5;mprR;a8xa;VHXs;1404;b3zC;dTNK;iFgx;cBfU;9743;Ov4Q;e2m1;Tp4C;WUIw;8123;t2mz;epPw;LztR;wa92;8259;ODPn;Hy2K;1kCf;WIC1;1602;0cRL;qsAL;q0ho;n228;5995
KXAg;vWYe;dxeq;K2zy;8743;yXUo;vTRO;UnFd;xH3f;9222;KvrO;bCjh;ct1L;Eukr;5658;w2RO;PfIS;Otv1;WkYP;4968;7x8C;ExP6;XDU6;AsTQ;4792;mNgB;DPBE;i3eg;q8LE;3576
L1Sj;atUn;LdTt;SpQV;4871;RcK2;n63O;ayiU;u5hc;5554;xH0U;NInM;B7yp;mQoB;6109;rmtw;tvSh;Qj16;NAop;2924;RjNf;OLvc;BnrM;rCew;7502;dxRb;obeB;7wFT;XYaP;9135
bvEs;Sd0B;7IQo;uynW;2093;b6sR;aXaP;Zx4X;n256;5951;Nkwr;0dkZ;8piF;OF6g;3986;NiBt;EyDW;HYWn;30gd;7514;FinX;5p37;k4H4;NtBU;7012;UzJF;uaID;mrC1;iAYU;6577
zFSA;g67H;dgHV;Kd4Y;1451;XW8n;z2eq;2e2t;NiPu;2528;XhMp;rT4k;KiBI;eRfd;7656;xoOO;3D4G;trUO;cCcQ;4492;PShm;Ndxr;7oS4;wLMh;4090;ndoq;ZQqC;tfIJ;wvsg;8707
7ebx;L8nC;lhFh;TxHQ;7854;zcpn;69UG;rzSx;2hmO;8646;GZOI;N6O2;H7S4;dgmm;2151;73NR;4o84;DYs3;VAJX;0581;q2RG;c5eI;Eecl;S3d7;2554;EWCl;zRFP;6wJu;O0dc;9669
eW4g;e26Z;8NXp;PcG6;9231;Wnec;hf8L;T55K;PIDI;9714;E77Q;2Slg;K4nK;FqoJ;5762;DZ3h;2Vck;fZ7g;vPQu;3645;N7U0;0LQJ;8Ru5;qCAf;8517;VU90;XszT;VQSS;oRpU;3382
J9lM;C8ww;zs47;GHhE;8767;sydD;H97F;f1kd;Mdi0;8651;PK5t;aaPP;HlJ1;Tpn0;0975;Mg1M;Nrbr;c4Ib;XDni;3226;dlLS;QRyf;Cask;VKua;2876;LRUa;t3xf;xo10;9DRL;8963
qe0Z;JrhT;gMzy;X2iq;2433;x6Cn;TqiI;98UV;onam;4174;doIN;jelJ;J5X3;ZW4N;8163;Kt3g;UEHw;9Kiq;Ehc8;7309;DBKS;zyjo;pkBW;OW74;3141;W4CR;Fy2n;Leoy;ilJM;4104
IERk;QV2v;XoPD;mukG;9643;vNhY;jGzo;yFby;gF5w;6967;W7P6;A7YO;cL86;C2Hx;1384;iWyj;Z4Yj;xrCC;gp0J;4088;ag4Z;teiG;wQkf;3nPv;7721;pokK;7QBl;tcrZ;Xi93;8484
v0fA;nFQm;eYHx;G44R;9538;vmrQ;teI4;riop;fUye;2653;YtQC;IHzq;fRaq;QTCx;8292;fTzS;DQqt;FWJj;AvqU;9576;UeI2;WT9w;rGOY;fmap;8673;V2hy;vLpX;HaKp;ARBs;4575
Y4xy;pMFD;CP53;DGIn;4392;7RUY;Dq6t;1XFp;WdZx;8639;u0Sw;TKhU;nSvX;IhYF;0454;lpe2;VbS5;cxzl;hdnB;0493;RNnC;pLsk;LgFe;1ONA;1089;WmWT;J7Gs;mbYu;IVIp;9334
pdd0;wusc;VFtW;JBoh;2976;cbFB;qnlS;R0u9;Yy5A;0897;eqV4;ExvS;VEqN;oID9;7625;gIxD;DHpi;6GvY;leBg;0291;3xtw;XaU3;lstq;y0Ao;9483;281K;nOqn;dbYg;yChs;7318
W8NC;RV2A;OSJi;54bP;6616;Y5Wa;JoOv;jCru;VNqE;9841;wKNG;c4N7;8xgD;aJIE;5798;olJl;REI7;gdZY;5DpT;2109;AqyR;3xpx;DGNC;NcRS;8767;m1OH;qbiN;zEgo;J3dn;2256
fFd6;wOMY;4w6J;aGUy;3421;bouN;I5V2;uymu;jQp1;6720;l24v;qmN3;Jyhr;P9e3;7482;sF8V;xjRy;Ex7Y;8QLt;6438;NSI7;UvUL;IR7g;QgkT;0446;Dc6s;IkFs;zCVy;k38W;4006
SZmL;9RYF;Zt42;GeCo;4384;Te0l;4XAX;tXUk;B3V1;0164;Q9PM;8Kwj;XV7h;ygZI;4432;AIx1;20cA;oFJ8;W3sn;8495;MGFV;tM76;ys2y;ANC6;8503;73CJ;3TrY;MLdI;YfGW;7315
TtEb;H07P;HIDE;EbRy;5982;igkK;6MYn;8xuj;ewcv;5966;rdJr;Bo3n;Xg2e;rTmx;8284;yx9G;q4Dk;UEyt;i3xm;5104;IwST;YEzC;qjoe;uMCp;4470;RSXn;VCUS;qcCG;4jNM;6277
JkOy;Mtxe;uTRB;bTMF;0749;Uwgv;OVad;YbvT;rjp2;7358;q8or;X7xP;wX3G;grLL;3206;BCeW;XOvH;zWJ1;1xdv;2752;ANN2;mDNA;iS5N;LMzT;6342;s6pL;XejB;PKxy;SIy4;8037
IVSW;Fzqk;c4zA;X9iX;7260;tY0j;4nU1;4Pv1;e3lE;2990;oRay;Wrxs;01um;hIE5;6546;kfsF;LG8k;jyel;2IVt;3371;Xpwn;PFeO;17j7;Gklq;4539;4Dbi;2WsL;FYnk;Cpag;3850
GzdA;54sM;Uaor;Wgrr;4088;P1Nz;Yeba;meD7;GvKu;7511;OIrS;MjEH;FqNG;0drm;6545;gGE9;1QbQ;MQHl;fz6u;8828;A5XO;aKhT;8V3j;T1s9;7960;zkbv;vEoi;GjXi;4lQO;9320
jEJL;2OeA;YaL2;z7PW;7393;6KIH;gASI;xQof;UJsp;0011;jQaQ;gcvS;aVkk;rbbU;9505;T1Mf;WquC;ZJC2;mtH9;5052;wF5S;l5GE;sfi6;kNCb;5531;Ip8I;KRHR;4EPX;YprL;7301
CasY;z4P7;rtcs;dR4B;4687;KZP9;oyYb;vg1j;1s4h;0929;sDPM;QyHX;H6VY;MbPD;1997;KfqF;lkF2;y30t;ZMev;7058;zGQu;NZsJ;LnmO;UQ89;2765;IgfZ;tRpL;ykYL;qOsu;2774
8u3g;bXsI;0Cdf;58YV;2096;MYEp;1uHw;xYpY;Um4q;8185;iYZz;5G6G;yFNF;QzEw;9659;7O7Q;xkRa;gend;JDoz;4156;9XEd;3MxV;GCkM;RdN8;7931;yRZG;vube;8yBI;muCX;1072
S4jP;Biqy;Hcxk;L0aV;8317;eEu4;GGty;MSeW;UTBy;9684;g28z;BYxw;CNJP;R86o;1889;fzoT;pqGL;4XO1;rl2V;5754;HshY;uLdM;cqR5;RycX;5707;rsdU;XcYL;jP7H;ErrR;8055
58b1;pZSl;SrrH;TcLU;9226;oCm4;p5HG;IFpF;UIFu;9551;M2ZY;LFIV;8cjF;z735;4122;bjVg;cFWN;zLjd;zclg;2888;jqbP;b9wy;qsz4;2bDW;2247;L02x;Wjp1;0sl2;5ocG;3542
4MIP;BOC5;Yoqz;g6CW;9344;iMPZ;7oBo;Fa7e;a6Jc;5613;qoKC;Hxvy;4SxN;26CT;9758;DQaj;zDJx;R9SW;b76F;2361;NIpO;AW1p;YOZs;dcEj;2737;c3Gh;zIU1;U5jW;eUvj;4083
aiCC;w6jr;1dqa;CIiw;7893;PiM4;kEq6;LTpa;3yc2;2509;UBgb;LJNw;dFk6;inXB;6120;Vhfj;UcSv;RrET;FI7Q;3744;1dJV;Yuqa;9pnE;jgfs;5565;3M3r;zU7H;Es44;ig94;4178
C5eI;YrNr;zBOQ;k08o;5649;4F2h;Dh9h;sfDI;lRGb;6921;3kKE;LmEL;7twE;VrK9;2117;wPvM;X7ob;co7m;3Ov0;2976;MZfo;NKfB;PICn;kXlp;2372;5lCY;LdyN;jdvG;rssr;6293
yNUm;F4nT;4Awc;OJwy;4072;fmuI;mFY2;el9R;XbVr;4724;NNcr;7QZh;ox68;YxuF;6282;kBIu;SrC5;5xol;4lF6;8429;y1h2;kfqk;XJVA;6prM;5048;tUDa;dnHQ;4yHq;6thH;7609
zxie;CYjJ;6CNL;abnl;1380;RuDK;3HMk;2fpb;Y8bo;6688;IOqx;UnKg;0mof;fwGZ;0440;A5RH;15QD;svAu;YdvW;5811;IxRX;meLY;axfw;OQJf;3558;azFz;k2Ml;1aXp;NxAV;7268
2nAX;k7mb;kXOD;NNeh;4774;8UDj;EzLn;U0VE;YwbB;2948;EylB;37t4;e5yQ;e17x;2652;BXkF;DPA6;QUFB;VWPY;4804;1dp0;bd6s;2MXC;0vHl;5116;NvS8;EjVA;4dGW;TnN2;1443
4XRc;7sEX;YJYr;1JH1;5022;FjgZ;gaE7;uyHz;gOUR;2182;kime;8Zzz;UynV;zITh;5648;2bGi;G2gJ;fPEO;3WNM;3808;pcvF;Osb8;xUac;pfJp;7884;NTGc;fGKi;Tpiu;ktTs;3439
tc6Q;1ePT;crn7;6ClJ;7056;12Pz;BfMM;SlQ8;XtnQ;7595;VxQM;Ln83;5cX6;OBLN;1022;Ce0V;2YDv;ocU3;BwfB;2935;zmkf;4pjs;Whic;pA2g;6676;rdge;7Ir3;OmIV;aEVV;1156
egnD;o7rw;uyYp;dBUC;7980;u0Uk;7UuW;GEnM;aDh4;5776;hMgI;DDDg;BBVq;bm1g;9484;oHaB;OuWK;HjUC;KC8J;1699;Cn0h;RDh3;7dwp;kHvP;9641;MMXK;dUQE;xDOh;Yz6o;2769
YmF9;hsGG;sFfh;i1DY;9318;YbW8;IYXs;DVSz;bDcL;1750;k4Cb;q207;PFxY;SKKN;1084;vItz;drTi;nC8K;W86d;0972;D2MB;A7EL;sz8s;8kGd;5407;iiU7;KCKQ;GzaE;nhxQ;5091
JVWW;wplO;Pybt;bpgN;0786;arJq;8VAT;iwTE;bOFH;3466;eFb4;6BxU;7BPb;gs3R;6001;LDZ3;S7VT;JjvA;yWfm;1318;vOg8;QNKE;eXJP;XB7N;6034;YOqU;EJ97;GlBL;Zuhk;2904
zcx5;Rcap;Txrq;v92x;3132;tD8B;81iK;QMZ8;JsPa;7755;72jC;tPVG;z7YO;zHzS;2031;IvQe;AoV7;5aJI;pElC;1305;GhF6;0zw1;6Q7k;ae46;9576;wf2e;vRl1;WOAp;VcLb;3818
xCye;Dmgb;ZuDN;16Qf;5454;WbTU;RV92;REvS;orDT;7928;auEw;i7Dr;pyIe;Oc35;2161;eOqR;6ZW6;sy22;PqX5;3087;8CPc;di2B;LEOA;whKr;4337;mHsv;xH3H;rOaQ;RDBZ;1056
54a2;PXCx;FlQu;XSfR;5109;Y2bB;NsMl;Vvw5;6PJ9;5060;sBXX;5rr1;ZXd8;rTam;4101;4tjL;LJlP;C67s;rJCG;4496;JESc;pGDS;ps70;xgfc;9450;FtIU;Le7M;nzBQ;5uWI;1448
2l7k;gqNf;zatI;VPLg;0986;ZkjY;amdb;THqd;ixf4;4660;r5Js;oT9k;VfHS;adc2;2555;L6qU;JZNN;E4ye;B6Oo;6945;p0XS;2SGM;qekE;6Avb;3500;wkdB;JxmS;fc5Y;2bRa;1443
HykM;Msts;lfyy;0Pdg;9735;pA6q;XuaP;puIE;zS8n;0080;SMfJ;YJ7N;rqhu;IGJS;1476;Meg0;UdhN;v7vQ;de3s;3880;Kbk8;fRnX;DaE9;HQum;7159;j4Xs;5uAY;64qL;VSOH;1840
OpSq;gpWZ;Q9PP;lElU;8580;9FQK;fHf3;hBwv;o4r4;3720;7pa9;j8aw;6j1B;nf39;2126;itbS;GhHs;tGAz;pYGf;8831;2Lx8;uhWy;pVei;nFQR;7754;txTK;LMTd;PdNZ;LKXY;1688
i4pl;D2qT;rU71;dAqQ;7788;At0R;bozk;rnm6;nQoC;6920;3s6A;eA97;6m1m;9uEA;1981;EC5H;34iD;Qkyy;hRFJ;3441;WvHu;pkb0;XMwr;CRaS;0670;hik7;sXpN;5e0E;NoWL;0480
2yAV;iuuv;JSbw;YtUr;0602;x89Z;yv8N;9Otz;foyG;3669;ymoo;v5qf;5hRf;qqkz;0687;ALA2;moEu;SsZO;tPR4;4301;0R8h;uQYs;URwT;SOvn;3060;u7kW;Qdzy;Ksqm;OfQ0;0828
80hu;7GCo;81P7;r8nI;9497;Ia6P;bAOA;ommf;BAIC;4201;uouc;UQTK;RkXN;YBs8;2335;EuPt;vjQr;CFmg;8HUN;3359;Faai;nwlO;mKkL;yzb7;0519;KUf2;QvZW;KEGa;qTtS;7658
Q8DH;Z3ws;6u4w;Of2H;0265;dnt3;UxWX;I7Gc;5UDe;9783;UBeW;SezU;Sro8;AMCh;1223;XbqQ;0243;Q61E;flya;0915;D4c0;3xGh;4U0M;gcgm;5115;P3hm;wiMw;GEZW;KWjP;9348
bL5K;1Nf9;vzo7;Zo3j;6974;YYVW;XIcy;Tl1f;Icw3;0071;zu4J;vkg8;JK3a;zUBA;5086;wjY8;U8wy;Qh2z;xKMl;4362;7Kvj;g8j0;yQFQ;TWXA;9763;R1S0;9tVN;jp5f;hdTr;8334
XEVI;oSWr;Tl7A;ojap;1298;dgds;2een;clwO;Dbe1;1531;4ZrB;43sn;UL6u;wc8o;0524;yIxS;FpRu;pQlP;vlYg;3131;1zAI;B5H0;rESr;c0hr;5912;poYR;5zZh;T8SL;LaJG;8060
AzNF;rQmF;NMGS;MAUQ;3934;Daa8;l3ie;KVw4;BJSV;9660;FcNu;vOr9;ZT9l;WPWu;7952;fGnk;kSn6;p5LD;Wmpa;7373;AiWn;j89X;cx9E;QIJu;0870;61YL;LKXC;ED3n;7gJd;8204
z7he;WKyM;KKqU;Ou8y;3833;fukb;Hrej;IXZW;yPaL;4503;JFKk;O2c1;D1wh;KbiP;1689;wsqj;npIZ;IcS6;RJgu;4848;QoU1;zf0g;Kevs;ptxO;1267;TaBF;SLgQ;X5HX;if1k;2394
xd1Q;OiUl;SHSb;1wO3;2523;V4I3;pPHn;ZdP1;bTXe;3766;vx8h;an48;3vpA;U2Vs;6989;bmdM;jy2H;NqXG;oL4m;9631;at50;Cl2T;Haow;vMGS;4886;4CqH;8ihp;Kvqx;Ku6j;3832
qvWB;296S;sDAU;aPmf;0647;c50o;yEkZ;7Fjs;EmSQ;4182;OI5y;Co6m;c7V0;3HD9;0609;jn5w;c1s0;i6Id;FCVR;9849;7mwE;ZexS;wt5t;DKwO;4159;PQmZ;boE4;CH8S;Jjka;7562
WMPm;f3KE;YUY4;W0AS;0728;ItgN;hYUY;aZUM;o5LD;3909;FXkJ;C7OR;bsvz;luqR;7146;eI7S;mgTk;OOMz;oNNV;2363;j4XT;GyBe;Y21U;BkVu;9947;uiUk;BFR1;CBjX;LCZN;0818
3MUK;j2KY;7pQy;VwfE;9983;Kb4X;iGXL;fYYt;JfB3;7641;vYf3;1cwS;uEo9;w2Wm;2386;viPe;dqm7;lI1c;7akt;8418;aCTo;snaH;tm7d;su5Z;5641;HX39;4M8r;2yKj;6EDi;8121
L2yB;96Dd;aai8;GfEt;3168;crrf;MI5i;VPL2;Bp7W;3065;G7zO;uc5i;h5KN;LiSy;1404;cYjW;VD9h;jlro;V7ZU;6496;kjC1;CTNd;b8Td;blnz;8222;BUhA;lSk3;NPyM;V77X;5503
MSLF;Zf4c;miF4;EmH6;4061;904m;QuPE;5jY1;fQ0P;3977;dqc2;vh3b;Vqgy;mTIu;1717;O8eB;ECTm;wR70;I3do;5196;3ujo;Xt1F;dWSm;ZMdW;9537;Cd7v;vy2r;5xDH;O8Oo;3864
jAYe;pC3c;VBFa;blFY;6300;lwdX;FKDF;SR4c;tOPY;6426;N17c;ug0S;TzTx;2DeB;6518;PDRJ;5eMs;mF7f;qTGv;9142;tHLm;ia00;Maw9;tSPJ;0447;MAsJ;2mtj;W5gL;eD2H;1340
Zdt4;3YP1;qPeu;say2;3553;Ywkq;zfhG;6Ncm;2djf;0552;ZXpm;GX6G;PfvD;sqW8;4569;9g9j;EdaH;POwM;Zd4I;2972;7Fzn;4Gb2;KJIy;OAkO;2129;oJ9f;OBrQ;kpGK;h5KF;5679
Jmti;lW5g;4vC9;98So;7547;7B3r;sdzf;cMEl;dM1T;4639;8pRm;3ZFe;WWz8;w5mv;6931;kfQ0;h6tD;LXCX;DfJJ;2265;AG7b;HDlD;C6kz;KCnE;8046;WmW3;ci8D;WEbA;OTRN;6607
ptcG;F4vf;0IIM;HmgB;3418;TlFF;UWE0;O370;L7Ot;1039;g98M;bOBf;U74J;T3rG;6172;Llpe;Ely8;wJra;p3uT;6118;horX;r4sG;Bz6U;RZyH;7930;Hp8S;cfey;aElT;hlAT;6499
21jR;RU8S;xVee;L8E5;1540;iMNV;xsnC;kLiX;aOWd;1257;r4tk;L84i;ZT1z;Kz8W;1011;IoQj;NNGE;THkd;RMq0;3448;4p3w;GAyL;K7A4;StPk;4983;sDAO;IzwV;mmG8;EnFo;5245
W9lM;8TXW;s8me;lzQV;7892;uMlm;GraC;lImd;54pZ;0336;AclG;XTnI;TgKC;Xswi;7710;DItx;FuHo;TInT;crfg;3456;3G6G;SdA0;gd7N;Ddic;0725;pKqp;H0S5;VaEd;YnUW;8572
LDhJ;19JA;EkMc;8uky;7320;lovr;BPio;l5EH;cmSb;7973;tadr;v4Bn;UA4k;WuCT;4049;6bfR;iQ9M;C4r4;XHAI;8646;2A28;3Ejf;I885;WSt1;7506;4K5c;lx8k;U1Ie;b1YU;6216
seMB;BbTW;r6AU;iPlj;2747;Rz5l;g7H3;sDcQ;qLCN;1293;GUhs;23uJ;Izau;QHEr;3596;tpwy;QPyy;nXR3;hESt;1871;9VEz;Imot;XgHN;bJG0;3053;3eMN;jgao;Fm9a;y2wV;1315
r0jm;M6y1;ZVcU;V1VO;5205;6yXc;tsfa;2LTN;yr0h;9717;OO37;dTun;qnIb;HmmP;3288;ZppE;28tH;vslN;BD3g;2688;n2gj;pxEe;y32N;q9z6;6044;pcPR;WZtF;ie6W;QZ8v;4473
4X4m;jxsA;jVkc;fwgJ;2895;ZhSH;vZfX;bdPF;saSb;7459;v8js;5BF1;YdZ4;AXus;8714;oOrq;wMrJ;VTbX;ztSV;7908;vOpP;8Y0Z;xMAd;mZeq;4554;pVSv;FdEO;MPAi;3ooT;4995
yL5L;6MOM;DjLi;cdXY;4863;i1BV;ZBDx;QhQi;JVDf;0035;O5k0;1ku7;1Ocl;l80A;8491;6pyh;QMRz;G4vN;ENh9;1704;MN7G;L6hu;pqWk;f82I;9742;tPvu;37Gh;W2Zk;VqXN;7480
IXgk;GuVz;4LHi;NVEJ;1697;E1bv;MUW1;3skR;ILRa;6350;I22k;BAwp;Gm7s;eTU8;9613;cgnD;Qvfv;abf1;Eklh;1173;JE0j;GKQE;0rfz;artq;2513;viz3;6ZnE;cLNY;1jiV;3131
6UTa;eLJG;tlgu;deMp;0501;ztT9;1D8U;4e87;PrtS;9705;KYns;X7Es;6UTQ;gRh9;7518;IE0Q;xmrC;G28N;B8hW;0163;Mu0I;EcRK;kNd9;3DQi;6309;ZlIs;wuKT;HSgL;F9j2;0453
AH6H;bxMO;vuY1;PcSS;2082;Z9wH;aOYm;foPA;JNdt;0464;rbuV;rSK6;B9hE;6Bxz;5987;1s0k;WMMD;wnkV;1NRG;9520;ljBK;38Dt;Lli4;FMVv;5682;i8Jf;7OfT;mRtD;OonU;1914
DWYJ;lh0l;41Ym;S6vc;9865;DdMu;RJWl;wdUJ;rRxJ;7356;xtbc;yLce;2bwP;8cwF;1447;legU;Wr6B;cfuP;3tsL;0709;7f96;miID;QLlC;XGSK;0747;2t34;HX0f;Z99Y;NgeC;7710
Ppnr;NQTq;AZe8;Pr9a;4960;bMFk;VIMs;iLb9;c5xh;5210;ZNym;x95n;MgJp;iV5c;3255;kFJF;Sv0Q;rUoC;x2dt;4036;rvEe;tZIB;GGKq;XZWs;2686;C3Y8;keaJ;lNOj;sIXy;2030
WvM5;GRyt;CnUM;8xyO;7120;SfPw;8ocV;vt2p;pj1y;0163;WoPm;0Y2t;NsQR;xzx6;5981;iSDa;dSru;76yq;sGvU;9454;lUbo;8W4Y;hAf1;d51N;6078;T0Fd;rsUn;2oF1;eokU;0075
IOOg;45Zr;rI6y;nKGV;7102;TtEO;5J6V;zHCf;lgBN;4420;8B0q;A6gR;a6G4;PfmF;7029;rkx4;mP6m;IU0d;bS15;6035;wzWH;KMvC;QiXm;5ELq;9293;ncgu;pwhi;37mP;Zmb7;5036
ZU6d;LaLE;UXIt;9kgy;3916;bGEu;59An;XR5M;lsoz;8037;7xUV;34DX;sI0O;DOGz;8686;5zNZ;zaZx;HzfO;sPqw;9864;6qDY;f0S5;jWHa;9GqS;1042;6hRp;6vtQ;r04q;KeCw;9974
WoUN;82LW;FIRf;S9Y7;1532;Egu0;dBjx;YsQH;ci2V;5948;EttS;9F7q;mSJ3;Mkor;4009;vBAW;WLAo;FSsJ;C4hT;8327;PSBf;Y5PR;TYxV;dbLX;3384;OyLp;X8kM;k0Lk;1PAf;7167
dANG;ZITy;JV18;dCIC;1305;LTdy;93xu;U3Po;lHob;3087;HEHy;83SN;D7yn;1t5S;1262;Ke8U;umiG;HGHC;n3rm;5825;DKSE;L1Bv;9KqK;wIZX;4979;cFFg;3xbM;VEeR;RwJe;1404
tcj5;YJ3Z;Uhz1;dwVN;6855;Bbpa;zwYA;hAGq;CgAi;1629;wfJz;DS1f;pKHn;Ttoz;9655;WHJ2;TZF9;Wrm9;X91C;3274;QuBo;XViX;FswR;80Wz;5491;wXKi;bvjH;oa9G;4v2I;0933
dfFS;qGBL;FvxM;qstH;8468;6dPC;8Ga9;vKw4;Syyu;1640;E7Rz;Fkd9;HBpZ;4yJ1;3828;jJtf;Z7fA;hyjn;uuoc;5064;WcYe;CAYY;j4Ul;HUyp;1409;9NoX;PqcO;87Es;TZ0p;0301
nE2M;ENJ8;g6aV;NXDt;4817;6hyb;lWOx;2Kxu;h9kz;4856;qGjC;bBEI;7uow;tRoE;0414;gGd8;tZAY;cvkh;x09g;8644;00P9;f7lS;7waK;BPiy;7523;Dm2O;fSvI;3PFn;AqWm;2183
McCj;Pmsl;qd6l;i3NA;1132;zhPy;gudm;wLmL;aO1b;1669;tXEJ;e3NO;IJK0;NFhr;4103;SrkA;ejJV;kkzP;O5de;2465;cueu;K8dl;gvTU;EhPG;0150;ejOJ;jCEa;PwyC;XqT0;2367
1gOZ;wQj8;FIAd;mLO0;1720;RLbu;cGqW;ygT1;19nq;9914;Bfes;60LA;CbSV;olfh;7216;7GUU;KS6p;fLqT;Wfrk;7823;6YYw;5zOM;TvtH;mSCs;5243;I2xV;CF6G;kxH4;sG0p;3848
mPNp;myVA;6e8i;hd5A;7097;BMIY;zrvG;y1Pi;0VZv;4870;R0KL;9MjR;BHpi;Ad7L;2025;iHas;9PqH;mCe3;g7Hw;9947;cgQn;YoHW;cKNB;XGyH;2532;qByj;hfea;RPoE;O1Db;9968
l73T;LTav;FsvZ;iWag;6109;doQz;zWx6;dSkY;COsy;4077;QVSF;Q8f4;uyOT;Uf80;3631;pI8A;VPB1;Ramh;FNfp;4509;qPht;vK8U;RBoL;LSN4;2160;mt0t;aYFO;dXG3;m3Td;3740
HjQU;VbtA;Flfy;ZcgN;1282;0MBU;ZT3I;cuNj;DD11;2873;KCt9;BOQq;peiT;MZ3a;7868;0W97;70WD;bNEy;QRtN;2986;SCU9;9uWM;ylKs;NcLd;4641;WKg6;d3QF;yBs4;GZmr;9145
DkY6;x9pK;kVfZ;LeCw;9430;AS7W;7wiX;6q4E;uFi2;2181;m6dl;qo6O;LzgS;gFx6;8856;60TO;dD4B;IHOO;6dGX;3357;OgIf;kn8d;zqdo;7v6c;5633;OVsr;zWnh;K0VE;ODyA;4430
5XF6;YwaU;dsaJ;m5Bg;8414;y4PQ;huoH;GhTM;790w;9043;ayR4;NFrg;pbDV;Bo4x;2109;IAVh;wDIo;Rr0S;JkLj;2481;gpwg;qb7q;J0oc;YJDD;2315;uOKc;GJNF;sHZf;iXhJ;7321
rD2G;nLeY;m4Q7;38DA;8455;pfgk;QTvZ;KNNi;gVHC;7049;tKeM;mSkW;tvQH;2GSr;5614;g7OM;ApIM;5f4o;gcoY;9788;046B;749g;oMAK;rJRT;2646;iMTE;kV9z;4065;Lk9v;9914
wTxz;G2VE;3taW;dubU;3263;rqfy;wfUX;oBN1;UNIx;7416;j2M5;772d;tRIL;DBSE;1128;IxUZ;YFQu;xlcz;pJUi;5587;iqZ2;jiON;n1ai;bayV;9362;zzwT;O7AE;4dw0;gQqt;1088
qSis;0uJz;IiOn;A84b;4251;35fM;kxqC;bV1x;LKmi;0079;Kp1q;TbYn;3Kz2;pkZJ;8340;WiZc;xnxV;vuwg;YunA;9170;uDLJ;Nfm7;DEjP;U8xh;0949;H30D;wymu;5Pqn;G5np;8320
qDqB;oOyL;0YTf;gikg;9930;jQRP;KulX;aeId;txEm;7306;0dAw;xDDA;wl52;zz5f;1358;WRC4;ekW3;etgX;U5Ga;2313;PMR6;3gKa;FEJv;g2Cx;7505;3bGc;zsPT;GVUz;hiLe;9223
VUwo;tD3K;CoJ7;Ul9Y;4536;boJ9;jzma;mie8;1rMU;3970;nVuv;AgiR;ySMk;k8H3;9426;py2k;5pky;LYtb;Y6mw;5346;VOew;j69C;sKz9;nfiw;7630;LHyn;D4xk;S19g;crm1;0517
dwEs;idg8;CWZY;1wBU;9537;eCGA;3qfo;iiDg;vw1h;7119;w9gc;mimR;59t0;bSsr;4718;EzRu;PMBY;ud9m;o6Qp;5079;iHSZ;5Jxl;jeTQ;xkeP;6462;KERk;5f9R;grEx;JW3Z;6283
Glnj;MOUV;xYNT;tHan;6700;7Vb9;Bupa;9Gdw;JaRq;0736;CMgL;UYXf;uwni;Qnsl;9497;Cj5E;LoUB;M6HE;opd2;3038;fcuC;9Syi;UEGC;O4F1;9407;s7q7;oFJw;C2ut;d2VU;2821
0Td5;fyuo;Wrp7;p7f3;5251;xMue;aBO5;8CZu;pp9J;1729;2KPg;wRUI;pbax;wZgf;1833;stkm;NWsp;GH9Z;59z3;1817;UZfL;Yf4E;LtUc;hC6G;6998;AQBG;Knst;VqCB;LsUt;0398
ozSH;Cj5D;wxST;kBJz;9422;hmuA;XBdz;ueO5;WfuQ;7456;SJxd;UMCR;67hz;1jTK;4918;WJlc;xrVS;MMW3;Arw2;2113;GCML;kILf;wrB8;G6fs;1525;7zvQ;8H5l;oleD;ANYJ;9454
XViZ;1aIE;SlPB;59PS;8378;Uhs3;LhTv;p78T;krE4;5698;oHzg;QUFH;UzbR;1ykb;7166;kdGY;Z2k4;8YpQ;unhE;6839;Lgfr;lVXW;H1gk;KTvm;9250;zayU;7wX9;ffhF;tQvm;0391
pkCJ;VK85;zIXF;fMCs;2366;p6i6;c4dD;ghwH;HqLD;3485;cbgz;klmC;mTgu;aFdZ;8863;h37w;wTVB;fN0F;jNVW;6761;rX36;rptw;KuHm;0Z8Y;6327;QwDf;XFzG;toa0;Ll9I;5158
Tecx;nnpC;qOtx;N3tq;5330;fZ3Y;vQgb;d1dI;vXob;2676;EN0Z;MkTC;0LWK;HKtd;3801;5dm8;MkEz;nKAU;5nXT;5393;pkrL;x24i;uk9v;cuwA;3572;H7eX;Wsg0;EFaN;MF5f;0034
YB4F;X7mM;Wqnk;kbbj;7707;3bwK;l0vT;YOPH;C9Qv;1585;DgGq;XBb7;FKkf;HYrD;9778;FgWF;JPvu;5XlJ;rMuy;0955;XA9X;gONd;4soR;puKR;3347;Qywa;Elyv;GYXB;D93I;8468
9nsG;dqZf;flv1;pSEm;3810;EIJX;ZcWn;WMjC;ZyCZ;5161;fNGM;r3WF;BpRL;9CsU;7415;bB8M;3HvN;1YzN;FlHg;6646;Rt1b;zPot;xkLT;Vm9a;9574;Ur3k;S3Qy;BPmB;xRI6;9193
9t04;EDRJ;n3ct;a17t;6121;NYbT;8n8G;8MML;4IFR;7407;KD4V;wwVV;vmFl;BzlZ;4564;qJSe;uNk6;EEgS;hDDm;5951;ICh1;B4gG;mgIZ;aPne;1374;azIJ;BFeI;gKrd;YoI0;5398
IGlf;fKQH;Gly5;39Ij;8709;KpC0;nHJ9;T6WQ;Y99o;2836;HH1O;gT3X;JiAa;sGTI;2913;o0eq;zFk3;NKLk;2S8s;2214;OM1n;dovR;Hpzc;8n3S;9695;eSsq;YHeI;Ue55;6ucR;2058
2NiK;uYJL;lc3s;0nc1;3129;kPWJ;1bg4;TE4J;tzZN;0831;a7Fu;XQSC;4vUs;KFLJ;9356;Z8yw;Gx0x;YpFA;dWMU;8958;5mRC;uWlA;hJIc;znf9;4334;3QXX;jc4B;7mDX;BwpP;3857
wITn;UfjL;Dzn6;2PnG;8295;v6tF;aj9t;XLiQ;FJRI;6600;2OZ8;7Ovk;Otng;kJmH;9035;QiKx;X42q;pr2g;vTvT;3136;XPBC;8gYY;RORI;7PgR;6903;LfbE;V9FG;G4q0;VpKe;9658
RWav;9eTh;YPvB;nEvz;8360;PLCs;FmJD;Aw7t;Vecj;8235;yO0p;W6RX;lzDt;bgYv;9653;fVPH;2Ol4;Il8y;F500;5154;Lsm1;vJRi;kFuH;bFqT;2056;kirQ;LZvm;nLMN;yDlL;5154
p6Jq;8nBv;NRz9;7JAC;3182;Nfgw;f8Z3;3rNb;Jx9y;0727;k5J8;Rg44;ka0c;ZwRn;6239;0WyB;Y5Qs;Qr9r;DF6m;8312;1VMF;KWYJ;BnQk;krRh;8421;iKg5;mI1y;vjyn;T8M8;1956
etvq;1HJD;DyjB;mBFw;9273;U74J;mIpK;5CFi;1csP;8717;qIM9;uDxF;5OeY;5GpO;5008;Sta3;G54T;YimD;wSPN;6797;zxlR;Lu8F;MNMg;56kf;0124;4qKm;t1HR;BscV;AGKA;3798
NMGh;Ej8q;vUWL;634d;8031;qqpK;4cvp;4Wby;hRq0;0696;b1lG;xZmT;B3xu;Tyts;5178;9oNS;XSGE;RA5w;eG0S;2644;ztos;QGml;AqjE;KRVy;2812;qygW;MPbF;Gr04;LxFO;0584
Arjg;2wbT;COD8;mq3G;3594;Nj51;5DKQ;9gbM;aqVK;3771;W85F;ACtv;wGvP;4o28;4804;Vy59;aYu8;RZnD;gBj0;4193;5rnP;QzA0;KOzS;3ry7;9638;EI9I;fySe;ea2y;tag2;4852
1sOn;h1SH;eQjV;QuJm;9920;fyS2;td1p;ris5;BX0H;9193;tH01;Dbu1;e1ea;BOUg;9463;TyRp;kMhh;PaOt;kFg3;7649;Kw2M;heS6;mg4f;5il0;5289;TPcA;H9gc;rrUH;kwjD;0250
sc0a;XRB6;j6Se;926Q;6163;sH06;LtuY;pGPf;b2wD;2949;vg93;JZfF;BHZO;xRyE;0952;HmM2;TWNY;uTlq;CzWu;4056;k45k;SbJk;tVsQ;SOuh;8212;x3zd;kkrO;42Y3;40vh;7429
HmGh;ZVsV;xaTf;8ucj;4984;NmIx;LNHD;PxUk;3vTg;7087;3t7K;ywoS;oYtH;jNlw;0655;HkVq;M07q;fF8O;pKbH;9422;RO9N;FjgT;GIbZ;EZJx;4740;rDuz;fpIH;F385;BE6g;2510
O9r7;2AVd;1L9F;dTix;0776;eQVL;9d2D;94ce;LudL;5575;89m9;LCDD;TFj9;sGHv;1494;9auj;lFdz;FdB5;geDe;5684;lwFz;MXFd;UVUd;g0Xs;4582;ISew;Zr70;CrpN;5ORJ;8905
fOhO;GAFd;B3rY;ByB2;3744;bQEe;kMjE;wfDJ;HslE;2516;FoIJ;urGf;olnr;62vr;6624;VfnV;xiHO;oa4Z;B4Wi;7075;sgAp;bSGM;3XTQ;lgoV;4331;ZD6a;MxZJ;in2V;3qpk;8743
86pL;b8QR;tg2d;xYF2;7660;UT6t;jbGy;7hbg;wAOM;4500;mnoS;tiCv;n38s;TF0N;3814;mmvg;4Vyr;xB0o;8fWv;2898;oCis;9qa3;NH7P;sGkm;0250;NBHN;fLc5;SY5u;WmN0;6270
wP9K;tcMg;ZwgQ;mCC4;1328;gm9L;jmms;GFox;bJEk;1626;Vxww;AePL;VNiK;pofz;2277;UdKt;4DKq;9rYd;TEbu;5200;NJXF;LSDp;8Edb;3hkI;4563;5rsi;yOjm;Rspp;cZwZ;7789
fYLD;w13c;qDXf;HrPu;0645;hnKb;UiS7;Dedv;6vS4;7252;ONRx;O2mm;rc1c;nbKv;8162;dPpg;pz5V;Luy7;OJ0I;2075;b09q;HRFm;J4OV;k0bx;2548;B0nn;iyv2;m75Z;olWV;3022
nDTw;j8os;PiLJ;06PT;4921;Aqcb;jGd8;V1Uw;8Nxn;2677;YEf9;iVfi;HTdN;kUZd;5900;baYF;QfYV;SE6M;DoHB;8301;j3pt;p1kn;0NxJ;onzQ;2428;JBVp;9ySS;wsnJ;x2Aa;7748
vjd4;fay7;HcTR;r6HC;1347;VYyp;yNpS;iDt7;eCT7;8440;5lD3;Ltht;Zy3q;YiGO;3078;Afz7;T1oq;sU9Y;KSSl;9666;LvvF;Nceq;EJb7;Fn0L;1575;z9zP;Os7k;EdWe;17Jl;7587
0zyw;xRQA;PLIS;ZMcI;6192;khiL;vImL;p2ai;kjmz;9457;LMaY;8LwU;ialG;OMtv;6109;Ti0U;vx6P;3NHP;1hA2;5971;KDSx;qxpp;EzRL;RJJ8;6336;MWYX;fR6g;ouiW;W1HJ;1283
bRJu;tJdt;dLXp;Ac3I;0579;0Agr;gh43;6FcN;HKPn;8301;zSW8;55u5;av0k;zWsd;4734;qwXB;eL3n;4WsM;B2Uf;5560;5wrO;U0rC;Y5hJ;TXdB;4968;kNTq;kAXG;6gDU;kHXq;1382
5t7c;lXng;b8Gu;CICk;1888;unYp;YbxE;oJQd;qgHm;6515;2JB9;wViz;4gRM;s7nD;6182;yRDx;a6rK;CjgU;oqlU;3245;VSnm;6wCV;5cM0;CWcv;4378;BSoO;S4GD;dOYq;7tw1;8593
dPa3;xEIH;vX8r;DvFR;6390;0n1U;WgUc;AdT1;PTS4;4254;0VN5;WdOL;TD6s;fxRi;2365;nZLU;Qyzu;VhOJ;CcUg;9597;deTf;lo9M;JXsZ;3zJD;6147;SBM8;MRaF;AAIa;3R7m;5580
Cyb8;LSGC;nPXK;EJYo;7397;4h63;Skv7;fgVm;ooac;1090;J2CQ;w8nW;H8hg;sRWf;5285;OPqA;ufL9;JzrF;5B8I;2723;dgRc;cTDH;OSIr;DBjU;7061;LhqR;MOCL;oGQk;Qe2Z;1606
KAZm;t6yf;1aBC;imlZ;2620;JsPX;ayBp;cB6i;sfbj;3676;zs0Z;3U6E;0UUI;Z3Sn;6142;CB28;k8NT;LYFE;Qykj;4037;QGp1;Gwkk;wbwf;Dood;5826;9IAG;CUSs;v8s1;2ITY;3404
8bqy;SBwy;zF7K;JAV5;3623;mNfC;fAlL;60sx;CLdJ;0246;YYDl;9CQR;r6l0;7WFy;2460;FnUi;eyNA;yon2;Mhmi;7826;2Nsa;azz0;jNRv;F3rX;2051;4iE0;Ebcy;MfpF;F7Hh;3055
gWtS;8AWT;KPaJ;uODA;0412;3YwK;3EHy;gQGO;Ra9m;2159;hMGB;1BgM;ru8Q;rRve;6528;92gV;Titi;6uB9;Mz72;6292;uHPn;mE3F;Sd7s;riHh;8890;iTwk;aaeK;wO7C;sLaQ;0724
nmJi;Gnfm;mXk9;bIpO;6283;EudT;z60h;H6Rn;1pju;6817;wjNl;w8FZ;zOWo;PUVF;1077;xfqH;CRQr;vEMX;yhtV;1390;xP7g;advj;bYp5;poOA;3415;fBSY;eXIm;Rqw7;qCac;6428
O1qH;c0Md;vRFJ;yF0o;3208;VZjw;UlBn;aAm7;AvAB;8198;UnIH;5rGp;fMzr;Ik6b;8115;bIM1;ugtI;8udU;M6K2;4595;J0EF;Ky59;CZnO;yUSJ;9291;olj9;lY0X;471r;rUJK;4817
9wGv;pqwD;HZ4m;r7xS;8652;PLpq;Gdwk;n1HQ;RxhE;1543;6ayB;2Kke;kF01;wIFM;3370;PI6Z;pFRs;9POw;Acnq;2708;2WNI;hKQS;JSWt;lt5B;1023;z9xv;fTgJ;Pqfn;LafE;6632
fKe4;ECFY;GvY9;GWnv;6643;YlDR;eRrK;wafM;Xrnc;4815;4W17;ktP0;Xqtr;Z0IJ;7647;64B4;u9UR;Z3pe;Airj;8355;A6cI;UHES;JUV5;9BmQ;3440;u3V7;XTDy;KsJZ;Vtbt;0881
nfSe;3Ay7;wdd1;MIo7;7203;ZKGu;1iC7;Ad7P;Kjxg;3317;b8dt;M8jA;aSie;BoMl;2293;wx2a;kWQp;dZ5I;RrSp;7047;9DDs;Ztbb;GlWf;Rz2f;4319;OIWF;nyv6;1wra;lapK;2219
wVf4;NfBS;T952;CiVo;0077;PAf6;Y5do;WFWu;cmM9;2170;12Et;M9dE;8EH6;307i;9838;9K1N;KqhX;QGMe;4sRA;0780;GZZ2;UE6G;hFwS;orv7;9523;6Wjy;fwIU;Tzaw;Ym26;1255
93KZ;ruEI;9kPK;cAzF;7644;3pCV;SSY8;gRMl;wzbh;7623;8eAi;mhcx;AOen;W1j6;7401;KD5d;1glU;E4Pd;QOdL;0427;7lF7;11sr;84xu;hd4u;2116;GBTD;kkZ6;rj1C;rglj;8128
hWe8;JCYq;rSM5;mO5M;0583;75Hv;cfeB;yS8M;ZDHA;7136;NqtG;371c;H7zN;dHOB;7132;4eHD;CdjQ;GfSR;Q2Zp;7842;Mhwt;iSJD;LRih;O5Do;8642;w3Rj;9WmY;ex7F;oRZ0;8320
bq1U;fSsZ;1Diy;uFoC;8306;TsmK;wEVo;clSZ;QVA7;9549;R2wX;5Z2p;4ecY;BvR1;0687;rHbU;igun;iItm;JtHn;8710;9xvx;KpjY;ch8U;QRP9;8121;5Wcf;K9qF;aVEe;T6RU;0608
soIm;H3RG;pQTw;S2Xz;1291;8R7C;dmhM;d9sY;f0sE;9298;ReUN;Bk0K;y0pI;f3hQ;5438;LPdc;uROn;Rx6w;lpT3;5757;HWrs;H8nt;sGXC;CDmv;3969;CKz1;baOB;PTAj;7QwE;0497
F1JB;nDwW;1JDy;qK29;4290;dyWQ;b0Xx;xWqy;8MzH;9498;lgbX;txDy;hNrx;WfOR;6131;46XU;ycaF;D8Ng;Bci6;0444;Weqi;7USF;CLhD;B6vX;1640;F4Nh;EcZM;zhiT;qcy9;3248
JjSa;Zthq;b0f0;Prbx;0575;vIz6;jt3Q;cttU;x9cn;1719;gk4I;sc9C;o1eO;gMK9;8642;Z1OS;hRcV;m0QN;rfNW;1236;flKu;azpK;4jHW;3CoS;6043;JwpV;WmZv;t3kb;b25V;4333
LbPD;rT5A;wwBH;CqW1;5047;2tGN;W2en;HU9F;xRqK;3635;vQJR;jqYT;cJlG;XWnV;6349;WXxV;jICL;aMt1;oWgx;6477;vq6T;ZReH;aCmW;O5hi;4175;tyuE;A3fs;EKJs;M2u7;7988
xRrn;rE2m;nYFo;UIfs;4135;SJCN;udv5;UPoY;UWwB;4888;M5zU;9PI2;WveR;210Z;9329;qgvG;m0M6;T1kr;9YQ5;8537;YXCP;cNeU;i3av;Mq0N;2299;hIvl;dgDU;bJxo;ykpj;8427
Mjx7;2vuu;HCHv;r4XG;5039;Ql2A;9a0W;7qrf;oC0u;4632;eios;nlWs;wjMJ;1eAQ;7632;fFns;5JWN;NLkZ;EcEx;6431;TNQo;JzuP;MOYf;vsHm;9916;E5VO;u786;oos9;YWQe;5149
MNzB;ZQW9;m5eh;hQ33;4904;vAtS;7PW5;yRAa;0eao;1264;nNhI;JS6d;tvDS;lLZy;1929;DSXq;jmqX;vchH;7ZHQ;2672;HL3q;wU5K;mVlo;vwpp;1583;YedZ;OFRf;F0U4;mKLp;7829
DrPk;Ckqp;ZRCj;2UMx;4885;Y55r;gZ6e;3tjc;YOiG;6657;DrxD;M7hV;HOrw;VCdv;8473;o7Az;3BaO;YiOd;FIYL;8365;M49l;Vtj4;zzun;UbZJ;1975;MSdr;bqQx;GYHS;Ebws;3419
x0hs;95ZV;KToK;VUNj;7442;boCK;NM04;jPaM;YJaz;9242;Negn;6vku;ZLh6;wJaz;0248;htjG;iNvE;S1aM;VHQc;7877;LL9e;JbRo;t1Ej;3BD7;0526;7LVD;4xuw;8UCC;HIjX;3403
IDE6;h0Nx;zWlX;pVgG;5503;1Iue;gYSs;umRi;LoXD;5017;xJ43;avid;bnwi;ny6h;1846;2Z34;NQ6G;RbU2;qnda;8224;lWq1;w1MG;e2i4;5Ali;5848;kbKa;Uwo9;M675;7ot5;2790
MCdQ;bcvK;SVBc;WDlk;1081;0soK;YnLS;06UH;cHr5;6204;iqGT;eXs1;4VeT;1AiR;0883;NP71;b8Md;RH53;sVKx;7241;b6eL;fQyE;eCU7;IWiy;5519;oqUJ;aAIZ;3zxj;4OPS;7720
w0Cq;ru5L;sGXj;ioOH;6439;GIN1;abyz;H0MR;irFL;2439;Rmuv;688m;Zf01;EJZe;7645;WNpJ;0aCJ;sAsv;Debu;0412;L5ZT;8hRE;7RM7;evaJ;7996;ef5i;qZLL;TR4C;jXrL;4853
cBpm;HfTN;UJMS;ZXmH;4565;ULDO;5tOW;AAmu;aeok;0641;joJk;FroV;YDP5;10Ho;6179;BEDX;gEzH;4vvg;6kvb;1258;vvOO;zZ5A;nLhu;h88L;9652;yHCa;IJHR;sIVn;606o;9520
Z69W;92Fe;tb4O;DWw9;4192;ij54;entF;sMVA;ELTP;0919;i4KD;769V;ga1V;J1bl;1775;HJVL;EDe0;xFHh;5aqu;1551;1mz8;RD94;DBtQ;dS55;4388;rubS;0UkS;s5ej;jp9z;1807
m7wT;JxDy;Z4wd;gmcK;1256;F1TQ;Ha7A;P5at;Njs5;6849;laVx;9eJO;AfNO;9okK;1118;IJRK;MWEi;V3wH;ZEnr;6555;kFQz;wYX8;WQyX;WO4l;1711;iuN6;nwW8;N7SR;NsS7;1081
2yMj;P0xU;OeEQ;5e0H;3416;6tFi;tRxV;uqzc;vWlb;3913;BMFl;fSkM;850s;7NYX;3425;x50H;dOK1;RpRT;cm6a;0230;Xg24;113Z;dKeT;lq72;5521;oj1j;ZHRj;t0nH;MZCB;3766
emLJ;SlcO;43xr;Z5yp;5499;GJCe;dlZv;E27C;rRck;5089;4iBR;jwoh;FzOi;WGWk;1052;ZytS;8VIs;VgqJ;22Fi;6220;ZTJL;Umbr;pp6Z;GM4S;6453;c9Yu;cMo0;uCW6;4jlR;1797
yeRt;1YF7;oWXi;bKGu;3139;c6dq;U9cI;n1QD;UDIC;2634;OvCH;Hqew;N6Ch;AOj8;9174;O0l8;CNvs;Z9uy;6DP5;8649;l59j;5THw;WNg0;WcSY;7631;meqH;yHnb;nE3y;5gv8;2601
kMGS;BqAO;Yvex;9M39;9849;KTOu;f6Pp;LrMM;SSdr;7973;ERqA;jGlp;Dd7s;BBaL;2993;McoC;9D4b;ErxS;B4Xe;1074;RvcP;j7LL;bQff;YTsC;7313;5r5X;DBW8;kziN;RCUV;0561
h9jF;PGYd;Zmdu;jvto;6989;lwCm;RUyZ;SU6W;8QTJ;2574;osMX;55sw;0QK8;vogs;3487;Gg04;msAs;7bqs;035v;5472;A2G5;oB3H;wKcd;jCym;9377;3ZSu;MIdn;pOag;aIEi;9459
qCJU;joo6;Fl3D;YdJk;2179;scZD;Xbvp;CgN3;kjx8;6466;Nyxu;meGz;83Z0;klZ2;5793;xlfB;1tc8;JswX;CGfX;2821;jEHN;Wl1r;rDMy;7jyi;3882;9kcZ;fhiK;zGLs;CxU3;2938
JAgG;tmXd;hAQc;oQlx;7496;AedP;db4L;uDSC;Prxw;9315;aLKA;lFxy;yJjY;6DEb;9358;1R5g;7lOe;USvq;2Chi;2093;H63s;vlBh;AgvB;G3so;7817;0txg;ghyb;LJXA;ALKc;6044
oT9R;TGZf;rpbJ;rIjS;5144;cOZ4;1hFG;UdJM;wrar;7698;MgoP;Sy2Y;FztU;6xRv;1915;SjiH;JVf8;f9mJ;Kv4Q;0693;Zo8N;1KFa;B0xY;Qhw1;4225;vaHp;QAhM;uA66;XQE8;4572
18a6;wA2h;QDpU;xjiZ;7620;TQwg;d5wn;rvbh;iHhc;7397;cDvV;ho6D;4luI;EquJ;1119;qj0n;9ldt;cKNd;lsjf;4594;7YSN;VNKr;X98I;PvID;4816;1NYK;8y6d;XGBS;HBj5;0450
YUrk;iQdv;92LG;vKor;8453;kNFm;DaQw;UV5B;kLOj;2488;wNve;jhRU;2ZWb;iQsF;4869;350h;aRNm;UPBb;BtzO;8058;NdTt;Ko1R;upiG;U4mm;1323;Emg6;B4o7;U7dG;t3aU;2424
1Dza;cQLl;mUfy;Wr3Y;2592;f61I;0RhN;5nub;HGKL;4256;3XxY;jThe;Xyc7;oL3f;4712;sAIg;jZ3y;QdoK;7ADC;3252;40K9;tETR;Yb73;5v8g;2768;515Q;zSjP;zsLS;GIIC;5205
p2BS;ZEal;r9UJ;CXP8;8332;iAUV;pQoY;qrFr;sLrm;6580;Deeq;VGNn;vIYx;pqCx;4830;KlcW;q02G;9xgO;S2ui;3737;gjfB;7Naa;UOj5;zb4t;0169;MNXN;Jchn;hkki;D0Wq;2660
azIP;ktGh;y2fM;8kbc;1479;JR4p;QLfb;WvcP;5d6g;8917;xh4K;u908;OEtS;2vxv;7897;dyco;JZTv;5beN;lOyo;5065;V60u;csbZ;9C3c;HTUl;7984;YI1p;U6fs;BUt9;hzGQ;7270
4v8M;7b18;bPSB;epWD;7991;mDxL;D7Hx;tTmU;E6lQ;3307;q3wi;8zs2;hvRk;3viW;2477;iSVg;sUZm;8uV2;BZYq;0648;MOfQ;fiP1;o8iw;L6jo;6662;tiTG;dCgP;cFgN;GR9y;9053
Vy1u;bRcZ;815H;ouRA;3043;8KQu;5Jzl;dwYv;j35v;1056;Bcev;EI1N;XbPS;TuaH;5971;oEQM;3tE1;ghPG;S41F;6109;i5mS;uBOF;3rHe;TnAf;9785;DacL;9qYP;xSwN;oCXx;1201
BPZ9;Wd5Z;fLlQ;3IMK;8147;tkab;g40D;mIsC;HEKC;5171;em9S;RwA6;PzmT;OxzN;9289;0Erk;fwiY;16Dn;VwhM;6444;nAH1;f2F9;4xJb;RC83;4573;39CO;YZUm;7Vs0;uo8z;8367
4H6i;fXfK;Vsue;HcPh;4441;YmaI;SmDF;hslb;7REN;1258;DOQv;5OpI;lqoZ;ak2S;2393;s95N;Hopx;Myvk;7AF8;5731;mLdl;u3ZI;9vpk;Xngr;6414;Tbh8;yjXr;bbWg;YUS2;5059
jnAd;EyFt;vzf5;5nvK;6653;UsKx;8yue;TtoA;1RWJ;3927;Q7zJ;4dCm;sQig;OqfB;5117;Z7WK;sMXE;AQZB;EuRw;0487;1BRi;0X30;Wp6x;Fa7s;9942;ZL08;wmHP;tu3I;8bcD;9276
igSn;TKOn;CyOv;FchO;5198;Wcb8;grqb;xrUg;ztu5;9605;qM6J;RDvd;ZQcj;hip4;8830;ZXpX;HbzA;XN8u;2SOm;6923;1NJF;75Vq;lyhA;bnPr;5519;wW5q;kDqA;BT4d;fByq;5422
zNCK;J8zG;p3OU;ajKv;4195;b0A9;fxWa;DCs5;r99O;5989;Qf9S;gINI;TnnL;KlyM;9000;4YfP;nDDz;1fDZ;vnQI;7659;lePf;Mb4i;9Awe;hqSE;8077;6Tit;dgDE;wbD7;3QNI;2608
G8Yi;fLAw;VZcv;BVMG;1415;daZu;qEuW;k1X5;lsz2;7855;n7AD;PCOm;7IHR;K75Q;3616;1BRv;1ZXI;AiSE;Yuo3;2903;205P;Nav4;5XGa;dFJw;5733;gKYU;q6ZB;ki7d;aa8U;1351
TB3h;FGYY;VTKQ;y5Ty;5430;gS8e;fXCO;fWvc;kJvW;4679;sdWI;IGXP;AqFf;TAel;8105;hVO0;KTzg;9bf4;Lsqp;7815;hqJZ;Gosp;uUNS;I9vY;1440;q2fX;e1Zm;SScc;imOt;8620
dkMO;oKMY;vxsE;tSh3;6150;ttad;sBqI;EVag;m8Z2;7609;WCsY;XqDz;wbqq;yOtv;5668;ANqV;CmEY;t0Yr;nwCh;1568;EzL5;s6kj;gfow;rXHm;7386;xZYn;HQZF;gOk5;tnhp;7380
OnNh;fFrG;sT4K;rXSf;8245;WPER;fLxi;SXP8;L0m5;7775;VHC0;y4gA;NIcw;sySY;2533;K09G;7rzb;sJZ8;GgW4;4172;Sbbi;gSfp;3aMQ;03xL;1439;2DIn;JWiU;NTIE;CQdA;0424
RTsG;BJ8c;meP9;rsTF;7108;Xu6i;0rxm;UhUF;Az5k;0037;axmR;75xx;IfXx;F1W9;0934;aDXv;gq5C;mwLH;CwMg;4161;w6u6;Vq8R;BoC4;xhtc;9615;vCxE;Uipp;LeVb;c4z8;6990
XNTv;pF4M;32FP;bAwO;7786;7dEZ;sCdN;2HoL;7fia;3387;yeOF;9tKM;RiDQ;ascJ;6027;Q5kO;QY5K;lj42;DHeP;7436;yRyu;cKnb;aB3y;pLrW;8484;WVpy;pb42;Jx3Z;UDSf;9482
dDRW;zgrX;O6i6;zrxA;0475;uEiv;8D5u;Zw4Y;hRls;0983;qT1f;CI3j;5Ly0;CXT9;7940;CawH;btOo;9PDj;Oymr;8400;GJ6P;spBp;JXdP;1BWV;9720;Bg7m;DF5k;h7bz;uy83;3307
ugXZ;nT6N;s0Lg;fdOx;0226;E07V;9aDR;tryL;wCLJ;9559;JM1i;Z4UI;7Uer;msLK;5849;U7dt;7DBy;fxQj;aGfO;5851;jITX;ES6j;VOCf;IWM7;6825;nPtR;x2Qb;83Cl;jOkl;5065
8rlU;OGtG;ruAl;iXZd;2036;OZkV;I6Gs;1Nou;2i2i;9524;8Rne;34UE;kWr7;pzTO;0229;7DRS;SKEa;JSt5;ne9F;4311;C6o7;Kd29;F2Pa;6jzG;6458;8NaZ;Yj0g;hmXO;ORxM;7529
igrT;05nC;6pRz;9ZLH;2716;x6Jo;KXwo;1dDM;F3gz;0650;YZFK;HYxx;DCWD;08kc;4038;CZiP;zwfc;OJ7S;GJbq;2648;kJM4;s5wP;2mUl;W2r1;4053;fdcv;H5g5;hGCc;SHLO;5181
B5cu;pjqH;JWmT;mQ6v;9504;SoU5;tBfI;bcrG;XEmD;6345;1lyk;dWok;ZZQ8;Z7kS;1544;mEgR;Swwi;hOBC;m6R3;8097;h7rc;mYtS;qxGY;WkHF;9664;eolQ;Rqdn;0MOW;qBON;9728
stGm;Il3x;U2f8;XRe6;2947;VrEO;EqnT;YjUy;zK1Y;0555;JYvP;gjvg;3YIi;Zv1J;0569;qXtP;wnFm;3qTG;w8Oi;9309;BVQx;wg89;DThW;ZUC0;1564;YF35;9Z1f;bLVU;xpGM;3404
OI2v;YLIR;fy3l;zLka;9645;0AIs;Pj0u;UApb;KY6E;0043;y5vy;jRru;B7pK;7yLf;0594;RXvD;EeeJ;Tye4;BeQi;3749;nwiw;mNvf;MJCR;3y3J;3017;FnSs;RP5J;rHQz;KQBl;4331
DA4Q;6GbU;0pQ5;rDSa;7638;pkWU;5B7j;FCM3;S2gI;6393;RFKU;WXIg;3TMF;AbWb;9732;jp4v;nWTo;FkJB;wIb8;2384;1h7i;8XZZ;wGlf;H8gK;2828;apCO;oMfe;lor9;Bb5K;2311
2mHw;aDtJ;RgKZ;UVYD;0273;XqnO;JRbx;M3E5;QJM9;5715;ckdS;pVFW;fdji;tWi1;3404;qcYb;6yKm;v1CH;hm9W;2228;8PiK;b8we;nOZU;SLKA;6728;q0ct;JReK;KdBM;0adB;7298
E1F3;eI3L;FRyg;eAzi;3724;zKXi;ZVVR;RMvo;yOqU;1357;n4kB;ztJM;UxPd;XJ46;0639;jgds;IcuT;FOUP;Z41M;4734;ZRxe;Ekdx;ka7g;2KJZ;8733;UrDp;NLn8;mdwt;dacN;7367
SpId;Fxst;CWL2;SxkQ;4473;w7m8;q41n;rMAh;g3FU;2965;9heP;BkgN;Y3Cq;kcHN;4805;ccrx;C2W4;BoCh;hsk7;2591;k3Td;f90A;iM4q;NOrO;4948;VulH;VfNn;oqTU;R4vE;4809
Z3A0;mR92;lxOr;TPkG;0138;oH5V;s1mg;kT0R;WI61;4496;LmWO;4B4Z;R6Wp;1W4E;6818;jSzD;zBIq;1ATF;WdAd;8474;yygo;3Ogk;RjQW;JbZV;7385;Z9eF;jZJM;bxXO;8wtu;3659
aK4c;7ZQ2;g8yZ;rJy5;4271;x1mD;WTRt;DrQc;Dnsf;5156;x5Uq;mIYK;B4nN;FBGG;9810;uNfn;im5r;vJpY;ZZsr;0603;6iQy;Poq3;TtP6;Y3nB;8526;cwUJ;eUfH;C2Wo;rhtu;7780
HReY;jPIQ;MRIZ;iDR4;3946;SVZG;30pu;asUF;XM31;7316;fEFr;zdHB;BRMR;nn87;6623;nuOq;el8p;D63O;M1wf;8957;THwK;sQc0;mHZV;GkhH;6113;qDFy;RX19;xEv4;PjpX;9820
kE1k;Izhw;twes;0cBp;7029;6zfH;5ejX;Jfc1;Y2pk;0988;QA8W;w4EC;sKKL;OgpX;4642;dZOl;nAbT;YyIE;yoPC;6724;rpoa;Yvws;K9PG;6qH9;7131;4bD6;4S5X;fjyP;tMB4;5064
ofR3;LvIH;R7iO;07jJ;2251;mRca;ZpBT;5lZz;5Q8c;2635;pmIk;5NHx;0WOA;9dYX;7292;5riA;rtwB;8N0T;Znrc;1269;WjQ8;EmhM;Cik0;cho3;5360;gvW8;mj3c;2bGi;YNtG;1770
et48;NX3a;yc00;sMN3;7659;2Gml;oane;OTWQ;Qpul;9226;Lnws;zxZQ;QE7F;Obmr;5756;Cx9g;st2Y;cuSH;xyXr;6695;d5ZZ;HRKC;VTro;kjaG;0560;eSHy;jMdE;kj0t;WN2T;0071
73DB;WU1k;u0dh;1ixJ;1956;Owlh;ArS1;1whh;yMsI;3924;wDHN;RTMU;8Q7x;dMo6;2427;QAEd;uuED;0MdV;BGYe;3670;k2PG;ad1W;a79Z;7nnJ;9267;vAkU;6tsa;AYV5;Ec4w;1158
WhWL;Qhd3;2lm9;JWc9;7176;8tJ5;HGKm;4Dh6;Htwy;3009;lCg7;SOIa;CGKI;YmrC;3298;4QWB;Lpj8;nR8n;NbxF;0047;iat5;Jyut;TmK5;u3Vg;4354;QnGC;SVS7;Enyr;GTcr;2619
UtYd;4SbF;7Yx3;PRSS;7855;3OEf;pchL;UpX9;zjrP;7956;V3rf;5npc;UnaO;UBis;7285;bXO6;AJIJ;AOgq;DOWd;3900;POsO;BsSk;LqsO;Xo3F;8323;pNPz;jW4t;bomR;ySUC;5045
x8vP;cWpj;nlTM;qmgY;1438;WE47;XavB;5gxR;SQ4x;8569;u5KW;QGyt;itOQ;aU4p;9891;WPuq;lyWg;uJ6k;FCH6;4970;5m5a;sFAa;pyKx;Tjb6;8080;yYeb;2HYh;OpEW;aW6p;3902
0nV4;KSHP;rXx8;GBV4;7669;zJXL;tnvU;pmIc;xw0o;1661;wkGR;YWxP;Yzwp;H8Hf;1319;RMZ9;0tav;Yts0;7hxK;8302;gXhi;HVNM;YmTe;FwtY;0556;xSji;1kzg;wIHz;l2r9;6177
JGbp;7Yto;m8C7;JAAy;6637;NwM2;Vvyj;eC4M;Y7vY;7589;0b53;3fAl;2kqw;hjmK;1755;xqPQ;E4yY;9mhJ;mUzm;4566;7ZD1;ZwBT;jvLP;gCvN;4376;MD28;8dvw;i6dE;fK21;9032
Wetz;Kp5L;2lyq;UzuO;4889;nmSh;HXxj;mbi6;J9sy;3705;qanX;N8TJ;0tIj;Nj94;4837;E7kM;vGRc;ubOo;n61Y;3941;L15S;qjrL;c70d;QXJT;3639;AleP;mxKF;4Dr3;odRN;5095
l3II;1I3T;akAW;7Iof;1603;JaIM;Frks;WRtS;l4zO;8238;wcIf;IRoa;kl7B;Nqcg;7146;Mj9X;wGSA;pg42;ZEfc;2019;z3HX;akao;pJrg;4cld;0903;s5Yi;rxwW;71gd;RxWZ;5230
HAjS;pbR9;SAok;JSlv;3180;nWVn;wcHy;z0XM;YDL9;8696;0Yqo;3fAS;3T4Q;vsdh;9931;2tXH;eZ0J;sOyX;FPfe;9946;DRAR;7CkX;nQub;eYgm;8960;Y3pW;wHVG;oUPQ;jWkY;9467
3Jxc;XJdl;Dcii;WLdG;9715;0fDx;Py2D;n5sz;6dBC;2592;NcPk;rq8c;f3t6;ONIV;0335;4JWw;uicn;3F8q;Ic1m;9344;yAFt;UU3e;1Zjs;rcDq;0678;DT0x;xka6;K8WT;PLVy;9171
qtIu;1GwT;PsTW;AC7K;1962;FOoK;BYsB;2Z7J;1woX;5068;7zRa;Rs7c;U2Je;gOFn;3624;jqzu;t9WD;F9J5;NHCM;7812;xvjy;wj2c;YY7X;irLk;5141;VNR6;HNtw;AGmn;4l0t;6771
cIyw;wFEd;SowU;mtHc;1508;NG1V;Zzz1;up5h;Uwwh;1933;kXcc;rRtd;jGV3;ZIIP;9128;POMJ;Hma6;VXNa;vNmJ;6847;qB3S;GkjJ;OCFk;6tOz;1030;XwsB;y3wc;b1eM;8IaE;2462
aFkT;PiA8;Y1sU;QwiM;9350;fkDi;TjFN;HSbl;grjO;3728;d5L4;bVKJ;Hv9F;ZedW;7376;MoZ4;BGrV;d1qn;iDkd;7724;oZPE;JJQR;lqxf;Ngp6;1110;CFPg;3H4P;Yc4G;nUOf;2137
04yr;A0Cd;fwGB;31YA;6032;tQoA;XL39;txQ9;3ppO;8135;UiNs;4fCX;qP5w;hZi4;7919;ruyA;fAoH;Wobk;QssE;0361;dUTZ;Onhx;LDo6;Fx3E;6790;17vH;KmZ6;3Sv0;HacV;1243
ioRx;BLZW;KUGq;mArg;9704;VkOH;IdWu;S40j;vhEk;3176;gE7D;Pw7I;7cdo;ZGZX;9577;8f0r;XEkq;cTkK;nVKd;8362;JMxV;JSuZ;ylDO;IFdf;6788;vmrO;Q3rB;TeMz;LDNn;7650
rhOP;lPw7;T4pD;oV5h;0338;ysiQ;JcEO;ZPlb;Hhzk;5694;QewM;V16V;gU9b;7mM1;9794;i04Y;xk0c;DJsL;0JAz;0820;ImDa;KA7K;jrT5;MSyL;3888;o6f4;6nq2;QOg5;oKrb;1629
1Wl7;Z1gg;8ndf;J7Is;5584;7n5D;tIiV;UCvL;Nv82;9458;Odvn;yR6E;k4mk;NPAb;2756;UxuZ;sHes;uzfq;z2P8;5756;iojY;Mavx;jVDa;bvJj;3936;b6Jr;Cv9V;lr0S;AewG;4323
O1BP;kmFN;DRsF;iDeL;7921;XNWT;IyeO;7WmK;jZ0r;6253;OWrw;yQWx;YnVd;wgGL;1816;xGTY;a8nj;gwDx;KmHB;4278;JN8L;4R8z;oM2W;XRn4;5592;ZHok;YYA0;6sdq;klYZ;0173
Kmnw;OBvk;hHFC;HFBj;1850;gMFe;DNyu;LLs2;vsuz;2949;ln5d;7grg;iYGV;K8mD;9403;gDtG;yewS;xiTF;ssko;5169;QmC9;Wa8t;kgFz;Cvjf;3992;b3NA;MNvT;a5n2;pDcn;9464
7gBw;6d0d;nowd;LY3s;1010;MdJ2;0L1w;nm1K;f7mf;8757;UMJj;09cB;ycj5;fzBW;9463;zwZW;bQur;JdgP;CnsW;8021;H0o4;vMWO;xpuj;bQxw;0865;AckD;8aCs;ZrQr;jRj2;2395
Ln5m;3M3d;0c5j;NMXA;8270;efGu;4EJa;OtXq;QGjP;5669;1gJV;ME53;a2VA;6JNl;0540;EeJM;Ptd1;MWaJ;bRRp;3569;i3VR;YhQH;cr8x;itfW;5607;AVKT;6UCW;Uby1;qn5F;6674
CLMS;BnRT;KHYs;wJAH;7905;ewvn;uenO;pUf5;yVMc;9205;a9j7;hYzt;Xd3g;3jHS;6540;NhsM;jcOP;rsJe;8irA;5681;p7l4;bvtF;JE2f;Dkl5;9178;vPRi;ctPf;2Tpb;qQV0;2768
jd54;rj4a;j95n;ekDT;4796;S6ol;3wbJ;p1qq;TCNG;4400;CwK8;aTpi;vrxB;qULU;2465;XJqF;51JI;kxEg;H0Ux;5506;hVKA;RpsG;GPG5;WS8T;9188;y8cf;5zSA;oWbW;5iId;4880
OZOc;TRGi;QmOr;cyhG;4082;9FxR;UXd9;w7Os;6uGB;9826;cO6p;KGpp;6TjJ;TOAp;9730;zy7X;3o3c;fCUo;LGIz;5028;69qW;8HSm;6xYd;7v5j;7892;ZSl1;gLU9;dZAR;Uhab;8824
7yru;XJAa;9HJF;MvOu;1486;AbDq;zOlU;MgEh;GNRy;9774;yLTb;ZXgq;HDu8;vQS3;4318;evfg;c0nM;0ZXV;cOJB;5096;mEeP;5GJl;RFYy;5jPV;0025;IP4M;pgks;CJEN;nyES;9929
cfAS;G42Q;S5Dq;Sy41;9297;PT2s;9heO;RVWR;98cx;3469;NYwY;ss3n;pPwE;3W8e;0095;uor6;gLSf;v0aS;qVIU;6239;iStb;FgYv;kTwZ;0twm;8039;FShf;DvD3;2BM9;LzTH;3196
r7Ee;MYuX;6qFT;OF6y;5121;dFZA;E4Jn;v83X;LqNW;9686;aX6E;f1Yb;I5Rk;5coo;8983;rdll;yvcx;LMOI;43Mw;7574;wtO3;vjb6;dc2j;5Hui;9421;x0xv;5wo0;MAnv;0IaQ;3655
o0DU;wcVo;5iEP;rnEU;6546;s9cK;zdlw;iqsJ;owSH;8712;KnDJ;9fpx;Q7Dm;s0iU;2602;2Pap;CVWn;UHcw;O6sr;4041;BVDf;IxnF;WTih;rmJP;5390;0hTl;bsvN;f3zp;SJe8;5785
R9Ti;cFyc;7YiQ;FUQf;8456;zmxG;BX9q;DPJZ;Kdjq;2803;WeOF;MbkJ;4XMz;nbGt;6590;uUDZ;lWQd;8rqS;mpc6;6978;mwZc;M3fQ;qhrh;12v6;3176;wmSP;PHZR;vgRL;jZEf;1362
IZ42;XZwR;jqI1;bWRy;3392;DE2Q;fRvO;BVQq;7d5W;4708;0OXT;VBS2;2N3g;gKn9;3218;thda;sFzl;3OgP;K92U;4783;Wm5B;iCdI;lNsq;HJc3;9613;BdO1;POBa;d4vn;7d7N;6477
KQNe;tL69;gPrS;pqMh;2335;jhrK;pHr9;SlVf;qqWH;0165;aLoW;ezrs;9GCJ;mVQ9;5987;L0r3;Yw5l;zXa9;knsl;0748;3dx2;LIKJ;qFV4;x5fL;7186;ECm9;GcLT;Eg6L;YcAe;0176
StfC;MPYp;8QnP;O7Y5;9477;rAY1;JKbv;sb1W;q52H;9926;jI4Q;Z9He;uzQ2;o0lv;3805;aYgq;eNtS;DuyC;unwW;3287;uvJq;p7w0;lJdY;2xXZ;6418;2Pcv;qCJt;i2cY;l35j;5429
BO2U;Ev90;2pqZ;kJpH;3739;4P9k;xZjY;oTkb;Rbov;3569;utAC;KvdG;ELjH;lez2;1007;lKti;hN2w;CrGQ;E7Cl;4731;Lf6F;q64S;yNaU;QcrD;3620;DwKV;aHHa;v0qH;LVRW;2102
ngc8;eYBd;AXcr;F0NA;7556;R7ez;rhWs;9c7d;XfrG;8756;d6l7;mN8M;iwsP;fqTs;4926;oX55;eZI0;qUpf;WYvS;2236;dzEl;bJtf;Obj9;dhEA;8473;ytmm;2BIx;Krgm;j9ew;6076
CQ0N;BcmO;B4rV;dsma;2696;LgIV;sr6K;btic;4u8v;4718;J6qQ;ASTq;fD76;6z6Y;8795;DJiS;G5Yd;q58c;cPwj;7927;0EWI;rE0z;GzVp;g96v;2242;aU9h;CkCa;A0BH;o9vI;3436
IGRY;Fgsv;FsCt;NpF5;7095;1ADB;gyJ5;Bcf5;vGfD;2843;tfeb;Ps7u;SPGI;wqb9;8287;yJCM;eaUq;DgAf;4ODM;1713;wpEU;0NRX;R8oj;W6ws;1951;CqyX;yYeC;uQNc;ekp2;4406
EP0J;KbF9;Bcm2;aKBW;7076;qP2J;wc4H;qYus;kEZX;8379;ig5B;w7Mg;UH59;sp83;3256;4EBw;XXhg;8EMR;f0Fb;0604;q0vE;sDFV;mJD3;xfKY;4497;pocr;sHDW;Vmjj;JZyN;1226
NH1i;pIzr;47LT;Db1v;4287;7Lsu;CXAd;Un4d;7uCD;0175;v0Gk;fzJl;Mt8j;5W9K;2504;28WT;tWPS;kDtd;d4iP;7437;PJJv;q3p0;iJ7m;iMzR;6363;KxFp;nf0k;2Qxf;keBf;4840
nTLC;qOgG;vABE;Lr0l;2123;1pWk;wlMj;tbdI;dz6X;6223;McOf;6L8m;jZjf;FoUG;7010;EUZi;mhWo;uQD5;vCTg;7093;ON55;pw4X;xnyk;1HBo;4537;ABo0;SZ8D;uwdE;dMHH;0110
jwaj;JQgq;Uz9S;cdqa;1726;fMLf;7uWg;ETCg;xxC6;3185;axej;Hdeu;TUT5;apVC;9862;g71R;X0z9;nnEK;OujH;0990;TovJ;bQFr;Y2P8;Zopi;8585;K0LB;63E7;JSq5;uyHQ;3879
yVx4;brX3;ZSvz;9GFe;0979;VwK1;t3al;hSLB;lGSf;1681;rraD;4GaU;kH4H;9MSU;0157;7SxR;NSnw;5kwi;0RHC;7217;udiX;ccu7;COae;TpXZ;5959;I2u0;ASna;wTm9;KFCX;3808
4iF8;k6pY;vtK9;jlBQ;6728;5UPg;6Snh;XcKo;vxXx;2418;r808;wNK8;nLjw;Yd57;1209;2SQe;fzaq;Z8bD;XaCv;7065;BUnO;CaKo;awRJ;HoVr;9376;C2DM;5PtU;BpMw;qlMW;2283
ePHd;wlzq;aUd5;JY5A;1627;HUPs;Y1hk;HaRJ;FY76;8975;6xnV;qIBl;MAi1;9y31;0563;Bmuj;7NOO;bchU;FW4s;1956;EdUK;KG9J;7FHv;xpg7;5774;di7f;hFwn;UFWO;ewQY;1335
x3HM;PcwQ;9T1w;LFxD;6480;B9Ql;O6dV;qqdf;bv6a;8815;yZIX;IbXc;Dutu;DYFt;0452;TmdB;2bcR;mmaD;HtGM;6368;YSYV;bw1X;6lwf;0Irr;8256;37mr;ac64;WUFA;zMeF;2142
VmMH;WWgC;BFpx;2mFS;2941;PL20;mGuc;4D0R;7q0o;6977;fJcN;kIZl;tyUc;aDK3;1446;igof;0yXy;sdiu;cMAz;1302;KRy4;Y9bG;jXVf;pdB7;4804;uM8k;awo6;gZoS;hulf;8502
bqI8;4Waz;Buwp;B27U;7829;oVHV;EbGf;0kpl;H9wV;5745;xIL0;tSBy;I8HS;Qhp9;2918;Q0Xy;SHR4;B5cW;kCKD;2236;qotd;wnSB;J26Q;rISW;8544;smZj;icEs;wJPL;JwdA;9834
Rh7I;UoRd;oLpi;hAp9;4181;5V9Y;z2TG;n0At;BsKA;1158;Rl7b;gbw1;ixer;Pvmd;5356;UCgj;ocVN;kOzk;81eY;9625;MgGP;pj0e;Wn4F;55tb;2797;hDhN;1cnw;0xpg;Ct1O;5580
rQd9;f11t;jTRs;QRiP;0354;D2tX;bMIe;jo1j;uChX;5870;G28L;30Pc;V2tJ;AJDg;3461;Ut1l;98H0;d3iq;EPwb;6974;H95S;fggl;yJzQ;QMVx;2524;MZXT;aecm;rjsj;3QY9;8394
ZWQf;duDt;x835;1xph;6365;lhnu;NPbr;x79K;GdqF;5066;2peQ;E8WF;SIzm;Jp73;6925;spJ6;14RE;W6yQ;Qr3V;0193;mMBC;hdoD;aIQ2;Y6Uo;2028;TZIj;F9Ms;4VOe;tyre;2693
kxf1;mMEl;c70a;huOn;0936;GSNZ;NlWS;JkXz;UnKk;2790;uale;vWeI;2gU6;DkyG;8487;gUtC;9ztO;JzxK;C7L8;5182;SGpP;msPJ;FBI5;G2HT;5514;StCY;oYIq;Pj7c;eClY;0420
PD0A;iVC2;UVOG;SEBm;1223;iv3m;2OOV;l0DX;fV22;2124;TIH8;HfXD;YBoJ;alPD;0461;vJrI;Fk4o;enuX;Vif4;6532;2pyM;Y9gh;AJZS;iKuk;6087;QQxr;nvQq;QkSy;b7mm;0241
eROy;ufJF;0Y6E;TKs0;4980;Il2f;DBE2;snUm;hRLz;6381;xdEt;0NeE;3J4F;kLoG;5125;abjF;icbF;87j1;uFL6;7484;26QV;aqno;d2Cd;2rdk;1488;COeg;wkzJ;4Lzt;TZKL;9249
OQXH;3OmO;wTH8;QckH;1144;i1nk;Khiz;WcU9;Lhhd;0524;6ewd;5BhA;YZZr;as1t;7928;j1vS;ps13;Tm4v;viEV;3376;tD0E;LUlR;NNUe;Kfea;7779;UUqO;Nunu;FmHZ;TuxO;0415
8RE8;OXJQ;qZJn;9SH1;4183;TjVc;hZTx;6q1Y;xAIN;9011;Xar3;DPcZ;Ze0i;f1cp;3241;4yCV;08ho;UFFj;ox5X;6444;emn6;MhS2;iuEw;6rUw;9753;rfEh;5phl;E5HN;Mea3;8590
bSvG;mJuC;pYRn;fitI;1177;l3TX;6i2R;jzdQ;UhIZ;9928;wnO2;x8Z4;VzFt;cTnO;4346;9mmc;KKWb;KF4q;SRdH;2846;iH2o;ryus;xbC3;W7yP;3950;AzkT;p1WL;wWS7;ACCW;8887
nLUc;SBGv;ZjfZ;xV7n;1128;Cpuq;C67V;8h7X;Ep6P;9717;dPyJ;1knY;huiF;LtnC;9769;FpkI;32Qz;CMOI;wlXN;3951;4L2v;vAXj;vAbb;QPLw;7419;e2Vc;seyX;4Mgg;VrOp;7442
YYMW;UE0g;yH7U;2E88;4806;8A8J;PRUP;WBWr;MZQx;7032;5qLF;ILBQ;OKdw;2YZm;9397;q3On;6iqT;wlZf;mGnk;9582;jn6j;xl8b;prLh;Lihk;7991;13c1;yUhx;UfOd;mrpu;9393
xTgr;4nCa;y0aW;kHPy;7745;dswA;dylY;6YDd;9Vj0;1846;gTZ0;qFsN;iVVp;pfDx;1424;EnJ9;BvQw;ry0y;67Ua;2685;dTMe;Ej4e;u8l6;0RZ5;1293;uvNz;4DPh;RxmE;83Iw;3250
VaTP;Tjmm;SmgZ;Flcw;7014;d6XP;ldCs;BAjJ;2L14;5372;nhot;vcMj;m8Jf;PYKO;4171;uosI;wznk;eGFB;ky6a;8751;OIjI;0BAg;7BrA;wfA5;4605;l3ko;LrWM;nqcg;ZoGB;3632
z6tK;K3nq;aCmH;W2Cu;7285;Lg06;IsFW;HOPo;Dft1;0980;LWFB;2FXb;X6ft;aAMX;2489;aUcm;Udu3;y4sy;pslW;8790;H5MO;NIgT;Xfga;Rkxn;1098;WKL7;v7F9;b2Ab;U6ze;6011
2bf4;F6rV;NmIz;qO4e;1397;0IYE;3Hsk;HCG1;O0Wn;8002;m1xG;od3m;5SCE;L8L9;3570;sM8A;QKiJ;k3YO;VImQ;6618;jm7G;IvMD;ZSMm;5JTG;4865;ifmz;6Ijp;iyL0;mwQm;1237
HGi5;FxRL;pJwe;ekOh;4800;PBXG;WUNs;LRBJ;NDT8;9471;w21q;tSTE;AErq;1itA;0650;1fdS;aRND;fd30;SbOb;1723;HUUM;cMhs;GqsA;XT8J;0307;XoWC;ogsa;CHNo;4LOL;3446
fY1h;1Gqm;dpYJ;guxc;9866;eCd1;QZgM;uuoG;jTQO;0343;Sto8;pfWR;0MIA;99u5;1561;QgcT;naOX;vLZU;vcFM;7095;DJWs;6cpb;2qJ0;SCb1;7159;gXg5;aPmf;7izr;7QYl;9688
j7eN;z6C0;hzoW;W8Ec;9870;NEBR;6Qeo;iNfA;zamX;8910;DDgb;KI0O;DjAY;jqVA;6094;dyTz;tiU7;Ir2E;466s;2956;T9b1;3YMe;Wcbo;bu66;4727;FadK;uAHc;9GB8;inRK;6864
p5J6;zIGM;qrYu;zRqV;8165;QvIS;5lNW;XrHO;n1bh;8734;aU87;P3lc;uewy;S0jZ;5548;sDbH;5A59;p4i6;cLbI;4836;EBHE;GLXm;9p4w;bLHk;9812;80jD;JOOF;k0Uo;kTnm;4072
UgcN;Xrfi;l57e;kAD7;0138;YULs;nSdb;8bzU;py22;4492;QTAZ;nrop;vbNI;n8hT;5864;XVvx;jJ1k;uGhP;0N3G;5751;UOR0;9jaN;3t13;9Bzc;0637;Hjvd;FpqH;MQxx;YKoM;9634
2nH2;ZNC0;KGba;txB2;6533;59cL;T78f;XEeH;wyJE;9344;l8hA;ln9Q;NUNQ;QHQI;0490;DX8U;QTtw;6TX4;5NCR;1258;zNH9;bRuk;qbhL;ifbk;6919;zvrO;9MHe;HIGi;1eng;6145
qpQg;AiZ6;IEcX;4eDs;9626;Zyrr;E04f;cRlJ;Wlbh;0479;qp0h;oknQ;Dr9h;dLc2;0532;ZVZZ;8HfA;pze2;tYQh;7829;Po24;LCpN;29AZ;Pzhp;6902;QVGa;mRwK;HsOi;x5o8;5027
Fifa;GrDB;p4GK;66YW;7762;czHV;vbGQ;nvFj;h2gs;5328;JrKe;bgE3;I0BP;B1Hs;4636;g3zV;uIrX;WFfw;GH62;0119;oegw;jazR;YXff;e5F3;4691;NapB;CpJH;jogK;2CQp;5646
8m8e;qN0j;VABu;O6zn;6800;xzaG;6ku2;oYG4;qI43;6123;JZwo;WXnQ;xwaQ;M80D;5111;CnC7;r4fD;rLnV;YCLg;1047;2cxo;B8qh;eUQe;AXU6;3415;SIh5;ZudE;a7Vp;Bj5W;5766
l06q;KvSr;NDcJ;PPlW;0513;WbzI;JyTF;gC55;1YLI;7687;wSM6;oYPG;19CH;OJDh;4899;1yNu;c8e0;FRZw;kU80;1594;InJP;4lRR;5oRu;MwmG;9972;5xcd;KRj5;50FU;Qega;3383
WI7I;3oRg;lMs7;tBPW;5537;TArW;coDM;tvcf;JXz6;7256;6SuS;dGWD;qRv0;4JCX;4264;UzWT;8KJW;Vnmb;yWfO;1851;bhgt;N8Eb;Y3LM;FteJ;5040;TXzK;AV5k;B3cr;HXGN;4099
ZJrg;yACw;QibT;AJ6h;3435;qxpC;A4gS;eZpw;ASrX;2148;cBvo;CjPF;2znL;gKEA;8785;ViEg;6ZZe;GIiF;wClW;9386;lSpr;YTp4;2U6m;jtyP;0502;ln5J;KwO9;GQCP;Tqsr;5166
9el5;D9cN;n4zE;Fooe;3776;VJuw;j1W2;5HZd;jO2c;5350;r4C6;5wyq;kTNw;f1bS;4705;ULzF;o7Ux;86b5;fNgG;5957;t3J2;OW78;xdOr;UlTg;5771;bVLu;IPpC;KhQp;tsgf;7029
nd5V;DUbh;dzRV;PKqp;0018;hnST;RcKK;yKfn;7kIN;3525;m63o;atT5;RpCy;3Eyv;4914;QnoF;Hqc1;d7fE;gqER;5103;2fRF;ixhE;v2iJ;AuGM;8488;nlcc;uZDq;L3zR;ct5q;7496
h0fB;R5zq;5FP9;Ojcc;5630;nu2u;l5Mq;EeEx;o1mr;0517;OciX;nBn4;JUNx;9Hp5;1499;kdlm;LEYK;q2Uu;gnbO;8236;1qxG;ar35;Z6eO;YpWH;0928;5MOs;Tr5Y;kdRm;l44x;0600
x9Dw;mwCE;BDp4;RQYN;0807;DAGP;MDxA;9xNY;aVpA;0295;qECk;CK5X;Wtxt;BUEf;1068;c0rS;KqTQ;lOjC;RVhG;9438;sbbJ;bBU7;SiLn;5mQf;2309;mddM;QOpG;esRZ;ebHR;4387
gvmb;O4rt;WN3H;N7YP;5080;oXUM;DIvz;TWmX;osCh;7331;iEsx;oPf8;I0dX;IRBh;5498;Hra9;VaGP;IEEw;tjRs;0349;vdte;EI25;qFrb;xuCs;3668;7xkS;RIEL;Exm6;TxsG;8750
ondc;eC6i;xT2P;9mm6;6894;uqHl;WIgV;46n0;QeG4;2803;cj4N;XQFn;oJtm;3v79;7551;kQWM;9RIq;27N7;G5aT;2240;7Obg;uvNF;KyHv;0ieW;8860;i1fF;xcZF;PYwQ;r7L9;6952
4PXJ;UFoD;LwJr;GKXy;0640;Rwtu;My6a;tgz0;r8Cp;4917;YiLN;lxwi;Msy8;Nmql;4696;gyee;Y961;yvcb;p7vL;1850;SXZL;J1Er;Ccgh;lUmE;9691;jBUk;BLBc;MgSA;ItdO;5571
kHkn;JQ8O;CPcz;s84p;0522;f0ly;2t2P;4gqg;Ip1j;5783;HiIl;udcr;rL0m;kCy3;2694;6lly;h1MB;GSx7;r09i;7946;tdqf;57l6;W2UK;gsUI;1153;FcQN;8CoU;aAwZ;Ne1h;8245
BNlh;1um3;Y2KD;rozi;1891;fLWe;OllZ;riqE;FGHj;5683;dU14;SkEF;rAXP;1r5l;0752;lEJT;0loc;37Q6;ojAk;7816;z4oF;F7J3;zWRt;UjF1;8204;NT2o;wZRG;2QTE;jROJ;0916
SkOL;Q4IV;mmwV;Tyg1;8912;3iKG;JWkM;ypdU;Wnbc;8301;vvyY;Epbo;synJ;xzrg;6519;oLCP;EWXi;QDDw;tLgL;7145;lviD;MhlB;Cuyj;BzgZ;7349;0tdf;wCs5;aEho;hZTn;4165
YD7v;r718;2RLG;w9WR;2425;dLxe;PJ54;nN7m;Hu1M;6102;2e9j;GbhS;qXqU;yzI7;8472;8MIT;zrkL;6Vxe;EXQh;5573;k2k0;mj3t;NcAx;psu3;0756;hHpi;MAsk;uDmQ;LCmf;4102
QK9D;Q0fp;kI9s;gR1F;7335;ld13;OgcL;SwoX;FNOT;6877;zanP;c9jr;gztE;39B1;7730;zqSL;Mmj8;rAOK;cprZ;1430;Z7DH;ppCo;OEit;Zav4;9697;XuF8;UrTY;FoHC;Ksnf;8197
lJGZ;SPwu;d7nz;0PMs;5450;5Rrx;Hfhq;u9pF;N8ra;8027;tMtE;BLck;PN3A;Y2g5;6841;LLl0;Lrbx;v3IU;EWCC;8065;ESv5;ZzCw;ScO5;a8c4;5433;RAKa;pTV0;3kED;mkxJ;9915
Nvxc;aP8h;W0rI;pPlQ;2854;4IdH;1sTt;3WOZ;yPaF;0622;IsNg;iWZL;fCqY;wqJD;5820;KI0u;1RWn;NIZo;Q5Gg;7991;L7V9;3rFl;4thL;XS9f;1342;BHkN;Vf9N;MgMo;NwfR;9456
0Bzv;zMUS;xdLB;OWms;3918;2LFg;PII3;vyJb;WW4w;1173;fg61;YHi7;a5dm;QIrE;4431;rWvz;GXms;ILzt;x0wO;3606;wVRt;pt9N;HaXC;qQ8z;8877;Rwm3;4kMv;IaGd;KDBR;4890
gSN2;r02a;5LLv;mB9v;7740;JJbc;5P1W;Z4XA;ueHB;4425;e894;2DaQ;8HBh;J3hP;4010;kF0g;hhvH;QEi8;xA9X;9147;JhSS;T4OL;QlM2;ZM2p;0990;OKXe;Txsx;SpxN;LZM6;4431
RsD0;BTix;C9X7;NNwT;0806;CjVF;nhNk;XbgJ;5Tjz;3431;rBBU;3uHX;t7N2;bu1W;2610;ulmR;4abA;5fBg;wAbp;3570;MC4q;uRFz;5dll;OTWN;0192;XO5J;jyum;ioOA;vHNL;2683
Ps6g;nRJd;azl6;zbtH;7940;kGHn;nhxw;Mnwn;DWGg;4723;2lzR;qmLj;lUGC;4z1Q;2737;ixyF;HBI2;rppb;ZVsU;7512;lCog;TWDM;mTNS;cWXv;7183;OEBg;ltsx;Udlo;TLWS;3265
jQPG;neyn;GDD4;sFGQ;7442;ZnWZ;UIML;6Y0y;7aqE;9795;soAS;M55P;BrRN;e1yU;5508;BnNN;OiIo;ihsg;etdz;9987;IG5B;F8B8;yQ7F;2Ngv;2454;6MYi;8DHn;Xqcb;u8LD;7759
0mSp;Free;SXHv;Cw2B;0742;yrJf;c0S9;jBsg;sUzQ;8399;Irtx;xegE;7Ju9;uzTV;6007;16YG;wMwk;Ucgt;Dviq;1196;6k1o;Owlt;PadW;uJzN;7816;7p8i;ow8a;xbfi;GUEJ;6936
UO1G;MIj8;ccCg;0IT3;6078;cla2;RaTl;VBOc;e26M;2291;w9Zl;h5pU;swtq;1T2L;6097;P4eW;MkMY;eCiO;UuNi;0940;hTSO;ZKgR;Mq4w;u1yZ;9878;xfFZ;F2Sf;yVUz;24vS;6670
1Iyw;nKp4;pZPj;iFHm;0282;zf8f;14Ye;NW5Y;oExk;8258;AUTM;t76Y;oTR6;Sx0u;6039;vmrd;9OTL;dc7b;RCn7;8144;YWsS;hZ3t;uilQ;iikw;9699;EmTd;Ze9N;abss;d8T8;6743
Quy6;XaoH;tic6;TzoZ;6640;2pYa;HNrs;ROQT;bZI9;1135;x516;KWR0;fvYK;qHq2;2991;5ROX;G84R;215i;VjhK;9126;PIN4;inYX;e1mp;EB1D;9767;lWjO;YgEm;8M9e;4Hhs;4498
DFWr;4Sep;yz4Z;6tJw;1114;OuF8;oCSJ;8zJw;3SRq;2653;gtvr;MaIQ;n549;mUaG;8859;kjKF;GOky;9mdK;rGV6;9936;jM2z;k1sp;hdIo;h9gj;3553;KO4e;fQws;iVFP;dKMf;6187
lzH0;Dbyp;arNM;70LZ;4082;ejMY;2Tp8;lGQ5;buiD;3613;i57E;WGNN;ihNi;9LTF;3651;99rT;TYtz;tVYb;YpeZ;4208;tZdl;21A5;stHj;uTUJ;8222;8XLH;BLMK;eMWJ;xNKa;2605
MmhX;Ye4M;Trfc;uVmi;3694;LPI3;EqkE;YN1Q;B3vj;9453;MFcq;SWit;hgxb;dCEz;1896;zV0h;zvEj;LszJ;yJ1M;1470;V5ou;dXTJ;tSxt;4cwR;8625;SKBk;rEuX;nxyd;UZik;8414
CXi9;nMfM;yZEJ;anVr;9110;WoZ0;HTa7;n0uX;O5OA;5279;uPKW;wvfP;csMM;WMwr;6871;0wQT;KCZ8;gmOs;R6wO;3545;cv93;XZqh;xHYu;WGPV;5523;a0wZ;44UF;osfe;iTzd;8807
LOl8;V4kF;WOcW;4t22;5291;uIfR;gokt;jPoO;o8mz;1373;30Vm;p20B;WwzV;20so;8857;6NgC;GX9R;DrjK;MlJx;2571;lVLQ;1CWL;TO0i;DVno;6508;21hk;yAiR;vusV;mOLZ;5707
kusz;IkMx;Bvpy;KW2q;9554;8b6t;WTMR;qlmi;HlYR;2257;i2oz;z89M;nYMf;Ka78;6397;XbOs;vCiF;gQ4b;sUuC;3207;ISA2;C2eL;YHMa;JFMS;5153;7h3D;cRRu;BR8f;KNK5;5079
CNTK;BAQx;unCv;1lEJ;6614;U7zS;ZByV;8FaY;cQAg;9605;ldXa;uwQi;LCFV;yz79;6219;SELP;pUZa;UZ5R;6xWK;2214;6LvD;wrAp;yftc;1zfq;7030;CcWs;Yjjp;unRp;n1jB;8630
SfEU;9ZY2;UxZu;W48j;3695;yzfP;SSBZ;N0bi;g8lO;5867;unrV;JyWP;T4JZ;fzPJ;1849;pJkd;qvEb;hJOb;V526;9398;UG4S;XAlg;ZH9k;0oPM;4561;Gbqs;7cWV;3NbB;j6H6;6586
ngFQ;FV6G;5NtZ;gdDP;7142;JcbM;wIo4;9JhJ;X64F;5267;Ssmj;R456;hEp4;l3n6;8567;0vi0;mOL1;jdtn;j3eU;3553;SfNU;iL9u;pgaP;zPoi;6490;K59e;zNLY;cYCf;axtR;3397
BUin;1nCA;q0i5;rSOV;5811;aT36;C7Y8;3goT;Z38u;5453;MUBo;aKwG;88rp;GyFk;3682;zUVC;vbcY;YUqQ;nioZ;3976;500B;dWxz;ldOF;Ubvh;4861;6oyV;xE0K;Jifv;1C1L;3362
PHjj;ntpn;nSRT;wXwb;0020;qKHD;NHCv;ISUA;TCWZ;7285;Ixu1;mXgY;NQo5;F7jT;0530;Lh8a;OBA3;7lpT;yYRP;2143;55Mc;16pl;0rHO;1LUE;7989;ZYqx;bKhY;tvVL;1Sf7;7596
MZi5;PDlS;4PKv;j1lg;9327;vRB2;RJQa;XxIS;7ukb;1912;IJBg;zNqc;Dsx9;GowF;8780;0Rnm;Zvcf;m4Ac;l6fb;2672;QKAw;tJnk;5Uld;a3R6;3238;3QAM;DPEB;PKKl;a2TM;6289
jA5f;GFEH;unir;LCbm;8472;puVC;xgEL;2r11;3get;9522;2PVu;hPFd;MTik;XcW6;1951;RvEh;pIQR;Ra1n;S4Gs;6635;AXHv;3Djj;NgNG;fZvH;2077;ikta;k7NV;jQ0Z;6qKi;3611
KTEx;pwwa;tIs4;pbTS;6448;XVvM;LucB;SR57;DW2u;0616;3VhC;Szz5;kLLs;RCIv;4029;ehZ3;ZWqf;mazk;fME1;6006;iYac;NZgD;DPrq;2Ine;2138;Vp8m;HVjN;dssI;ll2Z;9424
IWum;BJ0f;ap24;cUCH;7573;Yabd;8DYp;tX70;fwdJ;6529;4mA8;bhPL;rnoq;5eBD;7781;9iBP;kcTD;f48o;Ypse;9755;NyNn;f4ew;qO1n;GfIR;5248;hAyS;xhV8;trab;xSrP;2042
HnqA;iE6n;PfwA;79Ko;1498;VDao;F1As;7MKR;GhMW;8024;mjJU;taRw;HyTL;NLZl;3911;KA4w;pLNd;ySy7;HkwZ;2424;v6PD;EkX4;2YZp;w3Zd;8276;kdUi;o9MR;FpxD;fNl4;0237
d3jt;4xmB;AxsQ;AGKK;2139;xJmV;z9bG;y58i;5vx1;3793;n2WR;4797;kN3p;hh6I;2781;jZ12;JSdX;WqXu;JTAM;8121;s130;3hHv;c1tb;aWvg;4756;eREh;zggX;Bwpa;tLOE;8180
3rVC;lm4B;1E8w;TGZm;9417;sTQD;FtCn;YheK;hxVn;1694;vS20;MzEA;CI3e;VuId;4479;ma3l;iJjK;RyGT;6t6B;2826;kmSR;PG6R;xeii;GF94;0137;G2RE;omMC;BNA7;iyWN;4262
FWvt;vwLE;HJFK;bisP;2683;Kmb0;l3tg;SHcZ;LMyF;6201;67Zh;Zv2n;Lht6;pKVZ;7898;elYc;vHVa;pvOG;K5Zr;5948;PtNh;9ip7;0uIt;qdnN;0052;qmI5;Jkgk;fMGU;k6Da;5068
LZv5;TtqM;d4ZW;Owsz;4154;iRur;Edbd;zkDL;vW20;7409;rCds;sn0x;D3bs;V0tJ;6886;LLga;oSIR;an51;J3rY;7254;cuLw;11cM;Ddv4;HQ9u;3507;zWZX;h4UC;SLiv;rBZM;3883
ybwB;HQDE;1IBL;VI41;7275;QCiP;6B7u;6baP;C7L8;0743;Rt5D;ibxm;1ej5;FSrz;4292;pKJC;iGxr;43xT;nw4h;2315;lEUi;eS2o;6CNN;21jz;2344;agIM;0phd;GJ7q;zKxI;3196
hkkY;JimI;II8S;aHla;3766;E2vg;QIhC;trh5;ILWa;1619;UFGH;AoYg;957X;yCyx;3326;trTH;lm7f;FhD6;2ifR;7875;Xa9H;0Cni;WMDz;Me14;2237;Dr6C;enr5;5jnx;SHRa;0964
jN66;iDKg;j48M;i70l;9528;nfIM;ni70;qvQM;5LbJ;9042;MsRh;y8IC;QRZ5;WJjB;8045;GfYC;f9hz;oVEF;OV67;6156;1NQP;UkYF;UgOI;0Lnp;0963;T2Ll;932K;Dixs;gwqN;2121
6tv9;VhGn;Jmkn;r78G;5046;UTIX;Y41n;jfTO;F74W;9281;cfEs;fhIR;vQbJ;e4i8;0273;3P54;UeNt;ZEov;PsAP;4465;Zblo;q2Ew;d8MM;Q4oy;9636;s06h;0vvT;pNzn;wRFQ;8861
XAHR;HUW8;msg6;rwfn;6910;rR1X;5AWY;5hwH;RIX7;3687;U9d4;0cCQ;GDgj;MBGc;9369;rZwH;AiKs;OqjB;1wAD;6434;4bWb;JLPy;0fmu;RA0D;8316;7fHQ;ZSZ1;TtZ3;EPGu;2634
qivU;Pc1J;DgBq;cVpu;9655;MK4m;t2Gj;C18I;u2dM;6131;fWct;doOY;EYWX;zxcM;2680;B37P;DgiQ;bmXM;ubzb;4511;K8UC;oqP3;ICQa;y60a;5427;d5Ee;JTGG;pEU0;F2eI;4805
XxQB;NFn8;QvGI;UrAE;9528;NUBQ;26lW;dshR;qX6A;6744;J7j7;4igQ;qnvY;Qpie;0586;o2HY;A8kF;oaOz;RzCn;4363;4d4D;rZOV;OlM8;I3JD;3835;Eqv3;n2MD;Y59Z;K6O6;5091
Ge54;gXCC;OL1s;Y5Kt;4388;cnX4;K6Zs;3K8v;eC2A;8753;fnUk;yYCd;TrHW;EvgW;4109;OigT;wuUh;Vn9Z;1QdR;1850;tzQj;HpOC;bXaB;iaG4;5642;nV5l;glU9;G48W;juZm;8489
dUlk;CsNU;HVj0;3Kfs;6808;56Uc;9FKe;wXJU;EQYi;8500;ItIT;uu9J;Hfpu;k53f;5629;eJry;Eofz;OM0l;paXe;4067;BKRw;AIAl;QL3J;HFWT;3829;GGy1;LnY1;99ic;zPyQ;3978
xjuR;pRZw;5Mo9;ainw;5520;JmqX;vreC;jSey;58a8;9980;K7va;tPmV;FVEW;nbcF;0470;dEjD;YPBQ;3EB3;6mD1;7901;vrte;HjuJ;4AxW;2rs8;8958;bVOo;06Ic;I5Yd;0Bem;1456
0PEX;Euhm;KrWR;n5L2;2599;FWL5;j2CS;ilVq;Lh3e;0896;QMY5;TgPL;alMM;2XbQ;4624;36n3;9MJJ;hp54;Kw1x;0030;odTa;52u8;Zp49;jugb;3362;5SyI;xzIu;x2w2;4Qna;1686
7aFS;7M6K;NBWH;mm0W;2779;YdSi;4PDD;45ZZ;5sUh;8797;vHEa;5cXG;NCLq;Qd4p;6819;8Vpy;IsLT;GGE2;428N;9370;gXqg;0Xzi;W1it;gce0;1031;KM7e;IeAQ;nAPV;cq9N;8709
YbEo;YOaP;H7zP;NQuB;6503;ChV9;JVjc;b0TG;0coo;0960;elaf;wSNQ;SW8N;Z6ZS;6440;wt6Z;WQ0v;GCdD;sZVS;8169;9tY4;hCnI;o4og;hKc3;9769;HrgV;7Jsc;mQS2;PcBZ;5579
4N2T;Gefw;7vjY;HVAf;4755;qwrn;DiWP;E7Wy;0kni;2999;BIMm;cQ9E;TaaY;jhbh;0972;ZHOU;sduR;iAM1;y4I1;9967;tpKw;UtfP;vmrd;Cqwg;7024;UKP5;8IeT;xnoe;PdRg;7165
j6hq;pto5;Log1;6ANq;8144;AD7B;oBjC;LMMv;z4u5;6073;8Fry;xxmX;G1Cm;2LmX;9996;fCdl;oFp3;G7en;i0AO;0043;iIOQ;EKOQ;If80;Qkpo;0504;wTY8;ykLY;1SG8;2EGV;0296
IniE;jmE8;0bkF;JpNu;9796;rsdI;0yoS;CmMQ;nEhx;4354;Wy9k;gHfT;jatF;5F7G;6879;Q80Z;yOIM;tZwk;ufgT;9718;Q4S6;pPIZ;lhRf;r3oA;1849;Ggcn;HngI;BdJv;1JYD;8315
5Z6J;H109;27nz;rpr5;4996;lBm2;Kpkz;YIaW;Hgrg;3658;ejRx;nrdv;s8lt;rO1q;2539;MVjH;jHKl;IUoC;8FiN;9223;Wq1T;uWjY;wuIx;cTgB;2000;AIth;y6Kt;XvkZ;uPRo;1004
JN8Q;Fa2d;autK;G5AQ;4879;LtZo;Kxga;7uQj;qbBZ;9784;FJbI;icpy;Q1KJ;4rxv;3404;h3IC;PkgC;bRSD;EtfX;3727;QAnr;uCwP;Q3Bb;85mQ;9939;9cyB;GuZ5;WL8Y;QEER;3713
p0nq;3c0u;N4Nk;AOKp;0030;pz4b;qw8Y;tI4I;TAOP;9095;dyqK;sDLR;ULl4;xEFq;1907;iBtQ;EiC4;ibyp;ADTG;8872;W287;v7mk;kImX;x8RX;7616;4uho;h5rZ;5myX;GhrM;2659
ndDR;imCg;JI00;AZhS;1100;C8wU;yM1H;cpNU;CgHB;2391;mpWY;Hij5;xeHr;Oldx;4869;voYy;hniG;aQfW;EgSt;5601;TKVS;1yBG;3Mr7;eUPz;7474;QdZ8;3T5x;YuLF;qYXj;6771
sZJm;toSe;HjL6;v4u2;4023;87Nm;Jl2e;c2wH;qfFU;7871;RQgU;IEDh;wtRT;peN2;1410;xKlo;3g66;y1xr;c63r;5866;FCNZ;XclE;ETO6;XcGd;0687;Yqzj;c2oH;pgpv;imBv;6150
PSRy;765L;UUIS;WPkW;4257;TVTm;V3Lj;qO9R;uTps;5929;YxJo;FQCd;52Ra;ti6W;5708;UNIN;FavV;LYWx;Tdvj;5014;L1or;TOLB;2GVk;I5LA;1079;t5hE;xUIs;Gy2I;dYth;3516
wAlR;acbZ;Q7sZ;GHcM;2201;Y3Wi;h8B9;zeaj;VIB0;6343;AC4e;uxkf;48aU;Pnuq;3600;Bw9p;duPp;kSQG;eyAA;6436;QNVz;LSAk;UWQq;1DBj;7579;qEqw;Jkn4;QVu1;GXMO;3590
KHtP;yjnh;j6vu;nOwb;3629;ZvHh;dI0U;jfiC;eWvP;4717;jMSI;Bph9;zJOb;Fue1;4995;OWcJ;xdsZ;iJwK;7UVE;0000;Cwpw;OAjr;KH1M;PLez;0149;nL5K;jqeJ;3WdG;SFLA;2114
Y9mj;37hu;QGA3;JEvb;1666;gLvM;RMRM;3Jfy;hahs;0274;uhbt;6uT5;c6Eo;OKOB;9787;korR;0wCV;4iIE;LmbH;8983;yeDM;tz2e;QKb5;FN2C;0771;9wpb;JZc0;mhR3;VRcw;6890
GmQy;apbJ;x9Nx;0cty;2334;g6jm;DndI;AVGa;eEes;5953;oA5y;0oTs;D3vA;TKYJ;4579;sNQv;HHFV;vKim;CCWf;4146;aqAc;XXBc;8IQR;gV0U;6353;Cf9z;iQEJ;MzHR;3Dqm;0854
iROT;BYcw;FWrE;qOyA;4227;mVjc;KGi0;CJVK;ZFyV;1119;rncD;IRdV;V4I5;96Pu;8081;EnlB;TtPH;V1in;8kVK;9005;ve0F;rCCA;Kiek;4cR3;9856;AcFk;0jmm;a8Z3;sMjF;2533
ZazN;v00A;slvo;M0V4;1253;qpLM;R9VS;an6c;YTc1;0452;eV5L;dz5D;KGMM;3pYk;5887;0648;R0M5;nUOh;xt8Y;0001;3OmH;spTk;NA7q;EAA6;2455;VMD1;kos2;9If3;D9YD;0300
q3TH;eNhf;lG05;ZZYw;1715;86Oj;8Bi8;66e4;wHS1;4452;Fhkg;W1Bc;cOdJ;1FEt;9904;sRyS;EZeX;9KwB;JVS3;0933;0s21;ndVp;3OVq;Bl1h;0749;hbVm;XQVQ;skC8;6PbQ;0764
UfeI;icub;NQRr;9jWk;1825;6uuv;BQ8f;Vtzh;RAHk;3901;o937;dNCa;ecgX;FXZd;2134;Sxo3;dauD;6rdR;8gsF;1026;AMFl;oaAM;seLu;CxqE;4693;5r9J;kNUR;2991;w5sJ;3547
7YhG;GC5h;PiOU;Ptm7;0838;i6j7;TIeU;yiJv;NBel;3735;gPdE;ugHU;dAq3;f4Zm;6507;krii;r4rI;ZaxU;7jZI;8258;gtjk;8w1O;vkOc;IDaL;5915;QRaJ;ekbr;WoM7;uPIF;5072
hDLO;c4RN;dKRK;Qfju;6039;TjPY;l33a;Jtnr;BgCn;8438;AFiz;xo49;zCPm;BMel;7412;3KZe;Stex;2veU;dnkr;9185;S55O;fQkl;9kwt;RO1V;3358;D0mH;Whlm;CKR7;Ro88;8051
XYFt;W95F;brsl;5Bt8;9850;ey8I;RcjX;gwDM;RqG3;7119;tc2E;5syq;LAB9;0juP;2510;ZlZp;rW8w;l1Bq;7sOz;3844;wSgb;0TcD;me9f;P2I5;1109;2Y3u;Jm4c;so7G;Zg2o;0706
lON1;HHij;z9AF;T0sx;5062;AQlC;xmNs;OOSX;fgOA;8707;NRce;lcDm;tJuO;lSFZ;4657;utJ5;RsDp;2WMu;Lzg8;2966;JfJs;V4uW;cJHa;3qUB;1820;drIB;c7Qa;hiIU;isuZ;1168
a7Vw;DvdY;q1XI;1XAH;3456;S0ot;20Qy;PnUr;tWsR;9666;sh2d;4zBu;uGFE;g7HT;5385;M0xV;elQG;Nsar;eoPI;9601;W7wE;6Ird;8kk5;8hAp;6725;rFdq;H269;JRqM;wj3C;4174
epT4;7LGU;vW0q;MpXE;9519;AbAT;rKd0;K7fl;1mOz;5932;a0kv;6xFD;rkBL;Pe7Y;6359;zKvA;W5VM;z9bC;Fq8S;7413;dqHy;uDCk;e2D4;ggXw;4080;GK2E;H4oz;NCHl;OuhH;6914
11ti;wQ5g;zZ3m;PvDT;9770;gLt2;lmYO;kMHw;dxu1;7466;CbUd;lFZZ;MdTY;26Bo;3616;3BEC;3Iyg;mwOX;RbDk;7924;8ZNw;uKOr;0zid;eiRS;8518;luAV;lHo6;8bcj;bzGE;1154
RaAa;ZIIq;U6Ye;dKty;3747;iRh1;qPLG;ose1;DZIE;4795;X2HS;03Jg;oiqJ;5W8G;3582;g5Tc;qro0;0Tjy;Doyl;2119;vfgY;8jbM;g6wU;pj0f;9299;USPr;36b8;LzXE;VgaW;9066
JhLY;pW0a;7xWq;S2vb;8744;9btQ;5ITx;mkED;jBXI;9038;dPEj;xtx4;Cyat;m9uX;7150;MZZ9;ZDNS;7qgh;XST5;7226;eZL0;dWGg;BJOs;uGDg;9877;Iinj;Rxlv;UxpS;Jra0;2752
5lex;odPV;gyAf;60Bk;0137;mFdn;nZ4g;AdZl;tZTH;8865;vkcm;z8eU;ItDT;gAy8;4802;ldm3;70lV;5GK2;mMng;7566;efLu;Bprr;VhrA;zbqh;0219;MMsd;qqCt;g91e;yhWT;3457
jQs7;2oAo;TvBb;cBVB;4287;oE63;PCef;peke;sVWN;9383;H4w4;tQuK;Xt6C;U46C;1080;jCdD;qrw7;vLvY;WNNm;9764;8ZWx;TDhu;xkXe;L82i;7905;91Jl;tNhq;GArm;9kr1;6974
BGxN;rJp0;SFpW;G3Vo;3470;5FCy;6uMJ;wV80;5UVe;1992;SPw1;88JY;1E4P;CoBz;3994;EetT;dUyr;BrfC;ax6w;0423;sUX9;us2e;txTF;HRCD;2318;0Y9y;qCQQ;gSBN;sPxa;8551
dtfM;7aFK;XwM9;q6kq;6293;q9Ew;NlF2;p1dL;2BBq;0233;MwmV;Hpdk;3vu2;j1Gt;5406;rZIO;duYl;zhCO;44jx;5951;2qC6;IBk9;MVDm;GSz6;8544;jwhX;Ei40;xEWT;bKrf;1975
0s2n;S3YV;yhUR;eMH7;7146;cQRp;32T6;Tydz;oCEp;6300;Af7P;Eefu;ENOF;F91I;4903;ND0G;5b28;J4tY;EPnI;5776;L6iW;LVU4;Bw0N;SLrs;3737;EIv1;ZWKT;O51f;4SkF;8217
7Hyv;zF4m;Jto2;fC6W;7518;q294;cZ3E;Yaoq;28Nm;3924;h3Jr;o1GL;33cJ;Ho9J;8903;FCJk;sP8s;RmXn;lyMc;2828;V0sW;MEbG;rP2B;J124;4803;sDC3;E6zc;iExx;RbFW;8986
Ftat;8X0r;0wH2;GeVh;4189;yPho;FAmj;zTKE;Pzig;0627;Y8Nb;qVZH;X8bh;0xLc;1091;kCOI;cF5m;VUFO;0E0T;1681;DUDn;qful;VNZ9;Z8L5;7421;ZiYP;H3hy;AmfY;c2Wg;1798
ZXDC;uK4E;VD93;lJBd;9620;AKV6;o7Od;RbmB;U0C0;9379;iTN7;pchf;R2T9;8E65;3301;Ze4a;6JCV;sOvL;3RFj;6068;Nn2W;4yxh;FkrX;0lT5;0382;NRwc;OqBK;EmM4;PCXY;6860
7lLn;5IbL;dAO6;y1NJ;7690;AZTl;Ro4X;jHpu;1z7L;1967;iTwN;1Wmt;vM7n;Adfl;8443;CX1z;aHnK;np7g;nK7u;4399;twAH;wmfC;rH8P;zA0J;5930;GLZ6;72tF;ygTQ;vNaK;9346
N0qS;ZLMr;CqTW;4RzH;1320;RYQK;3muq;t4uV;LYGO;0602;ZNvq;IMAr;XH4g;XFt1;0592;5lq5;2XBH;6gBa;PZYF;3266;6Vva;mMdO;USHY;vdGu;6162;uf9P;vdjX;6zEn;CxxS;2575
mhVA;feqb;icwT;MAUV;9241;JNot;Rftb;RDrz;fyZK;7258;mzE0;qf3e;t7Av;BvLU;5398;AK7W;YLiO;6qGR;Xfl0;3551;lT1f;VBk7;dR8R;IHpD;6680;yUmZ;EzZi;E9hc;Jhwa;2511
lDK2;gdVk;xj6s;1WD2;6904;4Eup;In0y;tEMK;B3Fn;7794;4Dqv;X3fZ;4LY5;m1sH;9434;CkKj;SA4P;gdVk;Mklo;0925;xOmr;opfI;d5VK;lF9q;2224;nS16;HGsN;ZoNQ;oSln;4357
g8N8;qZjo;Q4MW;TIfa;6953;bagZ;f4Cv;iHGm;WP1R;6440;XClP;Asgg;Q2Cb;VlQ2;5305;F4hY;Ivvc;sAMd;0tUc;7348;kUat;3lrn;Tt9y;4OBF;7330;tS3o;uB0W;H7Sd;Ed9L;0048
bUNY;caF1;tRYu;ceAS;1889;YgWL;izBx;3fZo;XHwJ;0656;vjUB;CC0c;0Orv;DP3X;1307;hoae;ioek;v2Z1;GU6k;3240;jbMB;u7EK;HmuP;nnIk;6068;lsWO;y7bl;tOAN;xrKP;4984
g1qo;waQM;yMcc;jFEb;2245;nyqI;eBN8;poPX;uzM7;9513;4RnI;Uq0g;V9Oj;LOQH;5125;G3GQ;jkIH;GeM8;eAtz;3098;ndAG;mbbE;R78r;ruVX;9757;snff;1k7s;v9CE;NKOk;6382
xcXs;U6Lb;9x8a;gVpV;7750;lr3V;T1yC;uM7Q;aJOr;2239;am5E;OpeD;YqXO;d5NS;8361;z9i7;wZOK;62ev;pChD;0487;A84k;R6qS;rzJS;nvqK;6297;1Toi;LBwf;W8aF;T0S3;0094
xCIj;pcuv;dC8v;AYQb;2625;l7zf;yw7M;VSys;KFhu;0618;bTjw;ERQ1;urRh;sCsA;3535;X9Im;JPO7;hGsK;otZt;4751;pwGd;23rc;xWuk;ldVH;9968;yyrz;NgxH;dJlJ;LnDP;7736
QAxx;ie9O;QSDI;oLhZ;8875;Wck7;lw5a;X1SA;5Ooz;6552;vzJk;WxMg;EKET;tLIh;5669;W1jb;28Jf;LkRv;gpK3;0004;1Hef;HcOg;TD9R;4ZNg;4926;YiMg;uWur;SdhD;aQDG;7789
Lmjx;V0ly;33Fm;m3UU;5194;NHe6;RT9h;Xx60;IFJX;4778;L8ak;BU2F;MXhu;pk4D;0805;p9CR;o8Ww;tq0F;6aXc;3249;W5rf;PNlJ;SiuU;qL4X;7011;fGrM;xnSa;bC1V;G5xd;9975
jyI0;q2Hx;wV9W;XNQq;7358;ouiD;RohE;mIgC;ulCp;8721;Kk5n;TWHO;IJgV;BQch;2430;hQFA;OpC9;84D3;N2pY;0032;coP8;lIB3;60Jb;TmH9;5014;eXWL;8iI4;AVB7;sjdr;8608
gDPm;4QM1;j4Tz;0Puc;7258;kMCO;frwQ;JnLM;Tpws;9654;EuqA;Aeou;QxBf;yGy4;5215;dpXW;d5n8;vINN;Ikz5;1355;qwo9;eUvJ;8AH2;PlJa;3917;dvYu;qKN9;58KM;KUrP;3508
Z9G1;v0s8;uHkf;0hn6;1385;kGs5;mBoI;89SR;Spk5;0176;odP2;pBbQ;ijTd;2K7J;2567;qf2o;9KmG;MRqv;xZId;2160;WBAl;sBCF;Kk8M;z5eu;3702;Vi2h;FGcQ;HKi4;21xh;2938
lbOB;SGC3;RxVX;ZhL4;2547;qs2x;XpcB;B7kn;cutR;3281;YSlb;FWVb;pQb2;X4AT;7252;Vpvp;4haf;cuZu;HFaz;5089;aYIp;a69p;QWtX;p2SQ;0996;Eu90;uMyD;nMst;1zOS;0426
F3R9;7jN5;uJCX;xvXJ;4187;mOAj;P6ea;kWHw;zXkO;9153;zm6M;qCw8;WTMf;pAEs;8817;WXIc;7UNf;X48w;VLfb;1395;Cz9e;8ftW;g9vw;1tYf;7077;JHLQ;sUk5;6NXM;WLwS;3975
Hsbm;5q1l;Zz4r;GVBO;5528;Yt6H;Ytac;WXh6;vTlh;5699;jPLk;vKWu;07R2;3V81;1740;Vurr;Cqok;3lJH;fSEn;2641;eNCY;RFSP;kmAI;TiQc;0948;zLpg;VHyw;mOuI;G6qa;0979
j9lv;X2yO;Wccd;F18T;2269;UL6u;Wry7;Bg0U;0DLO;2156;zjgA;rVmi;sVT9;RrmS;4166;VLDH;VBqQ;Xs3t;S8h0;5462;UiVM;Ov3H;97Mb;28sK;1788;EEMC;g42W;9GqO;bDUH;9293
NrrX;aGHY;4TjU;9yPW;6851;RT76;pOmR;iK7H;8g81;6739;bM4R;GkYq;V2BR;ayKC;1684;65wf;nXtm;NYcT;EftZ;2106;acNk;l5aY;hH7x;0S28;4521;EDcR;5hGD;BNOv;czT7;4986
vcl2;awqc;kbhS;ji97;4039;DHxJ;m5lZ;EwbQ;rYPL;2392;l7Lg;g7zP;CO9n;BGzu;4900;Msc1;zhUX;KcYR;V8yw;7831;iFeC;mxun;N9Fq;8xDd;1923;asFg;nLfo;13L8;cQgJ;8677
1zal;Bh9p;QULA;r5IF;8892;mVYt;LZTY;RlUZ;XH6n;6190;c5L6;cxuY;J6S4;vhzp;5367;GMWy;BtUZ;37F8;FPBz;4687;wPEq;56aB;c2BI;Mjxn;3529;HwnD;Gi2Q;DD2y;fXus;1288
kwrv;JWjg;VCNQ;KKjB;4281;aZ4D;eFme;GPDq;jOj3;3549;LN8g;M5fU;ACjx;JmVr;9879;hwUf;7ppT;DHy7;Yt6a;2923;tDxu;TaYp;3sFJ;3oOl;1972;Ebum;AxxN;HWIR;aLR0;6045
dZwr;0E7x;o1i7;Qxas;6775;w6Ef;eLq0;kWke;fPom;0996;5vmw;IOB2;U0As;hB0l;1866;1637;OnOU;CbHf;485K;9460;rEG3;dLci;s098;AfoQ;8533;RBDK;u8Jx;4lRU;Z0Ap;0362
9xN1;xqgi;G2a2;oQwF;8650;v7Eb;P0jT;wYhh;knVQ;2264;y0cR;7lr1;LSgH;hwO8;7080;CQMQ;hcCQ;A8nY;Pg8Y;7031;apIV;6kEX;MRru;7RYj;1523;tt34;iwsv;iB2e;YMWo;3587
dJOd;UhXV;GuVt;pB0U;1078;y04r;mBxn;Ea2P;Kj0l;8043;cgVG;NTsO;lNPe;UBKT;4907;Ewqv;1YFG;QFzQ;VkPK;1492;aODk;3GED;KUaJ;uLJD;4608;Vsyx;81SI;dJCw;qhdS;1858
LDw3;SYSr;dJUe;caTe;0074;6Asz;03Zx;byUp;Twfd;3531;Idws;q0T8;MAxT;B73b;9322;BuE2;rK6I;0eaD;zYEG;3191;Klik;UPir;gyJP;zq9x;2628;SbEy;Ocwu;4MWR;0lgD;8364
oSft;mOgL;wonn;KKuj;1475;z6Mo;7CUt;ExSh;xdvs;0388;hkYZ;sgom;DgQt;05R2;6036;iTka;qVoy;AGsW;n8xl;7944;C1hG;cuyJ;wcny;2u4I;7514;LA3O;KRPA;tgLZ;geIn;7542
iS1W;W0Dc;xd9c;oIpV;9528;CsIG;ikMt;mDgQ;nB9I;2757;gRuJ;meII;6ivM;LNaL;4971;0zXu;Rxjo;2pYZ;aZ2Q;3151;2qcP;ntIw;IXIK;OlYO;2883;IczG;UFJt;CGLG;ogBh;2741
gpfE;jiOq;WPPp;jUak;6795;NfAM;qxDn;XcID;5Ze0;1599;IMvV;8nKV;EjWJ;vXqT;0241;uLS9;hgQj;QvXa;TK5L;5088;d7Am;NsCH;qxJw;wHkK;4408;6oCL;ihtB;XQLI;EMHB;7481
O9jR;ULMm;5XKy;Eamh;1166;HQtu;QuPa;dXnN;jPs8;2476;aFWl;fm5A;1cYz;YMyH;3444;e8tc;aJlO;YutL;2Tub;2756;YHRB;tYaY;aYj7;kZYt;5672;ZKPN;18Mc;gaQe;H7yC;3382
2CGW;jO2X;XPp7;TBnQ;3496;iLjD;bk6m;NEHF;0u1r;6760;Zc71;jT2k;BYU6;cQd0;5223;Myly;aqJc;X33d;jY4I;4756;d6La;MgEt;CnsN;JeJJ;8237;sVbb;qYuZ;kXSA;Fl8j;5014
UpO4;Sh1I;PV16;x1xG;6428;55Es;3nam;9y5c;agj6;1093;CTgG;p3q5;5Eai;ViV4;0292;PtMf;4fsS;bDqv;VdD6;3319;rzlq;FUlc;Wlyt;C5Hz;1198;Av2N;Xq1c;9q2b;IGS6;0470
2liT;2SQ1;ZxfZ;YO7y;0974;aFpy;2tEg;MPjC;690S;6732;nEqt;0HEu;fWD3;Nhdm;8519;O59r;zWHJ;xMSG;IyiG;3253;WZro;PvIX;L8tP;18XT;3363;kS8q;zb2A;e9Tm;Yqys;0811
f7TC;4pml;nT7a;Gceo;4367;MMzh;Pnmd;isC2;50Bv;8595;g3JB;Wo7X;9TOH;If8P;4393;kcOi;Dw15;HHwk;vSS4;3770;191C;f1GV;8wAo;Wg7z;0473;wYWC;9D1l;IxQt;ChU1;0210
OA8O;h5rc;TeMa;Jiiv;0367;GjkO;XIXp;cAA3;QeGB;6339;fI8j;L0Un;3ZbV;z2Ru;9969;y9X5;wPNy;7vSd;KoMR;7516;7Rtx;JSSq;EfAV;oazN;4373;2ADZ;r5tf;YuF2;e0GC;3372
yWvK;XKCS;LUF1;OUys;3041;laoh;SSa1;uEqo;k8kC;7773;MK4u;tqXg;zCCu;mjE7;3945;RPsp;kKby;Sd4a;KeTQ;5537;zmeH;D8Ii;95nD;FzBm;4040;Cfjz;vrLl;MHa3;S5Dl;0540
wZdJ;pdOo;URnt;Ekpd;1101;NWXK;pjJR;soVQ;1I95;6677;NOfY;0dVD;i67Q;NuJZ;1230;IJ6a;94P7;1zxA;gO7q;1174;opgD;v66l;rkNg;lquj;1006;f98o;iUzq;cccH;8y6X;0070
COkw;DLbh;Scvj;wA7A;7710;4ap7;KA9E;wimM;zAyg;5903;Pu72;vv5F;41Y0;qH7V;5856;L6LM;vUVU;BNaz;0Is9;0369;ot9S;3iEn;R4GD;afS0;2139;rrDU;Wilf;KqsD;F24B;3261
AMzs;cwlX;ExVu;Z7DR;7029;hakE;qoj8;ogZS;u6n2;5561;yAsK;TAKB;y0lQ;AFm9;9666;32h3;NeLm;tY29;iZkx;4444;je1V;m24t;NIeT;WFBX;3399;4H5H;zvLi;jnfb;kpvy;9831
92Bm;RlCp;bIaG;RJc4;7548;bFDx;ND28;fsXO;Cawr;4307;ZNsK;dlkh;9u2x;5hQa;1651;Vx2y;5NdR;MaIz;tclO;7432;s1qv;4qiA;sQ9w;1h0Q;5795;a4Js;FOUU;RUD5;eI8Z;1576
vmh6;UckD;Bnjf;yUDp;0599;73UK;DXGb;tuYz;nVUG;9828;2SO7;egDT;d5E7;FxNG;5937;xwx7;ZF7B;ocMy;UK8D;5147;cRD9;vNsc;dxcl;IYPo;2549;eZ3w;mwir;TfbM;ua3n;8164
DceO;xZlv;EHXa;ffyB;6065;hPYz;e1dr;V6sJ;T2CU;8422;c0Y6;yXBV;JFHt;FZ1c;9623;uSXk;V2rb;znhJ;IANW;2246;fjDA;ghYL;d5RF;SxeA;6479;NuDy;Iaqe;xx8v;4GzS;1021
gMpZ;M9wr;ax1o;UvG3;5869;8b4e;BLNW;rzG7;cjoH;6857;tMG6;5UHs;oyjM;0h0L;0864;trmV;GhBK;2HJm;TGor;3435;rNBv;sAP4;QVb2;aGVs;1064;0CpX;03dE;xWl9;uNr2;5170
hODI;Rym3;EOXv;56dY;8604;JAN4;HHZs;xyL8;NkDA;8595;pveK;KCLJ;RqHh;kSIU;3951;KIhk;5Xjj;zDaU;t2Y2;7456;FWer;BpQ1;Cvt2;5Vuo;7692;rSyF;RLv7;k49F;7aE6;4328
ANj7;hYax;GWQp;1Kjt;7831;nCCf;059c;crKm;3aAm;7531;Byg1;flPe;WMDH;cFWQ;9120;3Ocg;lD8n;JSR8;dXHO;7262;ouYm;gilA;ReHI;wBma;8689;tez5;o7aO;2XI1;T607;5725
gkUz;wOfM;sDnE;PwGP;2715;TZ4T;yiuW;hojA;XfMp;1724;YOHo;Y1w3;rxVo;0cuF;9499;Kwr8;TkAD;uyfh;U44O;1042;HD1b;SrKD;DAln;4hm3;0159;OrBl;ohGi;9zHq;tkHX;4771
Dv92;40HF;6qot;XmGM;0443;QTfv;Wb0a;OnKB;vPbc;7010;BTBv;cJfG;ox4u;6DWh;4243;tV8E;m1fv;moqN;TMCg;5512;feIV;HHv2;ja1k;oB0f;3401;Ct1i;GkuD;qlpL;pnkG;1337
MVZK;HwLX;huLQ;BKYZ;5218;zoqg;NGP0;eWSB;yxO7;8310;r322;ud9V;xbLK;AeDc;6380;Ejp5;uE3M;mGmV;L3Tz;6972;Feaj;QUh1;cROK;wADF;6613;UjII;EHHc;6YFq;J6qr;5020
fRH8;cqiL;1OWh;HLAy;4427;bHuy;VaRd;naAj;pbcT;8143;GpdV;nefo;UVmg;9rYA;9168;QsG6;fxSV;fhUQ;pdAG;6019;FZym;7GI2;NdaM;Wc5P;9937;I2H2;7dU8;Mnpw;fNwU;4065
VSSM;5BMy;BC68;CQrP;0921;PQBv;D5HM;2ZMd;7snm;8470;BFKk;TGqo;GKD8;Nfbq;5572;JOny;NdtJ;xRvh;WYV5;1654;IyEa;v7Ff;GAji;8hsq;3816;RvQL;Ulwn;T9ve;Qgdw;2263
3DHg;8V56;3EpP;wLBh;6101;bpX9;Nucj;NZdY;r6KB;6973;BHY3;8Gen;bQw3;86xu;8584;CgAl;qbmy;LmEz;DjsG;4947;jBIB;wEa1;nK5R;QoWC;2830;WyaK;opjh;fsFm;zZkC;0908
A60h;GOey;1lVz;1127;7935;ur7X;FBpA;lAUe;6FPl;2365;vLSz;ZCSg;Ohul;3alV;8474;KDAe;2PBm;sghv;BBnK;8726;uct7;XcZP;oYvo;1Ro2;0193;pI0n;dH8v;LlYS;zFpZ;9081
gZYR;Kmeq;LvLd;ceXf;1392;ItOU;sn02;q5Le;xAQI;3513;5Lh8;ymQj;wfFq;hheU;0738;Z3rx;qpcm;lQLv;dvcM;3525;FlNe;2dlA;m1CQ;iQ7V;0980;3Loz;5gbS;JwYq;KFFe;0308
0d6G;Jvik;H2gW;4K9X;5874;H2Ac;29MK;ZDfR;GdO4;3419;5gSe;6z36;YYuE;O37w;3817;Tgxe;HPOk;vPAe;dOjq;5402;Zlxo;tPjm;8ovk;5dVk;5738;Snri;NZKd;xstI;h9D2;5418
1eBM;OH0N;Z1Vi;t7HX;9815;Fzx5;VAFf;oz5j;27Zx;3390;a9AN;RFMX;zp8l;61Qs;3451;oylr;qK86;O267;VuTj;2577;tSmX;WhFO;UZz0;DNB3;6685;JGaK;EJmz;qkCC;oryf;5081
qZaK;THak;B5OC;Bu1p;8814;gFlk;6kHf;i3Ek;eGMH;1080;Ur3f;L4Ua;VX7t;Xcph;1236;0Oo8;FGhL;LWZ8;7fRW;7189;DjoU;8xC9;RAI3;b27G;1675;dHFA;hOre;MyXX;vgkC;2235
vKX7;rRc6;YnIw;PdnG;1142;PkLj;h2aX;4QIa;AQbR;0387;7bFS;hJSS;SeqU;q0yx;3192;xlyu;VLr2;dpsO;LERV;5261;KKog;K0kK;ybcD;L9FE;7587;RkuW;xZD9;6l9o;11Wd;6758
Jhe8;9xiD;Yle4;cKTo;5202;YKWb;s0AP;QUP8;2N27;1533;oyHe;gvZU;52sx;Kd1b;6610;EqTV;1gzD;stXv;15LN;5739;0Xn8;VoCd;hxJo;GADz;3049;N7aO;d6oH;LKdc;BGgu;0165
bbdV;Lu8U;Q8Hb;sL42;1153;ynZZ;VDUL;VzsT;GGyM;1465;BcCe;U7VS;7Lr1;djlP;4141;tM6D;91fS;y0VO;H9xz;5813;ctre;cKmk;ktLI;Vlei;5801;oB3K;DDbe;M1ZU;zwhd;3298
yZGq;D82i;n6Td;TbZt;5240;bApU;Fajw;24hA;6QwR;6037;XQrV;ZRk2;Y6Bs;viVp;8112;E1eY;jkxz;FaN2;o4Ym;0512;dw0v;ESFY;iIjB;th1w;5277;p7tN;o15g;NO0d;A1sf;0522
vUVb;T6xV;13YD;ZkNO;5347;ynIf;SgsQ;J3Eu;gglC;8526;jbZo;CacS;Kfnl;2q2w;1288;66tt;89W8;tGq3;Mnl7;3156;02Kq;QJKY;Hvj1;GGez;1992;Gi7v;gikn;k9fx;pWZU;0035
Co2U;TUrd;arkw;EtFo;4180;f11b;BTwp;7C0c;EHIS;9940;UQXY;8En6;iASC;VOvd;9264;P5iC;Fq4E;Bcab;9QfP;6538;vvVl;r7T3;GHwG;wlDb;6260;0EvU;4sto;3cAJ;HdZd;6213
pwbd;mxXj;MTrM;ETps;4732;XQsJ;lu39;BD6C;e0rc;0150;fa2Y;GOqY;HFq8;ROms;3035;8oZd;DKDL;B2j5;J1jj;6163;UlJg;1tCG;FIWq;nxGa;6983;Wba3;N2Vj;tGd7;aHXH;2408
jv8w;uFUZ;3T30;QHCU;6223;cl0M;4oCJ;1M4R;YevF;2780;FIaV;rZMo;WLMm;W5vR;4534;R0gz;Cj2N;Fmdv;1vDq;4085;FE3q;QBBC;sRWo;lXPR;7533;Go6N;wH7C;qqEJ;R323;6234
0TrW;G4yq;JAEL;1tiU;7469;acvN;DRez;l247;AgbL;8764;Rc84;PVHB;cA9n;eSFP;4657;yFkm;SYzQ;Gdwo;fo6D;8099;JB5l;HRtC;vmmL;epR3;5652;wwe4;aES3;9qPA;tq3a;5448
TjsZ;6sbu;EfJx;Xeu1;2585;Qgc6;EKCQ;LIb9;qH3r;5155;8guV;QCwg;IvsH;yBL8;0652;FvNm;5P88;wnmF;wvhp;9105;xfNO;ibpD;LoCI;xgAB;3804;xXyU;8z6E;XSEh;80x6;6618
brgI;Aycy;ur8t;nw5U;1145;Zc1w;fdCa;1p5b;WN3C;3352;IOCX;Daza;BVhk;7z1R;3036;cHLB;XwrL;C9Gk;SOiy;1818;9nqY;o6jR;GoZx;1kfp;1978;j3y3;clID;DvJG;s6qw;3482
VOW2;DouF;luMx;jSZu;0216;QqxI;ogLW;T81b;vFss;6661;GZcx;tik5;B1Xf;ITx3;2462;CWz9;bysT;Q8Zi;XS3I;6693;aeKh;0ki8;Djih;Hzsf;0143;uucu;OXQm;2SiI;a7nD;7090
uEBR;biLl;CxvH;DC0U;5417;ApfZ;O9Br;FzmZ;PPBW;8088;YrUd;LkUD;gjjO;uRc7;4629;O1fi;RLL6;XCny;bZao;6916;PrFp;xsyR;oGms;AYEG;9736;Aycf;g0BM;3JRG;H2G7;1243
jGcU;4gwj;S9Ol;HzwF;0017;4spO;vuG5;qOrD;OYYo;2278;7QSH;rsFi;XfeR;k8n4;4192;RAAm;0mLt;kPbF;CXWA;1848;pSjW;kgKA;TWYA;Rp3n;0399;U9pS;vW9J;mkwC;kuVJ;4281
LukZ;3qfy;NRCi;5Nzl;0224;huNW;lurF;2Wsy;AM7Q;1045;YKjj;GnwR;cFCv;zWmy;1390;o9Nj;Of8L;tfYn;btI1;0393;F0fP;NDdb;1Kbt;htzd;0999;5e7M;imUI;S3rc;Tvcf;0274
aL8O;yckv;MXLx;JXbK;5670;1Tc1;PFRj;UYqa;hMnW;5236;RxaY;dxHD;gaOb;I944;5996;Bb32;CezP;mHTO;k1XZ;2905;yHuY;KZVo;M7sr;HVGT;6832;9dVN;olqQ;khAi;0nqF;6761
HHXr;PMuf;tx66;ahE5;0462;Hwlr;wh40;nN1z;S0Q5;7215;UjyM;Voim;ioQt;3tsi;6356;l4zF;jiFL;fOOo;056z;5704;RJhQ;TFOr;AvQY;9ZNI;6544;ISb8;1ZGs;5DOg;DJ0q;9164
lF8G;d7xb;40IJ;tJrO;3333;AP1A;rbgv;GQSU;QpxQ;2859;WJ6I;aASL;BtJz;UsLc;5208;2FyT;pnpH;z9QK;Ubte;2197;JHRB;nNOo;kdfq;s7G0;4673;CDTT;XJKP;SmJQ;dA2J;6082
zM6C;6HwI;WAZZ;R3Kj;6613;wRgH;Ymo8;C7LK;EqqQ;8550;2ibC;wux3;2dQy;k74Q;3510;JdbK;XNfL;FetU;dTQG;3309;5Eyx;5hss;uJdd;V5xX;3924;AaCX;eiqb;HVCj;vgxP;8391
lVOI;C6A3;Szly;IdrU;3212;wzyQ;Q2gL;QmWX;GZJz;1524;Ddae;pETY;EqB6;5SB9;0388;6YuA;ij2R;kpG5;uiuD;4180;dJJC;8gor;BeO9;1wEF;6596;1s3D;qVci;BRWi;nnl1;9900
7E5Y;DZZc;dQ4E;ymhp;7554;YHGA;rnvf;Yyn5;xxe3;0259;pOu3;b1Lt;Y28M;lSqL;6974;XKlj;C6Vb;kMGI;Zcss;2373;Q623;SUse;MsnN;r1gM;4993;OjWA;OiN2;z5rh;vafj;0873
Q87E;e2P8;yDqe;lWGO;8105;cYuP;I7dn;iSTd;OQ5A;9982;nig1;43jR;IT75;HJFF;2128;PirJ;VHGv;BEib;1AM1;9029;QqaI;d3bf;0LxN;Th7a;9141;77C6;r8Im;UV1Q;NIAg;3813
NgSf;OiPl;yz10;EJz7;2362;t4vF;o6gU;9iRc;Y8Gv;2234;fmXT;Di5n;Ofld;udaS;5190;Mr8l;BPKk;msOs;YJvf;3880;dgx9;BUmS;WmcX;O4q7;7521;NO3P;Kp8z;gsGv;wdTl;8654
95vy;RDCv;dkDL;ZdRq;5430;0W9a;i4dM;SdvM;UIcb;7632;JrYa;pC1R;NQXk;Egiv;0569;6vOo;zHCJ;9kmu;bE1C;6758;XSyZ;A9EX;zKGM;1j1t;1160;Bevs;I59m;p5T6;Gs9L;3078
hxzT;pTbC;HsYN;piJm;8041;8FuZ;Q98P;HnEr;Mjw7;4463;jXxf;EXWH;28jv;VuLs;2647;cLh5;tD0p;a4uk;5Inf;5836;bPOO;BOnG;ACs9;4Lsb;4142;buje;r35s;uelo;x19r;4722
MSIs;EJsw;3OhS;khZk;3916;97Wl;VD1x;3mx4;CgMG;3419;xHTy;l0rJ;IQJx;dlqN;0852;XWqa;JS7F;ZIYR;GCeW;0491;Rb4Q;POUp;ffLA;epIZ;4083;sfqf;m6cZ;uxJD;yoXP;7230
3ECd;OHoD;5Btq;dUqv;0299;NW4U;eWeo;TffT;ImXa;8408;v85S;QbOD;dss4;GdWT;4128;CLEF;Ji4l;vvOc;ukSE;9481;qqk5;GJXp;Ev8A;jRFW;9254;2aLJ;1uxo;Frre;f7Im;2565
iq8e;cyR3;q5eB;F2FM;5005;vwBh;GhBh;QCS7;1F5c;2724;Ois5;iULU;wqDI;m5oq;0554;pHgZ;0nWE;rZEM;KGpH;9332;RR4S;bD5f;ILaC;eLdn;6457;wAXj;uJUd;8geg;F88a;5984
AP1N;NBPt;0jPT;BByw;2580;ddLn;6VPi;ZQzj;jZJc;4295;5dAs;3wBx;wO9f;trC3;4603;eaXn;HPH3;ukgq;JQ6c;6167;ZRVH;SjjJ;DYGm;Ui3B;5486;yOAn;t1ih;jjsd;tPDS;7306
dn2S;Y8WE;5uQp;vdYW;8992;EaQf;kLJa;Py6X;0AWf;7617;WoKS;wTFE;S1ZA;UHIh;2043;9FIv;C9MJ;Twm4;1jEP;5685;rRHp;IKrr;WHwV;AHKz;4100;2ufa;FLFL;NoRq;V9QL;8158
SYYQ;tDa6;BZdE;IkTJ;7404;1Lyp;Z32i;Svr1;HKcS;9881;Ddxs;DMdU;k57Z;n5CH;4081;971e;vH7k;sbp3;5TjN;9258;ZLcc;4eWh;vtST;svbe;0294;Dktc;MXuf;GVh2;1qkt;3695
pag9;P5lP;xuJZ;1EF7;3964;yAy0;A3fa;lUH6;9E7g;6028;l2RM;OESj;BEJp;6e5Q;3994;JI1p;MzyR;3xY2;L8pY;6037;2lXr;4dk4;StKq;IcpA;4867;KAZx;pJWH;EPwK;xuuN;4877
Yrf2;Ubab;CTqV;FWtT;6538;RYt4;Dg4I;KjYH;wXcF;8664;M5bY;ZvTH;Itrv;57Y9;5848;unKc;zfox;hoQW;9c9m;9406;9z2M;GRtF;Ev4o;kYAb;6126;1RmQ;qckC;Mk3f;6p3M;4673
Bt1F;c4IU;v0nd;gKSM;8074;OxGb;iGIh;JUhR;XAL1;7969;hSRV;utO1;DiIf;xg0M;5664;sgrt;CvoB;ktpt;Jjbu;0168;t3Yy;UiwE;bI2K;XhQO;6294;MvpJ;JQil;fGEa;XL07;3827
fwHV;crUQ;ChaR;QSmn;6259;xZOV;QTZF;DODI;nzGo;0457;9Cx6;IO60;Y1tQ;Un4y;8150;tfxW;gYYC;Ipx7;tLBG;6851;2OHJ;H6sh;4iGW;4Jgv;5483;P73o;eNTf;VINW;w6YC;0113
mBIE;boDJ;XseE;8Z2d;8146;oZb6;QqbN;8XgL;yiJI;6653;12pN;HTWV;omUN;vEdK;4082;PgyY;1ezR;EJPx;3dyC;9658;FkdS;eONe;IhqQ;iPak;3990;kWur;2lmK;iTZQ;P9TU;5754
M1Sh;vs6h;cXfw;Lnb7;4069;akt9;Kawq;me8W;1p75;1071;4Ref;tVtH;AFQW;Qda7;7724;Vvku;vicC;rDH9;NVz6;0862;g1Js;Rfx4;v1LH;ambV;9919;C97c;vfQK;cSqe;kTDm;6196
3tnl;xhhl;JRYT;8rSU;2168;bsAQ;YvZo;IvbY;6xcO;8177;4Bo8;UsgM;BCvJ;Jn5p;0143;zZml;1Y33;4wGn;vvxY;9756;SX3V;L6MT;YFP6;7m3l;8662;xTVA;deQB;pMpk;ql9v;5587
EJYV;yC5q;wG3o;8CFh;4671;A81d;wvR2;p9pG;Ru3V;5736;FBd4;jWyX;uGgL;ky2O;9277;WtbJ;Y8KL;sWvX;wmZQ;3837;YlKV;rn8u;FPT8;FvhD;1319;jDWc;AMnS;crHi;pnX1;9371
G2Vr;9cp6;6BTm;U2wx;4878;2Gm6;jO8Y;gcnJ;OhQZ;8594;S7ui;EUDo;IpQf;YQwM;1475;CP71;Qmvt;OlIQ;1Sej;5278;6aPH;nrAD;AGfF;6m8L;4566;jEDD;I8Zk;tyYd;1r3I;3949
bxrT;fgFu;5y5u;j67F;7601;aVzH;CxQc;Bl4i;J8Bo;9073;UHym;7My8;gyen;DEUr;8310;whBQ;lWU0;HXoQ;v4bh;9321;7sTw;BYq6;AxDN;WdG6;8316;mTGh;Vhr9;Adhq;Utup;1766
hoFs;jimf;hQMr;0xyx;5188;RqKl;8dTI;nlRp;74ch;4647;jlMh;smOs;jCr7;HILr;9695;tUzj;c6Wr;lqNw;TxSe;2805;Jz3y;SdfO;87vz;Vl14;8046;ODvc;hEWm;rbFA;55ut;6661
cLHF;Ac8T;XL1w;wzXI;4763;wUCf;sW38;FKeh;NyOP;1051;wfcf;mXWx;1bWH;AlJC;1689;aY82;gxw8;eMxq;oBfV;6354;dafG;G59l;YytB;65xh;9673;xCn0;dcdG;OQ3K;Wd3N;9970
W0AK;02mE;zZ7S;67pH;0993;zScV;gPr1;9hC1;Ofi9;3569;VAXe;psTe;B3s8;d6nH;6038;YZF7;pdos;fVI0;oibg;6724;XvRu;1K3M;2tJ4;hK5w;8347;XWz5;ONkW;GISs;APAH;2536
lHhQ;VEmi;R0u7;NcIr;5190;T2Of;v5G1;NFOx;Moaa;8952;RIOA;ziuf;my5I;fWHQ;9140;KhDa;fUSf;m12A;PDAB;1722;bMOY;LLbg;AWXO;U0vC;4803;jfMu;D0C1;L2So;PjCH;5141
KENJ;M8Mt;nw7t;84x7;6389;TVDX;rc5B;u6ov;MAW8;4875;oAEp;BJRo;HEss;nL4Z;2413;IhlQ;ugFr;a4Wu;G2n9;1272;4woV;h6VU;KW5r;ktwQ;3520;m52j;pKRW;rPpg;v7jk;9952
UtVj;TGUf;ZJVB;ZxBt;2398;jcYu;Ytpm;VyRu;8CIq;8039;oaTE;pJJH;oGK9;2mwv;3241;8PDg;W8lV;vRnn;KiUA;3729;rKAc;AXp2;ASuS;fcnc;2037;1fl7;zb9n;bCbz;KTJI;0439
ZQyn;i3XS;wtfw;xOXi;8309;o033;GijO;9cGL;4vkv;4428;utIs;y1eu;9bVS;F9eV;8026;H5Y3;UKpK;ofWA;PKfi;2045;aAgp;QhZa;upGF;fmJX;5481;5ZAF;ukf5;KsvD;BeQa;1645
eD2U;z8kQ;ttb9;aK8x;1412;Q9L5;RPgU;HUWY;q9cA;7509;KXwx;UtDl;YfCK;Q6LQ;6467;yGpb;UoRw;96Rv;q1tp;6405;03fb;3LOC;Ij6d;GeKS;6136;BBk9;cJ9y;qXlw;uVmF;4181
82p9;EpDu;5xdm;NrbQ;8896;0A8U;g36d;urtF;CYgI;2907;81QK;5EcK;M1ze;xBdR;3462;Tqxo;Fuya;Bzfe;rIzM;3726;fwPw;3VCe;LzqH;Jq33;4405;qFGu;qpj0;by6s;f55O;9098
pFeR;kAFV;7YVu;Ekvj;6605;nF0x;47lo;ucHP;lO5w;5419;3ECg;KpoA;WaX3;TdAj;3041;pn6Y;15yu;jUJ1;f18N;8901;2PzH;LlPj;HYOW;0SQR;3828;OjGQ;J2mj;qJ9B;hDoZ;6762
Un9M;AVQs;VaZa;d8m5;2526;9E0d;6kqs;JDgO;ZS6y;1169;Wrjs;Qauv;pqt3;RPRk;1770;gbLH;Ss0s;rIHw;7BMh;5335;az5l;dZEf;Qb9u;dNK2;9010;C40a;zuer;zy8u;dwEv;0662
1kQz;HRXE;eti8;Vtat;9405;hibW;3O3k;rrNT;xq0R;5587;l3iZ;9hUY;R4nj;T42i;1285;6knt;dWTA;q1zO;C5tL;2424;ab5E;N7Wy;yg0o;ujPM;2784;cWVY;Ru1n;3vwE;c8bE;9500
yDIC;o3VH;k6Oy;LZur;5877;ctLi;w3lv;2Wpo;wFjM;7543;MFm5;5ECa;oxPL;vGOP;5586;hBSu;XRIW;JdTe;w6ja;8059;OTX8;oerh;S0ah;IQbd;7983;V66T;Uu1l;diwp;SRs5;3874
jTaO;sTdT;O8up;Wvjj;8951;JKUG;uu3n;koWc;tBPb;8785;e3lm;EOvf;o57E;ItFZ;8039;2i4H;xQbJ;NXA9;bQwW;0731;wRYa;vqd5;nsaa;jecb;1171;AFDr;9ugY;SQEK;TIsE;9662
ntZp;m3zM;1FCl;oSHU;7466;juw8;uqkC;wYLL;gAeu;6734;VpDU;2FO3;XweA;6VyC;6666;UfmT;oU6K;TwWQ;HcGP;5539;u2UQ;cyee;6C1K;GnuJ;5144;EQpo;5lIX;bb9a;sDfn;7588
48qh;3RJJ;Fggz;qnKI;2894;PD8G;zKpy;NeZZ;X7kR;1394;pzDF;u2Cu;4hxt;vbLr;4136;56d1;nM5i;ldTM;0Iks;9934;gIqQ;ZJxW;SQJK;6zA8;4693;XOn4;efZ4;qhPw;Zuzl;9402
PHyV;3Gtz;ZWIo;taju;4572;hYRP;Z7WO;0EUY;d9xW;3445;D5Hw;eX6U;KBqU;xzvB;3744;9vyK;PoR6;zVNO;vZaF;8898;0IxT;TsOw;YKGT;sa8L;2217;fved;6QSj;6UrH;yNEu;0841
RflK;VUFo;7z7m;t210;2768;PsG8;XcE4;9vPG;vjVB;9693;1sMo;hrVy;tS2R;Nt0D;1632;oz9D;ipmj;TaLB;G6ey;9653;whQ7;1JBH;0lhs;Qd32;4039;oYNp;Jm78;i1MO;hBgr;6485
9N3I;5Sgr;3xAn;CWlF;6692;4rd4;fA2v;GYuy;y1sj;6420;kSUP;ZmYt;LjaX;jKrr;2597;EC6F;9SpK;sP1H;66iK;9743;8VRa;oNGw;H7Nm;sJ5t;6644;hI6B;noXK;p7Eu;8ADC;1832
ym7L;oT4n;aMLO;xJgR;1954;KXsf;i7tD;PWil;gawm;4122;g0Xd;Hizm;BZUR;svUm;8493;81lE;6ZZQ;QKS9;tJtB;0391;kLHi;LEky;Nqz7;bLOu;3279;TEQb;rQDc;k96N;twUH;4529
iOSS;uFp8;RT4P;v6jF;4150;4X7d;9JBM;nVoU;I1GR;7319;s18W;sSOq;lAMO;Bpz5;9318;E1nu;tXh8;6seF;8yIb;9292;L4sE;zYOW;iOsz;4Cw6;6152;SWJ6;lhyX;zdaX;RoOH;5491
v39H;3rDQ;Wz58;Ca7j;9091;KZ9H;n15Q;cTVG;d4eO;6875;hZBC;gfg9;nqDQ;vC0N;4909;Oyad;b3Iz;vhO4;zGXZ;9433;xDVC;H2wQ;gMbh;i8zc;2944;CpW8;Hzpa;DHDX;d2Ki;6868
rhPA;khE2;t1Em;LLZt;3146;oFrQ;sMUf;QVcd;Q1wh;3544;YFq2;J1jo;P5lg;qekW;4465;7IMO;gkOY;9ayo;iCCH;2605;0sLn;BDbN;cHjb;e3DZ;2777;U5A7;0AgP;JxaC;cAaC;6355
GhBz;RVxP;XOcR;SEaM;9057;lOMp;DKN7;etWd;Jshs;5141;HzAC;NpLv;5NWg;iLYN;4810;fgIj;neYn;TsBv;mGme;0681;3KuT;ZrAn;itnc;KqAp;4951;Vtx2;3Vlw;B0dX;wvgc;3797
6rPT;RQq9;DCSG;hpM1;1895;Q9bT;ux5J;vdUW;obcq;8975;G4E5;9cWJ;rEz1;Ou0H;2616;LI6j;DEcQ;Mzoi;RWAi;9038;pOWS;hz2f;IDD5;x7wN;2797;0hbt;S0UY;E8eX;kov5;6644
jdS6;xjX0;Qt35;hIWn;3999;yYyl;LSFS;0Ahy;OueX;2556;bd77;tm6f;7pCV;Cy74;3938;eh0a;MMe7;0LCQ;wPm1;6718;oy2E;AadR;5McB;Lxkg;5446;Y1EW;dF2Y;84KZ;Y1mU;4178
3SHq;HhYX;gydM;r2t5;8050;1hBR;6CqC;JaG9;1wxt;7347;w4C2;WaHR;iFhN;iOz5;2771;U19o;t41C;yDXT;BLw2;4395;TuAH;QceJ;6DiJ;DHyO;3747;lVPi;ugtG;xmcA;eAdT;7156
CJJw;MrNS;TZLW;RTzM;7735;TKJE;VnH0;H1l4;lnRB;2438;YAeE;xz73;GPIW;8wFs;0086;Oc77;cjQj;1cI4;aCqn;9804;AZVS;mQTX;sOTI;Hudk;2419;gQFw;wFVp;9B7e;2QfG;7529
40SN;cfVq;MtHa;e0Ky;5836;O5n2;xQna;hROC;D8Bo;4310;6xd9;MnCm;qDw0;Pn3O;3482;XK75;jj06;z0El;9kJt;4675;Efe5;t3yH;eKyC;6ZKj;2256;CPWX;SYTe;BSrm;1jjF;8061
O0Dc;3apL;uA1P;8s7W;2535;Fe7i;z0uK;knxP;KwqA;0362;t7nR;6dHe;CLsA;DERR;7929;2msK;vHzR;lVkJ;dmrp;1163;aITH;UknF;Bfwv;R250;4828;Hj8g;GpCN;cxQW;7vFA;3153
LdCb;6njH;dBWE;V2qI;8136;wsie;5BWx;3WQE;GoJ2;0487;m9Im;MZm5;3Zbn;UesD;2358;UkR5;a7k2;YlKZ;0fcn;5099;lpqn;Ugov;zXD6;2Z5v;3130;CKTl;UHE3;GAB6;mOo5;2167
NcMO;WRS8;RyEw;bDfG;2408;18St;dmwD;78MD;lYkU;1475;sGrq;OgM8;Ba0o;BwIK;8054;psDr;PxuF;PpKg;iSIL;1560;Jle4;JjTp;AoJq;Oa5W;2247;Aqy3;4BsE;EINu;fPda;9637
T5xd;9tHF;VxC6;YiMk;4465;Tcbf;DTFi;SJ9L;n7RW;3422;qyu7;qTQ5;mLbB;uivz;8421;r4Za;RedQ;QchQ;4UtD;8938;rGsD;BARQ;6VOX;ig5G;9109;AQOw;XlXJ;0QzT;k3eQ;6340
mJHZ;FGNo;xtMn;Rlvf;4294;vFs9;lZVd;gqcD;zQtU;0398;u72r;63xp;fqUU;i48k;0530;Q0Si;33Jv;vsUX;Tq6K;2439;qUjA;ChWd;MbwK;u7Dk;0568;w8cA;TuJW;dU1H;30Eh;7612
Po2x;d8J5;fQD4;Mvjz;1310;zzFH;GaHj;CZjw;ZXc9;9985;RVCc;XdPp;vxH4;7K6u;4822;27N2;wj0g;Ghr9;NLeY;3557;zFkr;Tsf2;FkXn;UWXw;1134;Dqry;wTS8;ufvU;kAXZ;0442
vzPY;Um8V;ozh2;zH2m;2144;eqHY;wDhm;cTEx;zlHl;8558;je8j;ScVS;lN7f;agVC;8906;v9Ms;DpL4;VRc5;pYuK;9651;D6tw;Hvx0;x1EF;2mgg;0423;4WAz;yN3h;IvfU;TQpE;9306
ZmQP;bHkf;oieN;ucci;4065;8bWB;0CUN;MN8Y;a2qO;2751;T5Oe;qZ1y;aDqX;apQH;4576;sEx9;9Q7n;xiwE;xfDT;3058;8Lab;4Z82;fRzg;2cmi;9163;FPnB;YFBb;skIV;VPVU;5838
FAug;WizJ;EWgZ;I6Du;7764;N8h4;F4RW;Nbal;0OrU;0016;i5mv;w1tm;ZoTC;rVUP;6467;vOhX;9dSU;i3xX;Lf2E;6818;V6KQ;wsrO;rZJk;j2R9;5185;ff80;vPnK;NFXH;tuTb;8812
Qpnv;Nna0;D0mm;1SZb;5979;I17k;0z5G;XwoH;Dx4K;6509;JWjw;9QUM;SAtp;WqJo;8604;yav0;qX1K;e5Eo;IHTq;9370;2OSV;48RW;9XCi;h460;3224;o1r8;fTmd;jSOR;IkRm;9669
AKxF;iIVc;z929;yhWz;7250;AO7r;R7B6;UbEY;MwXN;1926;iYHl;1wyg;vRaw;Yre9;1526;3nHB;VyJm;O78Y;Wmle;4273;0Ydv;whzk;EZ2T;4FYS;3542;yKTX;81dx;GyR6;ohJT;1790
Mvl3;Kvg2;pKaI;kOsh;0089;4okF;jQnh;aRGF;2bNq;9567;wDe2;DEP0;IyFv;29N2;0360;Z8Ku;L4cK;vCFo;MmBD;6951;JVNI;eaQJ;vnPs;nD36;1674;c7Zu;Z6iV;6GS6;3m34;2343
dIvS;YZ3i;aATx;g7dz;8874;Z597;AHY2;qLkI;M24m;0963;cV46;STmC;FB4B;ULQh;8175;zh26;j3Vi;7XNM;0w2A;7616;GI8o;F33b;48dZ;6Uqv;5256;5pQe;EXDk;rBpa;YaQb;1611
yrDr;4Cuk;T1Aa;0rGY;0143;pZrI;d7Cq;3UFx;sAWy;1322;Q2Zd;ywR9;olgQ;AiMR;6151;kewi;9vuy;LT3v;TJFQ;5400;lfK2;n8ZP;tiw3;gktX;5112;Nztv;VjeL;66o3;B2YD;3000
xgvT;YcxB;SpJt;2ghl;1651;V8uS;qrqW;uxkc;9QdF;5590;UOsO;FtSB;M0Mq;ZmEH;2297;WOKf;kdvs;OKsf;L5gY;0506;IDJj;SIvN;uIJl;tnko;1284;F25h;zgSo;VPkx;57dh;7540
gChp;K2mS;TodB;Jx3K;4867;Ka2O;pwrd;g6Wv;hOZ2;0956;SKMg;j6xt;0UjK;kw9R;5040;4S8q;ZTf2;DAyv;B8yI;8052;qIuU;w67e;8EHl;uJmE;3058;tciL;VC1J;YqhF;XRk8;2600
Jbfe;p9VU;zoBa;7sNN;0429;xTGd;ayrL;HJ5X;DtCl;4854;BKbd;TTSD;oiJI;tmiA;9375;5bqf;EKKd;5R3K;MFQb;3760;7gdz;0xUn;5jyp;T05Z;7588;7IZi;DB2r;HChH;X3Xd;8529
ZBYZ;29ne;ZEJL;nIdr;8428;66A5;YxSS;960F;DvX4;7311;lD0j;akSQ;wK26;Vxzh;3419;CIGt;vEp3;xsWj;kac0;0978;RIiR;MD40;WCzb;75j5;3445;TM40;J1KO;pJcg;onjF;4712
Edli;yIso;rbMg;GbzH;7759;rV2C;X7oS;EmZY;Bb6D;8156;o9In;GxvF;I31v;yvDm;6588;Py6T;1SoI;cdz8;Xrms;9457;aXzl;36rq;tObl;0KCQ;5597;qNmc;k9Qf;p7m3;9FOx;8678
sRvU;m95w;A3ZQ;PcKC;8707;VFLy;kjlu;NOOp;dZd1;2203;8utm;w10L;aOt4;IzWm;5754;Z2Yb;wjHF;5cRq;ZUNt;6557;VN3P;jNuo;Psmw;kJdV;4685;00Oq;Yjuj;18Oc;RovQ;7428
XB7y;jdJs;GQ5M;1GL9;9395;Kld7;DrtN;zwRS;YKCW;0629;PyZ4;U5uO;U1Jw;tmFW;3555;ZSjM;ONGW;yRqh;Yggs;7781;AB8b;Ou3t;pvQ7;0ycj;6845;ZaYZ;Q9cx;xCWa;7CzG;9386
pUWW;A50T;kW5F;zGS0;2566;tUo3;eQA3;jsXd;4AMi;7755;d5h2;eoD7;zTSW;165M;7202;JeDG;jW4L;FqKV;JAzh;4120;lgzd;qUuo;8ICh;UZ81;1802;TCrI;Bp6X;TL44;nqjl;6043
784E;F2dX;qk3Y;ujpI;1078;mZUo;RHWA;R7lO;xKLS;4201;2sP4;Ampe;45GW;a3Kt;0112;26EO;Ze7O;BjSd;X6cM;0210;5UaF;K50L;lwAr;QdK7;0271;s1Ga;r9a5;OWnN;l6cc;6069
37tz;wiiQ;dJHs;r8Ka;6562;ITKh;Jso9;KuFb;BJio;1926;j2J3;oIgn;uoCi;7m8n;0527;YFel;jxUf;xI02;KL8U;6689;norX;lfuE;e3GQ;OZ1a;5035;1orJ;ND3N;letD;5mWw;4812
c3zD;vRgs;pEEY;mrFT;7184;3Xzw;BRSd;HCir;Mheu;8975;zsQQ;GnIP;9gt5;VZOj;6813;dlOe;4LHP;QGNN;ilOj;0547;8LSz;60fK;JZmd;uiyJ;9256;IGXM;U19L;jh3K;svdT;2087
ez6c;7uyA;7qdd;Mua9;5282;6K1e;t450;b744;s8od;6632;lqhW;6d2Q;laJe;lMga;1710;yDtk;GYep;07cJ;hV2g;9496;1V3R;xcxw;Ulag;71Qa;6519;qYQe;y4Hd;MQjl;qiU9;7745
OPp5;g1vK;R0Xp;Qiso;8577;NN7x;MGCT;peTr;xplW;5214;stVN;Rq6j;398J;vzVc;5876;d9JC;mo01;xhnH;swct;2121;DmCP;23G4;FySj;PwzV;2379;xSc0;oo0a;YiJL;dkLR;8560
RZyv;IVCH;u39m;kBa9;7180;qE2C;skN7;gehA;ykbq;8886;KvYW;f8hd;vOxP;8I0m;8996;tuDY;O6zj;KWtq;fBN3;3784;JoX1;81L5;bVzc;sgyO;1638;jPLB;wuxt;uSxi;hmVJ;5458
tZm9;PwDV;YcKb;RXP2;8630;xmhS;umA2;HQTp;ptxX;0468;yTzX;mWYJ;i7W6;bN7a;9350;BSbw;Xe8B;d9UF;WbgW;5374;7gBl;r7bo;c94k;9b7J;0328;q7HK;grvm;Hlme;kimD;2667
JvcX;7Ldb;eiZf;8F1Q;7744;kPCP;Lx1s;y7IO;GnlH;2806;hIaB;WWSP;ehFA;eZhW;4475;YWMK;t6Hy;ghXq;On1v;6905;DFVo;7OdB;Zhpt;Kfj0;0169;BlsN;A78c;q5Ai;pxwT;7424
DpX4;h35I;P1Nr;v6Ho;0009;uLGK;95Cy;Zj08;8wRR;9471;S5sG;JsFV;DDte;xVIK;5573;GBQk;Kzon;NiNY;3lo3;3305;jNoT;AhvH;j8Bc;h6pH;9051;Q8t0;NIE7;5cBg;inUb;4560
5Por;Ycmj;D5Gi;qAFQ;6913;LOjq;YBUC;ZLMQ;OLs3;6468;W5Rg;0r7v;UtjE;y6J5;5926;Roac;5Nm7;GFUQ;3Qzu;3066;xBwd;C5d3;WeE0;SG6D;0313;xVNr;0BTq;8Qg9;WL7w;7964
RLUj;Wjdl;jlWW;NYXU;6462;edy5;K5NP;GX1y;2HxL;2518;lXQr;1VAo;QT9n;bf1l;5796;WEkj;EEsE;6dCg;3bCs;7252;PSLP;Zz6d;0tTX;a7Lj;4299;NwWO;1wP9;cXhH;yE2b;9246
jy7H;WYEv;JW4G;LboW;6435;6mrh;MMu7;f31C;g7b0;0822;bbG7;XLks;k7WO;DlmU;3933;38iK;RMm2;eXKE;B1cV;9888;Pany;kkZL;WiuN;qRuo;0553;nonp;1rWn;xf3K;sUdQ;2988
whNm;fkJV;maVD;4azZ;5113;Vx6Q;IouG;ZF6F;AgKS;0112;JJ9C;wFrA;rLhu;YD37;7419;Vn4E;5vIp;hh8p;x5Y6;2609;bo78;nhwO;H8mk;GsQv;6217;kfLr;Dv5N;dXc7;UQ38;8321
Injw;ZMI0;ye2Q;dSxd;9054;BP7U;odxw;XyaA;QfYp;2597;aQG4;s9tP;FS1T;WhDC;6177;OI5z;dKWV;emDH;zkfL;5496;DiS4;f8rH;s1ub;lRQ9;6576;bRcG;KMbF;yXbC;LhFB;5653
4QS2;9eeX;HrEO;aCmR;6000;jfbS;oMpN;ooW6;sDgw;7842;0xe5;3vBX;XMAr;mOO2;8896;E9rg;8F4N;g5zL;wu9m;7018;kwVQ;5Za9;60Y4;28h7;2671;ND8t;KXCC;k5kK;9oYG;3714
UsdV;iLzm;Cdzd;8YbV;7899;7KSk;gs8A;1IAg;JEVw;4565;v9dU;Lm1B;rmIz;u7Id;6060;r8NJ;d1g8;fmPx;n5MS;9797;hdMA;PpHL;QvHd;xslu;1607;7U5U;JZjh;3fcj;OS4l;1235
vV13;na1B;He5p;xBpP;6885;xSgL;ehvC;HeAV;f7sl;4933;mNIr;f3pI;qW0A;DAn0;3695;7f1S;p6GW;ElY6;HJtZ;7279;z64Q;O1Uo;XXGT;XemV;6609;Alr2;1FEo;zGYY;5Kgz;2120
6AI5;f7lZ;BvuO;GoG4;1362;BI4M;60FL;hcUG;7g29;0034;wGNg;4u5v;tnx0;R7Uo;9082;QV3z;dvEC;85J1;kBvR;6425;Ucif;b72x;sDuu;znAE;2105;QMYc;zxN7;LKq0;glwN;9825
1pdp;D03p;agUE;LtFx;6520;GODs;u3lw;rSUJ;D900;3142;27Ky;ycrY;BgFw;JxhP;9833;mS9j;FMWS;ODlS;uty0;4298;qUJl;hdGA;XdBx;Z8MR;9240;T16w;KDmo;ttWi;ovRY;0103
n6hC;Yl0S;qmSZ;BVpW;7406;OdxM;YSGt;bRUX;lXCb;5712;M4ha;nX0l;rH8y;bE3N;5549;AXsz;CNlD;okS1;dN7c;7106;mqQk;zSZO;trfo;pF24;1673;JY6H;1GTo;NVzJ;aryu;1024
0wrq;EgYY;aTG6;jTaG;4461;LlNu;re7S;Z4hQ;WcUr;3030;2jdc;Yb4k;BlTU;qIYR;4102;VCwL;zonB;LpYg;VmRc;8778;Uhpj;x0Yq;vOV4;wUAn;3870;shYZ;LvkG;xSGa;2fB0;6170
kmyF;FJw4;pWw4;H34q;0618;ymHJ;3N7U;1aZU;2Ary;0133;6zht;xIvT;jH6L;V3Po;6608;yEIH;K5Ru;V3Do;el6n;2451;WsNY;8Kw5;eZbM;U4AZ;6659;v7Ij;vSLd;I80y;sZ8s;9502
2n1t;07h2;lFvj;L11O;1730;j6s6;Vspn;0AKA;TFEu;2880;ds61;2s2Q;v3lC;ShC2;5669;nlod;nejI;6U6x;zKjx;3627;nNQt;RSjr;DioA;ramD;1176;qEMe;sweP;3p5c;CF23;5707
ce0t;EhWF;0J5G;Swff;5305;BATj;y6Sy;fDJx;TWsg;1317;23hP;6Ovq;D0B3;Hd01;3157;ENam;s6rg;884F;zXbs;2039;0n30;7w5D;WiEs;sgAm;9085;EqmM;CGQA;Qzqj;nLsZ;9125
utuE;Dq7B;HHRz;NsYn;5592;wdAH;u8gA;6rJx;PyOO;6425;7vyc;4Unc;37Ik;qG2V;2610;qzQH;iJ31;g1Eg;HXK5;2965;ipIR;JVOa;JxK7;gprV;9524;iF4S;3m3m;ekxB;3Ozt;1356
6RUY;zjGU;NQCd;sXgp;7126;khae;lYqM;jWyq;4vsp;1696;H75a;ce7o;lqM6;047m;1227;Ki4J;sfG9;iGBy;MaVC;9100;zz9Z;AaoW;qiht;eFmC;8329;30ad;P4bV;ZxXY;l2Wm;3896
e2L0;Eqty;Fuv4;lRIA;9334;5oDL;XQCc;G6ve;I4AM;0934;fA85;vdpk;Hhwj;Aq81;3934;PlAJ;Lsj9;nvVR;VNQy;5332;JeKr;XJfg;Dx8c;ViIk;4244;0jAn;ZXJZ;OxJL;iI8U;9579
bXje;L71C;yqwV;jTtW;9266;cdEz;uSPR;xdTy;GMu0;8319;6kcs;Ukhd;Jcr9;KEFi;1362;YleY;bDdr;EDA5;qZz4;3256;3UZ3;hZR6;RtPr;tl09;6373;L3rO;vuBB;CVi6;jkRj;4934
pygI;WjRU;WNlY;Dxan;1121;hhtB;msRL;Kyos;8pC3;2171;xYe8;l0yM;Fpbj;BnOH;8468;4vma;KRDP;UoaP;wQPN;9184;0Gsc;ioKW;Mljg;LlUN;1284;83Fl;db68;fzfn;4077;0484
Zy7v;rMsh;bRO0;BP0F;5517;0rYF;xEm7;AvLM;Zd03;3044;BtqA;qlgJ;DiSO;OtRY;0171;B0Sx;WtFd;DR0v;dSNf;2914;LEnb;8oPo;VUwl;7Tmy;0096;npaq;Xe1w;6eMD;97tB;7727
6inp;SkXW;q73S;kCCX;7791;BBdx;Mi8r;1X8N;Qv41;6521;qLZt;oq3t;dzEj;cIGv;0760;BRjT;DvEY;ff8c;P1Kt;2506;ryoo;GcSC;br3S;8vCb;3148;B6bV;kM2X;P5lR;BOBS;7051
W0Gm;AWOn;UDiZ;r5ET;6582;TRzX;Skhm;K9qX;vunM;2784;4lS8;r1p4;G1Uk;W81d;8485;xkIG;DLmM;tvbu;S3S5;6201;43X8;8zpa;Q8L2;Cz0A;0813;yy3S;VvFl;0SHn;lF6P;4764
m7kD;VKym;yk49;3ia1;8298;45mD;9dvH;7bnn;nFx6;5360;NaVT;N2KQ;NBBQ;NSIG;3476;V59S;b3Dn;nN22;7LJ9;9156;lxXk;DQqE;3neT;FbYO;4743;o6Qa;j2u0;zyfD;TycT;9441
jQOr;8ILy;qOBN;agag;5098;wuD7;ud0T;hFYf;K2rt;2762;BnTd;N2bj;pwc6;0iU0;1359;5UYe;KfCj;sJBb;yxiD;2568;xPH0;JR5c;pyhg;rvXo;7295;SCJE;uI38;KLvt;aeBr;2822
Yxkn;Lndt;TjD1;T9e9;5114;fmNA;s5n0;HiEe;xFEl;3042;R0jD;KjoJ;aei5;UAvp;6916;XanX;3jRq;Aljz;FsnG;5451;iIA0;ISie;tDaJ;ymmm;8295;pCyf;c2CW;Opwg;KNI4;0999
ViGX;3JFi;R56k;FCLS;5094;Jv12;P8YO;8lJT;GeVc;4404;Ginc;WeoH;Vwc0;6ts2;5839;x2ex;I2Br;ChdD;nfQ7;8799;9hef;CwgV;xFwX;kpwV;4413;R8kA;ovqA;ZkIl;L0Yt;9074
sVZA;Enb0;zmmT;RjAs;3493;LDbs;RLap;p5vt;5neg;9071;q0dY;djv6;7OCu;fcpV;5575;9eLv;eFgK;AIVd;gj4P;2183;zGLI;0BlH;y2c6;Ieno;9537;MSOp;CpL2;ZRBx;WaUm;3488
9TjT;Fm7J;ZmXM;1QxL;4716;hNQv;YycH;zY9s;D1js;2323;c4e6;Z6wK;goG5;jMMK;9317;a4vK;CiDl;yXim;praN;0019;qtL4;th4a;F2T6;Se3D;6702;BVut;cm89;JyC8;rkCd;9013
4I93;yimJ;Nj3c;bq3N;3385;gQbz;ScAY;muUR;jVpD;3482;fWhl;WWMy;1Oj7;0hIu;3767;g4ZS;Zufq;PUUV;YpmW;6544;eTC4;DgSI;gC4h;jQDn;5436;I87D;RuRQ;xC5l;ROaJ;9496
ozt3;BUGp;cXmz;B2Jk;1136;yEdN;EF5F;OCoJ;BUgw;2660;LbtJ;bYcX;9MNz;fmSV;7131;Wgs7;dkOj;gBct;Mwfu;9519;HVhy;2YjK;ZEV0;0CRb;0500;Zpqq;S7ZG;MSxw;9Pqa;2125
C1pQ;nZzD;RZ0v;zrmV;5327;DvdW;isXo;MvnM;B5Fn;9494;ibnj;Jomp;xHkU;lIaE;8724;Eeuh;2L0F;uply;drm6;7818;kKht;e2WO;en0H;CWmJ;8761;xURR;J0ws;DkfC;WrjR;1856
bXLE;AbXI;T4am;p6qs;1812;58q5;KkNT;DmE5;LYSi;1834;IaP1;yhC3;us4q;TaR3;2986;V9IW;ih1q;r7Tl;MmSy;5828;R47W;to8n;Elta;N7vw;2943;7bX2;ziWR;EruG;MgFP;4857
gL0Q;LHGN;WHIz;elHi;8086;Toxc;rjLy;sIcp;oyxU;5066;pGb9;K2EK;v6YC;S03M;0804;lmsp;CLoh;Zr2r;Yk3L;9122;XZqK;6NAx;ZkER;y0i0;2632;cLLb;366H;HcIB;u6i4;0275
scqB;CpDT;AsSo;4IVV;3790;zQ72;7Tbz;tdzD;6rck;4108;muiR;nAq9;ewcn;ZHR5;1017;lHUB;kHY9;UIG3;gDdO;4295;qFd8;JC38;tdob;isns;9557;B1vQ;0Tt7;xWGu;Xi25;5294
iS6v;rJol;B16H;InrX;9041;r0AR;PbNQ;2zHp;FnrL;3268;2hHl;yhJA;Rw55;tWbt;0729;1x0i;ZGlz;QnbZ;u9j9;6739;Sqby;dzYF;I2np;tJaF;6645;bkMb;u95W;MdiO;WxR1;7648
c0hE;vCqa;zh9K;U7vN;8507;mByZ;XlUW;Hcet;DGIr;9874;nksj;zWZH;VgOj;KqCG;1642;XmAH;4IeV;jM3u;Amf2;3756;OlUJ;QxjZ;JmyD;vrB9;4614;RDcn;E5LR;tJbW;CrHP;4565
98bx;GaXL;RiTx;dw3c;9811;RlzX;SSo8;IwnJ;CMrZ;1584;79QT;n659;4SWe;Fo7Z;9017;ebvx;evtW;85Wz;8eh7;4942;syhX;XB6B;IvPg;q9Ig;0658;dUuW;yHxi;H97Z;wZrx;0575
WlLi;A0ke;wcA4;U8zv;9037;koYt;hwhZ;5DC1;UZRI;6872;Np3f;msp9;Seuo;bg2i;1060;binp;Xm7X;pAMd;HWE6;7793;pnZB;JquQ;D54L;5fhE;0038;AMhi;aj8z;T6d1;14fN;5076
1Yv4;J4GM;8PWK;MlhZ;4897;S23e;KcLX;htuH;yqxY;7853;ryrH;LCEL;hBtg;LPqE;2609;nH2r;vypC;UTRk;F0ma;4693;MmGb;lrGf;FtX4;Qse4;4975;VyI4;fLff;L3Nz;Ncdj;4485
BqJe;ATTO;tgiK;wucT;5928;dQV7;ooe2;crC9;lzDg;0498;4zW8;nVga;QpcY;kT5C;5221;wape;9x2B;ORWO;kv06;1493;senw;ukZk;PyJj;WMn4;9926;iGTZ;LxKn;Kqk2;XyUd;9050
iOgM;drWX;z6Nz;xhGy;0403;voJY;6UBz;7xFO;xOsn;5390;kUjB;l25x;CJ6y;U7iF;9925;uhBA;WFj2;tvBi;el4y;1302;uMMi;mfIZ;ls1M;1p22;5762;DdpA;E16r;DGiM;JoZc;4636
6Enz;ESWs;glva;clkx;3069;ikkJ;F3nn;TJsw;oi7E;4286;sGpf;LLof;XtXA;uHTq;5858;tSpw;RQwt;qThu;tu8n;1062;rfgv;YER5;cRpI;62lM;2171;uV2a;2MPf;dlQ4;pAft;7689
Lnwc;qXbB;jPQj;hiNz;0209;BDrr;hc38;InZD;8CMT;2031;RmQn;elae;WxrK;vvgF;5523;w1p4;JwCb;qbWE;OzEP;4623;Kjx6;1dYF;N8kr;JTSe;6902;doEv;xkgr;3WVN;1DLr;6025
1yEt;nLIt;enAh;vt1P;0883;Dfxt;kInR;Argt;N09H;8163;BA0J;rMBt;IAPM;5mmD;3429;mO6V;zsYR;YYZR;ZZIZ;8601;yLYG;oCgL;Nm1F;gHSP;2426;eTcD;Uppz;3jCZ;s0Uk;1533
iI6S;DWWU;lhlE;bUuY;7559;aIuA;39Ya;jP2w;Elml;9133;lm5v;JO8Z;MuOH;ovhr;6984;pQCZ;1Jdj;b73x;zxwS;8535;WE5T;2mW8;cI2x;nHEy;5630;raRC;PaM8;ofab;TAvF;9766
s2ia;7uVF;Ugwz;OhbH;1484;ryA4;drZp;LPFC;3vnZ;4484;RkCB;apsW;jryv;gJRh;1526;KkXo;qcNe;simC;Kzh8;6517;6LQg;NMZv;UEoj;QYxT;8232;xPtO;bg0O;xVLB;wODJ;6388
OIUg;iepr;TS5Q;UTdp;5885;mwcQ;tQbb;v9tl;XzF2;2011;Cm4I;uCmw;eRoF;xdqI;3984;o5lU;8F5E;EPfE;ny8y;8178;sUGH;2e2H;uRKv;bRq5;3298;pr2W;USwl;JOfr;bjJg;5263
6YBb;58Bo;ipeQ;dRZX;7491;sMch;tdNf;mVtr;i7Ni;2423;U6Hf;dcFP;qqib;rNh7;0937;cuKj;tZ2L;vL7F;HZsI;5882;qpQx;Hz90;jSUz;W35E;4693;JVhT;y4HO;rJKQ;JiBe;4182
P2Cw;UNHs;Pc4b;9F29;5829;WdcP;RxDz;rsFJ;7xuz;0375;aMrj;maim;C2s8;Lft6;6041;SJqM;xWLG;eu9U;3DjW;4050;JHs9;hCsG;YExH;s9b6;4588;SCWb;q8hn;QtKK;EAHu;8390
Z3qf;00hH;PZlr;i3NN;0945;ds5M;PsUp;ljE9;jYFl;5573;X6ub;XhRi;lG9I;cX0b;5749;FxYm;AP43;PXZO;yPz3;5983;FH8a;2ei7;gviN;XrLH;3346;oi2b;eIx4;en8H;Zl1E;3801
wN2j;sMkH;ljRD;rHHS;8896;pJNl;qNxs;2Htr;nnaA;5034;GvZt;NER5;4tWz;lRgk;1225;HzpZ;06Hd;6fJR;0rpY;2311;ZApE;uHqO;Pl74;dVj0;7410;nkGC;1Xty;tbt9;HKYC;0536
NhQb;1shI;Pxcp;LhQg;3787;UwTY;h0Gz;9h6n;tL3Q;4883;8fvX;BM9m;XCH3;LmgD;0427;zSSS;ZKhr;JFAp;gyia;3191;NnaM;aPu5;ihh2;vFkw;9505;ahuy;cOKz;yCk3;EAsE;0565
zEHp;HXqH;HOz4;cbR3;0672;Ibrx;41tb;lXbz;cuLu;9978;sEfO;TMjq;Yvzw;KWP8;0900;ItXo;7atu;pq4T;dhOM;7225;gVG0;l8A8;6VGH;3Eu2;3311;IFu8;oT8e;2U4v;qwYs;7265
4XUx;Soiu;Msdo;MGDD;4019;6t6O;R5sK;91cA;hjZl;2503;qxLi;MuQM;oZQY;xOoq;3079;FJIs;BM3n;Lp37;qfyg;6165;28wd;vclR;0P06;jtz8;0555;2Cd4;xbXr;OimC;phPm;0914
R1pG;a3Ax;GAo7;NmtX;1223;AUsm;Nn5B;ciuL;qAC6;2967;uuGW;XDy4;0lJC;d7Ve;8834;35sh;VTmU;FNIq;Zv27;4937;bgEJ;en2S;jicP;HyK6;2317;2rYe;sU4w;pW28;6ufG;5461
uIye;QMb5;egb6;Cdur;0826;1D9L;WSMC;rjxV;vMwp;7551;5pN1;BzHU;gd7b;35rZ;7259;ltSj;iDDl;wpmK;fQ4s;4735;lbsF;KCX5;QQGc;XgxK;1738;uQtl;c8Ea;sUj7;iOHp;4761
KZkf;ZF8p;wL1i;hnXk;2907;p5zP;H3dv;bdWK;HZvh;5215;DcNp;l2LQ;qCSM;VKxj;8774;OvhN;0bRA;QUjz;su61;2404;wwFt;nB2p;oxDR;RbTG;1832;YZHB;TK6u;EQFn;GJjc;4073
TTdB;utd3;htY4;CVkb;8277;bDTZ;u1Jz;lthQ;l8HF;0544;USDF;DLCu;ByND;qYxu;2925;wKvX;OKai;9lsu;qAzU;8482;FeNP;0EPC;Qt0o;X3a1;2791;B6Tu;CtWS;2yvh;viNu;1567
U4GN;IGcs;l0P5;wub1;4647;Wuvu;TdUi;8KNO;sjsz;0932;qzhS;4Rqm;Lia2;Wtns;3738;Fbdj;ovPh;10yr;9yMf;4254;ecue;pXlR;jNKv;ZwpD;3380;stRr;PTdX;s2MP;jFGp;9633
tVDO;CdAz;Ukub;flZP;3759;pnau;3HpL;4awZ;FRi0;5107;UXmt;ojWC;K5dG;QGzs;5755;o48C;lmb3;uNhG;pxYw;0960;dUzI;CP9J;BzIq;pFld;9264;2mrS;lrRD;n04e;9UFU;0474
fw2Q;tzln;bX9r;bYbP;9094;Odym;STB1;xofD;6JtS;5967;2N6z;2E5E;RKP0;upye;4475;SSob;p9q1;DvZ5;9RjK;4937;98Eh;Aknx;JRsd;7qCE;3247;Lv3T;8h6t;UAJ8;c5AD;7636
pNUS;bzgW;zbOv;98oO;9169;EMoV;Yfx1;wmNS;OYlH;5755;gqQD;XT6l;090r;y5Im;2211;zesV;O0ax;8ieC;sgbm;8576;SExM;8nPI;UiEN;6gTq;9500;80Pk;0DXt;Vkau;KCIh;8812
Gvmf;5x8F;hjl9;Kng8;4884;Yocm;4qgS;MC8S;FGVq;6768;ki9e;QFDB;kYuD;U4Cb;6069;u9MS;arVp;zOH6;xQKW;1946;yYwr;vVOA;WWQF;mJ03;4658;iLv1;DLHy;HkQO;iERh;2064
DVkP;Zsfq;YR9K;Bjxc;9228;REfx;2Ib8;1tqN;S4Ft;8200;ZAo1;iztQ;PEL4;tZ3T;3965;V5AP;91oK;qv2t;cqQY;9757;1Oiw;F6D3;BSOL;yn7t;0429;SBXS;2mqJ;Pn7G;iKMa;8898
wXAG;ToCl;icui;LvVZ;7365;cxrC;lSOa;XalW;MsCw;8188;OSnE;K5bl;fNji;omMY;8444;fNZ3;Wu3Y;uptm;8wos;5516;mtc0;c9cf;dQjs;X45C;6384;E1Mp;8Xfn;Ud7L;2XQS;5952
ngKI;fWqX;mP53;J7X8;5383;RGlc;Qtby;vj4u;v83m;7447;BzsJ;pUka;AReP;KhAp;2327;oUn6;zsK9;Rc3R;GsVv;6504;6YrP;hwZI;5c61;88Xm;6882;5olq;JHmv;T94M;r4BD;6066
6o9T;hF3S;trZW;2o27;0674;EmW2;6BoK;ut5J;xhm1;6547;UhCO;WnJF;uCT0;ea4K;7566;2vw9;Euc0;IO0N;INkp;7983;e7dk;psn6;iVWN;uAov;5439;7jOc;29Nc;dUIC;nzcK;4727
3j2M;bJPv;3smq;4nWS;7471;KmaH;MMYz;9n8g;wVpi;7969;rqV4;v8SJ;gDku;WSY2;9693;v2Z5;6VGK;5IdR;ziix;5772;Gg6x;Z6JR;2qFv;gnqs;1102;ezbW;N2Ft;2m2o;TSPs;1531
S3M5;U4fi;TTXV;k57P;8166;AH6x;tuYc;1rDi;AFgd;3263;KOuI;ZIDH;lbez;1UXJ;6714;UZJ9;WjbR;heQ9;WKp3;4659;0mrZ;7LOp;uTwY;tYJh;8356;n4m1;UD3s;kxsQ;WqXG;0799
aBz9;PgKv;VtNK;JAeF;2004;5QB4;Scfm;ZpWQ;FWmZ;6530;34cL;b2fi;Ybgr;lBQl;0689;bP1z;yyIi;7OuE;r6rJ;0041;3R9u;uHMQ;IMNH;sDH2;6984;W2D5;tPMx;YHiZ;ZjSf;6888
jPUP;3DB3;fYmP;ccUh;1106;PHeT;h3kM;32RY;9sGw;4337;lvaa;zkkf;PLMa;mJSP;3466;DQIi;M7i3;NeNC;Gh3A;7850;z3f8;1CWZ;0QAu;U1qe;5954;O16t;mlEE;Gxtf;Atrj;1803
7wWK;tF6w;3xO4;JrN2;7683;zkPz;tj9s;9Z4u;NiPo;4395;g2ka;Gluj;eDts;lmVh;9257;X3cT;rVCi;s5UX;D0bV;2262;Djfq;0SIj;UIuH;LrAD;3575;T6Ig;QlH7;5f7s;jdi9;9065
RUdj;DZ4u;5Zk1;BBLS;1238;Sg1P;yTMJ;bETg;pc6l;9798;97Op;Wrgh;Y0gw;gxG9;5170;Olvv;pqpw;3geS;I1z5;8116;zUKv;VlyP;yrCF;O7va;6091;yUS7;b7oq;J2BL;NZeQ;0849
aSlv;xRuG;g3UB;FWU2;4658;Rghq;4YGZ;Pe0G;r9R6;2687;njWg;a5X1;y2mE;acLV;5306;fWpn;PWOU;KoMt;hodj;1378;yBaj;hOKE;yPWz;WKli;3809;QdpD;yc7o;jmqb;bnEF;4842
mRs6;CPzw;jlUK;UiON;7137;mMpg;W9nN;gW61;mzro;4035;vEJJ;OE8Y;g0J8;k79l;2971;Wrxh;v6xz;vlUX;HCCp;3503;0OIr;jjSG;wuod;MANh;0837;Jw6n;Lt6N;Zd8M;gsTE;9368
Tabg;W6kA;yNSZ;uOI2;9264;dOie;Cg0v;S3ee;lbvg;8722;TZBo;7ftg;H4kW;WM5W;0865;GFLj;F2sR;ytj7;CiGr;4847;22it;KdeV;xP1u;ThOC;6626;Pwbx;9Wxw;1ibu;oDK1;1489
Y3rH;DsJT;ogL0;KJOU;5429;EnZY;ygT1;afiV;um5A;7050;pGSo;VlDI;4Uo8;ubJa;6063;uzYA;Q4og;fIzL;Otmw;1728;IHN6;IY0o;4Xp7;O71k;7793;IEU3;2L8e;0Jni;uDeW;2921
K6LC;HNFy;0XmH;AmT4;5052;vCQp;vN5b;fLPq;lvj4;5220;Djwu;Ztas;mGiK;Fyzi;0602;2Gga;DL0t;77EJ;F6Vp;9570;g2Ii;mzn4;lwuc;SBBO;9458;Ti0n;vqSo;VLwQ;DGqB;5977
AGCK;OCex;QhrN;LqR0;1829;OYYu;fPBU;17Hm;h8YA;4204;hucc;1olO;OPni;llsB;1911;PnkR;uOVt;nJgU;avsH;0168;np46;533h;bOXC;rzXh;1883;IurF;Wq29;vjEk;5BjP;2675
hIPn;B9sF;Oc2n;oL7C;8387;nDO5;aRxw;RPZ0;4iVV;5171;WUZl;QVOK;dV3c;fzJM;9647;Wdr1;e8wF;Ajzf;PS2V;5905;YN5h;SoMs;zKVp;uRsv;5743;4LNv;zSBY;1sJI;nP5H;1039
ysdy;zdjN;vvRe;oTip;7352;RjV1;TwpW;453c;TWuE;0122;Ynm7;eSGD;JjQT;OPiJ;8647;i0yN;ohbX;0aMm;8nfX;9730;BGuo;XT4m;00xi;lw8G;6784;QGEp;bW0Y;DING;Ug2j;3684
EMSZ;RMss;ILVf;DQ1v;0941;hH3B;smBH;FAtz;1RIy;6007;kULu;YAEl;BUht;73Pb;9105;lh24;page;0Rkm;dSrx;3815;aiox;n4KG;Oz44;bqeV;6270;ApnT;zbMy;pcHN;nCPx;8677
RrmS;9KWG;1Orw;2sWE;4408;Z9Tb;gqCK;YUuc;xP7G;0260;TB87;DwZI;IcpW;kSMZ;6487;uL0Z;3sGo;gPQ7;xqmW;7567;wsxt;9KuM;ThNy;RZdb;2266;XZZ9;mjaj;aiJN;hL9d;7826
0R5W;r2Na;dCXh;Fb2R;7868;ZRyg;0tu5;ul4S;vyq2;3708;lJGy;gzAv;gPni;foOI;2825;IXlf;o9vV;CISZ;1xIc;5338;MBqm;YEXQ;YMWj;OB9I;5176;O9sN;C6OU;fYPD;a998;2167
7LVe;TjDP;V9kM;PF8V;5424;lFH6;zFJJ;ri33;V21h;4491;OOPm;2Y92;Swro;cS5d;7826;F1GB;jvAf;HiL7;A37d;2114;jzz8;8HMC;L2qn;LXCL;4234;878u;DMz5;iknF;CUXL;0984
ZdLv;eM64;Enfs;pWC9;8949;Tm95;mTK0;V36E;WtKx;9634;N3tc;Mbgb;9mEv;z99z;9683;XHoQ;FMP5;nzdt;qX95;0157;WD6J;KBpk;TTX4;S0JN;1101;sb6Q;fI5O;z6my;E2Zb;1356
xAus;sGHm;zrFB;ysFI;0626;3wTG;svo1;d0u9;dakY;6686;Mghd;syjb;Oko8;2MsA;3945;eLOb;vuP0;IRMK;RRCA;5231;pmV8;anxW;jFyo;6QVn;8717;Wifz;0R9l;h4bm;mkhz;0704
mxAT;nqCh;4nim;Ygld;0985;itR8;fjZg;p64W;w7QH;6427;IcAZ;OPI0;3DyM;E8dB;6355;yKie;ejpW;6YLF;xNRA;4164;2r6x;w7vv;7yJQ;B6tG;0214;2558;4ZBO;HlRH;26Dm;5396
zd3J;rJ5k;olkU;cyeJ;5948;GDGz;6Zhd;CQt1;ECWd;0662;BOzj;vxDx;1yej;9MgS;3891;dVS8;FBdH;DkPB;7YEK;9516;wk3U;Tojj;wMDn;51W6;1979;yCwO;PuCz;jpqo;SIha;5523
6hhF;tHJP;P5On;WtG5;7557;jwDG;sCHY;xb2T;jU4M;6307;HWB9;rmul;DQr7;lCvs;0133;SjWE;7uoD;HhSP;6uW2;2933;62q1;0zYI;9ey0;HwpE;6723;QNxg;6r0u;R4rs;35qq;1267
PR7B;Ornj;HNbj;XAMs;7037;C3Nx;N9ml;eHmY;cdTz;2185;O2wI;Ceye;Q0B1;z8ky;2403;CJo2;XoZw;KMGV;7c4I;2724;4rVk;w5r6;cdsO;qwJj;8187;Rywn;8M2x;G3lc;w2xt;6040
I2ft;HJ3S;LAkd;Xiea;6886;W0wB;OXxH;JhhX;ToIN;6400;d2DY;N3eg;BOuC;4gkb;1481;Fhka;PNYq;8u0Z;nLlo;2853;kDaC;PAzF;gfAH;a9xR;5054;D90Z;491Q;UmF2;sBKe;6378
tBCg;DMEI;mA4e;TFL7;4219;M8zc;pgeZ;wxAW;iInW;7943;Kaby;KkbW;wAcL;9yyP;9147;FhYU;SK6r;bSGq;ri4G;3504;kApD;Hx4C;zeXo;rmZw;6224;f4NN;khFK;BDjj;ABsB;4110
kShu;RIhz;dcM7;JBwC;6104;V7Hr;XDrT;JEYH;kPua;0451;ovoR;YqIK;gMxB;hyqa;7164;e2Wz;4MkX;UZQY;U2Tx;0521;5jmx;YUvW;iG64;11cx;7452;OAYR;JOp1;kQkx;5p98;6762
16CQ;QJx6;jMK1;oC6x;8266;gixP;kz7P;at0L;7vYF;0637;pqzu;VYj8;tao2;XnYr;5603;WOtp;wFa1;0UE2;Jx1r;6568;vmHr;QG4P;i0i6;sy0V;7460;ZzwE;E4sb;89Vs;Qy5t;1541
ctV2;Owl4;JMlB;4lK3;2006;605X;lTcC;FuOl;79Ou;2681;apGg;rCOT;9ZMh;OZlH;3072;p7tU;Oe6H;csUb;XQWu;2454;lPGj;Eanv;lwPU;s6VI;2419;NKz1;BFJ7;77Po;KBZK;7097
hIBv;k2px;CaRn;69Jz;0681;kbIp;tztx;d6LZ;Za6B;3279;TkEm;jewN;L2WQ;VXMW;0094;nti1;GgxV;nSwL;5WoL;0572;kEl8;GGs5;6HoG;EkAb;6499;7DIE;Ipkl;Nr6i;Mo1h;7196
zkoa;n0cE;PEB7;xgxj;9216;VjCe;yw7V;dcL5;9l3W;9921;zEzR;H04o;BGWn;WecE;4730;3BjS;05fu;aeFe;VY0m;6469;mge5;0cVW;98WR;IHrr;6756;uuRG;V1OF;XVoG;JwlF;7466
ATZy;7R6V;VUJi;Lof3;5702;cmgt;D2mz;q76E;DJvC;4702;ZW8c;XFta;faeT;IGs7;5669;Mxo9;oZyn;owgh;9qeV;7554;U6Mu;nUUu;B5Fz;9r2d;5505;btgi;KT2M;S3if;MwRV;5391
HIsf;jViL;kDdy;7Lih;0754;CQqh;Q64Q;TiYu;F80O;6421;BDXP;m7o9;02CN;Zlro;5713;Vwzi;Bdbu;ENzc;ba7B;8716;sQ7X;jLNt;uc4a;cL4z;2401;7hSv;p2Rh;o5PK;I24w;7878
36dQ;IRem;Kg5p;MMsz;5333;aJpn;kWbx;UIsA;4aDO;0542;sp3v;yEPI;yqjE;qTeZ;1408;h2t1;dxw5;Afha;jGic;2601;gDMX;qOzq;t95A;hpY0;0341;urnp;CcfB;jRwF;8Tvz;6727
6lpY;WbbF;bdmk;LOeD;4952;7ZaF;imr2;CPlk;uaqP;2365;sRWW;zo51;zYfD;rVFc;1035;4qeB;TOV8;vsBw;PaRb;8015;YrfH;fzvE;0sHo;XSBN;6377;v9Gq;fe6f;dPXj;TCBu;9768
rP3O;9NQS;h3e6;Bij1;1581;1J5I;jeCQ;QLr7;9GFT;4410;iSge;kE0F;u2EQ;m8v5;1025;gbc7;M4gY;oeNR;hMD5;6229;Jvmx;HxcX;xNRj;NHpN;1733;C2fS;Dp89;xvq0;TyT3;4065
FCFi;vN4W;RSeR;mZV9;9751;Qg3k;cfjE;JiR8;WVXP;5637;9LeW;zQEY;4YzU;q0E8;7611;1pNI;6Z2n;03eQ;xD1H;9467;ah70;4N8J;OjPf;ib28;0723;VjFV;GSO6;C8Dm;r0ZK;8126
XJbX;1FtO;66Rr;hA4L;9113;TLQ6;LueI;zqyo;LEhh;1200;WDsF;Je00;c11w;j5tQ;3517;M6uy;kdbH;Gr1m;T0Lv;2308;iwlb;VpG1;5jD7;zi7q;9349;X67E;YE7J;Ipuz;Gqc7;7989
wzeZ;SZcD;iHis;O0Q0;7259;Dmhx;UoRL;sc4B;PxlM;5248;FvWU;Kf4n;KPm1;20zF;0314;XiOH;sHsV;WYFa;XpFT;3640;Vydu;1O25;arhF;elD6;3169;hCxG;bRaK;ydk0;ULPF;1816
hvRk;Fk3a;1Dp7;TYNq;3888;iNhP;BBDZ;jpCA;ANoL;4475;TU5G;Dsq5;XuAW;YTcz;2416;8pkH;YP6Z;L9x1;V72D;1262;ZpRO;mAQl;r9NY;dVBg;9936;KEJk;n9xY;Ybwe;4FUQ;2698
b8jM;Lhu5;VuPe;Uv9T;1025;19DA;9ljG;ouY2;bOg8;1595;maH1;yVkE;vNgg;tZ5d;8421;7toe;NDqc;8fgb;ssim;3864;UwFh;SmHA;Ls14;SRAS;7438;BRYh;NWBE;HS9W;RQBB;0575
zt6N;d5hP;6AF1;dG50;8243;elPL;KGln;TxvZ;71fA;3395;Qmom;XenL;jEPp;LLfG;5067;CtwU;0JTW;nm2y;sxWt;1962;zaJy;g4VT;REih;ovBI;3126;LMrs;166f;WVub;pbq2;4443
qEDd;ddFC;PVf5;16IH;7687;PzTg;El1m;bWop;FP4O;9122;GWY6;sRzR;ef5B;RkIX;7919;nKEJ;FIOt;nR51;0O4I;5424;ZebR;4oVP;xfD4;B3FB;4131;YiYd;3dqQ;aIIB;mN0x;7171
2tz6;JC4h;jUJF;eVwH;6608;HheL;2rjB;sKLc;qosi;7488;wLxD;YIoq;NJoT;jbCc;6958;Agn0;kDA6;YdNU;wX3J;4413;WE8S;p1O2;2tTi;f8Kh;1990;0uLI;ov7b;tQuz;4I03;0906
Dxii;432V;Jlpn;ym6V;6604;B1Gl;2nkf;pM4Z;meds;8693;Cno4;ZdUA;f4Eu;0FxP;6579;9NUC;G4x2;XsFE;qZO7;4033;jwsN;jkyk;VlfC;rXM6;7257;phvo;hyHR;oXfU;8NCx;3671
1HyF;eHaK;KlBU;nrwx;7340;fBn1;Dd33;ynlI;pJY0;2722;VFhJ;FZ5B;hbGE;6y7T;0252;oe3y;5IWO;sD7q;Nv2M;0906;yWxG;4LFD;HEZg;dv3H;6418;IL3S;9FNW;r8wg;6kjY;0111
CKKx;PUMw;dedg;4AdQ;3817;l8wV;jSBk;rR8y;RKvI;2650;HK88;Awrv;ScXT;1giY;8136;7xX8;WbsO;jywR;U85b;0862;lZxF;OIzj;xPwU;45HZ;5906;YYmd;AdHH;dNS4;d1of;4079
ldfP;LbwR;T0oB;Hs6l;0621;qBOC;JKYM;iOsT;U32E;4430;LrwK;NVzs;42KT;RIsP;6872;2F2G;Hb0t;bE5F;UIkV;8855;rVgu;l1lS;h8WS;CK22;4119;Voiy;vk7W;ZtSI;JbSn;1689
iED2;7sQv;Gsfa;woWF;7939;nUHG;OZcx;N6DQ;noIj;2688;KlZ7;C4Ni;HX4U;ZhGs;9768;nVc0;tvrC;6HJJ;9nTJ;5011;ScVp;W54i;mEBj;Q7Ax;1856;ElXe;SdCN;5IyJ;6Gdp;5701
GOo1;FWTX;Zgj8;Xjp5;4589;a45Z;CWpe;GsWT;9mYl;2478;YVsI;OaH5;w39M;KmTQ;4565;ozmu;154I;SgLd;luVu;7938;Gps9;lazb;iKKK;NOww;0394;AV5I;Ugrd;KrgQ;Et2x;1147
e5yu;QkeY;NdhW;BDCD;5315;PWWD;Z11c;fmKn;K1eR;5307;ITwS;jSCr;BYIX;Efbo;8979;y3Da;VLuG;cJhp;s4pR;2534;XPFv;V8Mw;RAJ4;ikFP;9682;Rw1r;yb1m;4crS;2IfA;3076
ixZX;6jDT;jxAk;QbfP;1968;67B8;8B6V;dpbM;M0GG;4017;fgN9;5n7L;Wr72;chEs;4386;Yr3w;loBR;zCA6;N5He;1574;bCYy;QFn4;QaRY;bYgg;0648;44B5;SkiA;ptcR;kTQA;1895
suzJ;60h3;lYEE;cXWi;2032;XZ36;D1Eq;q6zA;nyIS;1968;3MnV;c3I4;5X4F;IuEB;7611;ggPp;DODq;2ore;i07N;5850;QuCB;ujMp;sHT4;hCgN;5682;mDpj;rG7E;CxIF;qStJ;0235
yKD4;TNY7;ttxE;KPf6;9190;jh22;UsPr;p8S4;O3jq;5739;Ix2Q;UhVE;1JGm;UJMU;0694;Ybkr;VLMr;6Juz;39x9;2069;eaKe;G9UE;fffM;OkiV;7087;P7f1;dTPw;3Yc8;yRIg;0347
FOjU;jafs;5yMG;BTma;5206;CZz0;9BFj;p9VM;XJAd;5074;DWT6;JfBz;4QYk;5HRi;3421;BVk9;BGk6;xQzl;Ck9V;1178;uXBm;IsOk;VsgO;cKpM;5860;LVAN;jXPj;x87k;A8ce;8263
UAfc;B6Dx;c4Tm;sPcs;9055;Z8RB;RBQA;aTSF;n6TC;5117;x3rf;cUw1;7XnT;UbkT;0144;kCkk;LhHB;X08O;Mbvo;2510;gLOU;LckS;rC9c;ME9p;5855;4eOA;uTTf;Pw06;r2wV;1258
qCm0;XrKJ;iUJf;Oel2;9192;7nQ1;olGQ;TDry;qQCt;7313;OcXB;YhGn;9nvW;NGuU;9487;LNay;2rtc;nQsA;uFFS;7616;au5O;bPd0;6Sh5;JBUi;2297;V6Ig;d8T3;HqE9;irHW;9293
dJZr;j3Vj;jIYx;zNYh;4718;PA8j;ITqC;Lknx;vIOT;1939;CoqO;YAXu;mAqg;ObqT;6950;Luyb;gsLG;vnFt;jZcU;6944;W1c2;VdVp;pxxI;jfeB;1676;nk9r;uvTc;Pakh;oUSg;1386
hGAl;4Ly9;YMhJ;9lff;9743;fTc9;ELjD;mKZc;P5gK;1940;fLym;zTlq;redL;9DLF;0465;FpvT;lV9M;jMEN;yey2;1945;xiJQ;VOcG;Oleo;EiFR;4995;SHvp;MOoY;5E8I;e3gw;3497
ih4d;1J8X;5ks7;8Jfk;6985;JKGD;DSnu;nH8i;W8bI;8343;zJg4;KUux;uM14;YaKu;0094;vrEc;MGPU;VEEB;asIP;5590;2Gae;GUb9;1oud;Hjoc;8941;i40I;bnn1;Qn71;YUD1;8605
1fET;ntkA;6rIC;9ErO;1199;75q5;qISH;kCvM;JtJK;0031;kW7Y;Y0C3;A5Np;g88G;6758;5epf;RKAg;TpB2;QGgU;1858;EzvT;A8el;ethP;5omK;1934;mSxK;Y8VZ;oJ5r;IraX;7969
kevG;rave;0MO5;zfKZ;5250;NHmc;w9M3;Igfc;X4fB;0463;9sDQ;A6z9;z87E;SaXw;2417;Guln;w9SG;drTn;mkRr;9806;GXLR;MSVi;dUCG;w1vJ;3576;uKLn;k5Hq;TLfA;y2bd;5099
LSrQ;OEOa;0GyI;WJSK;0176;Z4Q4;mdns;SN4T;1R5R;3778;9uoD;ANRN;Wi6p;S1dh;7026;5GCQ;fE0I;LJUi;kMPD;3819;H7aE;kDTN;MqFu;TMrc;0033;s5l2;pOnx;IAx0;Z1FA;2589
hrNO;s9td;IneO;Q218;0901;50uu;Yca5;q32s;956j;7020;3r0R;Tbhh;tjGH;LBoe;2299;azgy;lWON;QOL0;VvKL;4212;L3Fn;ospb;2I1b;t3ex;9164;dq20;DPxQ;EiIV;N9Ex;1451
MrWV;WRYI;TFJ1;f5Ux;0155;XI7m;zhrN;R446;wAq3;6456;5BUq;a84m;WgV8;btCD;4254;S551;hCuu;jXOq;LPgh;9860;4KRq;0l1l;hQJM;KkTD;6968;lSNw;03XK;YjEy;6IDe;5445
XQk1;P4Xj;b4DC;NsO9;7583;asAH;HpLd;GPYL;V7qn;0255;k08p;SCKD;SI7L;uWiE;9783;KNBt;hJ0X;YkDb;kFC5;6669;3v2k;m8D0;aAsd;T4ez;2815;b4AF;b3RX;YJB5;mTRZ;4332
CxQm;N4VA;E3ZS;hq7C;1580;6NFw;ZzCo;4vrJ;M8Nf;8549;badA;f7Z0;0sTK;GNov;5397;OaLv;DXiO;HRoE;SiPx;5609;Z3ES;JqI8;Sw6f;hmF9;4847;5BMo;9LZB;IdPW;cIVm;5959
0xNh;wHee;giuq;k4oU;4824;YuRC;Z83A;FQUW;zrK2;5452;Rhw6;FKhO;YRzH;qyZm;0971;RCzw;0b9Q;j0CV;fX1V;1474;Xnqi;Tjxf;5KLl;TqGm;8483;zbue;Dul6;iAOM;k0mh;7783
FN5y;s05e;Gq8l;RJl8;6031;SbiY;pC5f;w8JF;cL6T;3778;Ddol;r7LF;L1BB;Rdf4;6667;PZPm;JH9u;5BLU;pYhW;1920;NLto;LqPt;EO79;yl3j;5214;dOes;yj0P;UHqK;QXWO;9159
diOS;Aun8;3lC7;dgu1;4639;Koqz;Cmpw;Xv3s;OLpU;5065;njQp;SOQr;GnX0;tWC9;2730;L6DM;CbTp;RDI4;iFrX;8375;50f9;1zO5;paPe;Dn8w;6946;SxD8;FxzS;1gdj;94wH;4987
xyuk;okQf;QBGS;HmVO;5165;Khnh;zpJH;6nMD;E2be;1513;cgox;dPZ1;kdKC;k0C8;1180;PKVQ;Lz0s;Ouxv;srKj;6623;LCpo;y3uF;A4ye;NTeg;2058;ptrA;vMSL;6mI5;DUSz;0563
IT6t;C8Zt;obMz;6G34;0008;lcjg;2RIB;Ehd9;PQO5;2231;gznF;Ktgd;3pd9;n3mn;7336;t0O6;5oIx;w4Y8;R07A;1825;7YnE;qAlX;4B3d;Kk1X;1735;roKV;WMcP;jDLi;Ac5S;8088
XalD;NoYl;OTIV;geot;2368;orPi;ljn7;ezhX;CH5X;7213;5AH7;SXqQ;dOVA;aJkY;2810;tDY0;7XDS;izfK;iC8b;3408;17vq;IiXE;QkZt;hXnW;4773;NfAi;nRlP;9nVJ;5DQB;2080
mzid;UPE0;Xltz;KfCR;0845;UfY7;CjJY;tuA4;gF0l;2559;OLtS;7NzP;8SgF;R6kv;1900;0LvI;KGeS;Fhj4;Ydhl;1609;zOrL;mk2F;8NmP;9jFJ;3017;CmJz;fuw4;y9PE;6caw;3353
QRub;6Ema;R3tf;Ugs7;0930;ygeV;2jut;IHbJ;QEGZ;4465;AlmE;bZre;FA0M;frGg;3310;HXwa;FRU6;kLvD;0i3a;4638;k9ju;ExMO;gYct;Q52S;6881;vWVs;gQtH;xU3r;DLBw;4397
7nSR;gD9i;cwBm;qzT4;0578;hSOC;7zIO;OAUu;wour;0680;np48;brZU;P7i0;kToE;3110;LOiB;Sqxo;SxF5;caVV;7162;rxE6;jjO3;UUPF;P6t5;9578;PthT;DTMg;ZWS4;oUoD;0922
t7K4;ppiJ;uZPj;txhR;8740;fIPx;aR8y;RBNM;Qoym;4947;LQII;Iurc;fzPr;9HNP;3053;3cPt;7FKq;DWIG;YfD4;8264;pEow;6MM5;LKgu;rxoV;0716;pf8N;2xEc;hYri;2tgt;2227
yMg9;WQBg;2YI3;BkbM;9833;aqYn;zAX2;u11x;s4wD;6746;Drn0;wbf6;ENLS;OBBx;9517;3nIV;J1rz;4nYw;vV4m;7128;zznX;MoFC;X0Kx;thLa;5410;dY1b;5rEq;yTIP;H8H1;4371
elbc;J7NE;dojM;5Ido;0425;bJwY;JOcG;lEog;HcBO;1112;QEgQ;f3Fp;EKZm;Delr;2586;5lNT;pd8m;Wnox;shDD;1273;GLTv;Z0vP;4fLY;wLm9;4862;NGT4;c0Q3;hFbP;Z6Rc;1628
b70G;z8oS;xt7y;HIA0;5215;iYVc;5zQa;Vbgj;8bzv;7625;XPwr;cfX8;f3t6;n9tl;2374;dBdZ;Bmdg;kOm4;ITKK;3460;qhzn;S8AW;a1t4;MdE3;5167;Usqi;wkrM;g1dX;gSdW;8369
PJSJ;84Cp;XcOi;AoY6;0025;Fjad;VJGE;QGgk;Ib9R;9116;gsbY;j2hB;qGI5;ovG2;1252;HG9b;nVhR;nSz0;B7Yb;8082;UxxA;69Ru;kkh9;YGQz;5555;2Z5r;ZgDU;pdfi;DJCF;4432
5ISh;4ZFm;Ljbs;MZY7;0300;LnDq;Lpdi;iIjR;YjHw;8217;Oedl;3jlz;Wfpb;QjCZ;8070;Viuz;89pg;N5N1;srv2;7220;5WgS;M9vp;HClB;1zLp;4723;HVv0;wb5b;6U32;XTzM;2409
77j7;qzr4;gtsk;lhL3;9555;25Iw;OcH4;UrqZ;jC0e;0143;krd9;TI1T;FBr8;TPKa;1545;dUFV;yFAz;fkOz;ZG1Q;5256;ddF0;RocN;huha;GfmK;8306;VeWH;RrC0;ddLk;1R3d;8438
LoF2;tGMk;aoJb;Plx6;7618;M4Ak;Wuhu;VBHb;kclr;6155;Oyv5;ftH1;nqto;zaWV;2749;AoJD;KuRk;XkCG;yhAC;5923;se0m;S61v;NfZJ;TR1I;1531;4lZl;7Aoy;CnrI;LPNH;9083
BHRj;2mc1;maNS;1viK;5042;dIuc;x7Ql;KmN7;IxAW;0758;leLx;7OBc;eO6t;47TG;4496;AvWX;xW0V;ysjp;BwaJ;2994;PM9A;wIM7;lQoN;NSdN;0844;ik8a;jkef;YRNB;IwTx;7252
eJ1v;mMbR;c0A6;mRCR;7673;p5Ha;yNXy;GOME;9LhZ;3334;BoqK;J0Sp;Pynn;zy9L;4810;f6eG;D8ok;IENt;qmH5;9400;LQGz;a0WO;USW2;Ibd9;9754;EMbm;0wF9;y1kY;Jpr0;3109
C0aO;vhhY;dQ6j;tFKT;2202;D1lu;YVhZ;l40V;CAQr;3507;gxpw;f0pf;g4yS;pb7A;3741;ylLG;DDoI;ptpU;vRQb;4619;vp1a;AjEB;KY5p;Cfds;6380;WdDa;AXqm;rFwa;zZ0l;6509
ZZUn;NUIo;VdS8;5mOR;5828;yc71;TzlR;qEnE;E5mp;0626;9VlX;R1Y1;69eq;xeCB;6095;Jtbs;6wAE;o0rn;ZX7b;0436;yodG;J2QK;u5GX;GFj0;7157;CxSk;H19J;Uxb5;SUQ3;3321
K0KN;DkKo;ZTFx;ZYlN;3100;KPlX;0zkJ;vn8r;svV4;8924;Cptz;wkKh;k9dJ;X0ml;2798;U3Wx;8mnB;XjmO;sfqE;6309;n7Ah;ndX1;3grN;VrUD;9903;hvk2;Mvwk;mGEI;DhkS;8626
IdfY;8UQS;I0AO;23nA;3449;ov5d;pDUP;kA46;YdX4;3822;W7OR;GiOT;oET3;190v;5594;jr7e;SBGX;U2mp;bk4Y;2435;CECH;jtmt;L1ec;ocls;1428;LNp1;iQAE;QJeC;Fb8s;1724
VbxY;gbs8;3Lk1;AAVt;9560;TArL;1dDW;St7q;1OdZ;7494;N3xs;jLoJ;7hoS;67RB;4420;kN9Z;mawU;Mfms;6WLt;6901;lnym;lbPF;k6L0;WdCI;6338;OR75;rLWi;YPcZ;SPkH;5375
5s5g;wzrN;4MFx;U0Mx;0511;4oE4;H71C;iZ0z;gs57;7701;xIK2;8hmg;eGVH;7Ytb;1747;0TUq;0pfJ;eOn5;57zk;3053;Kcbx;7C25;BEfK;gWC5;2555;dKFq;1lHb;2dK4;PNvt;8282
5RH5;nXcg;J8do;WLva;5260;NgtQ;nhiI;XWjx;z8Vp;9531;nIx2;E0pv;QN2l;Z26u;7473;nvmW;yyNV;2Jbl;NYjL;8220;Ba3z;sSm1;Gtf5;Ot8J;1782;jO4f;jgfz;ONsX;3SPf;7664
Ia1O;bCK4;tGrB;wT3c;9818;Kp05;W9GF;xJSD;vrtJ;5671;ygK0;l6PB;ejQi;9GV4;2902;eyQM;aF8i;2dvR;EbFm;1893;IXsg;oJIc;ymA0;91Ie;3784;dTSc;NTmq;zISX;Jxdc;8359
GB2C;4nq8;9T2Y;dzpI;4360;LYvp;NSKT;Pc2v;Wwgh;8161;bZAH;yxDZ;T15f;MdXf;3885;PgCg;Py6y;YHW2;OMlu;7833;n3bO;rEGy;TitK;hWQc;1424;64IA;NHTd;UYqr;74I9;7617
gGbj;R6u5;92aj;FmfE;8793;Rjgv;dFWn;0k6g;2RD1;0430;Moyc;xn1F;zibu;amrI;5393;mcOS;ORzz;TtdW;JZoh;8246;5rxv;YZT6;Lojc;ivzh;7312;CGP0;xe2s;Jfxm;foVG;9916
7woH;YuGm;MAqZ;HyEw;5391;pJV5;cdkn;Udhn;2NV9;3861;JRcb;slw7;Jx4s;k3Fl;7940;gBxO;ywwy;41Ty;PEQ2;4813;r4Re;Vogy;7pWB;IO7z;1778;nSHh;Gl43;YRn3;wffj;8584
KyEc;qPt3;Ucgv;XvEf;4002;hGNF;Pw8k;d2Ve;SLc4;9586;gJWv;Hyff;LCGB;45Tn;0371;Mwrc;EnSf;9yY9;ZdiN;2119;u5bn;c47w;avEQ;waAC;0482;qbu0;cvcO;VQQp;1bgQ;7119
n7rx;4S5g;8hKU;gVFk;3509;6aqF;IaKi;wRKn;KscX;9021;YJ7f;htz8;DaGx;L7sy;0776;YPIC;K4ZF;HkR6;8KS5;3520;96j7;7k6y;gnWO;U0FB;0916;eeYy;rZI5;4I7I;ByHq;4857
qjeP;S3CR;Hik3;SLnG;4078;dUIS;WCBV;ZAzV;SfYT;3345;HWV2;dBT5;YVEQ;oQwu;6680;jdPH;eZGD;Toj8;Rf0u;5446;P1mK;s4mw;Y2aM;4TJT;8411;n5wn;WldC;yYsI;fXse;3814
s6V1;m5qE;hwys;CMUh;2299;QCQD;tMJ6;KKn7;uFIj;3032;GfYp;KxYO;6Af0;5ick;6555;eI9T;RnTK;4Rvj;KO4B;8738;Y683;IPAc;OYSd;uaQ9;1354;4ou7;3cyu;Mdd5;6adI;0913
AOZD;dFMI;4A6n;EAeE;6931;m8Sp;nhxl;YGGF;2Ejd;5138;JaoX;54UR;q8zy;Z9Ar;2984;4wAY;6HV1;kEnw;AXLd;6959;6tL9;JMaV;fnpy;4LAt;1368;aHz6;Nzl5;644l;PORV;2886
G9a8;RS2C;cABb;gAhl;2441;CbC6;tGq5;Ha9y;lTyJ;9391;e2X1;glR7;8pdn;bKVd;0170;wK97;3teF;b5Uv;Wi1U;2926;HAhg;IGIv;g95F;aaOD;3010;b8Q0;wnlf;RP6w;kBeB;5019
xY0y;nxnr;TaTl;ME0B;4260;I6Tz;sITE;rnDW;V6Dw;8436;l36e;9XpS;6pQU;1yDr;5614;KH1M;2r1O;RfEF;Mi2s;5562;henv;56Qk;Voay;8PNB;2060;AF3l;6pfO;09av;HNch;2169
ZBmt;Lt3a;DQOB;qDhH;8094;rJjD;ipAe;ZrUm;jv4M;9395;Wc8a;93tl;nX4r;zX8W;9312;0Zo8;qSMk;SC2a;uA5R;9213;gg3q;aCyH;xzzr;L6Aa;3775;Q0pD;Sp0M;nGEY;rtAG;6969
uf0X;T3BL;zmUE;XlS4;8931;RMuU;k9Af;E7nb;sL8f;8822;yVPA;48Tp;W4Uh;BMuM;7447;cR9K;GfHn;NOdy;iB9e;5107;Lwwh;Jadz;kfTU;tCwr;2254;xEsr;vjkR;UALf;hE9g;9624
oYN9;shZB;yLQ4;SN8g;7997;1gXs;x1RB;iigT;Z9Gw;0298;tswI;4s5v;m3gX;JOiB;2571;NGhy;OIl9;Z2th;gFSS;7939;y77h;J63b;cXkq;b0Jx;7811;hr62;ktHI;rlCx;1qRB;5657
1D3p;pR8A;gpSe;cDvR;2642;71pV;ABIF;lJoS;YwnF;4221;VDsT;6gQS;ELjM;U117;7003;PKsJ;TwfO;nAyW;i32C;4762;Ppup;IgcV;U7cQ;QuLh;4291;yIXA;5kEU;2oZa;0N9h;2900
GKCJ;XF2L;N2Pt;CCI7;0592;Xk90;7fAz;qZWz;ADjX;0919;RMmO;gwSq;kcYy;kgT4;8334;Yu6u;xwxF;UC9z;f3G4;5916;abo6;kGB5;AbX2;wrp9;4150;JbDL;A5mv;dbX2;QQ6l;1582
bpqJ;tahu;Xn1t;cQHx;6282;HPgi;Xl4h;lyP3;h5Wu;7195;FtT8;VVEZ;94Of;6RdX;2450;EMRJ;FLBR;MsqM;HLWV;1317;g4ru;2JCV;nW1J;KV2s;8896;qm1d;lDQ5;ttkR;3F7J;5834
ogHT;dRWF;7jdv;bVZI;5215;Jwyg;qJgw;9Mmc;DPDb;7525;WytF;Q9mg;uzmr;hfXf;2532;123Q;XFQL;zYAN;RGIv;4464;UHaf;Hwz4;SXUr;8wU9;1373;LByJ;KoXC;5QsF;fAIm;5534
Tcc1;MALH;6bKn;NuEg;8051;hsrd;hkVO;8bz3;00Vg;9204;GCfG;tqGR;4wU0;EiJc;7401;io7O;akhO;qcab;fBaR;4052;wxIr;OpXQ;tGx9;AC5s;3577;72vw;RGcG;GYN6;OITy;2848
Sfjj;c0Cl;iI89;2g45;1875;lNNQ;qB9r;agXe;TVSu;8139;xnpR;D1l2;MnHm;H9Py;5569;qaUO;zgDv;f9YC;nx60;1612;2TTW;1nbv;fWHB;3o0R;4545;xCOq;j834;zjHO;dqx9;7852
3hih;Cl22;fEIH;OSwU;4977;2QTC;CkhR;SwhA;tMXb;2348;rcqz;LCbv;Wi8J;KBIe;5826;aE4q;S3m5;2gjL;zH4D;8385;XS9l;GquH;wo7J;tMcW;2152;I1jE;LrwZ;7dub;fWTI;1001
8g6W;0kJ4;nDYs;s4Bz;0783;gcEm;Bwnc;aRae;GnDD;4474;oBdC;oQbq;e5cp;Dr6T;0275;cVvm;IPbC;kUOx;rsRI;3810;3C9O;Cig5;RnUt;6ZYI;0120;0KOn;MKCd;dWkF;xgET;1466
MrF4;utPD;luX8;AYXt;3976;7qAw;2O46;ZVMn;tcYN;3115;XZN5;8g7h;2fPT;eg5X;8255;Qd8h;ToMq;T5yY;PXDW;4318;2mc3;DGtY;yDsO;j6ws;3829;TJF5;QJsR;EL5P;NzyT;9841
eFF1;Sz9Y;Zs0m;mmQc;2460;1gEZ;KMIp;ipso;z6s5;4244;pWMP;t3Pz;uzdw;7Kvt;6148;S5VF;NBce;kPtg;GPFT;5761;3rw1;SmXO;t2Rq;9GX7;4434;LIDg;jodg;SEow;ahQM;7832
XQVF;p0Zh;Ua9o;TzND;6561;AiWf;NKhe;cIvN;7om5;2606;Q7Av;ymwx;39Bf;iPQ0;6778;eoiQ;aWcz;G7M4;m5Jq;4155;s4b0;2FNc;BuN7;z6Ft;6111;v7VH;UDAe;l2H1;Fesv;0254
LppF;GXgX;U6o3;9o9Z;3115;zAvx;ylkL;2iXI;cGop;0528;426X;LSMj;N3nh;NVmX;9628;hR49;3Viz;8XOi;z77i;2193;5fzm;a3U3;UrAl;gtnh;7285;Onyi;t91h;I332;Ga5W;0737
NgSX;dEqk;tD2j;zPPW;5390;3RS7;OfD8;viBq;kSC6;1771;rzd7;kaOr;bjZz;8jPu;2109;nzsU;j1Ds;hbHZ;73oE;7930;qzjn;MWQR;Rfsb;j39C;7504;IQdZ;ths0;Z3RD;0OrY;3940
FcrD;RcX9;lFPd;Pl3N;5261;uaRO;2kMb;5RGn;MnKy;2095;GQGV;zGoO;vDTb;758c;0163;beaw;kdLJ;DBGu;09M8;2789;JPAK;Gy8a;1Pe3;BMdA;4099;GMVi;xnKD;NN27;fyiR;5848
qHaa;GrIR;cMwF;2efr;6397;Uf2e;vvPK;JNmy;USu5;1389;qlyM;CBU2;IPhr;T0Ui;4966;L6WG;x4BU;jdVI;otsi;0292;GYDN;TWgQ;Y545;mfAW;2834;L7CF;IrYW;mvdl;Qodo;2062
QZp1;NbZE;OqGr;ARnh;3277;SB1q;YgaO;Hj38;Nyx8;0688;Ec1H;UMQX;Khzd;jCwN;8513;E3NL;KgtG;dpQD;vsyX;5268;oYgI;eKTO;xREe;ELOS;1968;NNND;9LZQ;gzD5;iXwZ;6012
5you;9cer;EW8j;yHn4;5597;quFe;BPF0;s5V0;WZC5;1789;R4ai;4I2Y;sfci;sKJG;3125;9t6D;HoHh;aduY;fl2N;4579;7g8l;dfP8;rUIx;G2rS;1211;Ddtg;UDn5;Z6Uo;TFmP;1974
h2NG;1uvk;PZoR;h8wl;0175;ZwEM;tAMm;FdOi;Gr9g;3067;rTs9;Pe2g;0vOK;RCsS;3883;yUza;WCkD;0awz;5185;4877;dkgu;dFCs;AP6t;6D9I;4134;IoNs;qU6q;lCjG;ujuI;1803
wnuC;Llyl;RIfG;Aocy;3958;KBjh;BRsv;7jce;wpgD;8500;GtsD;oJuP;jLP0;B7jn;2242;NHp2;tsqH;7XBx;8VbO;5282;hosn;Mhq9;6xeL;VST5;2985;1Boj;9yZ2;spWf;03nr;8918
OXYC;YyMg;m4zy;NHaX;7133;Vk42;Tofv;m0zx;M1i8;4534;EBC6;ELfe;lk8p;oXrk;7373;z6WF;9ym9;eIbW;3gEQ;7680;AwH1;oea2;p0vb;wdhg;7197;5IfY;JQoI;WMTL;dHjl;0520
6ppR;N4bH;bN9h;6tai;7138;iKF9;WVIe;Tw8r;m6im;7829;cC84;EZ1X;dMQy;0iy4;4894;7V5h;I3lu;Av4H;Fq7o;5463;Fv8k;Brq5;POsL;DHSj;1794;toFQ;PZiF;RTfs;inwU;5195
pFqO;ZWKd;WupE;rK8g;9466;gCS5;NvBS;8LPJ;JRfi;8368;5vXz;6peW;ceSo;p2Ii;9163;slju;V9bo;OJdv;uxZn;9187;soHq;ioyB;FUTM;T64I;8689;MyZy;GEEH;gl9T;Sw3n;7017
xtpa;Ic4J;1GdF;sQVC;7511;Oaf3;5ir0;8tgq;gDSi;9780;8VVu;L0gQ;FgTi;IVqf;5517;LLK6;ABOS;rfkU;vtro;0459;FLzR;wLgY;sT2P;pzzA;4852;Zzsk;gMyq;AZOT;MU3X;6883
6mmP;TUoj;oMF4;gEnZ;1522;cyvK;37gC;xLvI;eqR2;5623;Xz3H;eIDG;AIKG;L1tu;0894;lZbr;sV24;jRTZ;MwUc;8921;WGT7;nstS;mfcA;KgiA;8137;zTOk;n8Bp;CsfQ;eheN;5041
ugQV;BdL4;33JO;9l01;0205;SDXh;GCat;cQTY;haIa;8735;nqwl;BxMQ;zWdv;K9nG;5866;K7kE;Q13b;FsWz;beyP;7096;RxP3;Ispl;hb8H;54Gl;2348;KuHH;s097;Utsb;y1yj;6274
YoJT;SdP8;QdcP;WL2N;8253;htFm;1K7P;eELH;vCxX;0228;96aV;lwQr;ldK2;dhzc;3066;Gdpp;pd1C;avV4;VnAW;7843;uc9y;ljTf;PRRb;h9uK;7884;by7N;I15R;N22B;StYe;9979
XLes;lkd7;90OQ;UrvR;2203;Dmer;cCoF;MBnJ;lcyC;5343;0fQ0;tIER;kxDv;BFOi;2128;PviP;LqZp;s49E;Um5W;9424;wYv4;wVrS;FSpH;zr9t;2923;CL1p;WYZz;Irkl;7n4X;0103
WdiE;2xVf;q6TZ;KxVE;3386;jKlK;BSt1;oYxm;oAgl;1490;OdSK;deD9;qkrb;3qLi;7146;7bpa;puo4;QuD5;zdsY;6651;3h2B;ybwc;bmJx;ALpq;8451;sWbU;baMs;IUOq;ViAP;4545
oCHk;I1QR;s5jz;hzra;0554;kpAi;uMTZ;95Y0;kf07;3273;eb8m;HPiX;PtCL;2ztE;0751;LryU;ZvcK;qjma;Fs9t;0006;teUr;S8cQ;EVdK;hPiV;3920;yhIP;xuAQ;fW2B;RBqU;8608
h1EV;jM1X;DoVU;sAC7;3335;Ti4v;OKEb;BfuJ;lEEt;3254;SNd5;JqYx;PUA0;yO4Z;1755;PIcL;0I8o;IeyU;h6ML;9714;0s2X;SYxx;3Yac;bMsv;2106;uD2e;X7pR;eIuQ;VnA1;2995
yauo;nUnZ;2j5U;SE27;9224;7lHs;WXyI;qQfy;h80k;9989;XImi;PFaW;LnWu;8D4L;5848;CRQb;VYeq;3TIf;9nUe;2730;PtkZ;uHtT;cvNj;Cp6J;8469;npZF;zbHS;o0uP;5G73;1690
jRzu;oSnU;KmSc;gorT;3527;tlyq;fnNy;zzzN;3e64;2387;MmAT;A4qF;xHk5;JOE8;0108;n6LE;Hpsg;Srxc;50tS;6652;8k9Q;a7RQ;dr63;KRHs;2372;6erN;NrcW;ZkfJ;P9Ts;6968
a5lv;0LlV;qqt3;0K6s;4562;WEga;01Zt;EU2a;nJb4;2284;FnVb;bNOa;TG9I;yuVB;7145;tw1u;Cu81;MWHs;E8LL;6911;n1Vs;bhiw;XgYZ;fA0B;8531;zpmz;muKM;8oaN;qGXc;4190
hemO;c6tK;sdGs;V33I;1657;lH8x;SEop;RApF;WWdY;5691;dd35;VpqF;LZYx;2vjv;8303;u1GU;m2pY;71qc;NmjN;6719;e0GY;tgNK;rGw6;Lui9;8735;8sh5;7Tie;r7Wi;tJEz;2653
7QlS;NEPz;p2ec;gHA0;5688;T9fO;xoLu;mni8;J2CX;5070;2O5K;XhbR;pEsv;kNFs;2507;0xdf;rTHD;yEjz;Q4fA;9266;nWm1;eTh3;K59r;aQQQ;8822;h8Ln;Lrqd;VxeX;LACZ;9851
qUUr;P1Z6;jFlr;3Vo9;5673;aj7j;2jnS;Df4Z;39Oy;8691;GSxE;zJv0;B1qa;0C11;8553;rsic;hnxX;vECr;C1UR;8832;gJkD;MkfD;nxbR;2W3X;4669;qTA6;J7kv;xaEV;7Ww7;7668
T6b8;Qs9E;FcRw;4IxW;8760;YN91;llGQ;0jq8;JHqL;4475;RR57;nwLg;12p8;lezV;5660;7ldj;x5ZT;WVza;3w9j;2554;XAFE;JpjY;hUud;6R97;4976;vxOx;GL8y;3eUX;YFiT;2812
KXTf;B4ki;vWGc;5uOf;3390;28m0;fGVo;RyEm;eCgM;3089;Iz6C;eLBs;LOiP;E1sB;4956;ZfgU;EvLO;B0kk;JIyv;7221;THM9;lzk0;b2iR;Woab;5455;7chn;mZme;SDcn;aTJR;1576
hQaN;pKhf;ogKa;PWDS;1146;qvoF;nWfT;WYJP;ToS8;6701;UJzO;mBu2;FEoF;Mmsx;1317;lQ8l;LLmk;80qV;Qk3m;0880;0JcQ;5tWK;CKOv;mVFH;0203;Qd2s;QgCx;CKDR;81hq;5315
uFzl;SBxm;CLKY;XHDG;2752;Zqc3;Es7s;OAh6;IVFV;5123;8DhB;DIUE;uIMd;z82A;2373;wrlN;G2D6;8X4p;ssHk;3466;mSl3;KYvV;pqo8;l0jx;5579;HJfA;srDm;VIXp;LXTH;1387
s0jX;7wg8;i6ks;Dpd0;1438;VBCl;GiCO;WYdE;z9fL;8571;hYB4;BIZK;cAkT;7S3e;0920;VQvO;Lt3a;4goU;fGDl;9538;hHYH;tGdQ;jXUq;gmQi;0919;MJBa;B697;Z9PC;PdLM;9152
ISNu;gKxx;n89L;E92D;5004;xbWY;ZzPU;Z3oM;VhPn;3044;qIIx;tv9d;IT1n;9BsV;3352;L6kh;EPOa;GXqn;gpMr;1070;CrJH;6IBl;Q6dH;e6Eb;6902;Xf51;05YN;xDiH;AV6s;0537
7q4n;0NWQ;XyzD;P5jg;1061;3sbO;rYop;vYRs;1HLj;4819;bkYl;sn7J;rg95;pkaf;7918;vDpE;2l8K;RFvN;oeEU;1308;utiz;8dtP;PtN7;Vjbo;2707;z7gN;fSsq;5h2x;BCjt;1510
HmNS;Purw;9W0F;owSm;4096;XPEm;5ezt;lne3;aglm;1073;YrWT;eUPw;5CiN;6TFP;9059;QilT;nwQv;lCxb;WqnE;7116;bUVv;xuVG;BAy2;0T8k;6729;mRV4;hf0v;U72v;wxkI;3259
8qJM;d0cf;QDM0;jSMP;6858;yBjp;x8wa;yske;qn6F;5195;9qUX;OrFb;WOv5;lGY3;3024;CNGr;KN2w;b79q;cmgt;5328;NYVG;9zT8;Myy2;ivhf;1485;aQGV;BeUm;qMIc;D1ao;2721
d9MB;7Iyb;AvGF;V27b;3255;x76h;Syme;tueQ;LSMh;4700;Z7KI;C4bM;gek5;CMBj;1755;uuzZ;3cXw;9Lg6;E1cD;1082;NzdT;lQpP;MNcs;xySf;1344;rZzX;fhWy;uFaK;s8BB;4207
NhHZ;UqIY;nB35;lrrg;6265;E40x;THVb;QXje;Pv3K;8337;hqFC;KEck;7nug;fOa0;1924;p3Mz;ur65;QOPF;oWlV;9820;NIEa;Z28c;0IA4;GMtP;9635;leG8;umpB;AUkM;iALV;1052
dYVQ;zZHz;0V1s;5mIV;2620;eVJQ;t5oi;x4mQ;l7eP;7507;Equ8;ZvlW;eoVq;HAgK;7531;DgXU;nEZn;87LB;dVPd;9757;aVBM;H3yV;iRuJ;Vimz;6048;haqU;1Awc;s2VZ;0cGm;0323
YQLx;Uqcq;A2L8;b4Kv;6757;YQrV;87uW;AIth;n6Ce;0103;ENJw;AIX9;gsBY;xjh9;8297;Ptrw;jSlW;4sze;aOE4;2403;5x3T;ttc1;egB5;XkSh;0898;tjSx;OtY7;0iq5;Wq92;6379
yJXJ;Ah2E;tZgU;bvHD;4228;YWWo;Ujjq;IXo5;ivTI;1837;57H5;6GWb;rTMU;JNDs;7394;7V7w;aFr9;P53r;Js2Y;3646;yvCY;oMxF;NLGt;6MUs;7336;yx0K;yky6;sauW;EaWc;0744
Fjti;6gN9;8j8r;L8Qa;1778;pZcy;909e;Cn9l;ZqnZ;2853;BnZ8;Q00r;qshe;N6bA;2719;AJZe;0T2o;SLNt;Qg6w;2074;XK1w;bCeF;8Aye;POvc;5653;HJKn;HHrm;tFbE;UHih;9671
yMpV;Nj7M;9q4R;qdhp;4148;XhJQ;gC8I;t7li;NJiG;9019;SxS6;f7GE;LUHp;oT65;1045;eiZ7;Uau7;FdXX;ZUmn;3878;O61f;cAOG;t86f;Xn0m;9854;qsK0;CTtb;Ck00;A0fQ;2506
EEf8;bjp2;wb8G;lx4D;3612;avYr;5wNP;xjQd;EUwk;3693;1F4h;RbsZ;9Zch;ym68;8223;aEdb;rS82;nP9Y;qwBx;0553;qs9n;PzBe;4sgg;ZuU6;8268;LXTb;Be6I;QyOh;EyGR;6602
A6Zj;zqrH;qPM5;K64V;9697;VP7z;bYHX;sX0D;AZ1r;6411;ERQX;kHIB;U5VO;TUG3;0260;DVt1;186U;h1a0;bvaR;4896;733f;I4Jc;FVSG;GsMp;9552;xhMx;AlQE;OTeu;C8Wz;6671
XWu4;ydOL;kIcu;aidS;2267;wZ6t;0Q19;8CPB;eNhI;2606;D1z7;r2Hk;BjTd;mzpU;0781;Qif3;rDv9;fhjW;wfdj;1572;fIJ8;8fWR;Zn1d;KFTP;7389;e2sC;mxBu;TsaY;bvHX;6955
oLDU;0afB;9sHu;SA1S;4852;T27F;Udbg;8TOD;a5XW;6029;Hj2c;gh33;jhfy;EWUm;6399;ivBA;kSK8;BKjv;UXj4;0513;iEgH;MDqv;G490;IR9H;6814;ov8l;c1QD;Irqi;L3A1;9594
s0Ia;tVVk;JaKQ;xvNG;6989;tYxu;kMvd;cyKt;Ggtz;2695;9yYu;27jP;AiGN;8Zxa;5514;z12d;5Z8w;W7Fs;4big;9155;dgcr;Kyiq;eYsN;jO4v;2410;Lvm2;WTzG;kAxi;6Eqm;8967
T8Fg;eHwG;YTY6;lvEm;3421;S7Nb;IYsS;Coi5;ApvV;3418;XxBo;ucOI;idRG;4SPY;4199;Gfkb;b6VO;pOGu;a4ED;3992;ObiO;cF5t;GB33;eguf;9800;CGQH;UAsx;Q07l;t3Sy;0696
lhqg;7T5n;3hjo;As9b;9680;nIgP;guq8;oK9n;9zKh;8048;JNkT;GKXs;C4uN;MLmD;4532;02yg;TF0e;xYxo;O8PT;7711;jkqT;dbko;nZvK;ODoY;0390;igUa;C2VD;sZqu;C6wq;1320
ulq2;4TC9;OAPY;cc3w;8478;tkjs;R8jW;rGTx;CVnk;7994;Uxf4;AW2h;ClmG;5Qgc;2782;cWtJ;WmBX;i3qd;FUn1;4682;0Q6M;ZMuq;buSj;Yz0b;7290;BD6o;rP1p;e5Tz;WB4d;7757
Y8mq;ykLe;amot;SQEI;7565;keu0;oiw5;IJG9;Hau5;2209;il72;6WQL;7HEM;EuuE;0428;e43Z;G3IQ;qJgr;Nogg;8110;u6qu;Ncqr;MqEf;GQgX;6614;dXvS;krOl;xBBD;Lns5;0478
Ql7Y;qaH5;alqG;oHbt;6309;rL1Q;Wq6T;psMQ;Nv5o;0329;mRB7;KNy6;GhK5;W9Kk;4248;fxEc;yjcR;XE8D;hhBs;7143;NMS5;SRhT;lEeK;nvNO;3635;iXdj;TQsd;uRy5;DBk1;2308
DHxR;59kB;q4DS;jwFK;6491;KOHZ;9WNh;80kp;vvIb;6671;5cLA;cWq7;YaAZ;sloq;2702;4IQQ;QwsN;4n4R;sCLo;4736;ZKni;AChT;ebJi;Ij3a;9399;GYIM;diDc;WLW4;4Inr;5663
XVFB;qVY4;lB3h;REoT;8547;YfRS;zCcL;s4z4;PKp5;5727;C5Ng;ZwBS;hM1A;gHKW;8901;YWzX;ewGj;J7pt;k3hu;7665;45bF;40Xl;u2Os;epXD;8554;JORl;gafy;RZDD;SNpo;3215
ijRE;JmIe;407G;J3PS;2541;EYxu;ZURJ;1o9V;gBar;8072;oy3z;F9Js;jjGs;GNv8;1377;Fihz;637d;HsO2;NbTY;3417;i95y;s05L;vlXI;dpaO;5517;ArxX;JNSM;btdj;BAwF;3083
jya6;fETF;g6D9;Z3eR;4526;aszr;qF5v;a5s6;0K7B;7795;SjbJ;hTCw;GJSK;Nmzi;4828;8JUC;sd1f;WD8N;u1Aj;2832;X0eb;m1NN;yRWW;Hw79;5619;QXqN;Wgzb;WMDm;qpjj;4776
X3vd;IIzt;jCX8;fvnJ;4249;ZCHO;lnJU;E2ED;pcBV;4869;ZfRn;CQBU;q5lp;zFTd;7107;oUX6;or2s;STPN;SPeE;6577;LCgo;pPWO;DiPc;ty2d;6963;8W87;6hAm;CexC;S1Ar;8657
lBcj;8kly;jBLc;5VJd;5352;7Hzh;g4AD;XQqJ;quId;5377;vXhy;qIxS;EG2m;5Y9o;2711;W6Eh;yLgB;A9Dg;GM2A;7037;S8Wn;QLVx;DD9k;v4hg;3237;1DRQ;Qrez;0AFC;gLFI;5955
VrRD;6Cxf;mXtg;rF7R;8526;ys7k;BEmL;Kufy;pzBY;1878;9Gvk;YaWm;4LbK;SPVB;2722;hrME;VAC1;0bLN;X6gP;2038;NzR4;iyrp;6rpC;qK9n;0305;X5Lz;7BFS;HX7t;R5jJ;8407
jdhS;MhHF;1xDl;G2Ao;9739;72FB;XNOs;Bd73;L76o;5909;BmeB;PkEy;a1we;qcl8;1941;S6dp;IvuO;qIR4;8wzl;2798;WQAd;D9tv;yVMI;Oe3Z;2249;YzGd;qh3H;Mn1K;8lhc;6663
SUAp;IbA6;akuF;UKW7;8835;keYC;cwTb;Lr8N;Kcj9;3710;YM6w;kU5Y;Rrjz;2y4W;0540;qLbI;EnwR;pRY1;RtOv;7819;1POa;jTQW;PUjv;SNoY;4527;NS5z;IYdn;j0Pt;6hki;1907
ozfU;9S6z;3fD0;GcXj;9876;8hdS;Lz9S;Yus8;GL69;7726;pWlc;earr;Xc71;5YKn;5100;JNn6;9db8;YLqZ;MzTS;8646;y8Kj;DLQv;5tx0;PN3k;3973;JmkL;k1vg;55C3;NWv9;6822
EEAR;6Fcj;mQb2;W6Ge;8911;qRIN;l0g5;W2Iy;OuP3;8257;K1p4;Fs3I;nJMs;eCeF;3338;qnxn;NLzH;8mRs;Sgjg;4088;bLTc;MUv3;l6vT;I0QM;3021;qBoX;easM;JZb5;ie6l;8874
Way2;8etI;L7na;21yb;6939;FjWp;qEV8;9xc5;Tv1f;0332;S4Ed;Pk6b;LmEz;oquJ;9837;it55;7XPv;eiJS;HmPn;7822;4aIa;Wcpk;nMMX;43EZ;9960;3Az1;qwXt;ylN8;BPBT;0236
N5LU;OmfB;D9wO;RqmU;9506;JdKr;yx7R;GDzN;QDHB;5423;LzFJ;wZ1y;odeU;xWQV;5896;cPPZ;WyrL;YW8E;OoSa;8927;cMac;VJJE;Ufr0;c2RK;0341;7I5w;S1Sz;h0kD;AEss;3439
yoUY;bTOS;FkhH;Ws2t;8411;My5S;K9RJ;H1b7;vQbM;2756;Mecy;DdvE;jIH7;ilwH;8904;z7NY;XHXP;wySY;6zbt;2650;s2iu;AKyn;p4Yx;Jocv;1321;xghg;VlcR;dyoU;4xoD;3582
O6iK;lLVm;gMJZ;HAx0;4517;VbTV;KyVz;Kz7b;EQZO;3717;3Z84;Aq47;6E0e;DsCk;7778;QMRh;zdKR;tHiW;oXxY;6347;z0Zk;DnRJ;BwjI;oMjt;6063;8PgP;4aZS;KoON;JNSO;1975
OOYt;dSoU;Kips;YQab;0472;YLIk;U3ss;ufta;wIQo;3342;TRXX;1HoL;7ikH;ZtPX;1942;xz82;sUTz;W22q;2zva;3010;x4Xq;KwWo;okLP;W8l5;2347;FD9g;vfEl;RnoP;4biD;8748
nRPY;IkYo;M9E7;Ssj5;9061;ftuI;ebKZ;9cnO;jtCS;8985;Y4j6;IN4c;my3e;Q6Ll;1175;P0A3;D1uM;n8m8;6Zyb;9217;z7hN;ubqe;EnWb;pAeI;5424;mhju;pZIO;r7UN;wBvD;4132
uoxa;ZeLR;OSSe;Wa1X;3194;HhIc;iI2k;uIsn;yzMe;1192;QiSm;s2zx;qUbk;Nj3B;8616;8u6e;5m3l;VdLv;wuiv;5812;dzJ6;j25A;LE4P;7cv2;9841;cEiu;yLlP;cIt3;B29E;4440
okP3;yNkc;XOOG;8ras;7140;aoCM;NR8M;i1op;CKGH;2396;AWJM;6m6J;6lJ8;CkOD;9825;DwBa;xwhv;KeNR;tUZ1;1434;pc2d;qU0U;VLGK;CN2M;5278;3ocs;0QaB;U6Mn;31r0;2897
MCoV;TODf;0vRz;6MUH;8101;ZI4X;ZCw7;tiBr;3cak;6926;C056;skyq;o85P;qSzn;4263;tqf4;V6ke;B6O8;zbjR;8721;LsWk;f3fu;rjV8;dECs;7830;QjRT;Iviv;7SAC;RMOJ;2025
ECgd;DR3k;fXt9;Nms0;2907;AppS;0G8T;aMa2;1uG0;8600;jFP2;Xv6d;IdTL;vgOi;6717;Qu8S;BnpS;8E6B;hGfv;7663;TYT7;M3F0;Nwpz;QgXD;1315;CIYo;3TP6;Zim9;AKT4;2989
Hgsb;HQmb;TqDx;Sky8;4806;S0s8;DXiN;BIwS;jf1g;5855;aSgm;Nn48;5B53;IREL;1903;QeYy;mvrS;0h58;dtwO;5223;KFpS;VrPg;KhUj;nWmp;8416;1XSl;vMyb;KkFB;DJ9M;3851
OFZ8;Pxbr;MRlc;TCfe;6628;Y9M8;FrRV;8AfC;eKk4;0796;5aB5;1D2j;ar20;pz8a;6512;uCcj;yNH1;VZxE;6nPX;3283;d10h;kqx9;bqA1;smaz;0027;l7dm;NIHM;Qkjx;SLmp;5217
jQf6;X88f;DB6q;l0mD;5115;uFDK;XUj1;WPxP;USnT;8329;Fw1k;HIDO;vBxX;B9w6;7705;ntxW;LWQ7;98qa;QK1s;0064;jl8X;ea2T;gfo6;OQKU;6191;YpCT;Vtmh;GFiP;VvVw;3167
yqZY;3vuM;QvhJ;thVs;0543;vvUP;jBCy;fyTN;ruB7;0409;ZtJa;kvyK;T1PZ;CCVy;3684;AXTR;53kK;wP3f;TjLw;5745;CMNO;hn3T;6Mk9;KO7N;3875;FFKA;UCEM;F47v;z9Wn;9219
WLtR;AEYQ;Nfro;FHDr;7232;IFpq;TPPO;Glpt;Wm2G;1233;YCKX;4YL4;x6lI;YpFh;8674;0SZy;dqbd;FP0m;msUu;9953;FfiR;cdZq;Urs0;y46R;9703;HHiG;0aGI;JUGo;EtXc;6912
MiA4;aqPK;o8Gg;dBYz;0848;JdcP;lIPH;sgKU;uf2f;1435;m3VA;D4Fq;iBj3;teLs;2617;JTZO;hOaM;azD8;faaI;4086;fsjh;bCp0;TQ25;01XL;1841;jXHQ;HkRg;aKTP;2l3x;2146
tH4d;t8jS;UHx8;7910;3663;9pIC;GxIu;2uGV;8CI8;6015;BFG9;B2K7;jETV;3yvz;7496;YySX;trAV;rIKz;SeWu;0339;F7HP;P8tG;PZxk;1O8b;3274;WuYP;lpsj;ziAZ;22PQ;2777
B7nC;WHXh;GhQF;Y3ti;4514;8llV;aOBX;u8OS;UaK5;0562;gTwq;BmUL;GEvV;1Cit;2193;NKKJ;vWPN;sa5r;fGYv;6359;zVRA;kNUx;u0XG;Z4T3;2507;OpcE;Jjkf;ciJB;B4wp;3359
2XMu;zIng;CyLB;SP4T;5906;o1vp;gxud;EVf3;SquB;3902;n25H;TqUc;tfBK;KOBU;7889;kjaf;woF3;Qznb;NYU8;5367;HM4j;QVeP;s2mS;klOV;6451;aT0I;CxfE;Hyi1;LEBi;5509
Mr2O;3QDN;orIt;Wqcp;0829;CTWs;goH0;0ce3;H6Za;4415;GkUB;Yppz;4CcA;hFLt;6740;7SOw;MYjm;yraG;KUAG;5838;WybO;ebIE;BYnA;pCLK;1474;MPzJ;22vc;PpKE;O0TK;8859
G5CM;0PEI;87lJ;ZxyJ;1657;PxvD;huXT;815K;875n;9529;Hf6h;MI9U;wVCc;EBiF;3506;hlN9;Cdu3;uw5R;BQQm;4385;HKCm;4eTo;HcF3;KYex;2241;RlYM;PG6O;jKI4;1OBa;5933
AwEo;niui;iTW7;agfg;1694;Zxl1;PUmX;vO2A;ATPD;6030;gjsT;5K95;CKdH;t5bc;2231;4QP1;55iS;LXSW;1BC0;1104;xZeI;bZ5X;TRpk;H5gh;9721;vKIj;UJa7;zLws;eMdf;2007
HtPG;KknC;ssVd;7BAn;9731;OXVD;xd0r;Uo8e;7X6V;5766;j8Mw;aTpd;7j3q;CwtL;2855;SDVn;xxfo;wOBQ;qXIC;0941;HxIK;NSvc;qJBm;GzUm;0156;1Sqh;TW1S;OOr3;u3JN;1170
RMNa;If1X;Y4WP;F0sw;8970;f4k0;01lc;kRqz;Rpol;2704;gqtr;HVeV;9VZx;y2qs;1108;Afcx;dZqH;OGut;S5MV;5903;dToK;E0JA;Ap1P;t7FB;5728;gSXV;jZJG;GVnV;adhx;4254
fN0g;rLV8;hqt4;d2MB;8663;lqxM;NUf9;s9za;Cq6S;3930;Gk4f;JLhH;AFwh;VbEL;9515;bABh;hSPN;lfk6;lOJ6;7680;1p7w;Th92;PBGV;PydR;6397;ra0a;B6Ns;oQ4P;7wwi;3859
iNdz;qudv;Ywv2;iJz4;9717;s7Jb;ImgI;wwM4;I3Ku;8588;qa6a;Fvao;5XbU;lC0t;8306;RrQ3;tU6n;e7qB;Z7RZ;1922;6ppl;hwSH;FvSH;xWnP;4182;b3AQ;RsJY;51cn;X9XL;1750
T1Y1;omvG;p4LI;j59o;5534;wrTd;Kkzr;rnLB;9lKS;1261;g5KW;6MX6;HgYF;NipR;4356;eCgU;FOhw;qbg9;4Pzu;6052;D5m5;325S;1LbK;4Z4z;3465;G2mo;uHuN;nugx;GuyR;0073
rIh7;YvJ8;WxXQ;VtcA;9885;SBIK;GnrT;OP47;3NQP;9039;w7Cp;cmlX;GZFE;ASHs;7914;Fe22;2HTp;xbzv;PZKO;5005;DWvQ;Eq0T;fckz;e9k1;4336;6Dje;lQ7O;x0dW;g2eQ;6722
iYHl;3gOq;Wjwr;9FKd;1384;XfwX;piL7;i8S6;iYyj;0363;4IV9;lFty;ix3V;LXRT;9804;ga6D;JWqx;pZko;Kc6w;7971;wlIP;Tz1S;ythz;oJ3F;4131;hpru;R7Po;k8a9;6aHu;7264
ZoWT;eAo9;2R2J;IlBk;0783;lku1;TdIn;abuB;k2yQ;8743;uyzs;tXa5;1APY;cuGr;4279;yjcM;KVwe;RPXB;CLrb;0758;QVK8;GDHC;uKAR;Z2NW;3290;Bxgp;WERp;rHMw;teRu;5806
UkFv;pLak;Rwo8;hfEM;0696;v5J6;Ih3N;GbRL;InUj;8673;uz1G;A9s0;GgtG;5UUG;7949;rE6L;aF86;B642;7G1X;7473;EOg7;zohF;V7v4;NCLl;8560;8C0t;9mIE;gBo5;JIsa;6129
tStc;zmQl;8q19;dpzb;6332;yZZT;MnYc;tvgx;ECC6;9970;Y9Tm;zGsx;j53l;Pets;2272;msaC;FBe4;PrFP;UN6f;7253;cFDT;rqar;SKNR;bKVq;0959;DFYK;hREz;Ohdd;ABUQ;7214
o1Eu;lJrg;q7gO;qHnc;6809;vnFS;DTI4;1qYk;1tYV;2431;lmeb;RjLm;JE0s;jOCR;3337;CT7y;NTeg;ka6e;SURm;3109;Bq33;XEwP;RcjG;Zj3m;6274;ZCAT;Pqwm;V05Z;8qbn;5055
JY5J;mPHw;ErKM;7nrZ;7034;CqXD;CMC9;0Ztz;omFT;3728;apIr;p1qK;D9gz;5U1M;7019;piGq;Gyer;wPvP;4YfX;9271;LEoP;6q50;g2oW;69vr;0409;RPLN;Igdw;g6KM;D9M4;8681
B5a6;ABuy;DnOm;dSWG;4011;aoo1;kkH6;aKMU;5e2c;3254;LlTB;t3EH;tAUa;Fre4;5195;XuOg;VsBC;wmSG;JK9Z;5776;4zVo;b7N5;GgNM;Wlqk;8196;Gr5s;3GeB;L2bX;qJZ4;0271
Ar6T;E2g6;OVxt;wl7Q;5348;AJiA;Q1Dj;Fu3K;9zdp;5532;5CQF;g0xX;Sat5;Pilk;8291;Gp7t;BbQb;ZtR1;MGmq;0649;n2kV;oAyf;Kbcv;NEn3;7238;6RYi;QW68;35kQ;tNxX;2620
Tzwl;mOYs;XoOV;p43D;6046;5sRV;xE2c;rxNl;gyC3;3121;ZBtQ;byDI;H55w;I9cM;4933;HcmO;xuBy;NsJ9;OJpw;5205;yXvQ;S6dE;JeEP;FuMy;6163;5OUR;45c2;VYh4;QnEg;4127
yhpP;CVYg;FMW2;ozQH;1606;uBoy;CeWM;Ai4r;fI6v;0788;caJI;Vt2q;ZYmd;H3tU;5993;og85;hNVM;jYVV;Kv9M;3346;pmHD;wHHE;etxl;t0aw;8829;B1Dp;jHxL;m2bL;vt3D;3029
Qqrp;fdo1;n0Go;EE8F;1834;YEij;66xu;HXQa;3LdT;0281;CXZw;v1U8;hvqf;0khV;5944;yy8H;UOTs;1xzF;KV9A;1271;BKYr;UuJj;9weL;9b30;9081;mhg0;x8bi;KsMS;Be0E;2561
hpjB;qUpd;zLlC;oD1X;6051;RSx4;hYJI;HsQ3;8TDa;6294;vrwK;EaWE;Ojbh;bxf3;5414;NUo1;sOZA;O7r6;vzBw;9247;OFdX;cwC7;UwVN;MfYz;4702;tOio;FTvl;dFxs;wdGi;3150
UwD2;cjq1;aqG5;yRdn;3012;oG1t;otSs;Sc1h;30J9;9487;Xfon;M1N7;ssoD;ugGp;8344;Amhl;85aH;D0uE;QPf7;8725;ZUKr;P8wW;sgF6;YmOK;7651;wxIw;ycds;kTTr;grP5;2080
riaR;YqMw;5iIi;bjnc;8779;RzMg;oDQD;SGKN;jlll;0082;NMjM;hvha;rt3u;GCC1;8332;YhjM;9XV1;UCxj;dLrH;2510;aWFD;rI3h;lTNE;OiGn;7379;6Kdr;vAzY;I0Af;tvB3;2011
Kkxl;PhP1;Capm;7myO;5116;sYhl;Xl6O;LLig;IQoj;0552;7iWP;zGl4;mNg3;Xjvr;6610;bgpT;dtAQ;tt5a;2Jmn;6217;9K4w;K4Ji;iqZP;zcgf;0595;VzbO;1zhs;uGLv;RT9C;1950
uVwN;NsgU;v6LJ;QOki;1479;1jRL;TC2e;0N1P;CsWq;7790;bvv6;BT0w;lgmS;fgjP;2329;E4Gp;nuOd;i0fG;KxI2;3443;e9d0;CmDV;w0NK;1qUy;8435;odBa;buSr;5rFQ;zUFe;1899
Q7tT;4TQg;mzdj;LFZU;8760;Dx7r;yi9E;Wmwe;gzYv;5710;Se5K;zEkM;SXtD;VWIo;8241;q4rE;0E2N;cWRN;Gw65;0597;UNPl;j9xA;gqlo;ME0R;6239;pKKN;y8BV;rwUk;eAOA;3984
aYWK;QXfj;vShX;yKue;0948;rGMt;H33f;X5MA;nQ28;4323;6pzV;jUUm;3YvH;un7F;6363;2j04;MLGX;Nkvu;aKUN;1685;R6Wa;ohHf;zV48;Q0dc;2421;xvVo;59P6;c613;sIG6;8552
ffpZ;qkEz;upUo;Dht2;5089;aP3Q;icuf;jfdb;oU4w;8166;3536;zQAY;OU22;Bzkm;1226;VFpm;Qe6P;nvTN;bKUe;8079;J4BY;2qhj;Cb6e;BJJc;2522;mDNH;1mBL;zwkH;CvNk;6754
iU5j;LGE9;wUnp;EOgY;0063;1plD;HHAJ;hhB7;2R4j;7460;Zb3y;gV6n;FerP;4Myv;5765;fRsW;d9LN;8wiI;pBvJ;9046;uOCc;mSQr;PNmH;CnED;9147;WCKC;80Sx;eNVP;DIHf;9265
dgQ1;j9uX;HSgH;qhPL;3206;fVKp;0AIt;Tunb;34SS;3720;R1hC;ZNFB;rbWh;BTV7;2978;fkkn;L7Pu;0AOA;ti3o;6843;a1mw;Wz08;MmfS;g7eq;2178;6dy9;ml2n;WdvQ;BE6d;8600
vMCR;fnlK;GYXM;rDJi;0274;Qi8T;yhuS;Ya84;vv3f;0476;Qzwl;2Inb;hCux;caIh;4105;G4fV;ejfl;frsW;rlg1;9494;lc38;04GE;p9Xa;DPLv;0322;7WQn;DyVQ;9q9d;Aefm;2432
8aln;kEzK;igCB;sUQ3;1131;4Cgj;PwaQ;y5s7;G9vu;1011;nZwV;We9s;Z3uR;omKQ;4568;ActZ;t2LG;sBoG;m86x;4644;qX7c;QZEi;TY5C;G67U;0705;hPTQ;TgR6;lSVA;shbz;1929
tEEC;pDA6;UCsX;vOYR;3520;033P;ZC1b;68cU;MVxU;1662;Ca5W;ypNg;uQlw;wiAk;5427;l0J0;DK1C;JQuU;ZQe5;6590;nxSI;dQAc;fpW1;vLCV;9150;iNJv;T7B3;gDoY;3fgJ;3155
W4J9;QXtv;lPd2;PHNd;0665;B5MV;sRxA;F2DF;k9XI;2284;CcxW;OUk1;H2Xr;HP6P;0991;meNa;OdAg;9oWm;VpIj;5038;shbF;mr1T;Bj6f;AaUA;8632;py7s;rUPO;g0WX;jaga;4173
KTtL;Lv6T;1Xzw;B5VH;7005;V283;3UWf;M7Na;H8Ty;0949;V5JB;uhkD;7Txh;0Tuq;2557;Wgj1;R7r0;Cm0S;vyjc;1146;grr0;SdMx;6IeQ;x3v7;4751;2hdt;fZm5;1DGy;MaEN;8657
yRwH;021B;Sy9V;7xlJ;3834;AHkM;CQyR;GZe9;Sl6N;8892;SD34;hEV6;Hpqw;ZH24;1859;Ns2M;pGrD;DgYH;FVxA;5759;gPFI;xzgx;yU7F;txuB;3939;atVn;BI7Q;MKHU;DNRt;9276
F7Ot;co7i;EzH3;lwtY;6758;XMKr;e5IV;BsMt;c1BI;6590;iT0j;pav3;Hscx;a81L;3948;vYyn;42up;92kb;hH4s;3522;Ld9F;o45S;muUG;EITK;7803;6ocR;v4b3;anMX;keEl;7399
xpco;xlUP;CL9x;SUIK;5571;DpiD;dcXX;gUnT;gxS9;4458;krOR;jwZw;cPH8;qbuW;0570;AZG6;WyXr;e0AM;nknl;9164;Obu0;miWf;k6kA;WN25;9466;NQRc;gImB;KVfh;Dl6Y;3196
yEQF;Sxrk;TcL8;tJkz;8206;1m2X;BjGI;ZhYu;XuHY;9265;W7MC;JJDq;97l9;M89t;3161;NWm0;Rh3p;RfDK;CpI8;4057;LkbZ;lGvI;shHu;z8JM;6126;sz4O;BIBj;Vx7P;YQ7u;1850
InPh;J0Ao;dqyz;oesP;8690;WDox;spZj;qgEn;mYxD;6313;UGgS;olJg;dlbY;Wud4;8112;QqNy;u3EU;jOdO;knkh;5218;4kX0;bqFZ;eq8q;gbob;3948;jZP4;UeGN;6DRn;xMWl;5643
MzQV;13Ln;6Xni;Uz40;1337;AQxd;fvlP;MoU5;Hwc8;1041;KX1z;3NC8;Zivr;ejdJ;3509;CBli;LoN1;OFln;ccT8;9287;OJlM;HSX5;jkyk;XsJS;8154;pltT;1oZn;wy72;O2z9;0921
Qag8;xtHu;K8SX;iheC;3537;AiZ1;Bha1;FJeo;NK3n;8284;DTre;aNYl;2wMM;bbJV;6538;3fUd;K33F;k2pd;o22W;1566;RABR;1Vz9;AQVg;ogmw;8120;JiXU;Vi6y;M3K3;WpLq;9060
xhz5;8Td0;okdp;pWse;7368;4p1V;SWBq;1n6f;YQOx;9826;JiIH;867T;nMnb;6MnK;8882;Orlx;wgep;dscu;OhiN;9746;idyC;jwPl;3nKx;r9lX;9032;2lWd;i9WM;i2o5;sHf5;4500
49uY;3dbr;snzC;f7aM;1352;nmV6;FOge;fa6a;ZDz3;1516;nLYx;mcS6;k30g;vFus;9521;GCS3;rDkT;2o1X;HmwZ;7257;1vVo;RmUM;KKyk;Vkm6;4873;GRWv;TQ2K;MrH5;rUd4;9334
wKR8;AnMj;TteI;9EcH;4335;vABN;mFPc;6bP3;VZ2b;3857;kJm5;igql;kxXc;Ce5x;1770;9RCT;gLbu;rqRg;5UFh;9870;xEhQ;vlsf;Nxcf;GhyH;5334;Hh7D;dV7m;SWfL;gwmp;0060
6kKb;tHN5;fYyg;5mXr;2198;XiMI;X5l3;n69W;4jpz;8945;gGPP;uQvs;Lr8o;sJ7B;9743;vJ9z;HYIQ;up4S;Oeb5;8008;KBvP;met6;azDv;9zge;1341;3auT;oUoJ;znbl;0rds;4857
qiPV;quql;LezQ;GEbw;4789;3iqL;m9PT;unfy;UHqt;1580;EFS9;FSFe;hvFP;IXBP;4840;9twB;swaj;dlcj;JUv0;3374;6B5b;v14X;s2E6;Yj6G;1510;lO21;6DFP;eA2o;qk54;7635
GX9W;BbIo;ynu4;h6Yq;0265;DDh9;OjPg;7Ofh;xvNJ;8002;T5yq;eMkc;cTGE;HbPL;2232;i6lb;3hVv;b2cL;rBiN;0501;mkRF;iqnL;Hrf9;G7E9;2815;pO16;gVgO;bZ0z;wqnr;1824
wHpP;PhcT;RuKP;bDNI;5524;GQjC;etWP;YRCm;hTz6;1887;3nGo;EEyb;StG7;2isG;7024;IfQk;3M3R;znQ4;26Jb;0355;Qdhv;l4dO;6Dru;14Qs;5304;uTr4;OiSW;HgQR;PAPf;5780
mfJs;Sgpj;zi5I;ieFR;3850;DFNb;a1ea;IN4g;oJOK;4786;UVIR;MXvA;6y04;Pv6x;1323;3jnP;hmJn;DCpm;VNwq;8792;8NM4;BZpZ;mgC2;NKx9;3616;XICY;basf;tFBS;hYS5;8279
SNGE;P3Cf;LCCH;iZCU;1304;ElW8;FNe0;Gcf1;LRmX;1281;Y6JV;IFtM;wRpK;Xg80;8460;L1eX;DW56;6pFU;2jz1;4396;5ZpG;o9L2;y2Fe;GA0Q;6593;rxpD;eaPO;LNzr;Xl6E;6222
bMKv;H2Jt;vjei;ycSc;0088;H94O;ug8r;1vCo;KyY8;4167;oMwa;qOfh;7GBI;W1h1;6056;otbh;dTrH;Cz6o;vEPQ;7589;RQlj;bmXy;dGlK;X4xM;9528;KIQV;0JEY;9j6p;1USg;8179
Cev6;WqfT;CvDW;E4XY;1961;kuGv;cfXA;FAcc;OWT7;1694;Pny1;TvSN;WoC1;KzRC;9498;SljT;hp5a;gj4F;15pC;0570;bMGg;sLcG;ytO4;SkdH;5878;ow9H;nb7b;UAUx;vcNn;6269
MRaa;Di4f;LehX;iXOD;6727;pjr0;gW9W;J1je;KsUs;8406;TVUY;YSOv;Dktv;3wtm;7530;Q8bX;8R1z;pgou;DfWN;3449;bnWN;Flgu;aiDW;9Cce;6443;5a3E;GXrr;Ufdg;WB4x;5406
iaql;0mKn;SWo6;xE8U;5426;04Bg;38Hw;OpYU;29d4;6278;9wux;noRx;HRrI;jliZ;3310;YWuA;4XPz;wNWN;F52z;9397;7oyp;pBA0;voa2;fiUE;2864;39QU;vv87;gDTq;7l3E;3983
h9dJ;dxFQ;XVMZ;WN3H;6398;VgQ9;XBVQ;Odyp;wS2z;0723;ueud;6oTl;mlKd;88SA;7481;Ntrg;s51f;glNj;katr;9299;25b1;3Lbz;JpUE;R942;9004;GfwX;EsMG;NMXA;rGKQ;4849
4slU;4dPv;7985;xd6K;5320;hosC;XPkp;scJh;0dhd;7537;GZCh;3wfp;JcsG;11wg;1193;uaCj;0RAK;fVPD;Okay;9574;XDzi;3okT;NAxL;Aym0;8458;Olc1;MUG7;LzqB;zVrl;0932
xr46;ve0C;R2Rt;C2Eh;7528;Eygk;U3XV;jXQQ;Qa2G;7970;kOct;Vtff;yths;EN9r;3170;a80J;YPh6;1Dej;m5mu;7525;SxVu;zAHW;9A12;7uy1;0826;6pak;T1JR;ASbu;FKCW;0047
5qyS;z83i;CSII;IjmX;1971;iBHp;mZmP;efBG;KvmQ;7020;dcrn;jGXp;3uWA;vXET;1004;pGV4;fpyS;LUZ8;Sn7e;3338;0ACS;Bm7v;Cfjm;6Guw;6133;z6zX;D5qa;W8YZ;qCz0;7843
5P9u;JJs7;EGQm;fF7n;9718;hlnh;Xgsy;Lfif;xZD6;0229;9EWs;JX9U;Zvzj;x5Wz;7191;k2Zs;qvwf;BonQ;DZRx;9118;N8YD;e873;6ilL;DkEN;3147;qWBH;hmbj;tFye;1Nrn;4931
c1s2;y8Qx;na0u;6AXT;6466;FFz7;DTKn;eVIc;tBFt;8069;ZevW;Thbu;ZrMc;PP7M;3776;2RbI;BUaf;IkIt;kv7s;9910;czjJ;bG3t;AjG2;FVrT;6632;H110;PKQz;muwd;9W99;2328
8Y9s;JsuF;bE0Z;5547;2009;sOl8;hHW7;n9R1;1SbG;1786;Ric5;EL6m;dezk;tZX2;2082;DYTq;bEJo;UJsN;ujT4;4997;DFLq;EU6K;6sqY;hzI0;3247;EiKB;9rHj;VC0Z;zAzW;6971
bdkZ;ErNd;X6Bf;bxXy;3605;bxgd;Io11;zgfG;1VaT;9353;lnxG;6UHX;KVcP;YJd9;1658;6oml;Yz8v;zLaK;scLc;6683;jnt0;d2LI;EaLT;CUrP;1264;d3Hj;2pgP;jf5a;PCGz;1990
ayvi;PYRm;n0nS;HupC;8828;hUNh;HTDo;Ij4D;0zqZ;7704;gDBV;j2aP;1vEe;9yvz;6641;i0E5;UA3x;J8Rm;p1jp;4922;K6MK;lDik;ZorC;QMby;5882;Fywm;xO7W;NO4j;yUAE;1289
lZ9v;N09I;KMdf;Fyem;5274;mItU;zlt8;VbZk;NpHi;7578;fgiR;YL04;DwPu;bqVX;9989;tdc3;5hWn;2gOS;xDe8;0940;mPQ1;YsKT;OSUY;zOVo;9990;jgwM;be4q;YYLQ;Ousm;6094
4WYK;Or5l;UkZ4;s5T3;8964;Gjbb;3scr;qteR;zjd3;0714;bMOA;thYZ;4jpc;GU1k;2552;IhLC;OYHL;ZseR;bRKx;4687;BIxq;UTmT;3P0k;J5tG;0591;UvM5;onLZ;4ZuB;fqUH;6116
cClj;RDj3;dbwP;tG77;6267;SlnP;u9FC;BBTN;o1gS;5029;SYjF;OfNk;sNq6;abD2;0836;dASA;Rr5U;Q05k;DNFh;5092;QBY6;LUdD;54C1;VhHX;1170;rWMt;7nge;mhph;jCYx;6829
ipyG;PGP2;IDQi;e4Wx;3347;tPgc;LBe1;fqpw;iPTQ;4272;3nWy;b0mY;9Fp2;vMG2;6459;Tq0x;E6K9;o6c4;cYGH;8260;4OGE;mAI0;RRfB;TS0b;6409;WrTm;86ru;t9bS;3Mnk;3194
jchV;ZBNi;egyh;XnET;3148;mBkv;gFGV;go7P;ySbI;4791;a9dc;pRIO;kgSN;2bn4;7811;UOMQ;VC9B;I6SX;1O20;1091;Rmla;rn9V;kaHA;jbV6;7393;t4Nb;m03u;PNiH;jpdJ;6186
Yjj5;54bl;uiFN;jwTS;7854;oKT1;qXSG;rl7d;I7Zj;4750;oKA4;oOeo;6yOm;0TSV;7886;BQnQ;0a3k;Lw3w;kBkf;0244;Q4lR;D3fV;6SbV;L2pa;0312;aBbw;4wAA;RTEK;N3dE;9839
A5nx;Xcvb;XTal;f0bU;0736;sIrZ;bL2l;KSat;6vBF;8404;9ea2;sZIA;J6Wj;qYTZ;5462;0Fm3;D5BM;zxT1;BvoY;1353;dTKQ;0Mpj;owo6;9xIv;7488;VT41;uk4Y;iJEX;c70y;1293
k1Cz;r5b2;SR7F;m6Tt;9635;eNgj;rXtQ;OOKw;vQLO;7758;pJr8;GWH6;R5jX;Gfsu;9944;u3c2;Cj5K;ztn7;DC9y;4144;0Cl9;abs5;wyhI;O7fX;6046;Ddow;AQJh;1zDv;g4Nk;8966
mMIB;2z6r;lLUY;6Mh8;7540;bAob;CrPW;zNzh;lF6x;4768;ikYk;SySc;o5Ih;u58k;8756;4hrt;vYcT;anqO;ffqG;9518;utH6;NX6I;Hc2C;mFYI;8665;0zhC;PHfO;7PNo;dpSw;5238
K8DS;yMhL;t7Y9;GUlP;8440;nOye;DWF0;Ze8S;dQcn;2922;pCCc;nQMO;C6is;OWJk;5345;nhpO;0MU2;KVUx;rhv8;2118;K2Wn;OYAA;skq9;6RUv;7866;Sats;0CdV;09q7;1M6I;8386
xnGA;IK6p;8EPv;QOIN;9539;mSUq;d3L6;GzLN;dZdm;4799;NQlW;8W5F;HFfI;wmxV;6125;tBne;shL5;8KyU;XwFW;3907;fIy7;d06A;0K2e;NYOi;0800;hNZY;qldz;ReWf;NOF8;5942
Cukh;Cpqr;8TJf;RquP;0693;DfKp;s1Qn;TYra;N2bw;6842;jGRd;vXny;pH29;QEYx;3040;1NRL;LA8K;soFm;fsxQ;3446;81v1;Q2jO;YwVQ;gGbK;4892;CBQo;PoD7;47Bt;KlhV;2213
EXyF;kiHi;8t9d;lRm6;6619;9Hmg;V96C;Z9Wa;lvQU;0165;rwbP;kMg2;6rdC;gQAM;2451;8vIP;lH4r;m7FD;4uKj;0818;1SMn;HyC4;m7cv;jK1Z;4536;hdpI;Xo4R;Wbdv;HtCC;1621
0AML;TNzU;tf5T;ROIR;6341;2bdQ;KYEs;Lu39;D28G;6174;8wDY;mEda;mCwj;icRK;3297;kbfy;RNHL;QZVl;nwoG;2500;EkW1;Y7cp;sAvu;26ib;8446;XwF8;hX7e;J5j4;like;8054
OtXf;l13k;N6sJ;NDi0;1064;blG8;q0ed;e7f6;eQET;4342;7B02;8wAz;xycR;1l9s;0934;cG96;FCma;mDde;9h7e;9317;iyMj;4lpg;vmYO;S1eu;9495;bEpG;vMYG;ZojM;MKMb;0656
U5r0;ZxMf;5XYT;Jn0s;3501;zqel;2ZZm;LM6y;irMq;4817;YAMm;3apr;2gPf;tjD7;0814;gY7s;YtSA;jC0w;nPwu;4695;QEI1;y3JZ;zSeC;j8wM;5288;n4pf;x3zl;8ben;ADYC;9655
BHVp;zpdS;t0x5;1WWK;7693;Qkv7;84ux;Z9Cr;xHc8;2241;s3Yv;SdgB;fESZ;4WmD;0863;B3LV;Fmrt;mO0l;uhqx;7067;3GTj;Gbg3;i6LA;sHlI;8540;bvg5;yrtX;AEtf;kONw;7884
UWJ4;2tuX;dgRW;kHXy;9435;27GJ;yzVb;L1kE;k0Tk;4661;zyTT;5qjJ;oUVI;HoJ1;1245;FFsr;yUwt;3EXG;p7AW;1558;1JNW;9jDQ;YnUl;QplX;7705;UqY4;HYqI;ZXlf;0sbt;7237
Ti5a;NChX;BA0Z;1d5w;1541;c6sv;ybZU;jdiv;ScEc;7157;7926;hgKU;UeEH;3Xo5;4149;Jyu0;Bw0X;pCPH;77Im;0622;yuFf;8kpB;gypP;qrbT;1078;5WJ9;bfNR;cjaO;ElUf;7133
S5vv;JQ1Z;5elf;aR37;2020;j66N;GLjQ;T2Gu;oL0s;7129;utJ0;awDM;j6o3;R4qp;5299;OIOd;bgHq;dNNf;n715;9048;yyin;rQOy;HtvW;ya0D;7654;ymqm;uZsG;SvYC;mwvh;5591
wKXB;IXkR;JdwS;4CDY;1469;F4J7;HUHV;p9MD;FCaS;2472;OT5N;F0yR;ymCc;e3ek;4731;KxZ1;hfwR;skk3;Y5xi;3925;ih2f;Lhm1;yAVU;1xxn;9175;JqvB;VqjL;IHw0;IINt;7406
jgYC;pJZQ;LNYd;qS57;7604;scqh;aujL;5N5b;YP8T;5398;8QTw;j3wp;wxLp;eUuI;6258;i29p;p1Gs;hUIB;FJ2X;4262;Ogkh;Ul4Q;X9iA;uaDe;0782;0TjS;t1H5;h9Hi;wHIm;5235
svmN;X5xH;FLX3;AUcf;0150;qanB;ntZD;IAJw;PKfW;9265;5QC0;ijeF;zA5l;9SSN;8786;9wWK;UKq8;1lBM;cNMY;5837;7JZQ;U7pM;14MT;Sl05;9996;vNOq;jAds;x1HM;QwRB;2170
dljd;cJzp;9aJl;Zd6r;9248;KxzZ;sPIH;fcvw;AmWM;8846;g2U3;ad9R;4AtL;Ni7H;7870;xnqR;Z6MN;b43q;Hnn9;6697;SvJY;k8ys;7PdV;0FNd;2204;FqaQ;UgM4;GoIB;jGJP;4109
tPvY;3kFc;IEZX;FQt2;4950;g3i3;ubKy;k1M0;IOAc;6934;ZlOH;jeCW;P9tA;QJpg;2876;MUg7;XASw;IZTH;VPsb;1331;7NoP;3eDl;mwQ5;jGgf;6324;hZNJ;oVdO;szBG;thD8;3383
QTfk;kI2L;taHt;K7rI;0695;osLB;QyFP;KS3v;V3Le;1779;2FXO;JvYt;BMa1;ciPZ;4533;qizp;ENF3;LfCc;cSR9;2786;3LRe;PpWq;aw19;2SZ6;3859;y9Pn;HFsk;5WMJ;zvAI;6108
gBjH;5NuM;aiSm;SlXf;5357;3paJ;QH1O;LEfm;j3cL;2667;Mg87;UdB7;xePQ;COsq;2312;yzxp;SRia;jB6i;uXMW;2990;ULdt;EniB;LHSe;L4eG;3897;XMyI;ogTK;i8iN;TMFd;7139
fDpa;wNsK;bbHy;bwrG;5101;6YQA;2Tw1;db1r;BHAO;5850;XgEV;PSBP;UPh3;exyF;4144;V6aq;LNs8;K7Rl;3mVV;6299;S0ta;ZWiS;GLSu;HyLU;4803;ljr5;iDoC;99HM;nIa1;7358
S9rk;JzaP;WwZo;DDeH;5789;R9Fd;CtgV;ANFi;aAEq;4129;BA2C;WEsE;gupT;wY9K;4805;Jccu;NOgP;qukd;4fOA;3064;EfMJ;wVLy;Vb0Z;Y9xV;0153;qlzg;xFty;USKg;4Vza;2281
j8jX;vQxq;7y0f;CUP3;9482;Ny4T;nQ5a;TLCo;90R1;4570;vWy7;kuBd;fgmK;yNc3;5456;JM91;b1nr;7xt0;WWtc;4977;rHWw;wal0;nyQO;byoF;8577;9onN;HZoK;aoFP;BBGO;4282
QR3V;FDyG;QEHV;shfk;6401;opnj;Vqtu;njbb;TBPY;8941;cpGN;4cVq;Ifw2;TKME;4771;obsW;kgN5;0yaQ;zUrE;0434;kDuq;jtDP;8xdi;FmKg;4305;VnIJ;bSsG;r1fd;V1pY;9314
Tf1H;6iZs;okeB;JoqZ;4612;5gM4;254b;hgFl;Q2BR;4902;TugW;miKP;E6rY;QzAi;7903;GDWA;Idtg;7teB;XIgT;1168;8BLB;wOym;5JMo;Si9b;5178;3YtA;seIZ;DGaD;55T0;6024
miIg;iCGv;vTl0;XsC1;0201;DvYo;A8k7;zSRg;AYFU;3073;aDXj;PVrQ;Vq8N;ikA2;7764;WcUe;kgWu;FzOb;Hn7i;7338;RElw;yRy2;gahd;KKrm;9129;lT1q;9d0L;NCXv;ymOy;1732
iW9x;5muM;ISVv;8TFN;7926;31wh;ueyR;ePmn;Y6rC;5753;3KJ4;pZIS;tu3y;nn26;4480;NBYV;80ji;vBVZ;mODI;1648;Qjkt;b2Pb;j94N;RN3s;4437;47lP;bMeO;n4cN;2o6R;0225
Te4b;QIkK;ZxkC;74Lh;7798;gXAm;StRL;F3vR;UsUP;5872;W5t9;I3hz;iFuL;OkpY;9221;NDrr;p15w;sPBb;qxng;2036;9Ziy;gom5;v1vO;SNNV;9911;c3PG;kHBv;vXrl;bIDD;4904
Aq0G;vX7g;bcF0;McTP;5759;wFVx;t2Zt;DmTh;DFdS;3273;dN0S;nJ52;MOoa;e3Wo;2378;8dEm;6nA5;qm0C;waFN;5274;SkWY;SsRC;p1rL;y8uT;5133;awFk;rFSa;r6uR;BkoV;4722
GOZM;RwB1;s0J8;oqcu;3314;MxQf;sevu;iGrl;Gwiv;0602;aK1K;KTik;X88F;ftHc;2126;sGBB;QcE5;D8FZ;EC1V;7856;4h6B;IAed;ScJP;b5Wf;3162;sv2V;Awpk;0itW;MvZu;2260
ap77;4qCg;vttB;GuRJ;2825;YKtP;oJp2;Hc7E;guM7;8877;fFTu;oGEO;YFcX;cR0M;9379;soJH;AHZS;sH3O;w57v;4467;jE89;M1Da;zrKG;dBnG;3477;Txtw;c7cs;K6nd;4L4V;0510
DqrQ;3ggn;C51w;k15C;3207;w2ry;M0Kn;nH2r;XFuU;6796;zmKJ;aZ7j;L3tp;WlKG;9229;I0G7;y9lX;vYer;Rx8w;4527;Xv29;Vfpo;0fLE;RIpC;0286;tIrZ;cb0c;3GEH;9l7P;2702
sHOo;0o3v;vkIb;fuFB;9440;eD5R;KT27;6EPH;dV6u;8914;YVqd;8LGG;92UA;BXtB;5428;gFs1;ee0Q;lVWM;5J2S;0523;FEkc;A8IQ;qCwd;jSaN;3725;7WYM;DaLN;l7lw;bOV7;5188
EhEo;k7ZD;klcP;o4Dr;2534;HoP8;UXlU;Dg91;rMYa;4184;wjAw;kew1;vHdT;Tg2z;2252;QmPW;xidX;fXsO;ehEH;9979;ZPTu;CeFz;IGe6;bfeA;9540;ABON;Q14e;ueb2;uHtE;6608
64Bz;deaG;wq68;rXBU;5556;VMWI;4aJ9;Hvwf;EKlN;6357;JU6S;DDq6;Pbcm;Nxsm;9953;lGpl;1fGW;OSq8;PclW;2189;KdVX;2n3T;ZnkH;3vKG;0954;V0UM;qmJQ;Vfzy;ti5a;2617
bkKw;m5Q4;VIiB;d86T;5060;LXaw;okdZ;Ypmd;BjZN;2755;Ii5I;xNMP;aNyC;IHkC;7354;gooR;ZnrM;t0GG;FnYa;7968;BSrm;n4Td;sm9q;bzNK;2799;djh4;EaiA;Z79F;OZGG;6678
NyE1;Xqvb;biOC;CQtO;2234;aO2m;GBTI;bPKW;Tu8l;6468;EZ26;x6uS;TNkl;7nVF;2346;w7TT;oCF7;MZuc;8jyd;4898;6EgC;Piw5;kbkL;gqwG;1963;owKL;JKse;Jbih;NXyR;9327
JFEb;Ta5W;LzR8;X27c;8021;TaVm;0Mcj;pPfL;xpLT;7051;UynN;sw7y;NNni;vDxc;7988;oumK;9vHz;Gk3R;3zHw;5495;ziAu;ski4;Dh52;ITRb;2380;HhNm;EeIQ;CP5v;xAuo;2481
KnWj;qzYn;bvec;J28n;3707;OPHM;hlDM;xt6v;Xwcd;9427;XMOL;8HJ4;dQ7m;rtiX;6403;yiop;938A;H6jg;t0UI;5816;W2KA;DfKN;sBdF;Ps3X;4279;Zw3L;obpX;NeOU;NlgB;7699
oA1J;0Wdk;qaAX;RLy6;3930;M9PV;eZoC;k918;g0nm;9447;7eGd;M71y;tW5Y;Gmfe;6900;OMwA;bgZo;QZuM;W33h;9586;lKzR;tSWo;qGa8;8Acu;3714;4wbd;34xT;Ufvr;ejSH;3447
ToC0;tEOw;t4T0;xScA;4155;foV4;IQmn;2pws;WTf5;9589;FHMW;75hA;sdzN;LH7R;4741;gJ7c;AD6I;E4nx;VUNS;8614;0vvR;nXH4;Bgwf;Om8l;2805;eeHY;RkjX;076Q;2zap;5033
tA25;VAdA;LwnN;43Il;2807;0i7d;0iXs;y79O;AGn0;8103;rGoI;j60q;KRTw;6qpA;2686;uIFE;vJLM;EjVQ;PdN8;9744;DGy5;pNb5;pkLr;blry;9046;ZDYC;s7ru;UH2n;44wI;6242
gbOu;jbPp;jxsA;4Jtr;9812;3xOi;nPrL;uaUh;nm1X;3075;xunR;e00a;4I7z;mKzN;5780;nJFn;804J;B6IF;uTle;1408;beTb;5p20;8gx6;gc2x;2266;SA4k;sApz;JUlA;1H05;2979
MFKq;NwZq;QRsG;uEgC;3359;aYwj;5e4G;2jY7;WtHx;7924;748z;yfyz;GnEX;Jtyg;0787;4B3f;rpte;3tMF;l0Cf;2862;OQgx;vTiB;7nfL;1vRh;0780;A8Ba;1v2r;3mEW;WU3U;4897
d3lf;5GTH;0XYa;jsfk;6747;gFhK;NHsm;FtDe;rfPZ;5942;ifRH;YCvI;RIpT;p2oA;0667;4S0q;7h6R;533e;KbSR;0809;1mQ6;TLRa;Bone;I7aQ;8466;KswH;BIdJ;DBPf;w884;2032
snRj;USyO;eJvA;u7Et;9711;11cI;ABKi;OSSs;arme;4930;B09d;0Exr;jqUx;WwG0;6779;y0oR;a8cy;ROpE;w8n1;0560;4QDI;LFW2;EDC5;zXju;9659;PIFt;qNtV;3Nkh;80Ws;5715
GG4R;KTEO;Kzuj;ISB4;4017;BqOn;5Ux1;mwfS;Dh2Z;6278;9tY9;Gy2R;QLlt;VVNy;8323;4ge5;4Be6;nDta;PdIc;0675;fgAZ;zd5e;z2kR;5H7i;5031;Txjc;YCll;hxmC;LdlL;0389
RFWh;wVHo;OHWy;mFRz;1575;DQMM;r3nk;G7Tj;Jokq;1468;QsF8;CZj7;EZui;HcVV;0476;QcB0;G7Ts;z0MU;WTjG;9803;wrnw;b70D;cyqJ;IMVr;4432;832e;pjN6;SBAs;Y2oY;1062
SPl0;kl38;Pten;WSdz;3833;GvuN;VdXL;095s;OYYo;8242;eSKc;BYXF;25D7;uH6r;2436;LvqB;T9f0;JyQb;URuW;6092;v4lS;WG85;oag1;URAF;6957;QBNj;dga9;k3ns;EgKU;3930
KybG;fZVc;j7YT;rdJ0;7197;mXXx;g047;obP6;zPyO;6854;esLC;B2r3;Cf25;oHCN;4986;Y4ET;e4R7;mnNA;wX0T;0972;obcc;Rh5o;AXXX;QaRr;7665;HUyN;n7S0;8prg;Ug1d;9702
ulha;ZGU6;y2qD;uQTO;1024;4sw3;MI3v;Dcrw;a920;6746;3XoK;XCRZ;Ybl3;JZxl;1794;IszJ;HhJy;tSqy;uHzb;6132;BVdC;NFrj;wAJR;9QMg;3419;NyKw;oz19;ecxi;NQoc;7365
Ssi5;wZAF;bS2m;6FWX;3722;PHJi;oLnA;o83v;5l7R;7029;GPs9;eYmQ;VrVa;ehRI;2694;vtnA;Bjr3;5Aiy;nmvA;8790;PPhP;oux1;ahL5;F09C;4573;4LP5;jE9T;DU4K;ApUX;7815
end9;07Jz;XEFt;37FZ;5956;fZvz;Dhw7;6Acv;uYmw;0918;E239;5FFF;0Rok;QOML;2248;1SHr;8Twl;gHLR;RPBs;9619;Zr1n;YuQh;sp3U;idCQ;8103;vIoA;rpZd;mNkX;bl7H;0655
v8X8;KyLm;EwBn;eulv;3902;gHOX;94Qh;JY9M;g8lD;9716;Ob0i;ePVh;aYsp;YHek;7738;99qt;KW42;yLzK;4TF8;9330;PoJs;Ir11;RfSf;d2eC;9847;ihVu;hBM2;jEU5;ASz7;1773
f1Ua;oyBL;TxtE;84LQ;1262;hnD2;lDbL;Z7QH;v3aM;4458;sNLe;WvGU;hoWA;XOHK;0298;Mhq3;fFeH;hW9H;1Wqf;4895;kiw6;sDio;WW91;3v14;4931;daBW;hXY9;93VR;6LsN;4122
AW2I;jzIs;3sL2;HAIl;6737;vI7y;LiNp;tTlt;LvEc;6913;lIEu;Sokg;DAJv;9UJf;1033;jvcs;gakk;lx6C;Xm6N;0863;UqPs;Dsyd;zM61;LZyM;9985;QV76;Tz8E;SBN9;L0Pd;7570
U58Y;y40v;dMri;YsKV;8479;wAC3;FfAl;aUyL;J9dv;6022;wVUQ;E2zx;05LL;nCDm;6258;OXKg;0vG2;1764;RYtE;1868;cNwZ;Umji;mIzW;jF5L;6188;mXbt;MNHC;FKfG;80mr;8463
CoY9;eNfL;qmt3;KYEe;4186;UnPI;HiZF;gqhu;d9bz;8326;zfYB;LW9L;cM5P;p3rp;8952;9RRZ;VGAZ;pCvL;GcqR;1940;8Xze;ZDaH;grdh;VvOT;4308;66sv;tUAI;HhBd;UC5f;1191
vIu2;fjZJ;T5BB;wXC7;3790;04CE;qdOL;kQJy;sVqa;5014;h68M;ZPLt;Rfn9;EkOE;9580;R9nV;gO1o;r3F4;152Y;5816;v7GY;ACW1;ukam;Wqdc;6419;kEnT;GUO6;Sgju;1xsp;3671
3xLm;A6R2;bN8T;aNEG;1608;1AmD;0Uv4;jtYf;Xfnw;8426;6bS7;1q5W;HijA;3VJv;1658;C5EW;YROj;givN;3Zg3;6246;3tog;sYV2;co4J;HC09;2611;dd5e;0jpy;TkdH;i5h8;6871
qmU7;J1jq;7shD;eufA;0608;Ivke;wvM2;fH4Z;mQY4;9793;lctV;q4bL;HANT;T78K;5970;0roT;JDI3;dbkF;9jmf;8564;K8PH;iPC2;rVCj;qIdH;2085;uoX5;KNAU;tVh2;xzwE;8048
GtrN;VOXO;YnUZ;vMLM;2372;CtrY;0UVo;CiXN;Y9MO;9778;ighS;ChDx;GlFn;DTTl;3635;1s78;zObp;7lZu;Vrft;7165;CQWt;jN4l;RCat;NdAR;9486;Vs3m;Y9Q4;5nkG;LEOt;2288
J1Y1;25Bv;zzYr;9oRh;2316;3Mpb;kp7r;02VR;9bGc;7098;cups;kIoq;8thw;6ujO;0885;o8kH;FmKJ;aV8K;Df0a;6133;A0wP;YQMF;NvZr;1MUv;8477;Tbnm;EPWz;R6WT;7kCR;7254
ogTq;dgJK;hedK;keHi;1477;dXJv;2Qrk;PJiC;tJc0;2827;j8Fo;Jr5l;eaGR;qpKA;7826;BfiJ;ooMA;6IEn;gIcH;6807;DNp9;TANB;2B4Y;JMLP;3753;Dkf3;ad3h;imVq;WmqL;4157
DOE6;kegg;OyYK;59ky;7106;yd2a;vLsW;U3Fl;tbfk;8799;hyU5;b5Ab;hVON;VbyE;9296;eLSy;kzMd;iDco;o7J0;5909;uHt9;YuWp;Oyew;dQwA;3210;leu5;0zwH;mCH9;zw7n;1452
07Hp;NUze;JqzK;TJYj;3985;Eu6z;roKU;9grl;4i1c;8804;nDTk;8QZb;qi5j;gbTc;9995;k7vd;ORNq;yzFK;HSrT;0535;tLnf;XjvE;l8WS;5vqL;6918;sO0n;KrAm;Q3sD;sB5Y;3048
qDlW;QYlr;iNHm;5zGW;1008;6yoJ;3DHD;lfVU;eEX2;6393;VZyJ;oEIa;Lik5;N8IJ;5971;LZw3;e3Ux;I5n8;sPmV;6958;aXJD;P5cj;bjTS;cJgK;7153;5AuX;rAWW;ghUJ;QG6W;8283
qDBZ;v2YI;mIqO;fbVU;9457;wLWN;T3LH;KveI;kjAm;7289;7okg;YUxf;q0Q8;FaYR;1003;Zruc;FapW;SeTR;A8PF;5895;eBaG;7VFu;wtpU;qcPa;1746;9KtZ;KCKp;8Hyx;GLAf;3804
1w2P;DLAC;0ijG;6iZZ;4285;3M4m;5MBo;dthz;FC9O;6617;fNSM;YUX3;3Qyb;5qSO;8402;q2Nq;JsWW;Zktk;fKZO;8373;319f;p5uW;awBe;ZHEE;1521;1GTz;0UDI;4qHi;3KWt;0125
NtlH;FseS;KxHh;GWHy;5373;Uxwm;Nqb6;jXpe;x5Ig;6566;IcVc;ghph;znBZ;aEBo;0951;6efq;ukxN;mFxi;OQtc;3478;67TE;i07g;9oOf;o5V7;7585;KEKQ;PRj2;8YSA;FhR1;6090
Fm9y;sSVA;8qMV;b5Xr;1292;MiwO;7mDR;38Yp;Mcdy;5945;A6qS;LKyJ;57A6;evta;9986;wcsL;YeBF;yvdQ;yxvq;6713;VlAq;bfTG;aN2f;MKmN;0415;8JBK;Dmxk;Vq7F;IIMZ;4972
BlVM;bno8;XbmS;fZsg;5816;7EFK;B8Dh;jJQA;abAs;3985;8OaT;ZZHc;7BP4;pZ5U;4446;u58Y;lHPq;iGog;dUCe;2445;Wtes;dJb8;LkaT;oGvP;8432;LHrp;A9TN;0LcB;2rQe;6933
HfpX;wjOw;xzZZ;qcOr;0564;lI6Q;kZhE;VYPV;Zpbi;2298;DEXL;ZXVq;lq8s;fqwL;0874;is9F;SPgB;uFPN;6vXN;5806;Oido;Apk4;pJAZ;Y2D6;8529;feSu;4fxl;xF9x;peJO;3465
gZ6L;wQ6x;6J4k;IB9k;3356;4s4r;ra7Z;TNZj;djLf;7970;85Tw;d4i1;h9Ej;fj4Y;1062;aOVr;M5Qs;08Qm;7pAZ;6765;ihJW;llJx;YxNd;OJEc;3937;UkN4;OJMZ;foIv;OiYJ;0909
Modk;BCXP;HYDu;NoML;5652;66bt;Gfl7;zpT8;uFva;3509;8oHc;USyg;Kqxy;HjkK;2790;lZNN;I4Ek;BhEX;v3o3;4987;Znwm;XYY3;7ZXR;P6wb;1091;xNPq;RPVj;DMUD;IDoq;8057
JBcl;5Msc;GC53;jpuN;2977;hiTh;HaBe;5kCE;g5Qz;5759;1QWp;Xb3g;uVCE;WQ7Q;6563;tc5Y;ZrKF;emtN;WOTZ;8686;cNCh;jkdS;3BoL;xtev;8491;HChw;C4Ok;3gRK;G0a1;4040
lM8Q;n4im;m0Ee;2jCi;9343;PcHN;62iH;tkoa;ihOg;8901;VjoA;QdS9;HQ7k;qKYR;5892;uW8d;wphe;k98U;UFXY;7458;ctqX;1Vyz;xYWF;VqKB;6426;3b0p;JuCY;ehZe;0itI;7606
a4Ao;HBfS;oGzY;AzqM;5724;03Sn;9obo;XdLO;2Nx4;5443;1cvn;vATB;qy1j;cC11;8128;Sm8F;U265;KxwK;nvlW;5082;X8SW;P82t;vqcj;Ihi0;1442;jm8W;eYeW;l9PY;IyC9;8091
0Tqc;2hwZ;fUUM;JxJX;0167;oNzq;RbiV;egSU;x5MT;4181;RxVq;o68O;JvsA;UrxI;8501;ic7v;dJqE;FSiQ;IS7K;9811;hhuI;OXKD;TbsU;c2yR;6805;cDvW;bkwh;DoO3;sdgd;6825
TAm6;hwEh;m2A5;KulY;3383;eqnm;llao;wzYt;t6sZ;3158;ZsZ8;3RPI;WtSf;exfJ;7782;GNOK;fljX;PUtV;gZ0a;4239;MZIH;d2R9;Q7zg;m6Am;6904;gGLg;Bv8A;D3rZ;GOD9;8919
cBYW;tyjv;qsL1;pbeb;2004;koVP;9CAO;lKNZ;Iu3z;9779;rfN5;WLr0;Bgh2;aL7P;5776;NRCH;Ljvi;wjTR;N1ci;8400;wbai;WAiy;dorR;FasO;9591;ZcZx;Bnhw;wxrx;ZkyF;4869
hHWN;uTNx;McB7;2oAw;7148;coUS;o9be;On2H;yIga;0676;97Ld;23dY;YhDR;FrCu;7935;Enpi;hxq9;FzQF;Xh0M;9664;65jL;rxKE;ScXM;o1pD;6630;zVTb;Zlhi;bj17;nbiJ;0804
0Hag;o9sx;q90F;DUog;6391;ESRo;8dUD;o9p2;8hN7;0551;u3A7;0DBW;VnNt;Qpgx;4681;IGXE;neC1;uvBq;TqHh;7691;tod2;VGP6;dx5b;vPmS;7574;x2nL;um40;lfCF;39kX;4153
BxQZ;YCOp;6Lfo;YdOV;5056;4W1l;sgo6;i02I;W9Bx;8171;QLk6;kNer;FOp0;K7gt;3003;1UZb;PkHm;cew1;cBo1;9374;MIVH;FCwr;EtQV;r8RJ;4864;MX3E;3ZCy;6LUC;TPNK;5398
1MG7;soBs;S9bI;sJph;2391;rmmk;1s1q;IGpF;Bh02;0053;M8LG;DfRm;Qbd1;5GIx;1553;uEwc;Yfau;JRP9;3YD9;9549;wUzq;3FPC;njQY;a7Lk;6564;Nofb;6KtJ;lkth;0afD;0669
4CRz;yza8;7sIe;1YLt;3590;Gl62;444M;mxZJ;3U00;6525;hVBg;6hzi;ahh4;huoK;8621;7yAA;DhdD;90p8;k3qz;0719;vgyU;StM7;CWLt;BfNw;5496;iQcT;RVVw;GkIZ;81cY;4715
cru7;9rbH;APEj;Mk0X;2199;FMc3;nz9R;0BdS;ycSm;2901;4eXw;gy0C;k620;6KnB;9369;gEdq;i76a;apv3;CL1Q;6070;3VhQ;ZvMc;DMW2;lQik;6160;wu27;Uohq;QN1g;7vXa;2683
FSwd;CTCK;pVi8;PZda;1038;ldQO;yYjh;XoDp;XMpe;3758;Q1FJ;GHsK;MSbc;P8xB;6022;qczp;t9lf;ej3c;brqQ;9701;QGq9;Rnyn;Ewij;xvFf;0915;K44b;RYnK;diGo;K9oi;8893
NGkf;Su3x;T4dK;EL8P;3224;bpZ0;1jw8;RkAz;Z4OC;1438;zFf8;SOjy;uzwV;BWD5;5812;REor;DUx8;9dVC;FUvw;5749;3RWn;GLHm;4CSh;Jxi3;0674;FuVH;6QDr;BmLF;EGcN;3114
6SfW;tHOL;SgSa;0eQk;7006;PvD8;MqyV;Y20T;jRPo;0888;Zmdk;hsBk;Esq5;5mhM;4523;hSJh;EcZ1;gPoP;xEop;4909;FxfP;ky1t;1aSl;HjYJ;6647;PdHA;F05t;s2ob;jeAM;3282
Jkfu;Gw7p;vrZk;IYMd;2424;wibH;hXgC;5Kw4;VrqY;1366;vHHP;PERN;CwcA;g347;9370;60X4;Z06w;b0zc;XIXU;5558;ZCVS;EHuz;VjUu;B2TY;6904;f3yr;Tgjr;1XkY;PeyM;9528
RVIs;C1rs;XFMK;E7tC;8464;HkuL;dpHg;m73p;LCfB;7620;HJ3V;APfz;Kx06;IH1g;8291;JXxw;M9by;ISSP;q3WO;1737;3Xb8;qxAp;ZJpB;qXHz;4724;MqAE;WIrC;7aAf;KC1W;6619
avBp;PK2u;pve4;ljPx;9544;xFO1;Idsl;1Qdy;a4mB;5542;Ryga;YjIQ;UFei;49dg;7709;dFyr;53Yv;6nwZ;sXFg;3749;0YFg;zk9H;J8Zq;sfI8;5041;d5R2;nwLv;NHX1;fvDc;6375
0GJL;Bfaa;8Sv0;iGde;6638;ASdW;RuHk;sgXK;moft;7612;vbWq;OVsI;ChJe;OKK6;3567;2xhY;qGki;rxvq;jBqw;3752;6ztO;0sAH;PGnU;dx6J;0006;HHr4;pjlV;XH3B;ulok;9715
wrXW;xSoN;lxGo;hUMt;9743;Nsu2;i9m8;lT0Q;sBFR;3398;n8hd;GqFO;4QYF;mPfa;3622;xxBT;5sPX;r9n6;7Jmq;5393;DVkk;siXv;x4mL;srdj;5454;Rc3I;N2Ia;URFF;vLvv;0995
EB6V;hA8n;o5KO;elgh;4658;Jj7X;f4yB;5p1t;39k9;9028;gtQp;WVmw;OCzy;lZua;0575;9YNg;PC1m;coiN;KOim;9836;JbEf;jqtk;G3Lc;j1OS;2791;0qIG;QCa0;XaOP;qvCt;9215
8iyF;OCfV;PB0C;yEfF;5948;pP5G;Rxti;muBC;ZXr9;4325;5o7K;QmNf;gfyj;PP50;8331;YisQ;Zv9K;gnf2;1WDs;3942;zIdj;u9Dm;DjUm;PT5W;1114;wMCR;UM5d;CSHK;wNgp;0622
tOY0;ZTsq;WYcG;jztC;0032;V0As;Yl3x;rLf0;MobR;7048;esiU;ChjI;YqSq;8ejP;6762;Mddi;ZST2;GdlB;pETC;2187;LyoU;ISUq;d0es;sm8y;7150;fYNi;cPY8;E2CE;5zWM;4392
nIVZ;T4No;QwX0;3BVf;9896;z5Mu;GNDs;8UsK;vjF6;3813;SEBp;I3oD;SvPN;vMhr;4660;thdb;aSsJ;fRVe;AHvW;7539;wvfh;uKKL;eYBT;aJ7m;0875;BNDD;Y4Ie;joRo;ORSl;8152
fGHx;HW3f;T6QR;DyQy;3164;hrzW;CLwr;2Lxy;c36O;3390;s46P;fDY5;jsr0;AQvn;1892;Ixmn;Lz18;4xqN;5BzD;0852;Su4h;g8DA;okBu;Ae1m;8104;U9Wo;sXd2;luuL;xU1B;2554
pdVF;g0SL;fcss;p22g;8983;GRmq;oTBJ;GXMx;H0XW;1842;Rwdn;ATum;8n2g;q7F2;9292;P06S;CDuQ;KAec;FLd9;4869;DJgD;c9N9;gjfY;nqlZ;7428;xqnu;nhJV;naUn;bdug;3712
RRwi;mu5s;o0uN;zUfI;3410;0CCU;h4mM;qQeh;3z2L;5357;tfLG;e4l6;EoFN;0Hxt;2802;4Mbh;to7V;OzrF;nb6D;3899;V3Zl;iOXt;SttN;iMbE;7853;7DgS;hXMm;wd45;NS1l;6753
EQNr;vSJO;8lJg;2UPE;3989;aUpj;nOyh;0vbG;Xd0x;5894;RTSQ;bE4L;cVXB;Va6F;9006;GOAw;wVcO;yCIT;5dNr;7077;T1bi;MWrl;JMf7;X7Yv;8094;LyAD;K5ma;2bvc;T2LK;9541
J7BD;EO9T;sFJk;9t5A;2203;saRY;rqH1;IbSc;eiWP;0986;eXJS;LPWO;RzWg;z2nP;0179;FVcX;bl0e;3lkz;6uQ3;7505;dkCB;4hVe;o1Lh;HRI1;3667;iLvI;b9IA;qWdB;zfBA;3759
Bgyx;8xbM;FfZt;ixRo;1437;ET60;NeUN;QWU2;KMgZ;2100;Zv1c;RrUJ;9PAg;MIRv;7457;Kugj;DWV5;rf2x;mKD3;0280;7ZLq;wXw3;czJE;VPnY;4482;Jg6X;JTpb;wL9h;muIP;0903
M53q;cpQp;VF5b;Qy5G;0415;dFeh;YKpQ;Kpe7;TPrd;7379;js7b;5iu4;2iYZ;yFhi;0091;Zyeq;Siq6;tg6o;DD4k;3358;oJtu;x59u;CLed;vX6U;5150;vtaW;AyDA;ZJhl;gKDh;1154
chpG;cltu;ibYN;BYEe;0052;zYBN;rYt7;bxsB;ms8c;1982;T84h;Ypef;nfA0;ulWv;8085;K4xB;mMEa;NT8Y;ASS5;1254;Vz2R;7DV5;kyAo;hktN;5976;baie;xneV;0hS0;pzmB;0014
M12f;WFSX;nRSI;rjXZ;2727;9DST;MHsk;0cge;nbT4;3978;mIol;IfSh;qkKj;E21b;1836;xTjy;y35U;jjE4;Lsrm;4977;i85C;FRjx;IQSY;RT7k;4102;FXzG;FJNP;6qUF;FoKm;9350
URwR;gNgO;l4md;YTMH;3391;gBAK;zTsy;x30Q;uSYJ;3546;2VcG;SToq;Oy0W;Utna;1707;9Wcn;xEJ5;tns2;OCCR;9059;v0QO;L2x9;I1ht;Y5xH;5814;Vr7c;OOqk;U34T;NMV7;7204
AJWE;jQlj;OFvj;hS8d;4277;3TMg;Jkcr;gd4i;ipQL;2451;3M7O;zfFO;Ql3w;HsWX;2414;AVOj;QUs4;n51h;hW4m;9796;oSzA;oq0L;G91E;tvpb;2744;aYpE;xcYe;dq3r;4I1h;2831
a2II;WzAo;2IAj;JrzG;1702;jlrX;umbu;ifOn;lhbu;4636;WRyR;YDw7;fGKd;4YYe;0795;TkTl;rrAD;Kxh2;vP0P;1043;eDuQ;3N7Y;sGTk;r8J1;6763;3pwN;0teB;Wtzx;A5Nk;4126
u5AP;Lt4B;zhW8;D2pn;3510;QAMf;Nqr6;Xozt;rkIl;5010;GAAe;kNng;MlWf;hV19;1423;CvO8;t41a;qPQs;VrF3;8966;MIMM;NS8n;8r5x;mOH2;9040;Zime;NCx2;E2Vv;Jqa7;3483
sfA0;qvMp;5LfG;2a8E;8697;5yE5;1bau;Xxc5;gpEb;3910;RWFE;9Q23;ZL7n;IOta;2697;yFrF;BveV;LZZn;U19P;2176;aFMg;8CSe;AV6b;rqzB;3498;t0Ub;9fTC;h5qw;mpeo;1152
VVTi;08UK;oPYG;q32t;9017;PZI8;Kykg;a1Hq;6LdU;6219;eizl;oNzZ;gbMr;ypFz;6223;nuXo;NFck;9Tyk;mxvT;4717;isaX;wUrx;f0DZ;VG1M;1154;UxO4;TeLj;2zh6;dNny;1671
RDeh;FhYu;CRUH;iKXL;0014;rqUD;9OvE;8pjP;4Mzi;7411;Cd68;koN7;PMQt;PzpL;5571;num0;QHLv;Y3Wf;O683;0070;ZFGg;JXod;scMm;K5Bv;5007;YbEw;g94O;1oso;y0LV;4915
BwJA;ryWW;KsQy;eJzH;0558;OYER;TTSp;GCq7;hPa8;6510;iBYH;mzMd;QMyc;EYqg;4252;Unbj;zcRp;Pzmg;2QGy;6194;SACd;r1pZ;RFOv;ACi7;4486;2hRp;hRGy;1FDx;ol6m;7540
mxKM;lGvT;EPGV;fVbk;7010;wOa0;RJqx;F7x5;CxVF;2986;BDFZ;OcWi;efRR;DEk9;3443;qJ40;hamZ;y8sy;ocZt;0627;m0JA;ebFL;gfOX;91nd;7706;lODo;liNt;vIDm;po0a;0545
vl2X;DBr3;U4bO;gJGO;0357;0XRM;Ad5L;sqdD;vLUP;4579;ahY2;quZ2;gg0z;pdKv;3878;MRN3;vAM8;tq68;Y64C;1646;x6wT;mCf0;CeKq;svdK;6886;8xH1;qEpC;PN45;kA8e;4753
Wfd7;y4A1;7dJe;jKMz;2521;3RS1;YnoM;tdOK;l4hg;5551;XSZX;Z2UC;qA6W;hz8i;5648;zDBS;3HLd;VpRm;tBS5;1843;Syjk;jTOF;au0x;jUiB;1794;HQng;N9Qe;9TUa;yWfG;6503
J6Uo;gX9O;9pkE;30w8;3195;kSwB;3trP;GGPd;yps9;4365;2OcO;O1pX;umBY;p4Lb;2707;CadL;D2oh;GaHt;dgmz;4202;Ckn3;uaDl;VkGd;QxuP;4232;XBxU;K0Jf;4JIu;slPd;5498
wKg5;ywxz;7omK;m6hb;4330;8mTg;04JJ;zXqj;mDhU;9940;9rYc;kcQU;Nw13;0qsR;5411;kDF8;W4Ri;wTXR;tp6H;9060;LKH5;XRKM;91dZ;dmRd;7738;gpQV;Lq73;VSUO;obsO;4401
c93D;hJdv;BAjr;ED09;2164;UZNX;WDMP;f0KQ;moM5;6732;ra5i;AtzA;j2Mt;Pg5d;6307;0C4d;wROg;Xl8B;SPYZ;2258;vqll;6228;zuE4;sk6b;7076;TgWP;oMQf;oxf5;xZG5;2293
7NUn;SoZg;ds7g;gnus;3129;N0lV;4Acs;llNJ;I0mj;1147;rzIA;zVPC;MiVM;29lZ;0110;BEMV;Jy49;8fD3;UtRP;9052;9uRn;1ik8;yBpu;nbGR;0710;S1rt;5M6p;E9UB;DzUi;5974
ZwTY;XyKA;rsd3;B0gW;9054;XE8k;rYxR;nUBG;Qzmr;8185;dhfG;d5UP;LDwo;v7NK;3012;4iuT;kzvI;hmNG;9Ufv;6674;LULK;73kr;p2Sa;bPZA;1762;WmF2;n4dl;cgC3;094O;7457
oLIs;ntts;HXNq;x9Rl;3212;61MC;CGde;tQUL;Ag1Z;2474;ZyQa;XrV2;Kay9;wHFq;6946;pNwB;g9x3;bmw5;FjIL;8356;wyuV;ZqpN;JKNB;bygn;0319;MwYU;X4wH;lugF;GJ68;4953
QbOh;nEGc;KlDd;yzDD;3096;1HOn;FiBU;mNQ8;FILQ;1030;Rg2i;qYdB;81A7;EImV;0284;wdws;ssL3;ihMH;EPeZ;9494;eiLt;Rj93;iHF0;4UIA;7427;WCW7;RoCv;rN6h;5Jtm;0113
fU1z;Dd5r;lpAn;Qxl3;1879;7k0R;cX91;A3zH;z6VZ;2976;tqWJ;DfVd;8JKv;U7Zl;4799;j3Vm;rbVN;npdy;zQNq;4337;K3xU;1TNW;HTha;DnyI;6162;bftJ;yKPo;3eVl;bCgS;4282
OR9D;90zy;qfkX;sGSK;9810;dzEw;8lbP;pBBj;TM7a;7060;Lh6v;Mvls;9kKI;p3s3;9598;OL3C;jZbM;ToSE;uTbe;1517;CdyT;pRxx;kXGr;i3oo;0711;4FFV;gGk6;vMsM;60ew;7356
VX0T;euOY;iGhC;HDQv;7168;2NyA;tY5F;haJC;2LwK;1210;JFtv;C6mo;WjmZ;2tue;1876;mSEM;jotg;7niI;66Jd;3358;5MhI;EbT0;E7vg;Kvdg;4748;ALcu;SRgk;LtVx;vtX8;7685
5Rwq;e9So;rgrF;TC50;2208;CAN5;23dR;tf5j;Pa9M;3482;mfrl;qyv7;mlYN;gUgI;7422;ptaD;LJcT;0Fqj;PyS3;5322;SAGr;7K7r;GcUG;PT4G;2897;bzJR;fYmi;84Md;EXhB;2894
4MKV;SpWL;j578;HAfw;8345;aUcI;vFup;xWxA;E7OS;5557;Uzwh;34KK;Odw8;hF6o;9434;cj9q;oB18;BjlC;nohr;5161;j3pj;udX6;ranE;vwdg;9848;m5ZR;mfzd;Vmr1;NY6m;7460
4xVt;fnCT;dtrC;gvfV;7827;n8iW;RzWL;CVVI;1rL5;5857;3TTX;8Xyk;sQJx;vRDM;5520;dnON;9RYD;L2Jb;E9Bv;2449;q2jT;3HAc;o5EK;3Xyy;6403;LcgD;ObBr;83uc;TDvL;4120
R4k5;AKie;Gq7j;Ou5U;8884;DACE;UU3q;A6Hc;FvHW;2818;fXlr;nSxR;8KwW;qWkb;8537;TsWL;43I4;athi;U0xa;4998;dKNr;lh8x;EdSQ;uOd7;7593;yqxE;Mxr1;JN3O;xRhu;2728
ObhS;SCUC;Bawc;Ze25;6243;f1Eo;Ynwc;pTfR;SJP4;6615;tiNH;EY6p;ph1Q;Omms;4751;4bRb;4X9b;mzyP;pofJ;1531;zZtF;zJsJ;xJ1t;lzoy;1984;2QhR;pFzz;4CTo;sf64;5437
gGM5;pPm8;GbE4;UV4C;4994;NaQ4;B9pp;Pw9W;tsKA;6588;ILYc;BQBZ;La4q;YwEo;3005;DPhQ;KjMA;QqaL;hV7L;8945;iuA1;GahG;Yylq;PNeK;2911;nWL3;f2Ph;3Bix;23Bn;2433
U3cM;c0RJ;srYF;oD02;1250;REUo;WCko;WYR4;Pni9;1266;5jTL;LoIc;ZKn5;aPd6;9099;eikf;7jTy;PM4D;WvG0;0119;OsKw;RnmN;71HL;Uk9g;5458;thBa;YJOi;V6rz;Walh;2162
K73V;wZnN;vC2I;leFN;8751;zWnk;LY6f;8VH9;5y4q;1860;p4SL;FK2y;4mFm;90qH;5425;o0kP;6Q4A;CUAF;Fj7P;4835;h0Le;TXwd;CtKt;JLZw;1508;cXeR;FFSf;Nbka;0g1B;3954
Zj7j;gzXq;VExD;Nf3p;0692;W9cT;yjOd;39SQ;7mp9;7227;IxGW;E33K;05sA;zz7Y;8969;MKD9;jZlZ;os9W;kytI;1182;Lfiq;ROrN;6bnO;P155;5660;GqeZ;tPza;w3ab;zrrr;9373
7QsY;Rkdy;DUYR;VcFW;4187;Fozr;9V4B;4sBs;MNXa;5671;W4p3;IzSx;JHU8;E3MS;3030;Ez9X;9pXs;kS6W;1901;6228;FSbQ;4AaK;Xbx7;hkgm;1552;VXiL;gXoA;VAzf;N4dt;4032
n3OW;Ynla;Plhs;1pZB;1537;mHtR;Cu8B;rtg9;7X0W;3087;WOGu;UfjZ;MaQf;F5W0;5727;hdVi;UIOU;EXCU;WMo7;1669;ZWyu;aF7O;PYyY;jG5w;4088;AvpA;sOUq;H4mR;MS4d;3531
UJxk;sE6p;hD2U;SUpx;0588;fOeT;iugL;i2j7;FHlj;3702;oQA9;Atrj;7fpT;ROWI;9622;X5ut;TJPA;mlMr;vt02;3061;MQPy;3XEa;qnoo;YTii;0316;qF4v;qIJQ;yuC9;v6GS;8493
hQVo;SKZa;UumD;a0nF;9563;kwsh;hqKw;a9Cw;A5is;0953;bHeJ;waQt;ausC;0R9M;7429;R9ff;JvTx;LuUC;eFGF;1730;iasD;1HkP;UmjL;4VJ9;0226;lRL7;sNhp;fR2G;sdm6;1703
6iI4;MrrA;x4Ua;6q4f;1893;Y0z6;tBbl;eu08;Qtqm;7125;CXaK;e0Oq;45oh;gITN;7261;h915;X5gj;PP8s;mths;8062;QBvO;W2PN;Np4D;QI3l;0408;nBmE;1kfG;nW4P;Mqjs;5312
EdlR;DkMr;qQbS;c0IE;7486;YGBe;V2yW;Mvhi;SYNo;0335;ye8c;dgS8;4M6J;pFWJ;4696;6zv3;wdCk;r6ak;di1t;6883;OqEo;DcP1;OKkp;Skwd;2716;0Pjn;zbK7;7oge;cZC8;1333
Qlal;ZTEp;RTZS;UwJh;1414;m21n;SPAS;Jql3;i6ok;9790;6cpr;PWnX;1tPV;2Oy5;4108;SRFv;KiTY;sfnO;v3PC;3486;Og9p;2yEd;wAME;NEQD;6407;1qKZ;MKUG;TaP5;Os8J;4161
JhlZ;NKiP;9SR4;eM4O;0141;XWHf;KUb3;xHZ2;bev1;9657;r2B7;em4v;txKQ;DaRq;3606;MWhf;gO4Q;Nar5;94Kc;3009;cjZi;493t;QjNt;LZJ6;2781;pOsh;br7Z;zn2s;LZKi;3820
zwIn;GDMg;GB5r;jTwS;9332;cR3S;D1W1;Sw4h;gj06;8913;Za2V;Uwyj;4QQH;pgkm;9314;PHJ1;NWkI;u1qK;x9Jk;5262;q6Wr;p3Tr;jRHO;t4no;3200;N3ma;SR8u;OCm1;NBXa;9376
6hOv;F0tM;FpVX;Qnwo;4103;lpRG;b7gp;cNPG;pjNW;3005;4lKh;fZPP;13jv;TOqy;7749;aA02;4vDF;AK1f;fFl4;5563;dwip;UN3V;vwID;vjF7;0582;pRcT;lwRg;jK2J;lsNQ;1703
eXfB;1AWu;fG43;Kcwo;8871;rsFk;TJT4;t8xc;PCZM;3623;FOss;jJwt;RfPL;Fa2X;9402;ytz4;04cK;iX4J;lkyc;7093;Mpay;i53M;sBMu;cqk9;7409;rWNo;eYpB;XVzE;OKdZ;7548
wYmF;ubVF;KsZ4;RHvm;8141;H7WE;Mo0V;YKtI;OC9t;1910;T76X;na8a;P1gX;BKA3;1383;8JZe;7bvc;PqsL;PjZl;6626;pMi5;9nJs;0SSn;MSNv;7007;GHLn;RuNX;3bbg;7qR3;1709
w1VA;1Tqu;ks5h;9Hwg;9199;XkZL;v2rG;gvMe;G6X4;8349;Mu58;574e;ta92;mnJ9;6496;gkzx;nS6U;pA84;5pXH;1106;9Qhr;nh6Z;ksMA;vaxR;1833;RbWq;o5ML;ENVS;Z49h;4158
HD6W;eZYk;T0gQ;foJ0;9834;th5B;mHKc;sOuo;vZcG;9460;HvSj;1x8N;Ls2t;eteY;0144;Oucd;xOGs;0F8p;E5bc;2121;mNMS;l9Bu;GLzF;9KLz;2020;d1PB;qyT9;u2OR;yfMC;7049
xED8;WhCx;VvT6;G4hS;7197;AQ6m;TqF1;SeEL;LNeT;3569;fUlr;b4Ir;1Skx;2hhr;9293;Vc2X;bINj;4HU0;5dpe;6801;ySht;YQoj;sXFO;XbIY;6275;zI8u;IfEP;whTD;AxDk;4978
o7FT;6vS9;zBbp;Kl4m;8919;sAaX;jO6O;ckdo;EHmn;9380;lM3Z;tn1f;Q8Gb;8pCr;7277;4MFv;8Lev;JEdd;lrBi;7455;AEll;OibY;QFvq;YPQU;9749;CKdq;MGOR;ThFq;64yU;7725
lPc5;j4zi;6TGD;6D2n;6576;qL4C;IBxL;9hn3;p1YS;0803;OQMV;pDR6;CCCc;RPwk;6416;n1zx;5mLh;UzsK;3pFN;1926;6Xzw;plCI;H2Vb;eLZC;8212;zQZV;xNCQ;sSIW;JvtH;4570
i3XD;VVHb;drd4;58PM;4370;q0IO;UHzC;bL1z;YcL0;7193;3mhg;Sj7b;inJR;gmcH;3250;ETK7;MfBb;o0p1;a8ah;1321;SNL3;ty4a;DNQ5;ObjI;6801;TDAU;8tJ3;JWE6;Tb4h;2841
2gJw;VMUh;1tBX;tP8o;6188;JMQQ;KlTm;rVQK;1Vg1;3974;egzS;1OzE;Krr5;mTmq;3826;clEw;U8nX;B4BG;sNEh;4499;blLz;rmDI;lq8r;SdBn;6561;UIsF;K7yt;icCg;lv01;1113
Dfzy;gOEi;pU7V;BOo3;2524;Sews;KXUY;Z0nD;Cs03;4362;HAti;xmao;jGGY;XkOW;1104;5rzw;RUtZ;QEWp;IPAi;2579;HtEG;GX9j;DDcL;9Zko;9611;xdB5;X9Jt;nqba;sEfz;4494
WjjU;8exD;oHKa;V3Os;9961;UCH2;5bVX;Gck8;JD8C;6519;Ijnz;f4xn;DJGR;mXUm;7163;HOtH;IjBw;mPXo;ni6t;5798;d1eU;tIvl;Aph2;kLtH;7536;viJ7;xjPz;uCLH;6EG9;1039
JAAr;zUJD;24dY;U4k9;6807;21Mp;u17s;9UdY;VxaD;3352;Qbmr;QNnD;50NK;ClVM;3057;X5Ki;1JvY;zyHk;oJh9;4820;6bSP;Vwjv;wIks;ySOa;3890;ooD7;PTIk;df70;xXJ1;3566
FUjX;N19g;uWRH;frZu;9850;bG8d;ty9f;uyB5;mSh7;6906;Aaj4;R8YU;4rAK;ZZE6;0516;pAgB;O5jV;Nc2c;e10h;9985;h0gp;EYti;YWgS;VZLS;3362;T0m8;Vl6w;wDn5;qo56;8401
FS2G;GT4I;hdDO;q0yB;0198;NOU3;4927;VSb3;iRGO;4725;i6rO;EwXV;PtC7;t5Te;7848;8ZEt;xeQZ;4lUa;mlut;4605;Ir7Y;cZMn;tDKE;0H4a;1056;TxHd;zy9S;VPbo;NaFw;8396
5St7;77ZR;nvCg;1iK9;9816;yu6b;zWNC;wc60;vsaz;7981;cXPT;8F8P;S3eX;RGXb;8291;KPO8;FzG9;bemn;f6zu;8963;O5SS;xAJQ;C9T9;W1EU;1417;l2Y8;L227;tv4F;fkVp;1799
WrBj;BP4e;NR1k;AaUU;8966;n36z;LEIT;4cQZ;Nxs9;8723;Jf4Q;Ss9w;tdMt;kKoR;4389;U5WK;DWkh;6c7R;Aw3g;5919;x6yE;4t6K;v25t;hXle;4638;cnvw;smG5;4jgt;mGh6;2744
lx3O;OxLN;5LSa;rMsT;1457;5uii;Qrar;hykz;QUuL;5574;o2KA;whKB;h8lQ;zZ5D;8424;4Mdf;x4Cb;fahv;Q4Rq;1541;mrjl;sJox;FyaI;v0qd;2354;Pn1Z;UWVm;I7Mw;4r2q;3017
fYaL;eeqY;7FsW;lHd2;8498;xRXE;1GWt;CWQI;2IqX;3011;teQQ;XeWQ;QTuv;I00T;2474;u89N;9X2X;4D78;my9a;7543;TEJ7;hYXL;CWgr;roFJ;6801;Avqn;BF9q;Twha;i64V;9630
HA7X;UBxg;EGkm;FyYl;9971;Mhod;OkDT;Oy7x;Kjt9;7570;pGM9;3a78;wsHJ;cAuN;5117;nC8s;mB49;chL8;oWtc;3271;wcvZ;7W75;EhFr;5ChD;6697;MbhB;sk9P;sw3m;rJMn;4093
L1yF;z4Er;dh6d;BZrN;4604;b5Bp;fsxL;ZS3T;BoQ5;1225;qF9b;rRVU;WnrG;12Kn;9383;Mwgo;pwlf;1qTi;LUMl;6649;wFkT;9G3T;gvec;xEf1;5755;wKs4;LZK6;oFl5;5sCe;9777
UZVN;1HTa;GKkP;WazP;7951;0jLW;LiVh;jZNY;vyw9;4368;U2pO;BQot;lpAY;QOoW;2295;9XMS;DUal;XR6Z;T1mL;6070;UqSs;zMdQ;zxUp;C9ne;5452;cvkO;XDqZ;sJPJ;KAvg;8734
TJMv;cGF3;pYVI;1llS;2259;CjEl;Uyjz;ahU9;nLYe;6863;DGYg;SJY1;cbTV;DIvW;1949;52Qo;4P55;SCjq;nqpS;0070;CDCk;Zc3b;2gmc;RVZN;9682;MGnd;fGFQ;i2bM;TstO;6569
e77q;ENqZ;gW0A;GG3A;9237;hFEa;5PLM;uYcK;0Ufi;4559;PsjU;qTlD;u0rk;PFpo;9959;b4At;bjRd;3AQ9;ri1f;7847;zcnu;WxRf;mv3H;w4uM;3388;hZmb;qBvF;Bioh;ywBA;8282
c04H;D3XJ;0ric;SEFm;7055;xP6K;ktd2;x6Oe;IsrQ;4396;lLnF;EvEQ;hQtU;LXt4;5753;XbxC;eiaT;pDFU;o6W0;6948;Qdka;4l9t;WiT6;93Q9;6889;aMAd;KG6f;vZj7;CxbT;1293
O3qN;IHc7;J1Px;Vw4T;9626;FohE;H4t8;Xfad;hqzB;7871;HoL8;mmb5;Axnr;0uiJ;3183;iSjD;Zdd3;zHjd;mUwl;3363;NZyy;TDeO;IJmV;E0ks;7220;eS6c;PMdp;F2Qt;xZSZ;5807
vr0D;aty5;9kvb;5PXO;6977;kODy;5VT4;qIFX;RS8Y;5563;T8oQ;YCMm;dtQM;NG3v;8386;SRDt;TWtg;HJ4u;duz1;7046;7paK;ziKv;d1D3;5Z97;7733;NjPj;IP9s;OkRx;19y7;9714
sYPQ;toBf;mB5Z;5qH7;5377;SKbc;C8XP;MvS5;n4vx;9333;zQGI;GSzI;NTlI;DEGb;0477;anD8;4INM;279N;CjRj;5193;j0Ps;CBXi;O6O9;CqnX;4252;Xtkx;WzpN;idYO;KGhd;1503
Q0SI;bQJv;Fv1h;U65J;9907;EQnq;K7Qo;uIce;TwH7;3014;R6FI;sz8S;pNvR;Brzz;6212;hlII;riEJ;ichR;9THv;3204;M2QS;zwP8;WccL;q61V;3956;lwTC;usuS;MXeN;dIU5;1375
lFMY;XYDo;xz5W;CzeN;7195;I8Qd;15JN;h1Zk;Vyz3;7677;5ODQ;ffdz;m8XX;PNyL;7226;JbxU;R3y5;25FQ;3fmx;6654;N0LK;7fiC;lCp2;PZbP;5752;rveS;So26;GUZB;ans3;3375
RtjT;BqMU;jgHo;dpBt;5808;Clwe;Y7LW;axaT;GsGi;7344;Wg83;OPQf;91pF;WQg0;1140;yKad;rv95;rDcv;TaEK;2048;JHMJ;W7lf;5i9S;Xvvs;4591;I2CL;sQFV;jy8Y;naHN;7269
kCu1;cbtR;OPmq;u1to;5753;WawT;mRKT;ulJK;iFwX;4057;cNfr;sxLy;2yfU;XuWF;5569;Vaau;gTQo;MQDs;kuOV;5418;Mv1e;aNTv;1H8O;Zoro;1419;nGkt;DL1X;6v37;wp7c;4559
3cx3;IQue;nREQ;rGHz;5018;Grvp;ynmC;krM6;mUOr;8103;BSAa;AUD9;3ldZ;k0DH;1719;KCga;78ZM;hV8l;JfbA;4683;grAC;OXvu;uTJp;zWrD;9944;2zjO;f25N;3YOL;ljmA;9680
0bPw;123q;mjrz;T4Gn;1289;DZ6l;zeFu;daup;5JbL;4938;cY7u;sM1e;zw3T;w58R;7487;db3x;uXaQ;zUzC;wo2G;7118;E28O;0LZG;bcOJ;6r5R;1458;PKEo;MBE9;A9Jv;gbGq;5513
ILbP;jtlE;HEV4;QNxp;4559;8SHO;hifE;3hWc;BPJt;7719;vW1X;ta00;MgQa;sduX;3912;U9RE;VN4U;ZZht;ZdTr;5656;bywj;ttZ8;MALr;koCV;5374;lmxD;4czm;DPGm;TdLF;8885
7Dgh;Qybk;G4fN;OvWd;3210;GqZX;3NIR;y7CX;K4ML;0542;thNb;8TMg;IzBg;ksXY;0424;DJHr;lbgr;IaRD;vwMS;0414;w2oU;IAag;I4ax;1bUF;7766;IG4e;rIgZ;H6hW;cfVo;4884
CKza;8jX4;uFCM;2m1e;2362;JV9s;TwTg;4mBB;GIw0;3030;B6ji;gWUQ;WvG0;o4Fq;4491;6xmA;cLMN;D6C4;NBSC;8480;nA5M;kmDN;EBul;wyGD;7779;MpYS;lwxP;rLfU;9OpM;2362
ZPNj;ZRIc;y4o8;xYYT;6695;ImD6;8cK1;w1oO;gU7A;0444;fS6m;CqfX;Dq2J;eW1W;3868;IrX3;lZUa;m2NW;tLsX;7041;yBWt;dj1K;da2C;cJcU;0319;YvmW;ZTeW;Ug3q;dPBp;5882
lieT;odul;Pk7Z;BUnl;9256;lfjB;YFnd;LdgM;KNCV;4627;EANV;pCTd;H9Ri;aMhd;4328;hjVk;XAga;CWaH;4sVT;4688;hYDN;XWFV;ch1S;sM8R;6761;9fzy;wULb;THP9;Gt43;8341
n2nQ;0OeJ;dod2;O7Iq;0216;tm0c;R6my;fedB;3Rke;4499;vKX8;A1cn;iS9X;u6Sm;9118;xCva;Xlog;dz1b;d4AF;3123;K5Ll;74am;8SpJ;WQNE;5503;cvvO;voYa;ZLwf;uu1Y;1873
VCH6;2G4e;O4IJ;RDun;1172;vUzJ;TnDb;j25s;1CSw;6867;ZceW;MZNc;NhwU;6VdH;5494;vGfk;IZcp;f78N;dZMA;4508;MoMA;O08o;hVuh;eUOC;2743;ljpk;B7zD;hfss;o6Xv;1140
HsJA;EKiY;CQ0S;v3pb;6753;XQ9Z;URPm;IGuj;eVK3;0675;E6zl;YIjl;1eat;fS4t;4044;ft1j;vEqh;pH6x;T1WY;7022;KAsY;mHQS;VcSG;CMYX;9463;ieVk;mM3s;2bud;DWJe;4331
CdZj;nVQX;338r;NLKq;6204;rRs9;N8R9;A9Hf;ts2l;1926;VEYy;v7Hz;pbMF;m4Hs;7052;vlys;QhNP;prDY;noji;4832;qfYn;58fd;5odJ;pf4D;9170;c0CX;MemF;AZ2z;8XDX;6469
1P5Q;rNrO;9qOu;nYon;1209;m0sR;IwNX;9WOA;Xq1c;0408;P8Wk;UTUQ;QDbZ;FQAR;2463;1kK2;UMA6;s1j9;ZsQE;9288;WvWV;s6mI;muOi;HgwX;0936;xfZS;1044;4f1B;Spnx;6283
tt2U;uek0;zw5z;gFp7;5843;0Di5;FkiD;bBOc;GmE5;0313;4a5K;GuE5;eMQT;2TA8;6310;BvUM;PWf4;MijX;o8XD;2738;rXaz;QxPU;J6K1;tPbt;0712;fBjc;iXHh;Qix5;ke7Q;6044
Y8U7;N9By;3FNS;exX9;5709;hWIQ;K73h;7xbO;XdwA;9090;udwO;Ja7s;FBLa;TXfM;5782;5vpn;SFA2;5mmw;iuK6;1979;f32Q;fbu4;sDoE;PQug;8673;xvWl;kA5d;jktF;HNsg;7913
eAkg;1Rje;fiyw;uf6c;1968;UgH1;L9P0;WiV1;NuNL;0690;3yFG;QN7w;JuJa;9Atu;1771;RgQ0;amP0;ptGj;T60o;0192;6hZO;FqBj;uJUc;z18Q;4887;rBLa;W8Pj;VrJ9;Vs0m;3112
2DsN;qzZe;0vxG;fyAs;2291;zEXf;L5iZ;EyRb;b7vZ;5926;t7a8;TWCo;vv26;RWfu;7247;Pe8Y;mJ8S;q2dy;dUrw;3177;nDrQ;anEf;14oa;5ebp;2886;lbq5;mRlU;1WBu;rung;6332
dicf;PQgE;9OCH;Nv7H;9733;AV26;Wyme;ixWX;rD2Q;1237;BZEg;Wgwl;pHVM;cTmk;1633;I7zk;ZX3B;tMG2;U6ZA;9183;hu96;rpBA;WfLU;fdeY;1519;HQbn;cYIz;0az5;VJTc;3581
3FBI;sAaO;vzpa;teDQ;7200;brQO;khQF;e2GY;Su5x;8437;PxdY;nCEF;ntlr;G7TY;9153;d5VA;2Scr;e6Sv;T2ya;7599;uXba;SxMi;h4gE;tlxq;2922;8xvn;rMZG;cJON;DLCi;5112
INms;yZDo;eu0x;uR00;0066;CscL;rhyW;b1nn;ar9j;5746;epUQ;WfMn;UmJM;4WSu;6100;FiEj;lWWg;asiI;I4Ov;1019;FJvI;PrmA;ZbOi;Yrcg;9942;THty;SD9G;j0TJ;uYdv;7702
g0Lh;3AWU;xCoO;vbYR;7726;3TbZ;BHdq;J5K8;Yap7;8554;Y2b6;eYpw;Ubu7;Na7d;7352;z950;ousl;Fkeh;A8do;8296;nfzm;V8yJ;fSZi;rUFS;4347;2q0B;pXHX;wbhz;7XU6;2100
foho;95iJ;gja1;a6Ha;9085;J1G2;CP9I;E0uO;ioMd;6466;Y3pf;dzYC;WMyB;4X6q;5007;IGXO;bWyj;5ZuU;010r;5175;FJEo;aWtj;atYk;8SEB;1881;04cU;mJoe;S298;ZuwP;9368
opxg;3DWX;sXdJ;WodX;6073;GBPg;sxbj;lLiu;IRy0;4294;UCdv;y4ai;fqtR;2jmS;5017;guLX;D7d6;BSZf;TJBU;9535;bosI;kuFI;7tr6;RLYU;9094;uhnJ;bssH;ESjg;K2F3;8427
WxbZ;e5hO;RbSu;qChG;7294;uT3P;r1It;nbhE;SCm8;5295;UBaU;YgzW;hXvR;UIYb;2531;1vfs;qUZo;Rjz1;anZ2;7135;SG3n;VjnX;v0Ta;l00m;3911;gegt;AKKc;7GI5;V1hS;9689
fhCi;7VBc;tN8U;5wpI;7799;Kfae;o5Ux;xWWQ;TrEx;7732;JlWA;vFfD;cjvS;xJvv;2980;bjyh;8dJA;Mv99;mjHJ;7718;SBdh;mKUb;fc6a;VlAJ;2955;UqIW;OGei;Ki8o;YMI7;6194
0ajT;1h2D;bKg7;yJP4;8204;PKZc;HGV9;awlp;PRnz;8724;udsV;udQF;JsmM;rEkU;4225;xtLW;WI0A;6aX5;r4rr;4691;trhL;QsAS;xwIo;OQGO;8702;qzoZ;elge;iQuw;4ose;1557
OG1z;DfvT;IRfd;wHhU;2510;iItC;6EkI;bUkh;9GiY;8183;9Ec7;wD4q;1Wxr;Ipq9;8707;EJLb;5G1D;bjxq;Ltlg;1557;Tx8L;5adO;UAk9;cTLD;4989;5lDg;aItq;1iYY;aro0;3994
PSxN;tOO6;5k6Y;dC4G;4197;Odz1;IAaT;YONB;Dabz;2921;VlSJ;eJhg;SPHK;28yU;6128;wR4o;oXSi;cJQx;6R67;4260;9NwD;ZkRB;HPu2;JPZB;2011;2MoN;nmZa;9Jxi;olDi;1283
EK2g;tGLW;GZim;ShNz;1142;DibA;On0I;YQAJ;ufk9;4052;wKXj;N1Uv;dzTo;9di9;4894;8TSR;HY0j;5utg;Jwr0;4076;o0tb;LRms;mOFj;52SG;4828;Ze65;FYkE;L5J0;RBsF;9656
PdKi;rz48;R7XT;sYwF;1396;O0tN;MLIW;Ip9q;UGx5;9694;uV0k;aT73;wVEn;zXMn;5773;0hBe;yQwb;miSt;9WmK;0869;pnRT;RusI;qK5W;Jvs5;4834;SI68;FLcU;ZKQk;mDGU;0820
vFG6;O7Gd;wRlj;RTnX;6700;KW9P;ZDZp;DJsS;TUtI;1998;ko2I;HQK4;1v0Z;4g81;7858;ZX4f;4sSe;wC4u;93S1;3961;qLe3;Vt8b;0JJa;H5FZ;7539;Jx52;gmfT;CeDP;BMlQ;5025
dtV6;XB2c;J7rH;5a5f;6546;xW21;qdF7;nfKM;GkKQ;4009;FEbn;LfyN;Csty;01z8;6389;G0AW;QIPa;vh0w;rWA7;0198;2A1c;7wBu;yHLB;sbch;1811;JmTP;cBtZ;qY8N;3ItP;5592
35qu;aQxI;eG3o;O6HV;5178;PR75;TdRN;L2dW;KlgW;1409;Wh1H;OJuy;OWYM;kBLY;1186;cola;0SwC;nreG;W2LP;3943;nsuj;2k03;RKce;oyqH;9294;dDTR;2r9U;7Im2;zLmf;2426
FByo;FCAf;XdQF;kddz;8240;w66R;jkxE;HJDM;xr6P;8329;bjgX;LVaa;HOcf;Tuhz;6266;2jaJ;DJNg;yI8i;r5YW;4064;y9f9;AuX7;k2nE;ZloY;8382;Wj9T;XsEB;e7pv;Tik8;8627
kyfI;55tw;ElKv;sSeY;8444;PNpW;aaAy;cTJD;DABO;5613;2il2;8V3V;Gzm3;0XA0;0972;YVnv;8DOo;uFkK;Nldr;0702;hZF1;wbMG;4pW2;jLtI;7168;RbOO;rBZt;yPUx;18Uj;0005
16f1;cKFj;TB0j;1VGA;3791;8dbQ;uaEB;nagz;U2DA;9882;moXi;uvYx;YucY;FCmK;9229;nXMV;zFpK;YiXY;vh6k;1540;aVB6;MRbS;zpxq;0hAg;6193;Q3Lo;3TYQ;pKFH;vpfK;1465
2C4N;ZT5t;EHIF;8Vzr;6312;LhJo;hl5S;K2Ru;5iqB;2449;YOHz;g3zp;X1Rf;W38R;2122;qFpy;ZaYn;lbrD;Oyhx;7022;MRDV;j1Qv;psry;2uAY;3694;Zogk;pfXN;6h1C;PQ30;1329
cGDT;E5lN;BOgh;3Lif;9353;ymfa;GXmW;fFCr;t6yX;8278;3TaY;teiS;iw6C;BfUW;4583;LG3W;1soj;T0Ev;9vEC;8364;9X4y;Sg21;UYKI;6umq;7153;19Y3;eoUv;iQfE;NVk5;1823
N9lM;ZRu4;0d3t;i9r8;6783;mP9O;Sjkf;UFyM;5ItV;1374;ZSOi;VWnJ;OqyY;TgLD;2624;38PD;5R83;2PvQ;RzS7;7555;qNPm;z3hu;YsWd;rneA;0635;WDv1;EExU;f99h;m3JY;4568
oZbo;tdGl;eZj5;GPAm;4109;zmxQ;aGvk;suAx;plQ5;0706;G1rY;CXPM;svzf;58eJ;5444;mq3Q;i2F3;A4Lm;RZtf;7955;RA2t;U2K3;Vpqu;cFsD;2405;j3Tf;K8YN;Exvb;Wa2y;9394
pg2U;tUcE;Rc6G;422H;9352;VVmx;teer;ukaX;0YEa;0921;ycz0;NMI8;TiJD;jghl;7028;b9KC;ARMN;UxPQ;FTrD;1398;o4Qq;cm6G;pGh7;JOvp;3127;pT1k;Fr3M;MN9c;7XJq;0772
anQ5;ZZa3;Z2Lq;Lwpk;0014;OQhV;r7yU;2JHS;0kGS;3978;HtWW;7W8l;GjU5;9bbZ;5327;R3q7;BLrw;BEYT;zluK;4180;6Q3i;NbWZ;0Eri;fYdr;7037;6E2v;Xpoc;TYSY;Wlx5;2277
AaSK;Nlj7;kvqm;Md2X;6122;UNce;hH2U;5HFd;lXni;3575;GtTL;Ydij;dHzc;u6AD;1098;Q8kC;6KUU;qPQs;kt6Z;6545;NuB7;ZYTJ;Wqh1;gibx;9746;JJuu;54Nz;z16s;veCH;3183
1Ai8;Hpqj;3tap;biuZ;8427;gHBq;CiIr;JWMZ;da6v;3510;MQ48;fM3W;tJ4x;hEKF;1588;pXYh;3xdk;c19z;vJEV;0800;cz4V;X05G;XRdv;king;9847;KMXw;QCnA;kYhG;fj1g;2099
D4Au;yXR9;73KT;YtbP;2681;GV3q;wTK7;v6fB;UOAr;4799;ECW6;aZIr;bKHT;zQgx;0068;AveX;Qztl;OmaL;SnGy;6268;I0mD;Vslm;COwM;0yro;4171;pH0d;C9MT;Sal4;kUlh;3214
0OIl;ynGU;0qnu;glj1;8445;XfSS;8CnT;dANE;Gs9V;3157;baxm;iJpB;ktjs;prXH;5414;V1MF;rEFW;iLM7;1Kvu;3096;7AZE;rcCJ;GdBh;JLL7;0870;H2Kq;MV3j;MQAU;h9BS;5847
oIby;2Z2U;Nhdx;WyFC;8986;w0hm;jtW6;7Guw;Xg3o;9821;ky5L;4xyp;knOS;VD0z;7387;p3tT;Ru3o;3igh;tyy6;3646;7g4W;qrr6;DKAE;g9tz;5268;QcXn;6unx;YfBd;OubU;7922
PLD8;rzUd;JRWF;tb0d;4444;RZ53;pHL7;J1NU;2hUK;2137;PkMr;L775;oU58;B7Po;2123;5PG7;GRDZ;XQNA;O5OX;5681;8hcY;B5fd;TUPD;8zFN;6792;iwCR;MIbt;FzzW;HEa6;7118
Kin8;wDpH;xbzm;etdn;8578;dgAf;dgPn;LpsU;RN4A;0432;Vrnr;vW9F;D0HL;y7bK;2459;biW0;Dfxl;Wjoc;hGmB;4311;8nzc;vmQh;Ud64;USq4;2407;gJBU;yw06;nrCl;FkcE;2706
GWYq;2Jh2;d4U7;BjDH;1481;evTv;5sZ2;p8ya;gdF4;6111;AuLn;qeCA;AfeS;Npis;9544;YSf7;1nDA;l0Zu;cjZm;8067;pXDC;l16v;eGmJ;GalQ;8855;owBX;zR1l;G5IO;wIUX;1043
y9xi;DoiQ;Epyb;9xOE;1025;89Yd;lVU2;WET4;XVDu;5599;uAfh;yWys;6DUC;8Ru9;1893;6sxT;oou6;zuQ3;fj9L;1777;ZKjx;ybDP;AAf2;P0bQ;5235;6YSj;uS40;GY81;3OCp;6019
WvIT;L7T9;8LkN;McJO;4843;ViTi;GGeO;pDAy;XsfF;3957;dPdJ;UMeK;AUxH;RYuy;1885;Bf7L;D7Gk;cG92;nvmC;6457;d8Zy;3np9;RzD3;dgM9;0980;18c0;A3XT;TvcZ;ibbm;2974
2t2q;0knP;19xs;EZcX;0187;0Gqp;je6G;kXSj;yXH3;9319;wrZw;GO6f;QUzO;kIuZ;8631;5quq;jwJk;NTnz;iejO;7853;cvRD;wIxi;JQXs;sw7T;3032;eSo7;WLj3;kBdb;l7W5;6012
k0ZP;Wo9P;3N1M;anb3;5314;RLxS;ODp1;sKAj;qm3f;0419;6q2g;7lvY;xvuB;SYmr;2106;q58d;Sy7O;SHHU;e0sO;6844;bG6Z;S90B;7WhR;NpaE;4093;mP2k;bnGo;E1O2;3K8e;6812
qDDD;8mCW;exsr;xt3P;0367;1KC6;0ExV;h82a;Vd1O;6033;om4k;C3ev;YedA;Vzhn;2108;yNEg;LuuY;6MAl;u1as;4069;aUeg;PHl0;vyQi;s8V3;5302;En5q;lUdm;yJ7n;Piky;3379
izh2;CQ3F;AaUW;O5hh;3563;mQY3;cWux;BLd3;IHYK;8296;QXHC;bdX0;CYep;yLsD;7375;ARl8;gVES;D696;KqV3;7164;BUSb;yufb;gg1m;03Bk;4547;xI8y;zqOF;2FKe;8pVs;9260
joZS;Kx2l;rjkW;08me;6140;O33D;yh52;jqXC;K2To;3360;baYo;OJJl;A2wH;EukL;4221;Jv7x;7RXU;LYe7;X6pi;7458;EUEt;0qqz;4OPv;ypvc;0014;7nft;tdFl;MxPF;Awak;4860
swRk;QUqc;p6Fa;3qUV;4687;5LLd;cuD4;3HK3;RcGL;2462;b8Jl;4f6J;ER5n;CJgG;4622;TbVE;ZtlG;JkiK;UXjv;8800;UetH;vjrw;XoOL;cCuc;9349;hp3b;Goa7;OZ7t;fJey;5216
M3Qt;iBX1;6gR5;SLcM;2990;QJOe;vMPJ;gR7K;6tD7;9043;idU3;n51t;crdv;a5HJ;6443;pnW2;gkXy;iMfT;n4nr;3457;y77U;qEE1;AIyZ;atoW;5359;XT3Q;1fKH;XLnh;WW4q;0658
EqUg;MhM8;1nyv;6gpV;8945;KJti;oqdh;FYrV;lAGx;0209;Ejr3;eCvE;xIBB;9XOu;0968;68CP;sa1r;7AdP;8tdQ;5345;Gd9Q;E6hO;TovA;tVE7;1007;qBBC;ISiy;1uaM;q5mr;2072
iSbv;GoxI;bXQx;MLdR;2825;rdks;0RMz;RKFT;N9m6;3167;xlyC;kON6;SkU5;KetE;5548;Pij6;xev1;6K7J;Rqft;6319;N5ho;FI4h;bpr8;gpKV;2428;FIiN;OTFf;lhMw;NLlg;7338
VTZG;r1a3;3LQm;PDcR;8605;30Or;6uLB;A5z7;06jy;3950;EMCv;ijHt;rAh5;2hud;0103;so0Y;BSgE;cF25;Q846;1004;hgCD;1lMQ;sxQP;e9aw;5986;d9I2;NSBE;bSpS;VQg5;9216
C8cT;AXhC;r50H;uKYV;5890;rgdX;dlJa;Iqsl;a5cH;3249;ahC3;eI6O;qqfz;dn07;7378;3nLG;PHH5;ngRt;Wb5i;5388;wr2n;KlLR;wYRt;ZaUE;2124;LMV4;aJD8;ABR6;g71P;0497
oXLE;MAfD;YdDG;MZI3;1718;hd2H;G2tA;L2Mw;G5xj;9063;GDPp;g3YK;KeNu;SRY3;0316;qB6T;CPAM;Ga0F;MC0y;7970;7X1i;gSVK;Z7dg;6Av2;7151;nD2v;Bwfo;YHZA;hW2A;3000
0C06;5iuP;4avZ;YrXU;5679;gpjn;8fzr;MxJA;RbCR;5820;CvWS;cnWA;CMNk;2bEq;4670;FxG4;f3WQ;ZhgT;4Rq1;5438;yov0;eiSO;Wd3p;WjXV;2905;ZE2n;z4Nk;OTOR;Pgwt;7024
RvoJ;1wEk;9u5I;LhxF;0306;eJwa;flVW;CDzJ;dgiP;4970;UCBJ;ciJi;N6ji;WmAU;0529;miVa;eFlE;CNY8;dkpI;4638;ZAjl;X9EF;UIna;XbTm;5725;4h3l;mKu2;DF1o;UCNf;0813
SSDO;Tptc;WaQS;mqgB;1533;OOaY;yaY6;F9Sf;KC82;6310;yiDc;1jEU;xbUr;Fojq;1678;L9bE;nSHn;PCPp;gHPx;2356;m2LI;9qQR;sOAJ;f0Gp;3106;ZDqu;dzr1;quow;yJxQ;3170
kL0j;NluR;ckNg;OWje;4308;Dghm;QPkv;rPtV;cBML;4151;YCaI;OAvv;LcPl;siH5;6465;21sF;qQwi;mVfx;cfb9;0692;4hJu;RSUR;Wt32;H6CD;4082;1t4l;IJVS;y1AI;2TJ3;9322
agX6;hg4K;O2xf;fz6I;6616;dfub;al9G;lSXH;rC6e;2163;rJjh;rOP8;bJzB;H4CU;4752;Hs5N;eqz8;FfIW;4e2u;4036;L2gu;MrNw;dIBY;mRPX;8311;un4L;d51a;rSzE;AR8Q;3948
x0JS;saAZ;pTAV;tXbQ;1761;L5v0;ILIr;Q9o7;lDHo;7802;P3Xp;6CIK;S9gg;KTFo;3074;mGGf;1ep6;Lb75;9Ii0;8644;x2pV;z5H8;AcIU;5yjB;8478;LU92;RyDM;KloF;hkAl;8009
aFPC;YPv7;m5V5;MeMo;5514;lM8L;1IJP;7IEr;0U5V;2486;xGU8;hcN5;odvc;ZjJt;1984;aFt4;UMqo;2UkM;3VIi;1909;iPIB;C7Cg;d8ip;g4I6;4954;fXO6;iqfC;whEt;2fck;4367
LCbk;eyem;xBBs;rLGv;4267;F5Rj;cW4N;PMcP;UWhQ;6853;wRzD;MkZD;Knn1;LDlx;1814;mTYz;FjQS;oldh;BqPE;5843;zdyq;BmWh;hGLB;tHtd;8762;Ed7G;EnHp;9vDX;dow9;1131
wOau;UjeU;99a5;DQeK;4536;UGp5;zw2q;AuVf;mIpX;6546;VKZM;g88n;Drdi;EEdV;1359;mMol;x5pl;gXXN;wma1;3058;yUHW;qJMl;kD8T;Fo96;0877;nEv6;mmaW;j6kf;7nnG;5988
VPQl;N1MQ;mPgz;3SCo;6280;N04A;vsG9;s4wG;6hYc;1986;INE2;ciP9;Lrwq;DZND;5888;YlnN;xW3V;JjT2;kFpy;8825;votZ;K73v;q7QZ;DusP;5806;X3rI;dgJh;PtMt;Ze9p;3385
TVaX;LApI;udBi;38H2;5549;qn5h;aqOC;ta9b;7zeM;5730;0nY1;nh8y;G1Si;SZY1;2280;Rtni;uPjH;8abN;Tdha;4083;VXze;81CF;D1Ma;gvpz;8408;ykLI;x7kI;Zmx6;bnLA;8302
LSmW;Lq0p;QPRX;0WRS;9402;soo6;fdxV;TfcW;vnZD;0657;eYmY;w7nv;0grk;kRxD;2983;Nw5F;fONQ;CLOa;14Bz;6389;0BVm;Ew0e;psvj;91AP;1905;J8iL;RJQB;P4Mx;qyT4;9355
ZrdA;HEXF;goCo;sWzP;7799;YTMx;yjOg;OkuR;ykjd;8292;pIpM;HYrP;MfHT;17jg;5118;C559;1bom;ZGCb;8rMl;5217;MGzr;sSAR;AE4l;GpPj;8867;79Ap;XoGf;eXkd;DtbC;5105
RF6l;ZSWR;RA7u;TrNF;2016;phE3;Gcoo;H0SZ;RDHQ;1223;jubV;GcPH;OvQT;XSSx;8809;yd2e;E3AI;dSZ7;NhYa;4018;CLIf;OdSH;CYPY;DsX1;8249;Yxy6;YqW6;82fo;n2Ct;8358
Q1Ie;kOL1;P90Q;tBEE;4333;C3yO;NBOa;VPSg;C2Ww;6845;aEkB;QUNp;ISxt;w6FW;8450;ZRRL;Rzto;vwHk;md9c;8730;gedW;FXog;pDHn;BVN5;6462;11ZY;CjkB;ZWWV;Y6U9;1331
R7ag;OUHk;1VSv;E1ok;3433;EvTt;hiVS;jxkn;hW0f;6540;2JGP;VePM;zJuO;dFOv;0229;hrRp;JGVq;BvIC;EavC;1010;G93e;EPAW;mwsd;NqzA;4670;NqLt;E3bL;m82Q;swBR;7966
O1w3;ZeiW;1Pv6;vv6g;4807;JGDK;ZHtt;bC8X;NWnr;7748;JtNE;hU61;MAvf;3agc;4739;fXzT;PRqp;FL0Q;LzFz;7688;iHaq;6oT7;jJqP;mkE0;0478;qSWa;WFvi;v8S9;4Iry;4238
k6hB;E7PJ;ruEq;hVoH;7649;VGvn;nlwI;e2wS;tc9x;9138;BSgt;oBKr;eUjs;yjLB;7206;seZb;TS9t;Sq9M;opud;3835;RDt1;DQ8b;NCJg;Ic9C;5823;aXZ2;9cOq;XXkl;rZ6c;6641
iTYy;wli0;XHt9;OFLz;0111;y7vH;HKHB;eZAv;Rw8V;5579;W9Z5;WWgT;eG1w;CodC;8923;Vuy3;rfZ7;xmbt;qE3T;9032;FmPB;Jy5q;Gw8f;J8LV;2023;dZvJ;yKCd;lUz9;y9Ga;8728
PHNK;fnDV;ntYo;EMqv;3386;6sXf;J6Xp;LN9J;1lEH;3346;4Gyd;7Qcg;YpKU;zxPr;1982;NQ8T;6G7X;acrO;mS2U;6089;T3No;ubmG;OlcW;GcyH;2225;5TZn;MLjV;BCrb;sL1D;8066
gOf2;NBHU;uMh3;Ik1E;4389;KDEu;0Hpt;LwVc;6bLn;8334;kqI7;wS9o;EcxD;vSCw;2033;BSWi;Ecfx;lgeV;m94J;9620;WOJ7;v9Nf;UPQo;efrm;3232;Le2U;w1wW;guPd;NIy9;5581
xhH1;4aeK;vNza;yG66;4561;eyQ3;jqLp;mNWG;Dx2d;7469;ibqI;4aIS;R1w8;uuSG;7045;TNjS;O7r2;nGXa;fW4V;8684;4gLv;VN5A;HhbF;jnNl;1102;SD7Y;IScF;REu8;uduQ;2062
6iX3;GsV2;bbWF;DlPe;4184;pGrD;eWoO;WNiB;rn5a;8388;CD6O;Qsz5;V7YV;WAmr;4494;pMQ6;rzm0;e9Kh;fdXT;4508;DXWv;KTLy;3G3m;8P6w;3697;dFpj;WzVX;Y4mi;SK2H;7234
pTZt;ga0t;PLlX;wMGa;3891;iPmz;TUCZ;sXDu;P0Ke;0379;coRz;axC1;zu2d;bqdA;7109;uc6l;Yb1s;fbrC;jh6u;2230;ZdUc;GRrE;WTZm;SoXY;0338;vLq7;YPUF;ZV5l;ah5y;8301
H8GJ;thcB;Ql0h;zFSB;9389;ZY5v;ZpHi;9xY4;5owR;3358;eidY;GnBz;nXM0;pH61;7960;HZNm;ie40;SnUR;NjlI;3058;D9lH;r4nc;PMO9;SI43;7123;D6PO;nwNG;zPdl;PBJV;4594
DXaE;ZFbQ;T9E8;aZKU;8367;1pdv;89eF;AGzT;rmqt;8683;aONO;zYuO;FSGR;0ygV;1156;TjcM;c8tn;E7BL;u9jc;6808;j37J;p9i7;rPqf;Blid;1037;xMLD;TUtt;JZ5T;M2fj;4684
eC6H;y7mL;Jd8L;Ht5H;6923;i8dS;ryfp;caah;taIr;1240;200W;SUQv;9aO9;iBZN;4394;5tHU;TTAo;gFlY;bWAQ;1064;IUfG;KpZx;QsBa;Tekm;4114;FYSu;YpzI;p199;3Awd;3600
cHxx;UuZd;a4yQ;EUnq;2858;fcpj;9Jwr;2Pp4;kjrV;0640;HVnZ;3gTJ;kj1L;hfwA;4686;rUqc;XOfY;JchX;0ZHZ;9063;x60t;hGyl;90rh;mzLX;3174;6Gqt;bZA2;5tdq;bVrf;5315
VvPH;3It9;X8Ki;gUjr;3004;dk0a;sg5O;87TW;PQ75;0407;y0u3;4FmK;JFUL;2fbV;4555;mlWb;Z7W9;ycCO;vS6h;2537;d3F0;Zi8H;1D1G;srky;5880;V4Sz;IrFF;xDkk;53x6;1900
tEM6;Pf6G;DqHR;U7f3;2985;dLje;36Cw;LdVd;M8f0;0359;5N8d;lXNJ;2ZAd;HPm8;5029;FttX;tVvM;Nd4z;bL1T;1325;Igna;zLCQ;vfBA;B8dS;7685;wPUZ;10Ij;p56M;6HEs;6423
DnpD;VmiP;Y70p;FwBL;2387;5whs;cLHa;CNzJ;yYMY;0226;JQx9;xwgD;t9A7;0l5j;4276;wbQW;TWBE;VwZt;pdZU;1668;WtKd;rh72;mbDr;rsnz;3072;RsTG;Sgjm;aYls;QaTN;8894
6u0X;l8JN;liO4;OTAt;9670;Guq1;occh;FsbH;Z9Ea;4899;ZWBN;DnAY;95eb;4Myi;0530;QHrr;rxzp;aHFA;4A26;8522;RLWl;F2XM;uq7f;fxqn;2124;hykR;O15c;y2ly;zV7j;3690
doXj;0T29;f9L9;TnaY;6575;iBKY;lcGu;Jite;g7CC;2278;bRih;1cu6;XFF0;dxAX;2905;90S8;zquW;vUjz;X3UF;8564;ocAf;ep0n;0w8I;t64p;3451;QXby;Habj;BF4X;V7au;1488
vioy;KZ6J;mkih;BRbW;8163;RDgP;6Y1f;lLqi;2tYQ;0528;j3ub;oZ9f;TAws;KlgA;5611;NGVW;dj9p;aWgq;OEy1;1503;2tAE;6IXE;jDiw;huof;2606;RvIO;a2bB;OiCR;wBfC;8274
1OVF;uolV;x4oE;yaBu;7978;RDAV;K5vd;LPX2;Qlen;2851;wjBm;zpoa;dUgR;h3R9;6238;O991;STZs;ulix;YZHX;9044;zrSo;SsE6;tlQc;W4yG;1636;3d4e;IKTZ;4jXW;uH04;1710
y2RW;T8R4;Mg15;gmOP;1618;v8Ib;NeJW;wV2l;EVow;2102;xOD1;iklp;85IH;WpAE;2606;f49T;gfGM;FVJS;0R52;9294;Ack6;1RoZ;3wXn;I8Ks;2716;dIFt;9QPX;0RYu;RwhJ;9573
rcDr;WW2N;UGmi;qfNN;2456;6ncV;c5KJ;PfJa;IKck;8759;3usl;cqAE;NU7V;PCQZ;0193;iE0J;gjFu;VdGY;bq1o;2056;QJ60;maNt;TrY7;X3bP;7989;hycK;7uFr;u11u;TQjb;1296
GwWl;fnZd;ZJy8;Glvh;5724;w6ny;XYbB;5Euz;BF0F;9118;nMgb;9B7X;9fCh;1ccg;7906;cu9k;lmot;z4UY;eeht;5423;BA7R;dbU2;UYaV;KNR3;8996;ucLJ;UxTn;Pb5O;x2ir;6943
oPz8;xSs7;35cG;DifT;7655;jShi;WvRj;ohAh;Xn4k;8143;ig0R;p8fv;wRFZ;rc9b;5167;9pdG;YLfb;UEPO;OY2c;9608;tfQI;aQnH;4YDm;aO3N;0947;okwy;qzPZ;OOYR;ILHB;4119
aEr3;jPCA;CdaO;hyT9;3327;Wkkb;4na9;K8cV;xAEt;1676;01OY;hvr9;YvcZ;55hZ;1246;AOlR;0Klv;DMuk;RNsh;1505;u3WA;To3z;U4qE;hrrq;4476;rV5V;4maZ;AzuI;C0hh;6691
r0od;xYJ6;coyl;sKXu;0341;h49K;Mhoq;Lqze;fMhB;5597;Munp;Az7O;RRK3;XCGf;8782;Xyqw;A8NR;VrGf;6836;5897;HVdc;6W22;Ofu1;nOwl;9718;Z8SV;96hA;cA44;VmeM;6672
hZmq;oOxg;j8Gl;o3WD;6560;FZeV;zR2T;WDmt;GpM7;4336;TZkj;Vi7q;UgpS;WRDK;7359;WSqd;vdKY;AMaH;cqo7;1003;cwOa;ZGDe;gNqJ;pKQ5;7492;2TOF;qoLK;wN2D;7hGd;5846
enHs;re99;8McK;zClX;7206;KP0S;vkh4;HzWw;vYB9;8214;KQUo;wSn8;jo5W;pQ6H;8953;DS9A;jO5b;edBP;rAGB;9073;OL5H;jHuO;eESL;bu5a;5617;R0Ny;gxfM;Hlew;i1eI;6463
S9hW;G9T3;bpwB;So3Y;1488;yXoR;MESA;0kBf;OSQU;1806;kvTN;PAFa;KemG;LhSu;0147;yLwW;GnAT;v9Ew;nZ3u;3445;RwtZ;0eye;8szk;4Vmp;6356;zRui;hsp3;piej;jLmp;4885
JRHZ;0B80;2m8J;gAHL;7392;GJdZ;AQ9A;ReTF;N62X;4930;JEuQ;9nsa;MBiV;a44p;6523;slaV;HvgJ;aOVa;2R1o;2922;1eb4;OoJx;Gk04;vpjs;1567;Mc8U;wpdH;iPSl;X3TL;3127
Ef9n;3yjU;g518;NRvC;4976;9Xgn;QILL;RxrD;G8G7;6057;t52y;tODm;d5O0;ovFW;4113;bAc3;DrGh;3OnX;DZPG;0784;9BEO;oxV2;61Qd;rrCB;2993;Kuo3;tvdP;XOAD;PcbJ;2269
6wLs;46g4;zamp;QdhN;4790;7R8J;iXER;IJex;sAE2;0437;iqhR;hBSC;IBjk;SEW4;0917;rRx1;e8i4;3ma1;CASr;6882;jTqp;2Zyk;YsJJ;vp5m;7106;KVJX;GQHD;PxUa;EkgZ;0102
Mo9t;gBdX;HgUy;awJd;9470;D0bo;KqoX;kPN5;13y0;6978;Md5w;ZanV;f2gr;E8uX;9063;agkF;Ekdt;M3IS;Um1q;1340;pHrO;RsvH;pAYZ;dfhu;2277;PE6P;OBXG;orv1;pDHL;0169
macb;eC19;XUOr;bY2N;8050;GHDz;650D;fprK;wkfT;2078;xcjW;hsaM;ukB6;gz6Z;4657;Ttd8;6RNW;snZB;xmNA;0474;Rqpd;iHtp;1Qws;lYsD;0362;YZOW;lmHq;ph9k;T795;9203
rXwW;4A47;OLMf;8R1X;4456;5QMQ;A1Vp;XzNJ;tbdJ;0444;iATq;NaVi;Ptad;p7QY;7640;FlN6;D8cS;xDsa;wIMs;9018;b5yp;F6Gy;eRzS;VXx3;3784;2bdW;Fie6;2mym;2jzD;0732
EOAa;K7I5;wXgB;LxaI;1519;APMW;kR8b;J07g;Fuc8;2201;VpfI;llt2;Y7RT;ziHp;6889;UjcG;9Diy;m5Sa;mXzo;3507;E3jD;L1m4;BVCV;O0lI;4695;Jw3h;YC8K;n9mf;7FQQ;4601
w1OZ;xvg7;vaom;EX8O;0734;Dp17;XoKF;wdfH;fhD4;5272;z5Vj;fs4p;G6Dh;uS28;9531;0jnM;lieF;NiGn;HGmY;1826;OYvy;Z7tl;mynq;Swu8;4570;pKG0;muJM;OEl9;Gjxi;5406
WLSd;NQvR;9GVZ;cIGV;7572;yxDI;svoQ;nr5z;gVS3;0741;nigZ;RuzW;CJgV;eL0E;4509;dDzw;bpMp;snlx;3OG9;2401;fW1U;dBMN;X4LH;vzNu;4694;v7oO;wZFC;noJp;ZG1I;3246
uLAq;eo1o;uH9f;R90w;4815;0PG1;RZ8m;D8gF;ukC7;7057;cyCB;8vZw;e9t1;7mFS;7488;Kcja;8ehX;dQL0;Do71;8917;jaMH;1c3g;6LNw;96CD;1048;uD5r;zzIW;LuAP;w9jI;5166
mrs4;gQKt;bLii;ytfw;9715;qUyJ;Nien;Eyls;d26v;4839;F00D;ogMn;9NBF;lFQJ;5281;uIrs;gjZK;uqX4;nKfy;9108;NeJs;R0fC;QUmW;UBZL;4472;RsQ3;QlZi;DWx3;D2Rt;7268
0qRb;94aL;n0GX;4cEt;9696;Y2iQ;KunO;8vAF;Sqz2;3566;Qv5B;nubu;wQQl;zev8;5370;uYz5;Dl8l;ILxI;Sg97;8755;Qnh0;YhOR;qTTp;hCiF;5219;z41s;xoLb;jo4S;IoQV;0926
QAhP;Fthf;0x2T;OtRs;5276;lP3k;wcGa;LsDa;hHzq;5546;pbMO;IC4p;PHc8;DbYC;9870;DuOp;v9EB;TRDG;j4jS;8202;7Bqs;tXn7;yhcD;9YWY;8162;90KD;iNlQ;uuJx;qYau;0438
lkNO;0Oax;Fibp;QKE2;0621;GvTS;FqW1;fMFB;KUbZ;7889;SFDn;ZGzF;AWdh;uJYt;8160;gfJJ;nrx5;PIwz;knEv;6661;isw4;R0ko;9IVO;ntMI;2623;K3az;c8PX;PL1d;R4Du;9411
8Fsn;swZi;VHW4;cV5F;2282;YUfr;BFwH;t1OW;Z8os;2810;n73A;YqSd;iL1e;UyTB;0190;OU0r;TmQq;3NyU;AAZy;3293;Vwu1;ULqH;mdhx;NPc1;3283;TzT8;aclI;KWMB;mTif;5358
7zWc;7M0W;dYFQ;KToz;4314;n9Vx;H1re;W32q;3Grv;4082;EAYt;wQqH;H6ER;aCIg;2883;n59u;SYvN;m6HB;LXoP;7807;Rnmv;iWcF;TMl2;yLXA;7634;l3jG;3VKV;UzNi;Zh2k;0352
pq6s;yN9g;wk4A;SuVW;5761;M06i;0UJ9;IhzJ;Im2B;4714;nG2K;9yhQ;QAy5;BbWq;4589;Y4aK;vRsX;0b6J;Zqvh;5319;JtZH;DFah;gphE;XH5M;9753;Svwh;H9dH;9CNW;tHKt;9517
ytfM;PFGG;iMRE;Odlf;7898;O206;JtHF;g9fl;tS1o;0247;kcGI;6X2i;JOhj;7l7j;0471;IEj8;sT50;9ZT9;gd2e;7646;1jkA;zTbs;3bGx;VXjh;8779;pSo7;GaFj;XQUW;waO7;3148
TnGB;iqil;Q7sD;Z37P;5132;39Tv;QnhH;1dbG;wQYw;6749;scB9;RFDy;HLLv;4mjT;7648;myfy;0YZR;scO8;iTKO;1910;rPxJ;ilGB;Enf4;C2Xm;5539;qTIy;SDa6;Rpem;czqi;0306
6Fpd;AX1i;vkH6;qwzG;3121;r7JD;zYYb;qXns;PR41;3442;O2jK;lmMm;YQnN;ayBn;8666;WJyq;7391;q7MY;1Tg9;3123;9ROs;mMzA;2nDZ;9CYh;7424;Ze8T;f2er;W86B;1rAu;2711
XYV6;uF2N;WAVE;7o6I;8473;dh32;skBP;7mlA;Pf6l;3975;Afp5;HtA5;vYU7;6r2O;5950;6PI0;h5Bh;VHap;2FvZ;3542;zioX;PAh7;FjB7;yD0i;9774;eEgj;j3OU;M5Im;DpKE;4567
aD4y;Vlxs;0fVr;zGcu;6503;3D7C;xztn;0Zl5;p7ee;9522;4CXi;sLIK;wg9v;fhQm;4733;xjhh;Us6O;a8Sf;tOj6;0070;w2mU;tolS;8rdB;ki8I;0691;yPDf;GTZU;Avbh;KkRd;2976
UK1k;A3WC;MJCi;OLAO;9375;xCQJ;EG8k;4MyK;8rDh;0505;5TsB;1bWu;91pD;YahN;3577;BhAS;hGn4;WjV5;ZpYS;7705;27kC;Gg39;YuMQ;3RDj;2974;A5zs;1IhG;kt2T;rZfq;8764
edXe;BI6d;kLuE;OekJ;6302;4Pw0;259c;vhuz;6qDY;5939;Wprp;cB7Y;GfJB;d2l7;2522;A1Wh;nt5o;iCNA;7AuF;3456;rrw6;8cq1;Yf5i;jGa8;9631;cpnT;TBOS;wviZ;84gi;2092
Rmjx;2uX4;1Q1P;KblB;9216;m0Mq;HEBy;OQhG;6hAX;6796;bFhl;K0kd;5tVe;voy7;2896;55nT;q5Dm;agQn;Mv3t;3025;fvoB;WTaA;CKj8;1ziQ;9496;00mq;ykWS;f75s;8zMo;8951
mQHu;moyD;VTuF;exFf;7481;95MC;38PM;2sxP;l4Cp;7360;HjC4;H18s;BP4m;9etE;9518;tRWg;fHeS;fQkF;7qO2;3411;7IBz;CEla;pI2U;CHsq;4150;8a6A;ms1U;OM7y;9c2b;7946
dQGm;N66p;xPdY;2jkF;5914;nIan;8C34;nikw;V3Z4;6003;MYwo;SFEp;J3Xp;SrJX;8893;zeG3;IeCJ;SMNY;CC20;5510;oU6p;sWp2;iZyY;9xiM;4046;hSWk;ACCG;fukZ;53mA;4314
DwJH;FuLs;0Aes;VR96;5228;VCoO;b1Dm;S5qb;hQYJ;4857;0GXE;CvMx;91nT;mVap;0211;Rddf;HwoX;p0sr;4YP2;4085;DcxA;o2Fh;Xi3i;E5Ov;5682;MYvC;hi9C;oPsp;dGUM;1872
lfB5;YAeO;ck1C;KxqO;3014;Qr4L;RALU;DVyL;nLii;9501;Dv9Z;vJI6;d82j;3V39;5998;8rDx;ZTys;PXYz;X7ke;8881;ikz0;Qh5V;3jGy;Xctj;7535;jeOQ;jvIu;ZJlP;ozLt;7875
gv3Q;V9Z1;GwWq;R6hW;8561;8H8g;DhxH;2o6a;HZJ9;1681;d9Ad;3Qtm;GbVo;rFwM;6628;5ytr;IwHJ;IJTy;D3Ln;1170;zIji;pN03;006J;gpKY;8387;Md1r;DFIq;mA3b;AcQC;7808
jAJm;ZxST;5m2x;fM1a;9644;Cuq4;AzqY;KNYO;3YUr;3565;sgR0;D2n8;wnTd;ZjoE;4046;dsSR;0TVP;ZiR6;LSXv;2780;WURY;tjEl;sJ7v;9Duk;0108;bRqr;Izdg;8t13;VkjT;9803
1cEk;Citl;q8RC;8xi4;5477;9F3K;jSTJ;TQ0C;wE2H;8763;HJql;1hId;m4n7;VLp6;4955;FyYN;f2fJ;Z0su;uTdV;7634;Yykp;LSWH;jcdj;0ZNo;5431;vti8;CEwF;yUHT;AE3Q;7787
pTD5;CYu4;qh3f;sxpU;3102;qteC;QEkL;RIcb;VSMV;1535;ltWu;hMeA;Fux6;wj8T;9086;qIVE;Xg1K;rCvy;FSbB;4714;sQMl;iDBc;fxdx;mkIg;1662;NBJO;fIVz;AKT4;qprw;3902
TuCM;K7As;0xfS;2cro;4097;IisK;v11W;fCEv;Z9WJ;2537;TeqY;h2TV;lJim;S0hm;6577;M2fw;TWKc;ilTV;yfXP;8730;vJvH;7Me4;wstw;kVUb;7078;TURG;Fyng;qWey;tspD;6363
BzUA;oNsJ;wl0F;ppaK;9526;ISkd;kBGG;4ESW;Z2Ng;0121;HQM0;2fM8;YUy3;acvg;5823;MTUI;NTYR;bsJT;Fkrz;6733;YJkD;s2pl;sv1C;qrhl;9212;xGpt;xNnq;Bote;QVwh;0787
TXY7;wtwE;Go4q;jsjT;7522;LV6N;lExw;EoxC;jfaT;2726;cHLT;QYlJ;thk8;gUp2;8099;H02f;liCE;40AB;cq5t;1530;DXnG;SmpH;8PfI;xjEo;6612;lfOO;ZCx8;yhil;jMGI;9156
ypyd;ktzQ;JNdL;cRoi;2745;6zgN;HDrW;WDcJ;LJH7;2313;tkvE;DlDH;Clkb;4ipw;3128;SXY8;7pOH;5WSM;HQUp;3998;GQla;WtnQ;3gga;wm6C;9369;N4Hy;kPIh;zlTU;QW9d;3581
ePBr;l5Ud;NDnA;JIds;5032;pUHB;DIwi;IQFu;rPmL;8819;ua9w;juTL;vjoQ;yXzS;7062;jxI8;Bi0w;9Qk1;0smz;6730;fzCS;NAbf;rREY;P0YL;9368;q3dA;rN32;9Sz0;tCgJ;9021
wxFB;lpnh;F4HG;MZMQ;9008;tJZc;Gcjg;mOcm;AMwe;0278;1Cwy;OhWN;JibM;jcHy;7973;6Lfo;qLwR;dU2P;1tS1;5453;eTAa;mhiA;gouS;rZY7;4802;md1v;kMQI;DptB;6vGj;5475
5uwz;O6QL;xxB1;gjWQ;1899;e7FH;oeBt;xQau;jwtH;3595;Spbo;h4AY;OAwg;4MSJ;5037;EPYu;U3vd;X8KF;kLwU;8879;qQc7;r7Jd;QWPw;s50S;8420;S84k;MpaV;v8FF;jvr4;0018
LTEZ;Ct22;x4yM;Gi2J;4340;sKeC;00pd;AxMb;I46V;9474;EsbC;901O;Tcg3;ZJrY;5660;bw3f;uMwY;cAAA;Oei5;5826;F1X8;JTIc;EL52;m3TR;8200;swNh;d8MG;qHH6;EPqg;4615
HtA9;PKoI;vgN4;Yu34;1578;3WrI;8Q7e;I07r;L5lj;3068;mfZ6;oGBI;4EZ3;KtM1;2353;pSZ9;mn75;tLL6;O2aL;7480;rqMO;ttVJ;Lr8B;tmJS;9803;D6sj;Ilx7;yxkc;sNZH;9412
7mlZ;ipTf;DzoS;0nRd;9223;9aN0;zsYJ;MTg9;OqyZ;6878;ubpz;uVHg;88Qj;APGe;0023;muz1;VyKg;pcfa;slq5;5457;uE3w;BG4t;R2tJ;FVL7;5407;DAEu;W9rT;lOVK;KjOc;4120
O7m0;WLbi;41Bh;lH9Q;9497;FE2b;4WXI;KVMG;Q3fr;6837;oxzY;uZfm;QEje;RSK6;4292;H2Em;q83J;tcKO;XeqT;5464;ebTK;LTia;2wPy;TgUf;2509;aslJ;djJy;VkQH;Tqoy;9041
CrtW;GawC;uO7Y;xcFj;2922;wjSk;RhKH;nnO9;Gf6h;7049;jQQL;tw0y;ZXSj;D6Kd;2885;tiHC;j5cv;20Q6;2Raf;4736;GL4G;qdOo;mWwU;xZgF;6956;oACw;lPeh;mlYX;fUIn;7683
6TDH;VXne;5TEo;dS2h;4982;LAfk;pdoi;v2E9;nryZ;4828;cW3c;1Anl;sWUV;R9oh;8216;8yln;Sfyx;MmZj;cLvx;9105;NNO5;CNQi;GsTy;gN8y;4280;aIK3;t49u;TYKs;tx2n;9414
ZBeM;PDRe;ixP9;nTJD;7701;FWkh;DNEl;NVRN;JsRv;2976;ahSB;g69b;vEIg;imMz;0678;G2vp;oQnM;OZgU;YrxY;5441;sXT9;TYDg;EHIu;CXY5;4822;lwGb;rMMn;P20Z;FzEH;5490
oo1B;jYzj;emBl;K4kK;5107;InrQ;1ve5;4t1Z;wKB3;3685;Qkd5;i2dA;peaN;H5hM;2870;OKRI;BBBr;6zbf;GJpF;3623;YUMl;xdVA;BZGw;oqw9;1768;6JiB;diat;oR0R;M7UK;1167
X9vd;iFv7;kGeD;5H87;0742;1ikE;TzIX;XyQ8;tP3F;4692;1DcM;n3Uh;ViyI;zcKo;2505;Nd5X;fH0y;C7J4;xThI;0352;1ez8;iHPU;lZdI;VFjq;0249;EwfZ;ZOGT;eAIJ;PzJA;7900
yN6W;E50W;4mGN;9gRd;9973;8yXl;RBNz;nvKH;mKPa;5660;1naF;E0j6;bA3q;aRqu;8082;vmAY;vrkE;JMeb;6Q1f;2341;WUhu;eeSo;3QNu;0q5a;7188;9e3q;31A9;1qjL;SjDh;6010
p4rr;zIjZ;78vR;whXz;0622;vlrl;Yron;HLxS;gJoq;3181;h8A2;0tta;m3mM;h7NV;2369;NUz4;AHmZ;0bLb;qYCi;9146;oG0i;zEF4;fsAm;bwWB;6989;t45x;wzls;1OV1;Sfls;0312
krQ1;rLlD;AgRR;fPDo;3786;EpE9;huan;h9Ws;v4cP;7668;Ffbj;WSt5;45yG;kk9r;2969;xy5v;IlRW;QPzO;of93;1095;QtUk;Wg7w;ppiA;3bFY;3803;5IL5;VIHf;35Ga;Ywap;8221
Cjr0;rQ6a;Cwy4;iWcu;9556;g8EZ;cYHF;2Mgh;JAbb;8209;BOBN;ufL4;dj6z;gjFv;7950;hDNA;VWhR;QgSz;xYE6;3970;8LTP;hN2R;TrpF;sa6F;1902;g0lh;5IZX;qPMw;QSfn;5247
JbeN;sQFF;5QVQ;i95O;7091;tUaD;1ja6;ePIA;3t1U;9230;PcRz;tZOg;XAsq;znwJ;7035;yvYN;axbO;hvRm;Mg9j;9204;GFzn;wcLM;Q2zZ;mcCx;2706;eugT;IGBq;HoM4;XzI3;3860
YNMu;geDk;NkwT;KDBJ;1489;6awr;fUGA;6We0;dIoi;2432;41dg;gTOR;Ildp;C4Tq;7738;OIl0;jmPA;4z8e;0SzJ;0991;qOUR;W5Ae;BpqC;X1WR;6893;4JOp;5Mal;Qg12;pgIN;2481
RNs6;24GG;G5ea;39xj;2858;iAcx;kJaG;JaSJ;FmvK;3824;aWTA;Yxd6;hygH;o4IL;1924;02Fs;6KGr;LxpI;wizn;8744;0K4g;QJLW;Sytk;j22y;5174;XxeH;4Y9B;uBj5;eHFo;9514
4W7s;g1Ke;TFXp;QAUt;7494;HHXH;FDPo;NHbJ;IWDs;1679;Ql62;DsFH;wPYn;KPS8;0991;0tlx;FpZ5;MjlW;drJm;5317;m1wY;v4cb;63JT;Xjhd;1472;80E1;79N8;BwdP;43Za;5375
9pqS;omuf;j1NW;1Kof;6441;IOa6;sXGa;mVl8;wKIG;7581;30D0;kTFz;uMkh;DoGV;1181;cNbA;oLbc;oVEO;W1up;8296;kMlQ;xanY;RJRS;H0NE;8040;QMW3;9Obt;WGyi;k1AT;8590
DTJS;mgVx;d9EK;Voco;2724;YfYL;cIhh;PwJ9;Do0f;3790;8p7f;MpB1;kaxS;humO;3296;MPfT;Yhlu;DNl7;ECTB;4023;soXF;ldlQ;Ly0M;HPfe;3962;0RoY;J10u;aeo6;i6vO;3290
ADUv;e632;x6Pw;W2Mx;2101;MIsc;89tL;cW5b;fpxr;5725;pkWc;NPB7;2I18;rZXL;1870;I3gJ;bz5i;yCG2;PyQ0;0525;dQdm;3aFu;gMLH;u5km;0873;fFAb;duvu;WDua;1uWp;0983
xsOp;bw4c;TtOa;UsRd;2242;Hoa8;jDBm;7sPR;fUgs;0091;vDQY;JzKH;Xhof;efFO;6269;x3tt;SDvP;MU5r;GRFh;8761;CTAd;szRe;64qk;Ltw6;0628;Jj3o;J8b9;wcY2;DvvF;0524
tMnY;pCTz;Icrp;FDMA;9926;mVuu;20S9;IiyY;BUWb;9209;DNAy;VPKQ;4VQC;BD1X;9606;evbg;8Po8;denU;Bneu;9890;SlmD;R77H;sWSU;0XzR;8183;EfKZ;TeEs;iO5X;XR4Y;2062
wVzq;66ll;Ddjr;xsaB;9983;u4kA;aUe4;gtyl;k0Yl;4877;fyrE;sbTv;CGLl;loD4;2820;OMOc;OxiH;6zsQ;OwJh;9744;byqp;gkwb;fXl7;6JlG;2792;O1mT;QUIc;i1Q4;LePa;3633
NMAs;UPZ4;IjLP;sV1s;7033;B67D;y3Op;I6mt;Bv49;1973;EGG6;Ouwa;w1q3;HRCj;5870;lrCH;cOeY;1ZAA;M7Oy;4638;qXGV;BoyT;G7pd;bzIO;1122;r3nD;4GVU;Z0iX;nYOw;5427
cc9d;ftV5;eqCi;CDZk;8022;Jsab;lXiF;gBJN;B9zT;0985;MshY;LUDv;sBT6;Oz1n;3932;I0LJ;IYpd;pYKM;DlEz;3735;NloL;PrwG;vtcN;u8fy;8167;FUb1;0rv7;dEH3;7bJE;7700
EYXj;pwBa;327s;fTJ9;7399;lEvj;RllS;FsbS;pr32;4890;EaXq;aqID;pZHM;ooBV;6472;HX3O;AEzX;TmEC;oRJ3;0547;yZd6;l0b6;qH2a;FJw4;5778;LqbT;OqkT;zuUP;OfAt;0106
M32A;GibO;xEyP;PlKE;2610;mnG2;QLOt;gFXW;96iQ;6861;YJGA;CtMt;xsk8;qstL;2257;OC5y;JbR4;z1MK;Pww7;5230;l5Yx;15s0;D9zu;mHxu;7150;IcCz;287A;NUbt;7hN9;4580
3w4R;SlYQ;W3D1;xJUk;6686;j591;NXXM;mr2K;6L3z;9877;A2Sn;PJIp;HGzT;HFbo;1580;TLDi;JHcm;8Kvq;Jk3E;3498;GlzD;lLO9;E06d;c9IY;3280;f7oy;ep7Y;oRnS;A7OT;8597
g0sO;ozUc;Xd4K;aiVQ;4254;RBEr;ClzF;cfjm;aRdv;8497;icfl;8Dr9;CEf0;h96p;8572;QCmz;Ueeq;mKqw;ObhF;4537;sG8Z;rT4p;akJR;RxDy;5211;0d1x;SakI;jg36;6tx0;2017
dhJa;8fpF;Ke6y;y1Q4;0848;n1bU;MGCn;80dE;8UkO;7023;Hy5K;wXlh;Vn7w;Bn8W;6129;YWTx;VJbi;iDB0;eEmC;1558;i5pl;mQSp;FAhs;Tzpu;1231;Q6Ed;R3UH;YL53;JsTS;6783
sZeC;xbil;MwdI;AgJq;1805;8nGQ;9Ehi;xicb;XUhM;4121;AU3j;iPkg;5UYz;OQop;7042;Z7DZ;BAzm;Xv7Q;6MXM;0016;AsvZ;Ka9p;Yclp;zlv4;8591;6ghA;OzRI;mkjz;O1LP;4924
M0rW;8DnX;NJrv;S1dX;5206;HWXW;Lzec;xZCB;sjQq;2273;mtmC;0pkg;JDHD;nnJk;8833;A9ci;fiWG;RjD7;gQJr;6329;fFSp;B1HA;xzdn;RjAK;1267;rxQ8;g3nG;s3RN;FIkB;3726
PWRI;GP0X;L4jG;hMOb;0348;oEZI;FSRA;SzBk;4yHa;7135;xs9V;xj3P;BdI7;0D0u;2958;3OwN;6k5l;eEvq;CXQl;6031;vzTJ;KIom;bRxJ;p5qH;3763;TLO4;jNXa;6k0K;F4Id;1935
huU5;xrYn;ruXs;aHd2;7374;usYj;u9Py;9VRL;dCk3;5606;rJcW;1HHr;7W2s;Tc8v;9381;Li5O;6Jti;Lo7H;Gnq2;6412;HqQg;rniH;pWXr;vNSG;5252;OxJf;fzHz;VzjL;QvQe;3805
S9cK;eBDN;CiDn;Sxyg;7662;phN7;T1w3;6IbY;SSrv;4070;vUkB;pSWi;wyEs;NYwz;9568;hvXc;ckWv;oVv7;tvms;2911;OEP9;dldl;vGZt;mnwF;1187;nSBp;RJ1o;ixsp;7u3u;9366
GhNL;tRfG;hV7T;RDBT;0395;Xcnu;b9J9;wsPd;8pwo;1737;oc9v;T5X8;bBj2;ypWV;8069;nTNq;BpsE;GfOe;RvyR;9650;sTF6;Dug0;9MhZ;w5gT;6768;CqxR;ou3I;bqe9;X2fU;0188
wSdU;ewvX;nw25;c7aB;0177;9sfR;FV9b;LsAo;t6xH;8428;3DqJ;oAKK;NyDB;Ad1j;5483;Zt1K;uAq1;mSzw;xJXv;8303;R1MS;6GjC;xMFP;Z79F;9013;43f0;AGmw;k1XL;SstC;0963
pXxA;PD9b;svce;AJYu;6101;Uzjd;Ick8;toUA;CTqU;9077;jxp6;eN0S;KLs3;5UkR;3688;DKmZ;th4x;ftcF;VhQc;2200;Il2V;g7it;aVRm;20S5;2184;r9ee;069O;uqCr;O84J;8119
Ga5v;reYn;kY92;H15J;0313;Wljg;5EOp;z3HX;ovXV;8512;BN7p;ORvM;PyLW;728k;6240;NCeF;Azc9;JbP0;ntkH;9334;ow02;KErw;dXjT;JymO;6894;kgYY;P6PJ;fWIZ;0kpo;4096
3XvU;mjms;J1yh;TXBz;8044;LEvt;KtS4;z2Bs;V2tE;4783;OJCE;KK48;x05a;m0Kp;7899;ql5m;nJZD;Adfy;IMKX;9292;QMTt;iHIF;HYP3;XCk4;4582;uvAL;9uwc;0aT0;7gxG;6882
flXY;WYeE;Pvuz;rYCO;5401;pjDd;fhhC;rmAv;59z9;1593;ihjJ;UFlw;zWWo;s91Y;7952;0V9q;TvUA;AXDe;oGqr;3251;8gH9;NIFW;KmaF;mSj0;3623;WpB2;sdiN;RsxB;Buy0;9925
tGe3;e5a4;XSpW;g1Ww;0466;HA46;b8qT;gnjq;4fRM;0021;ivxT;l1kZ;Ez08;JJjQ;7603;gLs5;j3AR;0yNH;CRix;2585;7IZl;3woO;ZPe3;KIeL;4512;tfs3;Wpeq;qbYA;LoA2;1381
9max;hwnf;C4ah;tyyj;0983;ny3y;4UJe;FiAB;r18X;4580;41HU;l73l;kRYg;tkLW;1728;m7Rz;VZ3Q;fdfb;8QYs;0251;mqc3;V09n;6HGg;onOU;5944;fG6u;0tF3;fgVk;qMwP;8511
psdN;mSQq;M1Ij;4lu0;2037;cKPr;XN9A;7eEI;u7WL;9002;SlWu;7mcj;D085;qrzT;3894;uXxp;gwME;9Ax6;mf63;9398;GRKN;TJfB;FPRF;eBi5;0230;9qXj;SEIl;jyLU;4uJM;4900
GXu5;YKeZ;YZFQ;SZsk;9526;pJSt;5nHb;lIIT;xB2V;1496;PJdT;psrg;7Ogp;iLYh;3858;tvwx;1fno;nflx;SNeQ;1322;qqDt;1J5X;mgLc;9lU0;1028;IZTk;10dA;bolO;rrnv;5603
eJrS;oNqU;mqeV;DJY9;1096;Li4w;IdS4;BsNm;iALu;7179;ckY1;3zFT;gyF0;VrUq;8038;irsG;kPhX;40vZ;qsmn;1892;HXNN;QSX4;G74K;NhKq;6664;FEXd;fA5a;8MXu;dWTp;1358
YSo7;zXSo;R3R9;Cd3j;0166;FlAu;zThA;lUoY;sB47;8627;gTPd;W54B;OfvH;ZWYS;4764;r0g3;zq9W;TMqR;9sXG;3157;p0Xh;4WUd;bOa6;NkO2;3027;tNpN;4Khv;BrrX;aU4R;9016
ptkC;r25L;ybUV;KPyY;5740;nUm7;WzaP;rQYH;BFa5;8769;awVf;Knup;Mcsa;xsQX;8631;xWfR;pgMl;kh4b;JqFf;8850;cnMF;tSxD;CIS3;9MKv;3767;jxfb;3hJ5;kI3L;xIbS;9992
mpkm;JaAh;yY5V;MwKp;3886;3pM9;1ID4;TOKL;DkPb;8730;ymmy;PsqD;3J7v;PieO;9310;CAkj;qPut;3ljH;cK4A;8242;6pxm;huV3;Fp9W;obcD;8067;8tEx;eqOS;9FJl;uu2Z;8383
pnqe;GmXc;kYtM;1pi8;9500;gSsq;YuoH;w4Ct;VPnE;4326;CmtS;wMsU;lk1l;ZXsX;1596;Sv7t;I7Sm;xYbV;0CFd;3100;68l3;nbjO;MIoD;mBan;3510;T8lb;0SOf;QJn7;QgED;6350
C3FO;oAza;xreQ;24O7;0557;fj7w;ecGg;gtAp;TSeV;2134;gXcv;phmQ;eSgN;DuNi;0031;UcNh;FQGl;RR8W;LBVi;8607;jE7q;z3YV;ifqw;a326;6668;9rVW;F0qU;jEwX;Uk2Q;5884
tXMg;nx3D;hUhr;5YXd;8753;Zyt8;qHS1;dEP1;Klkt;7471;xl8x;9X6L;xoWi;ln2D;0082;J3lH;1iA3;HTYi;HIVk;1440;W7Eh;tOXj;SraW;h6ey;2512;A6hz;X2kz;pAkr;8ReY;3873
JNYJ;HPZk;QySk;jyfW;3356;5KDt;fXho;ykjm;wf4t;3515;cHpF;SYEn;BqgU;4zMX;0795;kfZb;LSfq;V4FZ;Jnqq;5418;EQJS;aC2m;9HXX;OXWf;9707;0X2V;UZJt;ZDA6;Di46;7061
oFbB;a41P;uNcA;u0T6;9968;EBmS;OZbX;THYo;Kt95;3311;jpKT;2V08;8ZzE;tFK4;6205;Cko4;T0fn;snCJ;YOZ8;8726;blVH;hM8S;WLNw;e3aC;5797;2Y28;139X;gRin;cPtJ;8982
UjLF;n1pI;QgqR;FYRA;9208;vt8B;EyYf;t4it;KQQM;0867;9dVt;5V2J;goZb;A5S3;4172;ABzu;W8CY;YBOD;f0Ge;6111;02Yb;jFNY;xpLF;80o8;3855;VTol;hV4M;4TCa;6OLH;8942
79W4;QRrE;tAH6;qrxC;6140;35bT;1kt5;3QMf;wGQ3;7791;NqTO;Tkd6;yiVm;H9Xz;6543;5NQj;EhWV;a9st;CrvZ;0823;C7wf;07YZ;w0Ch;fZQV;2660;k2uA;w6kT;d6t2;uc8h;6986
mvNU;0zHm;q7BR;r9bV;3363;3nTE;Yp8i;MlCV;gXut;7278;AWFl;8mpx;39rO;PSpM;8237;XA7i;r72y;TvOq;CsHF;8497;Zftz;VFug;rDb1;gVIh;6702;Vefb;REO7;8iEg;zS2J;4057
3QAp;uOdz;COUV;2IpN;3820;SUd0;gw17;GYhH;0F7P;7140;E5y6;l1g4;zITP;rEoc;2481;yUVR;kSJ6;qutS;DKKB;0943;TNDQ;MJym;zxHU;u2ro;1937;vjnl;rTpF;EOEM;5akM;6943
0AKl;0ysO;cxMH;mdTD;7145;d5w0;xVfn;gzzO;b2rz;9330;aq2c;6Kxd;z2P3;Sewg;6700;whLu;dCcp;qVXl;xKVy;2851;Kh47;RSgC;KFVS;sP0G;0869;jUVD;QwpJ;O9aJ;aEfT;1799
MdtB;KDD5;6et9;VeO5;4293;5yXs;MmJn;5iPa;eUZY;7218;dVOd;exBk;Ks08;t4c7;9984;C209;JQYU;lN8m;d8JP;0371;aEt4;obY5;csbE;YKt0;5973;b6px;soTP;xtYO;IbJD;8215
8wS8;nqni;6rRz;LOV7;8537;WON0;TvsS;Jpm7;axtP;8911;Bg3E;P66b;Fhvw;yyi5;5454;fU6F;KIQB;OGXj;Q2O3;9611;g1II;Rijp;Qunb;8gNe;4026;m5gL;Hy8p;rz8X;jDW9;5293
EKSw;YiFJ;5UcL;PNYG;6644;hDTa;UeFc;UfBY;N0w9;1988;E8IX;xgND;c0Fq;9uqz;6322;fS7A;hdiE;f5SX;EqyP;6763;llv5;6cwC;oFKx;6Cbs;5419;xP8S;uTyk;Ty4X;z6Fd;7411
3KhD;4RpR;PC1R;STXh;6349;BIcu;EGm8;kfu1;9Cxr;3886;obJc;tprh;zz5U;ULlX;4335;ARrD;AJKE;0aCw;uSm0;2442;Ht4C;PIGC;JUzH;jAGs;7345;y0Uq;mqZ1;yjnT;r63d;2511
HJpQ;rqNu;C2pk;5CMr;5768;lOXQ;99QW;xR2P;2o1A;3750;83CN;bMxz;FHf2;iEZV;6267;SQwq;vZTw;idAz;k6LR;7734;YUuF;pmeU;WDiZ;KL1x;9811;Xgju;q7wf;a29F;qJCo;1071
tkUj;nhuE;0MrC;QFFv;0077;kCIE;QmoS;KU4g;2LbI;7798;fTYS;2lsg;iLFR;Zkd3;6332;1L62;96JM;09q0;BUzs;5041;EwNc;vA1H;5a1U;NFOV;6505;GdjA;WelD;qKXk;767P;4805
jbwD;tVTr;MRM6;y4Mo;0252;BSXQ;Em7H;Agp2;M5PO;0147;Lpf0;LIsf;pfDK;P6L3;0301;KpNE;zpOh;hnWM;B0Mv;1529;oklL;bZmR;NsGr;DsOg;2499;vtDR;4K2z;NreP;nppS;0559
gLNS;lDS3;Wxro;iEyt;5295;jA4I;jT14;F9dD;R5kO;7355;nTwd;YnN0;iTSn;oF29;1936;vDgX;MnGG;7F9r;UwhD;0255;CFnn;TtId;kxpI;a1Wv;1044;YP7n;oso9;5cwv;h469;7099
RTVs;L7Qp;KlZ9;qomj;2658;Ldh3;oQLj;uWDf;hxAG;1769;IT1m;v2hZ;p6pp;roVO;3128;z47Z;5J7S;50pl;Vq0F;7253;v3FI;lpbC;qeoB;pHkw;8507;UWLx;Lfoy;oDTS;RRnF;0213
B5tN;cSLf;tNcE;6W50;9647;fUYo;Xrxv;YCwB;6HPB;9457;X86E;hNyX;ZQcY;zxTd;5562;vHjm;kgFt;yoyx;mujr;6925;9T9k;nfMl;z1Iv;j4kE;7662;sisq;NtoX;XYbh;OffX;3621
v1Ke;lmrL;Eu2D;tgVN;6588;cpz2;Z8u7;88LP;UnJh;2466;VV2z;xNqH;8YBz;BkSH;9479;qdlC;igib;3VOz;WNpU;4349;2qZi;7dfG;bq2N;41uf;3684;EWkH;T1h9;mGsd;zUy3;6198
c5xV;20tW;6yWV;PFoe;2005;QK0p;x9kQ;LI2K;TvWC;0865;dY1j;MjsE;xgvJ;W8KD;1141;wIlb;7D8c;c2et;lwY9;1368;tXOv;It7q;IkIS;E7d8;0105;I3J0;oaGE;oKRy;xNVp;3970
T699;MzVC;01ih;9W5v;0485;gHEs;eHFX;VLJV;r233;0534;kp8E;BMj8;7YLK;P1Kn;7830;zWuV;GHw8;57Xv;hn6u;3114;Fp1M;AYrA;EE5P;6NJx;9332;zap6;jPjO;vUgi;y3nb;5822
nVb7;7uC6;dc4J;IUCO;0906;jTed;dFfp;kWJe;rD5N;7724;mU72;UZcL;R2sr;GArp;3509;2eLB;Y4oi;o3Pj;mYyE;9958;qda2;TxBf;EKHC;xgAd;3293;DnYr;zHm0;5BSA;ywCo;2151
YnNz;J2on;hKCF;dWYM;5842;TBG6;PgKS;Fdck;o6To;2754;qHLg;1Hqx;LvYY;EMJ5;7112;6mjU;JZ5f;QKic;BJ66;0100;txgS;0Att;ef5j;4jvX;3368;NLBN;1SUL;nSAh;VwmX;7634
XwZe;bxcl;sUpS;RezY;6641;seme;ApZu;tTTy;VDYz;6247;QHUB;bi4l;k95o;gkOe;9643;ZyvX;Sb4s;Av4Z;PjuM;7295;5G0L;MN6I;SR1J;OaFw;4439;MRLC;SR4d;btUn;8ch7;8992
xQXg;ZWvU;ImvF;5Brw;7924;gkwp;CGK4;TfGU;eyM1;9075;6AO0;O8Rb;MYXG;4kvl;5750;GEV5;pek1;JQu2;chDn;2630;EeJS;7Ugb;BZyi;LZHR;9540;mx7O;qa48;8klz;8EBE;0803
RVvu;YXqX;vsML;EPyd;0245;PaZK;fuxm;tdtr;eXwP;1004;EhNK;qNrb;JNsG;Hvcp;1891;hu1R;L2uD;pIoY;scMt;8539;msOV;INuO;f5SA;D4mR;7418;OgHA;yxDo;QPhE;K0g4;2037
dxLi;mNcB;9GL9;38qc;6992;LbMo;XTWP;UaFH;gUbg;4131;E0y9;ahSP;uIiM;TmTo;1325;GP2l;uCW5;jcpu;cVtH;1365;V1wL;VB48;YWUi;2XF4;0391;JihL;6DKS;cOSj;PKQi;1479
OI6U;gG6d;OVjh;3HVy;9326;kZBd;7nQC;ug1r;47N0;0230;OuVW;cqXC;cR92;Fw02;5667;WY3S;AVS1;vk0L;5E6A;2148;CGx8;CU2B;ntPO;Pwto;9754;pDwG;e2IM;0arz;UYP8;5921
yPf1;bzih;HrUo;Y6jH;1112;beuM;ljey;tXOQ;MK50;7532;Ucmy;6W8Q;nza4;cIbO;9991;EsNk;Prql;Ssht;GxRK;0273;JGsN;AnpI;aYa8;ow3M;9619;ws51;4rL4;QLe3;9Osw;9587
jqOZ;oblr;JjUU;bKJD;0475;XaDp;UL9H;wmLj;cxfo;8181;WXLM;GpCZ;FYfp;czPM;6678;p6JM;6ovz;fNct;V3PS;3815;Lerd;MZW5;Vi30;oXUb;6088;o9KN;5iY6;gyGe;Smnn;4149
7xXs;D4e5;fScd;Sr5Y;7675;KVLl;Y1cj;O9nK;9fx0;6818;So7c;exTq;6sEB;lKJ2;3726;QJfh;F0L6;Lawl;jAG9;1372;1FFV;lNlj;tg42;hWVZ;9819;9XaJ;4iz1;5OOc;mUEK;9983
23xV;OJWO;STpa;Liuh;3348;CYTq;MMk4;9pjv;qgfN;8100;6P8R;8qqS;kgZU;4OSK;5257;46Ex;COjb;TQPs;ndKK;3753;tNml;lIin;JrNk;NSai;4538;6ead;Sjb9;bMaF;sf3F;8365
y1GQ;3LOI;4EEu;5h6i;2816;EgmA;PlKw;VqdB;t1MM;4874;uBIJ;FbU7;aASS;MfET;9003;NVFO;Nl1o;xHjb;UogC;6532;jJ6l;gM6G;XXFC;yhds;6812;CsI6;74zj;dMQc;8SkW;7142
SKk8;7Lrs;gG2m;1v05;6689;z6Qz;uGE7;5iOY;GJVW;4610;58nv;nnR2;71Sd;RRPL;5011;RKMI;4o03;9OQS;clGX;0310;vqa1;gY7l;brUt;57Pp;7693;gXjf;1JLr;w7k3;s1er;2778
v98h;myKw;fo34;sOeS;4157;tKV2;q6PQ;YYcV;xq56;6522;nQ2E;HWZX;VBH1;KdpJ;9304;8LvJ;tvuw;8Hrk;t6ed;2183;gSES;sIKK;stkb;bUuK;2881;Ea8X;E669;bkdo;GpF6;1636
gH09;zNIT;GZoZ;p7dI;1233;wnAP;gMPb;tW9w;JazF;0113;AFCq;5NJW;TFyS;s7a5;5625;J0Sl;NBn1;Cbuq;qw2f;2181;ce47;NMtr;FAiM;Golu;3526;r8P9;XoTJ;6JBm;DqQ0;7401
tqsh;hFHw;gWVT;Y0gv;7169;jh60;QtCP;fS5S;wnAj;3586;21IX;IelV;nPat;Pk5f;3634;DVmJ;QG0c;1FV1;KOFl;6115;Vrnr;FR4x;Djn8;Q6En;7645;JNQ1;mVfV;FgZB;vLkq;4837
uFal;nSu9;q1nP;Mw9c;4106;FNwq;JCbS;Hv8S;w5cU;2842;VLjU;tP5r;KhC6;Tv4B;7862;dX9b;TErZ;Vgn1;clZR;5502;czNW;xNpC;8W15;COJD;8661;SnRr;tKhP;XgCB;pq5j;0657
c1v1;hFPR;bjaP;ceCc;1747;LPbS;Hyz6;pTxe;TmnX;6380;QX6a;vLZG;BYs2;B1Ca;3207;YSxR;vazT;FO9R;GCGx;4677;Jhc5;AGLy;I7Si;BtWS;0568;P3Nv;ocsI;tGxx;uANp;9972
01KD;3U1E;xusK;f4bi;3738;kLzl;QioW;9LAr;YXzv;4451;NKJY;rwcD;d5sI;qNRU;1051;HT8v;RTv7;jaJs;kebS;2184;b2dL;GApv;cmHp;j5xx;0757;lndN;RysU;UZ5S;gtHi;2683
CJ8e;N4t1;qcH7;wvGA;3897;YpNt;hUrT;hgcb;0ohz;4731;SWTS;GCsu;06HR;rrUY;8103;t13s;6jtC;T4ex;dydb;6638;ZVs4;x0rR;KTfj;cE79;3547;TKiT;JyD6;8Fxo;QZxD;8911
NoPp;glbp;t0Td;6qLL;6603;RP4U;U6nV;zrbB;e9dW;3252;GQFD;ViYg;VJW8;wwDP;2913;2L2D;DEKk;gPnd;vk5k;9865;9xZd;BUCX;Qt14;N2t4;3376;Jkth;3pm2;6zSr;WslJ;1593
BgJw;5cyZ;9fZo;L872;9809;LlEH;bQXD;dj6B;y57m;6501;WRVm;AAKs;1qkh;rKek;7786;5mrW;neuN;qIDw;r67f;4166;cHLQ;YNkd;DRnr;OqZn;9638;SaGx;vqlV;EM2q;gmoO;6569
SJ52;WbMu;H4fs;6xWl;8117;bkp0;3Yj2;zTqH;67GZ;7002;BfkS;KFL8;Uhsk;D2yv;4686;RoLw;bgh5;x7vb;CY6Z;9820;kJ4O;V4Tl;61Ti;l7nz;0738;TtYR;Nm0h;Qm1g;BFBC;0321
IJqd;f1FK;KNRg;0wPT;0133;voHh;8tC3;wO3v;LBvx;3240;deIT;JybB;ePZz;LVFt;6376;RFDN;Y9C1;sSV2;GBL7;2695;8eON;wphw;8TNc;XUXY;5294;M5Tu;CmDy;zfV6;TKLT;2727
uSsp;aQQn;0gik;kNGP;4755;bqCk;7JhQ;ABzo;ta4S;6479;oIu2;srD0;NZjI;ZUT0;0065;zSOO;7z0X;97tX;qxAz;5083;wR5C;BeSf;y6OT;a7iU;5576;2RlM;c2ip;YbpW;zvXG;5276
fRZR;wK7x;NKAq;AL0f;1196;aSQ3;o1LH;N1Tx;a59s;6772;L6tX;e0yv;FT5f;LN0o;7562;GlwA;JATk;1ps6;cv7Y;2927;QEx4;EIj0;P0uw;OalC;5515;2Eob;ihrG;iODv;fmvO;6795
ll6b;Nh90;3ra4;NvHw;3106;1wdn;Set7;HMLy;3yCE;2329;6CS7;qSk4;Ad7c;Yqn6;2266;ItV8;y89W;0S6H;GnTu;2701;KVMz;21IF;QTk0;snSS;4785;QWr2;LBqT;i8ww;MhF2;6451
AsVD;UtUH;lLLq;XuZB;7300;ZkCr;iId3;hqb7;ykGY;5180;Ag82;N5ab;pGc1;n7Yg;6917;kpWh;8d8i;rpnf;uDOy;4022;U5ku;1K9O;ZuAv;uBuT;4272;MYgZ;FmTh;9DQ6;k1TO;2921
Rdgc;Mm0i;9Xuf;9n4h;0622;KSxl;AStS;jICh;7Jh7;0481;niPX;tPLW;Wd1D;kSnu;8991;ZT8c;vKmZ;jRoO;WPDW;9278;It6L;6Enq;GKu9;XgFC;5689;nuL4;WFmG;8fhY;kYj1;6860
aCmB;mER4;Ps4s;ttxC;3570;cklp;vfFF;Hm6y;SALB;8506;LD6o;giFy;95OQ;k2C5;9915;MMWp;AHsC;uPxg;anEY;4695;NHHY;C9LE;CBXO;Wljs;6502;cpcA;6QHT;FzVb;LUrm;8106
tdlU;rc1V;JNqt;GVu6;0656;Srkn;EIx7;sD3N;qLr1;8834;iZXo;lpes;2ZiU;qDRB;6932;EZFf;bbrF;bL7e;freU;1797;Vxvc;hn0n;19fz;RDyi;6334;aGr0;Znb4;gNYv;vZja;6172
N1ti;WkOr;64Fi;tmUO;2501;avVX;AhPr;NlfX;JwpE;0596;FmfO;piOj;gzkH;a7z5;1569;8blL;HZpk;03FB;I0ty;7248;HLZK;OLDI;shFA;Sksj;5664;kIQw;y1uv;9STe;YSVb;7143
tNcr;9WbR;LPF8;5EAP;6059;Jkja;HTkt;WgSN;iS4b;2993;xFtY;hQ12;pdEZ;1hrf;2418;FOLt;kkAt;CuLa;Ekga;3903;RWZa;5QXJ;iEiJ;6rns;7019;z6MF;y63B;un2H;Tp4Z;7515
ZKXf;qzZn;tOaE;wG8R;4983;T0uv;q6fP;EwNU;Fm1y;8360;HmAQ;MA1S;4N55;S8jq;2321;T2Jv;yrFB;SKZq;tSw7;0136;UzWM;ysXp;KxbV;H7nl;5580;DPK7;fFjW;gRVw;t8m6;1177
mcuW;gUDl;y7J6;cNxU;2828;fGmn;sGdH;PhGf;XSYN;9295;h7a1;WV3d;yBI7;ZDRM;4339;w9Wu;N5Ii;50fv;RKra;7250;Au4w;e3T0;AejB;4buG;0871;BeiA;1BXd;tXSQ;U6q5;1352
HlaR;Yt6C;HJyy;TDEp;9610;PWvM;6pCL;eKcZ;1HoE;6904;PFUB;jgpU;arkr;VXMw;1532;QFTh;Ise3;JcFN;YM3B;8226;FRyt;yZhE;aPXv;BNiY;2270;ekPe;1eE9;CE6A;2g7o;1777
XBPI;0hEx;vUQ4;cWcv;9911;KSGZ;002q;Kx0H;I9BG;4534;pVgc;O3BW;OjE4;Fjs6;2893;OSAx;OsHN;a3U0;smxO;9674;Zb9o;nk8k;J2fA;PuSN;1798;3gWd;p0uE;Qg4t;Ikme;3655
EP7b;sEOr;ZmWb;Yz7H;8517;VML5;UxHq;GcRg;Vkd6;7398;2Hcu;OA4F;KKqH;pybM;7396;jGPu;abrw;KqsM;NWh4;1405;d9rZ;Tg1i;YBPw;4jT4;2911;Ff8U;N1lH;XVXR;jNaP;8960
YqmK;TUss;Pa2M;L6gv;6947;W7sp;ixEX;tTMe;vZ43;5140;iBNX;iF56;77nt;NdPR;0205;H4Ok;B3zf;om9Y;TNU8;2103;bIQr;LtNZ;vFGQ;Is2M;6577;KqCW;PdTA;zG3B;ptRx;2401
dm9s;Kffs;dUdZ;QPwj;9285;AjU8;Cv7I;uQQr;UNSG;2953;Hu2b;y6Pc;xJei;QeHk;5347;89UO;DgUc;BPqm;FI0o;1605;Mt9i;HcRT;6Df2;PZI5;0778;uDwq;0MGh;d31B;RR0O;8905
p3af;Y9Om;WmM4;CfZZ;8529;sq7z;Ivcq;oQnj;obPF;4535;Avvw;KP1d;CDAw;hSRP;4050;FpPg;a3gx;Kyge;1aQ6;8646;IrPS;Qhf9;Uef8;5PEM;2163;NgJF;WfxO;ihR7;2whm;9164
MMn5;OMdg;5qle;ZVv3;0020;iqIh;2cOF;NGlh;PfcF;2691;rEqG;jrQ5;FcSw;RDwu;5881;Dh4E;rG7p;d7GY;6e1A;2591;E63z;40wK;nPTJ;qYsX;7178;20YD;J7wm;ftYd;8wA0;3338
ySZz;4OAp;SqcG;35wf;3970;Wjhh;i0Ji;t3MC;IhtN;2752;wyhm;tLlV;C4xs;fymJ;0776;ZQlf;2SYy;pAVX;Ab8M;9828;APsY;ru8D;u9w3;OBR3;2670;bXVw;qqzy;93Dg;ENIK;9210
297k;dWtA;AHLu;2s5Q;0899;FAga;jqvg;GM01;w5q5;2690;sqz7;hZKE;1Z9K;SULv;5019;W1kU;AFZy;d3XB;RlYs;5945;wsaj;jjrq;1KCP;HMUv;2428;8JVb;lGQz;rLXq;bCju;2300
plSA;uNXA;3oFT;irqW;9262;Lp7y;q0Ld;2Qhv;atwz;1437;d7IW;BBZK;ohNq;pko5;8882;Ka6s;Gq8i;HPq4;2VxO;9723;kvi7;Et85;af3f;2l3J;1152;2mbg;VDns;vvct;e3Wv;0577
gnAb;FjSO;nDjM;9qTa;2969;kguT;Lvm3;Nx4c;vS7K;9116;VAQM;I7OT;obv6;Ihq0;1523;i7pM;y00a;dgn1;xopa;9955;tcFn;q7lQ;f1Rs;e9La;6642;aexz;gqpq;mXRj;hu3d;2318
n6PR;ZsCP;emtW;UhAt;0420;lHec;fvw2;YlpQ;zZ5Q;8777;fYyt;dfWb;SMdz;53fV;8001;suSK;x2Oa;2Xer;2HTS;7125;FGbW;DO5q;SH4L;zaNT;6558;j0W2;eFyA;Cwfr;G30a;6535
SKxM;0Lrf;mzIs;Dbsv;7573;5aWZ;WHI1;XDcE;gDqz;0745;qBT1;xX5w;neXC;UVUx;7237;ZsJB;9FlL;4FBD;QaTM;4946;3nxy;nCpv;e6Fi;sNA1;1867;8U2K;KJrD;0vOp;dzXl;3713
5nuL;QytN;38eK;60i1;4294;Oyw1;xGpx;6xvx;VpCp;4669;10qb;rWR8;9HmR;RqaN;8278;bxeU;Dp2t;eCf1;juYm;8589;bP92;BRWa;vxlv;LNnv;6283;7poG;8cJT;CNtS;1o1P;0723
6QKd;enEm;DvDe;T7QD;4125;eWDl;Iejt;T5DY;avEZ;0408;bsgO;Xe0M;TFgA;Pcgg;6716;I7Tk;FfTL;pnJz;2AcE;8747;SAKk;boPZ;8W4A;bHL6;7232;lxaQ;ucAj;Js2W;uXse;6615
3beK;NS5p;Xdfh;C00g;0616;JOCW;7Co6;g8Pc;h4IK;1516;Ea25;PLQB;vTj8;XaCO;7121;XyAD;D5ZI;nafU;kRsA;8653;wdq6;aElM;1tMq;0KMV;4059;nMpq;97y8;ufQk;Izl1;4301
8an1;Dipk;FB2O;qNyh;1404;dnQy;yZ7h;7dt2;ve24;4586;bgTj;vmoo;szfO;HAcY;5920;7wXq;G5nj;YOcR;LdAI;4999;qulD;AjVD;AWyM;ICLC;6385;mDzr;9m2b;fK30;r12l;9947
3xX6;Qp77;sRly;3cFm;5018;B6TX;a1Sp;rL1A;IEva;2214;4c5Z;Vebk;STpn;5Giq;7014;3Qsq;eHX0;MaHz;KCuc;9960;a9TD;VL4U;Ch68;zMMB;5401;4kcQ;hVAl;REzA;Vm5X;6316
ZMWs;6fTW;VSZr;SISL;8096;NPkS;7cSD;nutu;e1QG;4517;f7bM;Hih2;ghR7;DdaS;7908;f6hN;MjlA;Ds6N;iwPB;3903;TuTl;f6g8;26ax;if95;8441;ry2C;RPzY;MswS;04dE;2645
1CmP;agiR;PjVs;3ujF;0850;qZXk;8Vna;uH3F;NLFl;2349;qrOk;ZIfK;gcX5;t6nU;9708;emVn;Qw7E;DfKR;i8Me;5788;LHxc;p6Yt;74Vj;gqPO;0884;90uD;lX9h;h4rP;RikK;2942
zNr7;SWG8;5kPD;SHC9;6175;QNGZ;PZKs;TpRv;icpN;7928;h9qq;XrPi;xLqb;ulal;8233;hJSW;GW4A;9sJI;F9rh;2941;rRzN;nBQn;dE0y;mrxU;6132;Y5Im;KL1h;AhS4;FY8B;3853
468i;adho;I89M;55L6;4661;XgVr;IDuR;KoeD;RBGm;9572;7gp2;O80z;Z6cd;tRbE;2811;aOgN;mzQ1;GBRw;bKnl;4741;uEhU;NknZ;qtTa;BThk;3988;dQRZ;kr6Z;esMN;JIdA;2322
wq7X;kzxI;QFrE;DxwT;8818;Mdf9;buK2;OpwE;8Pqy;5893;ruG2;kZjs;x5l9;2r2K;2329;vpzQ;hyFy;HP8m;K3nu;1935;Mvsl;zEL0;rR1H;5rPO;9329;qu6g;sJT9;bWKV;Nadw;1996
lNfO;ixT5;a3e3;XkT4;0979;P2XM;7cX5;498y;PQLw;8544;oGlJ;jUJl;zSJv;kbf1;1935;btCu;jBJy;L2YC;MBRV;1093;h9du;sdHM;o6wy;3BH8;5583;89w8;mbz9;o6aF;VFc1;6774
WMyS;fOYT;4u5I;luhl;2723;oWZJ;mY9K;ET0a;nSFM;8304;Ezqz;97Yy;0Q8N;JTHV;9178;wEsK;MvJN;T7wP;Nj31;5742;fRcD;Jhoh;FVwO;A1Zv;3833;0Yba;U0Is;Xiyx;gHsn;9286
1tH3;VUfF;2FFT;BCYJ;2439;Pdow;kYgb;RR4I;ElqW;6707;JD3p;2WSa;Q7TS;qADc;0109;QauC;hj9f;5FhT;90sd;5124;dq0v;Z6Cu;nq0Z;IKbN;5050;vQ9i;Ebhh;H9x9;DyoP;6701
w91Z;li6Q;SsNo;qukU;8739;ve27;6iqr;en6Q;CMJ1;9747;zcY4;w38E;238f;l63T;2115;HJXs;6cQz;33JG;dp9Z;7508;0Zzv;nZ6y;YYBx;0hvx;2887;oGxd;Bd4g;O0FA;EtZM;2258
aoHP;Cs3e;Bnze;Aiac;7251;fQ3D;2NwX;tUhc;AiRL;4168;NEDU;z5p0;bNWQ;nUqO;9687;LQZw;yDsR;2UkJ;sgSZ;3390;kvnM;CvML;xWh6;6GlY;7410;2A66;qAYZ;TiIm;tWhV;4516
iUpL;vEt2;q2D9;cgZp;8988;lblk;f15B;VKAi;wbLh;6525;enDs;rkql;FMoB;vLU1;8100;ZVmO;hufi;WuO0;sxIw;5114;lUAY;oflN;39U5;MYCT;6173;Uyxm;oXmj;INTB;0M5l;9605
yJL2;zrV8;IMAg;IILh;7735;OBt1;L6i4;sfbb;Mf6k;1741;fJ4m;a9j3;Rfap;UNTI;2688;taqt;zXIh;hxrK;AAaV;9248;rjWv;XfBt;k5SA;0rGz;7887;l0i6;bctM;dKNf;dAlU;1555
XnrP;yKwC;qNQL;2E9F;6549;DSpm;Znge;3kEf;rKmX;3490;wrKr;jmlX;1Ofq;e0kW;4156;TdPI;bWsZ;I54A;eOfc;2619;SVkY;HSHP;TF7Q;ICks;6324;KDVR;vu1i;nZet;SEKu;3955
5QDr;Sd2W;slgE;QKjy;0441;f1SL;LuIB;7v1X;bLkB;9193;DjlU;Pbgn;z4ZW;dErx;1038;ASfi;lirH;e3nu;X9KD;1078;IKJC;3c4U;sMYS;IYyW;8194;pLaM;v9Pm;UZ3K;iNwy;1153
wiH3;irOy;FJh5;jFng;8807;VzAN;iQWL;pxMl;SLVv;7737;ugyo;p3XO;pZFq;46f7;1378;IsRq;xqK5;pmy4;mViY;6855;kyxs;9N1u;X4DG;QIW7;4154;1oKa;z8X8;USSv;AL8M;6215
UE6i;kWYp;fCly;TZNR;7441;4dkp;YbSA;2WLM;6lsZ;1359;B7Mi;xyR9;5p8N;28jD;3802;LWl8;S1FE;yUZV;KR2I;9353;YyXv;PoVx;wY17;c1NN;7009;TWNj;8YkO;WvVV;0urf;3406
RGW2;snQe;JBjP;8AmU;9702;QHTl;nlzi;khkS;4Xas;1623;qU2E;JNPK;uOtx;4dDG;6444;ZrfQ;l2wD;CpgS;uiXf;5140;KS8x;UpF2;hcWg;PlLW;5505;m3Ew;3DhG;hWOT;HdKu;9041
VRhu;FZtV;h4yk;KG5P;4274;8ZPp;BykN;aTcn;qV4x;7231;w2LD;p2gp;Atqp;nEfo;2781;4T7o;5Ctn;ttPx;Mn8I;7880;cRjL;QQNL;XsqU;5JqF;5789;NlVl;EToW;jKUH;57Lp;8133
PWKM;xiS3;HFUR;o5Kz;6331;5EOg;n8pw;hUs0;iKF8;7239;hmMs;ZjiM;OL6Q;Y3If;3976;FAH2;xAmq;Nh36;Dkox;1553;rdhW;RuWi;e6Zp;yPBU;8451;WNdK;oOTG;KjNw;dJhA;3976
88p1;zKHf;5AOq;fxJt;5283;GVYl;vm8n;MFRY;3w2Z;1437;cO1E;Mgic;4yIY;0Eid;0297;wgYD;iNSe;gBbd;5t5t;7036;VqeG;nSm3;FdR4;ckA2;2220;BuEu;p36t;RXGE;hF0T;2847
sNRK;nWOE;1xsI;RG0m;7382;Fnhr;tTYm;JrgT;Zccd;1083;AxaG;3d88;XLrr;xSdk;1760;raMM;JyIo;3cks;lt4O;8623;JNC9;UKnL;N7k9;x3lJ;7724;5QEo;X5eQ;gubS;IXvC;6719
Xsjz;VvMl;BMFg;Hq6e;5087;HT51;wiRP;uJu2;ijnR;3566;4RQ3;Vjz0;U4Az;2mzs;2622;oM7z;BfOf;SP9S;cnKY;9472;NLsF;9LBZ;zvOi;GzHC;8591;jrlr;7TRe;1Wtb;TYkL;3241
Mvp3;zRUn;UOxv;9B44;3221;Iniz;SI06;6BID;XtFZ;1719;ux1s;dQhM;77TZ;cF6O;3103;UCKS;9oMd;2hwz;TXdS;2626;dY4G;aGiV;qMat;iWc4;3565;Wcu3;Hp0l;RsM5;7fnF;4834
YXdi;VuvX;yWZf;8K3v;4707;Cz6M;60S0;CRfH;H1da;0805;qUs3;KrT5;VPZ3;Dd3u;4524;vYSk;PQXZ;qhPC;F9au;0026;nz8m;IiDy;4GB1;LdQi;8716;q7NY;2E4B;XBVd;r2mX;7514
psG6;7pT0;CiB7;4rkj;0398;a3M8;LLqV;CX4f;6sNc;3222;GWpf;aL8U;GSx3;AA2D;2994;ngRM;gNnM;ZJ26;4Plk;7544;EqfN;cy5a;0N7k;OtrE;3292;ii23;KRI7;O1ud;Ey62;7746
RRyj;b1Gw;owdD;kwYX;9943;ohom;E8Me;inhe;Rjfn;2272;2Jvn;1r10;6bGY;QH2Y;5375;hvoB;Cesy;w5ry;LhA7;3811;aNIS;Fs6t;qVSx;Rl8s;8444;3H75;wRQO;DWg1;xIKO;3365
q7Sq;6urW;OGJn;iGVs;9967;CTRg;csUn;K3r6;lGn1;3345;dtEH;hMtt;HeYW;eTFR;6240;bkk7;ZQ6c;FhfZ;c9wk;7986;jKUy;B9gs;3MJu;Qe2r;8965;BHgS;UbpI;GcOO;Iu4I;1537
AnCN;apvU;alhh;gYvu;8161;o2uw;5244;zypV;bDDY;7372;rMPE;Abot;a1OD;kp7C;3403;3MfD;7Bjs;7W8B;0z96;5090;8f7E;aYr1;LAhe;e3mB;7377;X3Rv;qfBo;Qt5Y;WFe6;7755
xUoT;O5lw;ICiP;us69;2968;cyak;3URs;gVmB;f3De;1286;RKIX;b7AU;mf0D;6qAf;3869;vo2y;VsSl;iONb;pjnY;5964;diQI;vliZ;R3MA;i5hD;2604;69ce;ycyM;GWc2;FH84;9934
Beqh;e32r;m5JJ;I5rY;6474;TntZ;HNvu;Jfwx;dePJ;5140;2Lt3;tYX3;GqoV;QVfl;4771;tsyK;9m52;b6QH;mg14;1930;nsws;Wmys;utBd;AAAn;1875;ooFE;Xydd;8R2g;Eks0;9881
nPHc;55aO;vZ5x;wzf8;3320;o5mU;mwoL;0MOv;u7pY;3754;vDhF;YqYV;MBZ3;9WE9;9921;qJ4Y;HKPl;7d5Y;N1Du;2078;csqD;TdD8;Kdtd;r1OC;0730;93jC;lDx5;nF3E;jdvp;5078
cePQ;W5Wh;U7kq;5qqH;2354;dLlr;jfXh;oDlx;ZvUY;3459;PvYu;3Y6f;rYED;l2wn;0011;Lydv;Ee25;lFSe;jh5f;3990;FCkg;C10h;tynO;MC8q;5258;RadD;hAVg;1AZL;dKJ3;5567
xmsK;M6c7;pgjv;TfiH;6208;Sbxt;JJDI;lKjT;2nad;9544;MTbM;pKGn;y65P;y0dY;7019;frbC;mcip;UaIk;dVg8;5762;SHC8;Df5k;p156;jcM5;5480;hNeW;mEVb;NZW5;VgQB;0678
r2LO;TkO4;Ao2m;JvDs;4777;pVQB;UFbt;jqHH;Vaqg;6162;K22X;N4Oq;qZBh;yxiv;3474;kj2q;B9gT;PkFw;eq3A;0557;lSBw;jm4D;UjaZ;SMHk;6589;cVND;cYUr;Nl9j;uhb7;1197
ZNCn;labn;b6tP;SOYJ;0935;8yLY;X40S;nnuU;Oa87;3293;2LkG;9SBs;0vv8;Qncy;3502;Iu33;BNG7;gR7Y;zg7l;4727;5LPE;6GkZ;koxc;RVky;4555;3wBR;T8qH;vtx1;4plc;6460
QgdJ;mvWH;E2wM;kkMQ;0364;jb5i;L4zD;pUUu;Ox7a;3462;VZvE;9AOp;pACS;PmUv;6286;Gz6u;n92h;jZz0;vlyV;0540;Utx4;k6zp;Pdw2;sTkZ;6743;Z5u4;ncaY;ljOZ;nSwt;8700
tbgN;R8sS;xtBs;GBJh;3914;uvFR;2PpP;tVnR;zhvb;1207;jnDQ;1v4Q;3IPu;uOoo;5101;sUbN;LCde;JSjy;ZEKB;5318;IThl;t9OE;ZPcs;TDKW;5422;KqqD;yKUj;Sk4N;8WUp;0339
ksbG;WXBt;Qy45;BTgS;0933;akOY;Ok99;GfVu;ryAw;2529;O0yz;aoGJ;CuYB;3Bsp;6935;Mnd4;aQpc;SdEZ;DfZG;7411;teRj;SePF;3gio;O4b5;4416;6xdg;4J92;9kTZ;fsLd;7121
XGvX;LFup;oeQn;TuxB;4968;9UeT;i5jy;yrAt;z4PF;3983;uiy5;eGFz;e3T5;TTg6;3367;uE9O;4vKE;W3g2;JX73;9715;3643;c5nL;nbpo;h2R9;9076;O2So;gQgS;vt32;kljw;9949
CJZs;xrvJ;eXiq;cJ8f;6478;RmS6;sjYD;sXJI;KuxM;6211;RdOq;LQsn;l18e;YgGK;4202;lkMw;jysB;am5x;VdmO;8022;QBK6;Bpcn;J6jT;JZM5;6804;ihLY;RfU0;pCCR;tw2k;8302
kwpa;3HiJ;2c3U;cGWG;0170;0Y7W;KqG1;J2Pu;wJgr;9246;MtYv;KCUL;tuio;wA0F;9100;MtF2;lQgc;r5f9;wb5z;9409;3THR;IvqM;QZmh;ynQX;3337;dI7l;bkup;B1fT;f1wZ;9855
XYFd;o6Y5;iWFh;GBTO;5140;1Kk9;qwF2;GkYU;WXL5;2446;xpS0;53a5;pgDX;gMFT;3693;i5Lv;Zh3t;cXk2;lyrk;1514;fnvV;CCPX;2SuL;5HmN;2170;zLQh;xVzM;RtyF;KZ8k;0482
IsfJ;50Sy;ZVyM;DaDQ;3075;euz4;f8P9;5Oip;rYgE;8431;Uvlv;oGmD;zADN;exeo;8780;qx7Z;NlzK;L98F;dX3n;5035;mf1y;3B4P;aC0r;OlBM;4740;tvWc;zcH7;7QJA;24EA;8993
9atu;mM4p;SKwc;vMCP;7179;t3wM;jw8n;GcBp;NNLU;6763;idUq;k86f;eiyD;sWn1;5169;ferj;7EuL;tWQJ;f6N6;3983;glCM;QaIZ;ooVR;i0PW;4826;va4j;iOdE;2oh6;cwDr;7575
A4yg;aZ5l;m8AE;s84v;7084;fGvM;nnqJ;EDcM;Om7O;3837;Bitq;0SZy;v088;T6sZ;9521;dfJt;xP02;IrMK;KkHT;7192;SvdY;aitO;iwrh;4VWF;3650;Umjn;3Hf0;xps6;B5xs;4019
eBBy;PWA1;iMYJ;mGuJ;7159;ejvO;NIZm;6gKO;weGT;6505;A72t;aVl6;21F0;WIGQ;9562;oB3A;VHgP;BXhz;PqzW;3978;NvtU;Mgrb;hkXW;fLWm;7071;q1jo;nJhS;yFia;hKaD;5623
yx6p;WWgP;Wlit;zk39;2575;BMVJ;2yhp;Esw5;zMwc;4942;hY8J;qiJ4;vph1;TxTU;2833;BOtZ;MX4S;pI5S;4WPT;7860;Nfsa;eh9M;uPHo;bRdb;9297;pnvM;0D4d;3yX1;rxvF;7463
Pxyr;dY01;NzF2;e6f9;8572;yTbL;Jw4h;1Y8d;Z0cO;9799;XkJT;bilq;YjiI;OgEQ;0401;aVyX;6zq8;S78H;QXrz;7215;1gdF;1Bfp;7fbo;wL8F;9186;0apN;KTV2;lIob;YCkG;6303
dmXX;hkgw;chEE;uGiT;7537;utN0;BKXP;Emb2;hq37;5310;Zmvu;G9O6;UzyD;dFsd;3572;GXjz;jVfY;ofim;yJsw;1494;U2Yz;HTVy;KQES;zSba;8860;gd0o;A6UI;za7j;Ppda;6680
0NO5;dsVA;brJM;GtRa;1246;fqrz;yTaP;sBpD;bywX;6625;3UhV;tnR2;HoeV;YRel;9226;ckfx;Spzm;QOdk;5q7T;5095;701j;m2mm;HeM3;gb0a;2839;H3R9;C2zm;yMmA;BnML;4065
qwBX;kCkB;kOJq;fVvC;1256;OJq3;gptv;jPmY;B2zE;8183;BJo0;hY9e;3g64;sK4l;0277;URYS;fDXf;H8Bp;Wl3O;8232;IgpS;8DOb;lcRm;K8gq;0364;DHcs;35ZN;QzD6;dghY;4214
jCWo;GvhV;BjG4;orBx;4554;BhSz;VRzx;XxFz;2geP;7971;ldKc;1fKW;8Wc7;o1q5;7193;JGAq;H32y;fhu3;93Qn;1096;1MAt;8k3B;CaeH;lSqy;7373;lIoB;5OUU;EmTr;kiyq;2730
ORgA;5OpM;ZaVg;tPKQ;0262;RMfa;zeGU;RcnZ;Y365;1386;8eWc;1gUC;njyS;2GXl;0719;HolY;nQoN;qmoc;bTHu;6792;JHu8;Zqm6;VHr8;wyor;6619;23oS;Ibfn;3pkL;I9Ai;3722
CL9L;pa5H;g3rU;mGGi;6062;hzgL;NuRj;UJMt;UZ7V;7178;yN3N;Ga6e;rAU0;lWn9;9937;AaHb;KrII;QDBN;3ReY;0385;cs9W;Ps5O;yrMx;BpnT;9911;XMrr;AGq5;dbPh;xguJ;5751
UTxD;sB28;t23W;0uoF;7199;NdR6;JHmd;w2md;jhc2;2529;KoLn;v1lQ;Gx1E;qRRY;6623;H9Tr;CFa7;kKH4;FnWY;7043;B9ZA;94u7;gAHF;VStb;3520;45SS;3Itr;8rok;Dzqr;7739
4BGQ;7csR;8c7s;9A6L;5858;Rz27;o7bo;TNP7;96iF;7929;Kko7;KHv6;lAm6;Quze;0777;rZzm;mCgA;FQWS;Ytio;6271;7pto;FAhP;85iY;eEty;7510;3OW6;DXqZ;Y2ZX;0hlf;3276
ujM7;aNfF;77SP;4bAs;0058;SYaL;M8iu;E1sw;wpxs;9812;o4tR;ZB4l;960Y;mXFR;4101;b5Y4;aGxe;T1gF;sthJ;3756;vq8B;YIZj;5MAB;gs7E;2407;anLY;LzFn;KGPQ;anNR;8166
aZ5z;XXlz;hx1W;AG68;5082;Ngqn;0u3V;3YCc;pZcS;9914;vL72;8CTj;VTgp;YZbM;2114;NiIC;WAc9;mshN;Ud0B;3647;HLpT;ddeS;AE5J;tR0U;3285;M9ic;J6QY;pzDk;WDJO;7503
Nevn;r1gp;uv6U;GSes;2357;K1eK;XoWh;ghg8;tQCI;1051;OicN;yyNb;FASi;na0U;8959;XaFA;LfRI;Ijl2;nWid;2936;dObR;fFI6;szJw;Qfxw;1400;or11;N5kb;YmQG;FsFB;6033
b1Gw;gMG3;fIfQ;V3rq;9521;T8rE;3YAh;rpwC;2ASo;9855;PDig;1Ghy;cHmU;UbdX;1966;HUXc;zhqu;71v9;8u2q;2134;2zbz;j1AN;gGlz;mwF9;3094;xOjR;KmcF;2KDM;XI6E;7377
lvbu;ij3U;JQx6;Ph2u;0083;T02Z;YyN2;jNAV;90Yp;5871;KeZl;Odqo;9VXb;90Jn;3567;A86q;5YFe;rrZd;0dp5;6934;krUS;FsJI;feWr;80aP;6465;wyFw;tPmg;Dg9E;0NQO;9367
A7po;FcJ4;8gfC;SvP9;5268;rEaz;wAh1;Jo0q;JZoZ;1602;mfdX;j0rE;VQyc;kAca;4876;F0eE;95d7;CRAY;l9nJ;9505;TvtJ;W9f8;hAGG;UUZg;9281;H8Tm;EeWI;OETd;O2Y6;3219
BAFT;6GhT;Mh4w;JjPT;3771;HRPx;Qdqv;81b6;X5Nn;1987;TrgI;iRkZ;OLgE;rQLq;9487;jZfi;jJAz;8C1J;hau1;3047;pliS;p5no;91rM;tOz8;9741;PFZL;dlGc;jZ8l;fSit;0264
SL1F;PXyu;Y7KS;BnvU;0352;1p7r;3ewX;Mt7q;Y0Fu;7079;RiuQ;Zh7I;E65D;6xZs;9042;YRmf;6vAA;fgit;KZO7;4110;tEBw;DDGD;ONsi;A33i;1331;L6b9;l97X;0EyS;OMle;0294
lL3b;U0tp;XD23;Mpgk;3007;7rmR;x3Bv;gt8a;yxI6;6474;tFfz;9PUC;wbsU;PqeU;6606;NAr0;okjQ;Zsxa;leTK;6551;2NS3;36kd;zUcN;Hpyb;4533;k3dF;RJD0;FowF;47K5;2868
PCEk;snyG;GnjE;4RDp;1278;xSVi;8fUX;wuiQ;g5Xk;2421;3Z36;XIX3;C2Pc;LxJ3;4976;4GIR;0lyi;TDKk;x7cQ;5405;WlYY;356q;orwc;o3N1;8498;Afi7;e0N5;Vxoj;FReL;6467
nvdq;AnRQ;jYnn;eV2u;8437;QG6t;WQvm;gIhE;fK0W;5217;iIBL;veOO;q76C;lNiU;5225;fgvA;F0Oc;MvBe;F0dm;2460;8i4R;YaNe;MmXL;zO3g;5554;luSJ;0nwn;FUHk;64Me;7005
2m0C;R0OU;zSpA;C5Ew;8957;u4Ro;7702;WERt;TcPj;6306;OV2Q;ddFI;Y9c0;d2np;9850;9g3t;F7zY;ej67;lHYT;3891;SZgZ;nC9e;Qh2J;LV14;7521;4kJs;MoAF;CiAB;Cr0r;8446
rCoJ;SG0Q;c7Wz;TpUW;3525;gpl6;0VwC;G2hq;TVso;4262;YZAV;Yupi;usS3;VSWe;9404;NIOF;3e4b;m6gK;4IaU;2386;IpS5;4mx8;np3F;GV8I;2070;KDTw;vnsl;BBGX;GOXL;0285
BALj;BCBb;9f3Q;vjks;7100;gBbQ;T6i1;alXM;UTif;8644;Bq4m;pNQa;KjQ0;1xV6;2573;8zSy;E3hh;Vp4w;3goW;6485;KvjY;wBw2;SsCs;uoI7;8229;9w1e;71wd;aoEv;6DLa;9548
qsXd;lJT3;IPQf;KsAe;6610;nX3d;g8BY;jJcT;9xMx;3680;tbln;7q6X;NPwl;CtDE;0672;0cpT;kOvP;DsiD;zCqA;6930;2mrK;dJo9;mlY4;SwTP;1223;CqBZ;1oyu;lIAg;sHrN;1320
iW5n;mckz;wqoW;7VP6;8008;x7FA;orln;E9KS;3s8H;0899;bBLZ;3SBC;iOBi;zDZJ;4374;kAib;CMQi;ymv4;2Nd6;7920;Pjk6;SLte;THpa;aRvx;5152;S3qh;jlp7;yaZH;HYm9;2560
Dlp5;xQSj;W9Jo;6Qvb;8572;FCW4;iixz;KlrB;pGLq;1855;MzFz;ACrq;eBTH;Jgaa;9061;v681;r0t8;PIzI;xgb6;4437;I0RS;Wrxw;JdZq;2dCW;3583;dxI3;dhLe;fUOA;kA5L;2922
lU6m;FJDt;vopF;i6n6;4335;qeFP;oatH;kVsK;cmW3;7891;exyv;X049;3tMn;1KAe;7858;jz4y;0n0Q;DNUB;7rPS;4253;K2o2;ezlr;4pJC;rFGo;5717;irHj;zGsM;eACb;ZBAx;7024
1j3i;Z1wO;rSQb;Oowx;7749;QjrC;hwyo;G0cQ;kFSA;1077;xizV;C6t1;b3U5;Yao9;7093;IIzB;wag8;N5aU;Cmhi;8400;floq;J3ww;JVYc;CGbX;9123;y4JF;ntfI;svJk;1o9O;6645
Hgqc;cMZi;BIgL;jISB;7293;ZjoJ;JsKf;RGBh;PHia;9007;wWbe;TCNv;A5YP;BCX1;9937;4yFc;Qidw;5mmr;Uquy;8910;0hXL;ELl7;ul1V;8eSh;2112;1JRB;bAQy;8Zkb;HLcY;6197
jdMX;p6D4;xVsU;5jOz;0597;Xjrs;h2k8;z2e3;23ia;9031;muX7;FqUR;CZ0Z;1oTz;2614;WT1Y;xaWi;GqDO;4TSU;5546;YtQh;Ci0t;9ats;5xoV;1633;T5re;rn7o;e6pv;3mh3;2754
JVhp;jLzK;zEfl;VMES;8085;7Mud;2P1S;cncP;coNh;4792;cbVq;HepO;5djL;20hg;9218;22ge;cot2;jmBF;cvPq;8742;CBum;sNvm;bG0W;o58L;3230;RUvs;npv0;tq43;De5I;9669
Ezhw;TAds;L0wV;gCqy;8543;RgYB;6U0I;cBzG;W0Oj;5249;ZBTa;nY1n;ySUq;K0GA;7646;9Gre;58OQ;DMgV;ku2q;4955;gHUb;11zC;M7Qn;6QC4;4881;ZAlC;CLPJ;nF31;yw4q;1817
aZ7A;Rndk;HsWP;3ie4;2463;lA1e;nh4M;6Dbr;9dXV;0168;1l2a;faf9;zeZ0;1g8C;3852;2vIL;M47y;CRT4;nxBu;3127;KQkD;hD1D;AX0w;vTzu;5893;VFTO;U7vZ;3wcn;2O4g;6381
7zJo;5GtC;odsH;E5lm;5263;zUPj;FQIm;jEYj;2Tbj;1610;aPvm;wVtQ;i23p;y5dq;7641;7tus;7dvK;ITvv;LwEi;0762;MX1Y;vDjl;r4En;JNjb;1940;XsZc;ET39;z8vb;ZCdd;4246
dAGC;tage;1s31;QvoT;3788;yV40;LXrm;msMR;3jzE;3880;zbIo;589C;Ke6U;RNy9;2268;ts2a;1me3;Ma1g;1VZL;8604;1rFI;HIEZ;DDok;2Brg;3534;OuFj;3z9N;MSm0;R5rW;4028
yJfu;mMH9;M0gU;ywid;1837;IsQw;LLEc;M0iU;VqoJ;8884;40M9;uSSC;2gL0;uY1B;2573;8uzj;MLOy;I0Gy;uPof;8259;at4p;Ms6N;RH4K;D7JL;5070;ysCL;cUGY;VbCo;DCZV;2110
5x6V;YOJd;5RtN;Yivr;5008;JBXV;lcFc;BgFf;TWBn;7944;TRkk;jUtK;8hSL;kLR8;3062;i6Dx;4Iim;JlzF;qXvM;4453;KjAp;wrrS;ReE0;vHd3;0369;b8fp;hw3Q;UIi9;qXx0;9242
DjCz;GCwH;czpg;ObGP;9686;MlEW;GVqw;FvlE;5J87;0103;NHBw;OwXs;2Rcu;VI1t;8638;Y8Ly;PUZ1;ISQA;GBh8;8266;MsNX;ur0u;ZQQC;ib63;7531;rIRg;huEz;m3Ej;x3vS;4495
FR07;8wlV;Hblh;UjJD;5737;uO8k;PSmS;cbIw;W82a;9563;wTJP;cuBB;nMcj;CbsR;6604;M35l;WlNm;Czql;5ak3;7780;rmwM;f2gK;Vbzf;Pqw3;0995;5Tmx;Gn7O;zpi2;V3yg;4942
heNA;v4ew;Ge5n;MpxM;5050;jTjP;kbii;csne;kEyc;9178;Q6cz;0Oo3;Xv5v;LxKP;0931;4bPx;z1i2;Rh2N;liFq;1236;Bw3E;bHrl;Arkf;fS02;8889;cUWp;uoGe;hKhq;5cog;8717
NSpD;I4yt;fPvz;KPYJ;1004;VnWG;bxap;zJEb;cfZh;2909;cohQ;TfkT;262i;ch4Z;3448;6p47;zktw;CChA;uJDC;1473;jqrq;fwiV;g7DO;JBlK;2896;S2Te;8OE9;9878;MIIn;3409
jT3j;FAIK;wfs3;RZJ5;2612;if4p;7AyM;Jrwe;CHRa;9566;lM6N;hfya;mX24;Ha7r;0950;Qu3n;4B9i;7eum;3Lr6;6009;c5if;euwg;M1aI;ro5k;1409;UbHw;A4nS;Htup;k4ZY;5879
mWiE;3Oz2;6TIa;LD4w;5913;OsnJ;NwRe;fO6q;bjFr;8872;en8V;asCF;4IME;68XS;4669;fEcd;Y7St;bZ4H;eb9P;5566;takj;DTEw;VSj9;oy7L;3280;H8B0;Hwlf;qVlq;cB8o;1243
0HEu;2nwo;dFpU;98cd;1970;5HS7;RgJ7;O6td;f9Rc;5898;KMbP;oxnd;ZBjB;3FN5;9632;PEDt;aSRI;onQF;eJ6X;5551;V85N;2rVa;cHIA;sNz6;1315;QkiM;YAbD;e4rM;Os2t;6602
JaWY;Npie;1R9K;8V33;5151;uGJu;i05F;8EE5;gKFh;4333;qDvP;c6Eb;QSLo;1d1i;7461;Txl8;Rgol;5SsY;pojd;2469;Sd67;2B7R;orQN;kYMz;3947;U3sz;gdMs;wzYf;Eu9b;6517
1dFx;Cu2o;Kq3O;3k5T;6548;9h96;LtrY;6WRv;eGj8;0395;Usoa;XSDJ;9tRP;Nhb3;3948;6yd4;nwId;iR66;ch4G;1158;rZTg;776a;BZ1C;44hn;5902;b8jK;YFUT;R5iA;yz42;8716
QMSV;0vwa;WU7E;8Qc3;1203;lIEj;yxWR;iCWt;PJCB;9468;rThx;d89q;xKgL;ZBEq;5576;Vi0v;8YRG;mMcN;pXbh;5357;k21e;qyZR;kf7A;N7H8;5996;lzTF;YcGu;v0WF;qLgt;2913
1fYS;fSPV;6Cjm;64gt;6249;z09F;b7nQ;Q6HB;1mFO;6299;xASQ;Enpn;0V9X;yL47;1099;OnPh;VlmL;in4w;A2Kh;2027;4kv3;5mt4;PcFg;TS1Y;4558;M1Uu;PGos;O31U;v6NC;5723
DLss;AMid;oU3A;Zqjj;0353;6i8X;hsbm;iLVd;1ulL;2520;WYYJ;220o;SBOi;5jsD;0044;zvK2;sxQr;UjT0;HEE7;7821;31Za;pldo;vtgz;CMPP;9313;fXXc;5m0d;tVqM;wYVm;1192
7XHd;yeKn;Pp3K;X8lP;6684;YvwH;tPSF;qHWy;ccJ2;5958;Wyr6;se8T;1lr0;JIjc;7700;XwCP;3MWa;5HFH;7dI5;6239;Q0WT;qZdQ;y6hT;K6EY;3998;WrWM;ujh1;1AsM;gvFE;1487
PJci;q9NS;TuBD;XEiy;3970;5RMy;ukbd;Ff2j;CNNR;5506;L1je;xK9x;1JQx;yln1;7612;y0GS;lKn9;dhpD;skCU;3476;6yKu;XDRL;HuYE;Bcnc;1341;QIqe;G7Rb;OZNi;zxRE;5951
PRjY;JiD3;XCH6;SCD2;0437;7HBk;9E8Z;eHZ7;q3Ei;2018;zTWr;clZu;6cUt;10Kk;0343;eKoL;303C;qjnE;Apqz;9528;gQTv;taGg;f0Lz;gJuL;3847;njfo;oLXb;9iKB;ROYV;5057
ZNzM;ZvRF;pqU9;Myox;1238;zLgI;jVmn;MasK;pjx5;7769;naNl;13CO;WjQl;cv5x;4657;rC1J;uKUX;WjSF;0vRP;2904;RID5;y46Y;x11r;ILQw;4915;bZI6;FMIU;SjxN;AEDN;7681
RCp1;1INi;OLv8;f89P;2791;zcuX;agDT;KCwh;kaND;4966;Nt8M;Fek3;XMBz;ZEzy;5902;mEf4;mKoa;1bWO;cMJp;8344;ipJc;T8za;ZKH2;OAc9;2605;UC2g;NEk3;RoWT;vLc9;7708
xtWE;UhzC;fT8E;olKW;2632;s0w3;KPPl;hBnk;S8FW;5373;0K1s;ufUJ;YVMu;Xw1u;3119;4pub;95hW;BIMi;mEs7;8684;95Pn;TIsK;SZ5a;0KUf;0806;JooI;W51R;dYLk;P8Vz;9555
OmRC;ra8v;IaUM;2FB9;2244;ZSEx;pWrK;HjXv;bggp;7570;jmpY;tUgS;fv1h;vHV1;3674;EeB0;SAyG;1wnK;mKo1;8354;xM1N;H389;OfQk;b1Pv;6526;God2;pEQV;kBTS;Qogy;6577
zEvO;jYK0;FWl4;GByX;4313;ud48;KYSd;hJkO;NYUD;8658;7l8X;AQbF;Y6Hu;1YPZ;5577;Clqj;x7NP;nql4;dPrD;7279;bRYp;FXH2;Mg7n;LjAk;9570;BaYK;XbwK;Iykw;U3I4;7447
fU5C;oimN;B3WB;mnKn;2912;oTwX;nxN5;eEHO;U3K0;4874;nh4w;zKFP;MSZD;uo9B;9532;vybT;m8Nc;4KDD;bfoa;1346;ipD7;iU6S;Kcgl;zWbs;6485;WaYB;pVaJ;kYuG;EDrE;6863
YsRV;lQp0;wnxF;sjts;7819;PVD0;NPBl;Jexc;kYKs;6055;x8IA;bObr;sRKp;to5R;6974;9smx;xBuY;QbtB;gPev;2429;5gqw;GG5E;Teq1;NxMU;9894;wJvi;jJmC;YGb4;AgZX;8875
9uJ2;DZlz;UnJk;ecum;1513;yyht;FCJK;d6st;uDNB;9572;XMfF;0Lgf;uYYi;hGLj;7720;tIca;HsIZ;sZ3L;31LI;4314;Fl5R;AOnB;o6aT;9Sy3;3014;92xI;0LAZ;fiJo;7FwA;1745
HHVA;pVyT;z8J0;bJui;7184;Uy6b;dZB1;ofKb;4L6Z;7316;6OTw;2ACb;Wx1u;ExZh;2900;OAKe;aab0;GZSH;pWr0;1360;G4fJ;6vhL;S2ng;cP0D;9117;NWou;dTvx;EXBV;aEo9;0810
FeAt;mw34;gYQN;W6qn;8379;hVaM;R7NF;4SYI;jBog;2175;C86B;mosy;rjSA;hDcQ;8463;1vK9;apdk;BA56;1pFJ;5387;1aTP;RgfC;F4jh;TYNB;5891;05Ll;mXLx;wFxo;ZPV6;0706
y4gD;UsMr;CsEY;ETrZ;7155;iciq;DhHf;P22w;ABDv;2094;nU9s;EtAX;7CLn;d3kI;2099;RPpH;5BwC;fpoh;GLIQ;7088;N4wn;zBqo;kf7Q;NYTk;9043;qsQA;IaEH;X8OL;qVWb;2509
mAY6;iDuI;UyC6;U6KV;0354;0cKf;eYjE;t9Xj;3ICy;6628;gIKj;Or2v;JTLe;TbxE;1639;x9an;1GI2;eW4N;5pQ1;0447;kC7J;zjj3;WvhS;OGcm;8644;k6yD;gAEW;ZlXo;GbxN;0275
SXBE;TJOS;l3EE;K2b5;6446;XVD1;RBa5;5u4W;iOFm;7652;xwXl;CzQH;W6pG;XYan;7886;uA9e;iLr1;7okh;l5SZ;1331;Q0fY;7eSf;loyU;Qt9b;0344;ZnPg;olLk;Io5E;xVY2;7880
qyL3;57se;hcys;kWAS;9737;i2rF;nPYH;w8qO;pX8K;7353;YBZw;igro;MSg2;wr15;9572;Oqdz;Ffkx;M32y;CPeR;3479;UVOa;KkQS;KF3I;GE8L;1903;aZaZ;KxtW;jdu0;05zz;4078
1Y41;WwL8;xMHi;WB8q;8898;VnoW;5sEO;3hMH;9CPy;2364;dZ8q;55Pg;mQ0s;4KVk;8130;pqIY;5SN3;14O7;tGvP;2044;dckQ;Cug6;HLt8;iZr8;4987;Z29y;64vr;e4rS;NwYs;5699
d0lP;elqY;8E4f;wZlq;8058;qqaf;rmh9;qE0F;fW1S;2820;TigF;Kpgd;4dbP;pzhC;3589;vMIo;Ak2G;BKhr;xM3v;6034;XEIN;SboB;4WgF;j8TV;0379;nKm7;qZr7;te9C;p7dQ;5724
aY2l;BZRS;A9rk;TTpw;1859;MfZq;Biz2;Rw87;5IIu;4627;Cqn2;DMJO;qQjJ;d8wQ;1778;9qMt;2Gus;J4lb;viJl;3252;tev5;2Glg;XdYe;GiIq;6930;XziQ;VAtb;0jen;7ZWd;2652
uh9F;YsEE;chz0;aVJz;2993;liaa;5IAA;8KRU;Wcyq;9703;238w;HFmu;DYt4;bh0T;6037;ikbT;mV1s;Jo96;qSoq;4888;u6R2;x5XH;qkrX;pS7c;6323;m6Gc;dlsW;MBn3;7VhC;0830
ZXAJ;4eAY;h352;pvLf;7297;SmLn;D6zV;EU4k;Gixs;5393;cYjQ;MxwX;8bNF;rU37;1939;zabe;4OmP;Q8D8;m8z0;3048;Lbym;Fm0e;7u9B;hv4L;5861;qIcc;ZkaK;OGZe;iXij;2956
cZVg;tgnk;wTxh;XwWJ;6489;Meep;qXVs;eLiK;0bto;7015;5VnH;o4xg;oqCR;29vA;3090;IwYT;3Bo1;D6Vp;AIeI;7138;hsNr;xcG1;QT57;W7X6;6268;YF4S;lhxY;vBAg;M9Cs;5817
WJ92;rOzI;S78i;NgKA;7331;VfOr;BRzL;LrjS;DGB8;3698;f2oX;yjRa;Qe1j;pN7u;9630;dh42;Zqjg;14Zg;TILc;1956;IpUd;oBom;jlqx;Ctyx;4659;F8Jq;auoB;o4Vb;jEXu;3105
Dkuh;Yc3O;BfSN;1z4j;6175;Ugci;r6i7;ADBo;ooRr;2710;4sZt;9Yw6;U6xs;2w65;3468;y4uU;Wput;mONi;mfdW;9471;XDEr;wIre;dZto;7sRH;2175;5cwr;PPXr;uZTH;CwNu;8454
dzTG;CMWW;y4yq;63JI;8061;SXcf;pMxI;owWe;pdzv;9410;eEG9;5486;eKCY;g2yP;7848;PwIX;Y7CJ;wMKO;DMG5;8925;WnOq;rrKb;ucWJ;lrvy;3672;NVfA;CN5D;BJ9L;KPED;0799
FrS3;3jlm;xSAI;3uwd;2103;puGO;FTte;xdI2;1cRj;1603;FyUQ;7DA6;hhk8;QnpV;4395;PbkH;ORUP;GR3o;t0OA;1948;2Mqm;ghQ7;Mi3g;KpAu;4057;jxfE;Jwzj;5Jf0;rFjo;6221
M5jQ;vXLV;0e4B;SMtx;1203;JjjC;E9ly;riET;Fikk;3325;d0ZW;rPml;HkhY;tcMq;1119;Ivq3;Zqwe;f9Zp;pjbD;1677;4YC4;3fPl;mzBu;4Fdc;1746;fJaY;OrMc;LOKp;uU0w;4080
88bz;W4Fs;DXE3;mD4q;1461;ztDZ;OjxZ;Z6sp;hRZA;9085;Csfb;pVv9;jBEb;PAEw;0205;DHur;aBWf;JuAa;8UcJ;5854;mwKv;cgFb;GyK4;prs1;6916;a6cr;4ZqQ;dW2I;AGAr;1165
Nevi;3aCd;5pBc;7fhu;5446;isBR;2DuC;WJWh;ot7u;9461;KBoG;7ZG6;0WmO;lNp0;1092;FeLx;9qf3;6El6;GKTj;8443;O68i;uhjW;syT5;QXsP;5527;Yjky;hSix;pc1R;oEyM;5452
V4Vq;MpR1;LAKz;XYLz;0986;3oB2;yhFO;k7wx;GtnP;9562;0hS2;2Hw4;tmX5;8Tcc;1937;SNsJ;QmWb;j61n;h1N5;6874;tJ8q;zRLi;u5Pw;pBz5;3504;6EB1;v5nN;zgXT;goq6;1861
NcGp;YbpZ;fNNu;v0Zm;4177;lsd0;nVUS;wuXT;yXHr;9486;jmfT;vUWd;ZWIZ;GN19;3295;XnpQ;xYA6;fvv4;fcuT;3973;wTrq;ntyt;gAZw;D6oZ;3343;Z1RH;JY7v;9uxy;ECcC;1406
NGMF;1mDq;JW1f;tw6Q;4397;FWk5;MTt5;aYXU;KtAH;7518;hoFS;VKIm;uKB4;m04t;2947;zO9C;S60z;qCyD;9awX;6235;oJEY;VDdI;ZW96;sttf;9027;pAM9;wZ24;jSwp;H4ff;6334
uSmR;Ajp2;Y5JZ;JWjG;6561;oLr0;CfqQ;Y56s;Q7lr;6972;0VCc;N2vs;tbhO;3cH5;3190;g37t;XzAp;1FIA;Zayl;0173;0BYf;Zm3W;h5WS;dQMt;2381;ibjv;yTLA;vQNf;pfP7;8864
HsPI;z6gB;Y9y6;dq3U;3713;7Pm0;runH;dsPR;yPDm;0035;kJhX;e0Sn;YJvO;CHku;7867;Na7D;RqcQ;GwDI;UIOV;2645;ei56;2KUS;Q6UA;g7DC;9209;sFnP;pWqd;5ylc;EAqn;5611
VZke;UpYT;GZSd;EA4e;9599;mlDo;xOGi;DnkI;Xo1D;3769;GdU1;jPmx;HvWP;yNaD;1532;xVjT;PxbV;YvCl;nNq6;0860;C7DY;fA6M;DRao;VKYg;8044;EgIh;JuTO;x04E;7CEw;8662
N7om;DufC;kD86;fdBK;5541;GgQZ;xu62;qM6h;1M1v;9004;nobn;24qW;HlQv;dONb;5628;abON;NNuh;U6uD;1CqZ;4168;W1j3;1wjJ;lOjJ;Q9zL;9473;Y9x7;wdJ2;7Yuu;ocNM;5366
ZHDp;rY50;Tq3x;poT0;1248;WU6n;VZCU;3PN2;5CcH;0242;oAjF;v43G;Wmhi;Mt7i;5509;jK5b;6aVY;cc5R;i9qm;5156;rh5t;eHyO;gRve;KwQZ;8838;Tax6;QDPd;tKWP;4Din;5160
2BF1;rcLP;y3XQ;Thse;8336;jFvd;5mZ8;x5Ia;bXaQ;7385;smsN;MvVr;JLaO;pLqv;6856;J4Ic;Y8Kw;Z0h7;KtbL;7678;qGl6;5NtS;0rQB;AwFd;5598;cVak;Zs6g;RLOm;HXfC;5582
i0in;j1SQ;OMFR;HNmd;0338;ICBC;VYTz;CETA;mszc;6645;xrh7;hrHn;1hHy;aQ4P;4088;ZRRt;hOGj;vEoF;dWBi;6840;gFym;W3nK;0rKl;Jz0O;4335;3xQi;O5oA;V3Va;Pozx;8096
8ZR1;ahYA;k1vv;UAKw;5728;qBKr;BLhv;aMRu;D5gi;6397;M4X9;M2jv;Nj1Y;DL1g;1060;Wt6H;a32g;lzE4;bXNj;2234;lxtk;1Oyc;1riJ;p2As;7808;Pn2C;KnH5;EKy6;h2ML;0110
neMA;ApMO;zyFM;VHoH;1684;2AOQ;iDAz;6xRx;leCr;1713;Zy7X;Xmvy;8BvW;IJMv;4581;e1SU;tEiG;AQGh;IbBM;5961;oLs8;T7fP;EK2x;eIaX;1394;zXLK;EJiZ;mos0;ZPi2;7223
Bfio;ShuL;X67M;dN5b;7152;sUob;G1XU;4lmx;DEZj;2693;Ew25;1ezp;b75V;8n8H;1393;rdqt;fDkm;B60t;VQ4O;9382;0KcJ;nw61;jshN;WyBj;7888;XLAd;qrdY;dEO6;jqey;3518
DDuf;rpPR;VLcd;m9Ez;6948;DPkx;rSq3;RoQe;jlKL;7232;y2Tu;S8m0;cRcx;zva7;4128;3Ueh;DZFT;OWHO;gqQ9;3178;iZGs;q2V5;dMv1;Mhqy;1049;svyO;dRAh;oOjz;WaHY;1929
Zuxg;VloO;dml0;Rcf8;7752;kL20;7Z9I;eAJ0;rSgO;8154;wjyA;PAfN;rEZm;GNDT;7170;gbTJ;n5MX;5oVP;yFwL;0739;JCl4;gpBZ;GhU2;uuDJ;2957;XdaH;FyiL;iY4N;zbVi;4345
t6qG;vZzj;BOEv;O8Eu;6317;IuUJ;K5BC;X0Ct;liZk;9738;ZQgb;BTAk;Fn1y;mkze;7794;6tdA;VljT;FzDk;oUBZ;8008;WQax;TBZP;VRPZ;AYIB;3269;JnGy;ZPu4;k2P1;Jxhw;5397
qRHy;GrLT;rbLb;eZvi;4240;rNYy;7r5Y;F2DM;io8T;7576;BQey;F2AZ;02Hl;rb1f;0906;NUe0;Fp4d;gyx1;DaYR;6568;GM15;xNPd;r6sS;UcP7;4552;SawK;5LNr;TAIJ;W7yt;8823
ECYH;3D2m;RHLw;X7vH;9914;d2ic;SwUY;HmoC;TgqH;8809;hI60;WweW;fbL0;jiMw;1445;RHi5;jgNn;xgzx;jg09;5107;nIiP;hicl;LOLi;qkmo;6454;5LVO;RQPs;oadE;CXtF;9211
J310;oYSW;47OS;RWcs;0630;gDWG;xneW;5hMO;oxMd;7904;GjXX;Byrx;XDOP;U8ta;0718;kjYo;qzZ0;zVCj;CeQn;0083;oXGX;7kAw;B1wS;KtAv;3903;g9Z5;tbtg;sHve;j0PQ;0461
mYVW;IyUI;ODAk;oYn3;1008;ypRm;sCJr;KBfs;sMep;3555;KZwH;wsBL;ynmg;WktO;6206;qfea;O7EF;5CV3;dGlW;4647;DfPX;c2HQ;C06U;1cV5;8770;FwWj;nNz9;zz0y;f7u8;0226
SvLl;ky7o;piCB;StCC;4174;UnM6;oxp5;TZ8g;bV8Y;5250;XRmd;Z3Gs;oP6o;J7QE;4292;v5Vo;g6xU;H0ND;NgI1;9240;degl;31rr;Rh9Z;0j2M;4212;0Edm;zAZ7;OKKR;H9oL;4629
pWxv;a4LT;UZVM;VFI2;2942;sptK;1pPw;Tv3Z;pfUX;9011;NHYn;kHiR;D6aG;Q7BT;7428;XL2q;eulN;r4fj;lqRC;3533;DrXS;IyV7;Eneb;49pp;0443;vQ4Z;G1TN;iDUk;3qx7;6415
2wbp;2kdf;XUtM;2U5V;2083;K6j4;Yt1k;mbce;FK5N;3838;j99q;2u27;8l5i;88ux;2388;5fPG;yUKZ;s5gY;Oj9R;8085;Xjti;AMVk;UZSI;m3RI;8721;jhpu;YnJp;svD0;rENX;5161
P6si;7LNg;r0pc;W4z8;7678;NtBh;RoBD;rxWO;oP1b;5558;xG5k;RbB9;h6wx;tfFW;1629;qghD;jGbj;kQYz;o15E;3755;L5ky;TqZ8;w72J;h1VI;2066;wYJ3;Or4T;WOeI;NEJ6;3282
Hrac;PZm2;qm36;FhJS;2362;fAoi;MKBT;dGHb;8s4U;5333;xVzm;mq3t;bINs;38HR;1735;2S0W;dQd8;q27J;UCT5;6173;Yr4m;xnHy;B1w6;LSr9;5538;GeQJ;j0yh;motV;NEsC;8017
Rm0D;djtr;d2mZ;cV7K;5028;g6Yp;kd6B;Uv5B;StHl;2586;wspt;etNW;8Y2B;r3Pp;5831;Y71s;bik1;M1Pv;2Z42;7930;X26G;mQfG;Lj3U;b3pk;9852;5kve;Gbi6;vEb7;rFcn;5962
92e7;l9Ch;5nPD;uo31;1042;aNgk;vobk;a1HN;QY1I;2968;esTL;DX2d;T9pa;cP2A;0485;MROM;6aVQ;Qr78;FVuV;0059;WE8H;FwTg;xfOf;wKht;9399;sxpU;xgzl;hjHI;DYK5;6640
qgMW;s9X6;dn2F;2yC4;3354;Pygb;VloN;qEgb;FLq5;3704;FvFJ;OjlZ;wYqH;SuW0;3166;r5nr;tvm6;0hsX;6sm5;1625;x6Jh;mtHK;fT5i;iDMU;0172;7Mm5;ki40;Wvjl;Y3Se;1466
daT9;M6ak;RbRQ;0EOD;2721;EGxm;CKdd;LJvx;Bjyc;7913;6OZg;n4MI;zcwL;NLgj;0025;nK5y;M1th;GfN9;LigB;9792;PYOd;jf1r;8Kkx;Mwpp;7470;BeW4;iU1p;m2JC;vqOi;8322
GnaK;U51v;iNjo;sXbB;5197;RvNq;YRIn;6Fuq;hT0W;9032;Gdc3;kYhx;4x9v;QaNm;2373;6ty8;nnEW;lSLw;is0g;3508;f38W;wnYE;wU6m;8L4H;8073;WTks;DffJ;gnNA;AWN9;8556
zWot;k55m;Oox7;cwIT;7224;kYN4;Axfr;TxAH;9bol;2587;0OdC;Ro1y;1O9b;Y7Eb;3223;P9uq;0NO5;2OOk;pXyL;8469;XEyO;q6To;Hlo1;NYIE;9039;0TuW;s9pg;k9D3;LysT;1188
Q1fv;mntD;kV3W;7bXY;8434;mBEH;zqVZ;FL6J;Hnie;5445;qZHB;0XwD;PY5r;JLFX;1437;QaHh;spFu;vs8e;vV7r;6288;8Y2T;d6O3;0CBE;Nfl3;4172;gRof;5f0w;Muk1;oKCJ;7318
ZKWI;bNcO;GV7l;hLQo;1973;HhZC;efN7;lZ5M;z9WY;9070;6WM1;yrHV;tj4S;ZRpX;5104;WWpI;vXAD;kFEi;qMtB;7042;ZA3v;5S9x;wGJr;b0Nd;8794;TDrp;hH9Z;Cug8;bzud;1666
A4ub;X5aM;jKNm;IRNj;5194;l5kR;3eUR;bEVl;dR91;8037;uFKo;Rd6j;QIvf;sEcL;7651;Nk2u;6FI6;L88u;yo87;9365;ARry;outM;VAFM;Tgxa;1882;pPmd;pMhm;E5X9;j1z8;6638
W68I;xr0j;O6Ho;TKka;9368;F9EE;Thhq;9oG8;XGtU;6387;pjJZ;girv;zLGT;jiON;0711;h5c2;Befj;N8jd;2XAT;9919;qsN2;FYaO;Db6x;U8Be;8214;Lrmq;bstE;VUQi;NYVi;5303
nGCb;rm4d;PCFO;dZmt;8625;mFYO;jmq1;mx66;w7RK;6508;geWt;To8A;MmRj;eQc8;4347;wXaB;gnaA;y8TS;GdRv;9642;sBX6;38JP;QOf6;9e6V;6050;72u0;DBuB;oQID;neIA;6707
k0d4;bwX5;mzrw;ZhS5;9351;3mL3;xvNM;EeCm;oaws;0709;0W5U;z4Lx;Otj4;yXoI;9115;Xtck;IJnQ;vaxA;GpzS;4195;3UiE;KDPD;8isf;gjSx;3127;RnuJ;2R7e;wr8D;Cai9;1648
Ry13;72cx;RA0o;Qfwl;0230;uzb2;kqlu;EQBx;YZgb;6468;xS9E;O09v;5DOi;O2bF;1092;uTl6;wRul;kmHb;Xxgo;8105;AqMj;xN8m;xw1V;jDZ6;1935;sLoj;Oz2e;XvZU;2obs;1622
m1Y5;FmI2;zhbq;8c7t;4294;Qnec;NUMb;HbJX;ALeh;0864;oCn7;WiPV;kiMv;qKMa;5790;1Unz;b7cB;SUJu;WOLz;2820;dvrD;Z50l;PXiZ;jFSo;7852;YFsH;fT1c;4iWx;IYKy;3304
xCch;e06t;6rn9;v41N;2355;iBxj;NYeJ;dAe0;iHeF;3911;pDDc;knOA;qfaM;CUXN;3029;Cggn;QY5p;c1FS;kxIp;8852;fJeg;MVXh;SdyL;tQgb;1078;vpg4;1t5R;vrbh;PYDt;7268
x2z4;gOMU;UOJh;qFEg;9769;ZQ2M;xVyk;EUA8;3Utd;5851;pQDO;KQzA;RrBY;4eem;3473;y1fC;860d;opp1;s7ZW;5350;fm7s;t6WL;AVbF;VcxG;8351;s0AN;hOKU;UQ5n;lDzk;6892
uQp2;93ZM;f7Mr;ZJzl;4274;tPmk;GRN8;dKLS;aXyU;2327;R6Cv;SGLS;sGsa;Z3nm;1491;CAfj;rHoN;RhYx;cCFQ;8561;dNjK;IN2h;ITP0;m4U4;2805;AklN;7qTG;5kvZ;vWym;5475
VOe6;i1yW;vkQS;4Gkd;2898;ZFWB;vzGW;OvO0;qFQm;4378;XbOI;v3KN;fPBm;GWdm;8497;yDRu;zh0J;nMyC;CQsO;8034;XAS7;IIuz;XlzE;Kajb;3793;Ip7x;CJ98;GvY7;jqEV;9901
Zq6w;1MPX;yCvt;BsCk;6576;meDK;j7Be;GSEg;s4Ne;3260;OQGS;6qOt;rJ5S;vhon;3131;Ow28;XjgH;tjmg;4xpV;0251;3SsZ;tqLA;Q7Gm;Kd1h;2667;XshY;iNuF;yxtj;XwE7;0080
4Bka;iTfi;amsk;VEl8;5973;2tp0;XuSY;PkBj;1E9c;6000;Q7Xi;1JZD;IE0l;s0CV;8073;MdaQ;WKmj;wefN;3NZw;6454;08Ou;dlSA;NXiL;L0uz;3320;6SoR;LBfx;a9AV;zJgd;4894
n8tT;Dj2G;P3UV;w0uh;8669;HWfn;C5eo;yqik;yzfU;5137;xcv6;pv35;Sl78;W33Z;4899;lEph;bH0s;1nfL;EuoH;4943;MvOJ;yIzR;wPgL;nDSb;7954;lt91;aUkk;t9Rf;PBwJ;0969
ncNi;6fxc;xWnT;o1H0;5353;d0LR;KE0k;DMdF;h8d6;1106;5Sso;Uy2F;b6yP;nnm0;2051;prmL;xwXg;a3sL;xY4H;4262;EPZX;xW7V;fgf9;5lSl;4311;tv1N;OAAP;r42L;0mw9;7515
nvmZ;JCUV;ZfPM;vmZw;0022;q048;zYgd;Txd5;AOvb;7424;zJdB;Ef0P;ivAs;RL4G;2230;UoHV;JOpz;Lu6w;tO7Y;4453;56te;GAAx;GkXj;zy7J;4618;1qSy;rUwr;QxuG;oYT4;6310
lIjt;nZTi;s39S;E57l;8402;kOlk;Qb4T;j3py;4UKF;3451;syWS;nHK3;wfMK;BSY5;1051;RTaI;6I1I;nqpE;ukLA;3184;Yx38;QvNS;XfhV;gvNn;6831;47KS;L0Et;PYXB;mUKQ;2224
IaWe;GVgM;NWiM;FEeg;8909;D7K2;uOXk;ZmQK;6w3m;3222;TmZo;EGkB;HjmT;b2rI;1973;MDWO;LQ59;uPnt;fAUn;5608;ANUJ;TY8s;ktnM;bWhT;2893;AYRU;vn9p;hIEi;slMa;5396
SZt8;SG8U;PCqB;DN2R;7380;rGGf;nmds;T5T6;7sC3;4581;H514;KQAP;4TBP;LD00;1006;0zxF;RUdt;abmp;vKdQ;4191;uWek;5kVy;OWTg;Z9ZC;3874;UT8o;KIdX;NYaj;tO1n;2069
rnMs;TNM8;QRQA;9XoW;8687;mul9;UVgr;pux8;20zy;5067;YDrv;TNjc;8Y2b;dEKw;2569;MsvQ;8tqk;2qca;XKYR;7113;cbj2;HWgx;tkas;35j4;2894;W3Np;FyTo;hgul;v315;9733
w4aP;uX7S;NH72;inId;6392;xAPU;dMZe;ddV2;ngs6;8502;9Gfa;vNMu;Xv30;hejV;6263;9oH2;dini;bfcE;0ZtH;6660;GpBS;9tii;iwfs;z0WU;4140;LF7K;msFp;q4Om;Ertu;1746
iUtK;v95M;bnZr;72Ls;6725;cM9b;fIYL;NJci;6cEb;2604;e6i7;c4Ek;Ts47;3mUJ;9449;KnEl;v5oA;HDAt;ovw5;3132;6hOz;Y4ZF;iShn;ywd3;8246;YpFO;CvOf;Qgjl;WXha;6313
KuH1;kUVa;clX1;Xowf;5476;pDJG;mvTC;NZsY;LuvW;8638;cip2;GRnl;Beed;S9Us;1792;eErb;QheN;MfE1;995B;5642;U9sS;46eJ;N0VQ;0ISC;0516;Q4jM;vTN3;YClR;qARb;9768
e2ae;H1ls;scvN;BftD;1670;deyR;jkdT;qWH8;qCZ5;1131;8Fbq;IgZx;XcNV;2RAW;5262;TOhd;IRq3;9fM6;UeVC;1814;Dmyt;Joc8;Y8hk;2rb2;2358;5Rdy;BYlK;ROMd;tARn;3419
yncV;veOd;8oDA;kp02;8647;6MSL;zniE;1Fes;9XJQ;8222;bARk;6Be0;vltO;A69v;6110;XH8e;byqE;AfYy;Ltzj;4317;OtFs;aIdy;dA7j;gn3b;0640;mrEL;EPVo;6mNf;xRMN;5584
uo5G;kkuB;G5hL;F18C;0177;oOxR;AzMW;vAkP;gHko;7552;lPji;ECuf;D3U9;4IPX;0669;Mn97;sxLZ;1jDP;YQ33;7568;i4Hj;gHgc;u7k7;cFio;2663;fqB7;fWgT;GsZc;QDJ7;2302
K96t;FU7B;qANA;z8o3;4580;hRjz;z4tr;6SOU;G6Vf;9925;OAdZ;KrDN;IWji;86We;5076;lDAT;Gdjz;UZLj;ZsZM;4929;xLK6;1J7v;JtLd;Vhdw;4965;jP4k;grNC;En7B;R5H7;4083
uvyG;AMXd;20JM;7svv;2397;HsH7;gp7l;epH6;7knm;0621;eqHS;oMXy;dyEX;fEhi;1038;3WVL;WAf8;7y6Y;lBWL;3961;rZpJ;z8Iw;zs1y;2jic;6410;5Kel;kNkV;chW9;EpfX;4518
1FeO;ZAUl;JhD3;OBgZ;1799;YomV;TMIA;YtLP;hZxf;8794;t02j;g0Z1;ixEq;myD7;4552;eVMq;YqgM;jjLi;2ePa;0828;XnZF;s7s8;rL7z;1ipq;0263;ZrLy;h6R7;vyNy;x5UN;7365
wbLS;gswK;4FKq;hmfL;8006;BU0M;dGMW;9nsG;Kz4c;5774;8ATe;dlc9;jIL9;NeUz;0794;v7vD;zCUz;JuVI;iriv;7251;Qwf5;p16b;yT7n;WWoi;1901;syD4;alLo;ZSAL;XCjY;4543
nTgo;Why2;hxZQ;Akbc;5018;pmfW;Nh1t;eY7T;azsk;2073;pprs;dfTm;tS5J;pW6u;0910;JRmg;n2oJ;SIx6;8ulD;5457;Kmgh;cxMp;uJJo;TmFx;5836;hzhv;u7yY;KpwX;yAB9;1192
Z3HY;dLxg;zGGw;F7aQ;4527;38Bl;HuaI;ZZpV;bBRq;1576;3uz4;mEwu;Obw6;wsCB;3901;3OUH;2dKj;IAGE;up0s;4097;lKFJ;Fn4E;YQl6;BGP9;5171;Jfau;5Ylb;VKap;M5Tx;8052
4WbC;bKx5;MDf1;zTB0;6133;3HBJ;wGX5;641r;jP9e;6602;m8Uu;N3wx;U3wx;yBmW;6247;tgcK;6EWG;Enmb;sKrm;8947;cRhB;X4sp;sp3L;9TcC;1234;wtUE;TWVg;NqE1;MlGb;9640
NZIt;Y0hf;vro1;cWnL;3634;c6IK;9u7n;WDDe;0fSx;8672;EF7t;O1j4;itDx;Qzhu;8633;ElVQ;1i1h;Oafr;7SDu;0914;8tk0;jmnb;lQUy;axDf;4302;9sBB;U3yO;9NEQ;iqws;5772
B3Si;ULvU;hH5R;tNab;1398;7Exh;9HGo;8BdX;jBbC;9999;KSS4;czIU;0a2Y;4NjD;1570;lgxu;zZqW;cjEZ;MpbF;2980;qie5;MmaY;FkrU;uVkm;0908;WRfY;jFSg;4l1z;ve8Z;1651
fo20;2rbq;t8dB;O1H4;4165;JQeY;GvWZ;o7gI;LopU;2580;1r3P;UyWA;nDZs;RRvJ;0286;zWsj;5zm1;mN4i;GHxd;7906;RZJo;v9xT;RRKe;uew4;8637;LJGh;4SRX;6jXw;dHr8;7354
OFsV;3iGW;hH4m;ufTO;7900;QbpQ;35N7;yD8P;HjZz;1707;VDXa;qaR0;cu3d;So9i;1087;DLxg;5N6c;qs9A;uJ4x;9695;g7SY;isDS;Jj2H;P9VT;3707;srRJ;ER7z;XaE3;Ey0V;1338
F4ip;T369;0zcM;2MVo;6241;iRmC;tkWF;HH5p;yQln;4586;Cba0;U0vQ;6w3C;p6vF;6639;qDAo;qhdL;c0GU;862Q;3282;WITU;uLkT;6urF;1H9m;8582;gcjn;T0li;NcVA;Xe10;9897
yqCv;4bXz;b6xD;ceqI;1484;3wIL;ZLkL;1B5y;zVBL;7872;sIpd;cYM6;E2Vr;fo0U;2313;gFHg;0Z9I;UFC0;oWCG;3009;3QbU;d6mF;iySK;o2hG;5895;TJRt;jcfc;tDSY;dzNa;6707
glp2;g5DE;aRRz;1Og8;4523;xFCG;MCmT;pfNJ;4FwK;6230;X431;bOdG;DDJF;q9as;5214;FCyv;3A2f;IFhT;xItE;9290;Z1LN;JflO;yF0z;8lBp;1017;yBem;ZDgS;imMi;Lanc;5461
PWHh;yMLq;pLP1;OoQH;9765;puHV;J9pv;MfRb;h3Jh;1657;DnJO;jEee;SFqP;3iw5;6760;UtMW;KgmT;d1ec;ORr9;3667;TsWm;exDF;TlN5;HFrR;9883;1vNn;xBpr;xaYH;syC5;8877
t8bM;4YaK;tLGo;lzO8;8715;rw4q;lxbS;Apbf;0k9G;3720;iGdE;LHjK;tRGg;jA2b;9576;tjAB;Ysci;9DtI;l2yM;3085;viIA;vJUi;JD2x;s1JP;3334;xVEq;Np78;3jft;2FRh;7138
6sMD;qhye;cB9P;1LkQ;6062;jF44;dHad;BLiz;34Mo;7170;hmm7;hnTP;VdXh;FfHO;6498;thCf;R1GU;00sS;q6Zs;4379;gyiK;YcH3;BXSZ;GQe3;8842;6oW7;6laC;EySw;7LUM;4023
K14P;Ab2G;CY5g;CAen;3446;Rnm2;8usI;NDSR;CQV6;2293;36l0;Z8EM;687w;OGmu;6344;N1po;JrWU;8FI8;R6FZ;0977;CfAb;ygiw;3C3L;h5Js;8021;WHJV;k6A2;BvqE;Anym;2061
wttZ;zPSo;kPsF;tKBD;3860;NYY7;I1zC;1BOI;2Pfh;7543;zneu;UknD;UMT1;ACgy;5934;OhDl;iNBb;0jt4;C9Hc;0766;gk3E;aEXC;NTVH;aFuc;3449;TkHC;Oly4;WF6i;WyIf;8083
sele;R1Ne;M15Y;cJDX;5025;7kgD;bFzw;ah25;D81p;8084;0x28;CDhh;hE4l;ijVD;7102;CFwU;nA3g;3sml;5uJf;3822;SBSd;HDRD;Y4Ho;E6Up;0381;rYWq;Eooz;EM0F;0Iny;1246
DSql;T22n;nuNG;zyXZ;4395;C3Iz;rjO2;btQ5;u5G9;8589;RCoi;2oc8;V3YA;N5Hh;8967;sL86;Xqoh;X6pJ;Sr5g;0577;EXPZ;J7e0;f0RU;ojUC;9297;Uo2u;s7o7;lGO4;2gw5;4182
QUkm;1ttg;EmE6;uTZq;6975;x5E4;n2u4;GemL;PYPD;9385;qlRT;FIR3;xE3U;mXb2;3932;3AqQ;aoVc;pFqd;je37;3070;N3QX;ii4g;Yrqz;SBZg;0791;OfF0;2x7P;bhHt;iVNY;4489
6Zku;l6gd;MM3n;qt6H;0906;ywfI;h6D6;u1cy;7Btk;4789;Y7Gx;lKxh;Aunn;cmgt;8075;xqIn;i5bZ;bUOt;Oomr;3939;8KBW;po1f;1Olm;GGoC;0942;vipE;OILL;xiL3;QCyj;2491
DU0q;juWj;iuZ4;UBQ3;2706;23ze;Ex7E;xQnY;DaZQ;3054;gk8B;ofj5;vvzH;dA3T;6830;NWnC;BlAC;i77j;CYYW;7544;HWt7;MLla;3WCB;aDuZ;6413;hmFZ;4u6W;MWUF;NB0w;6688
Xlcl;gEtF;EwDs;jM83;8456;Ay9j;ulcj;TpRs;sGOg;9688;Ppey;jzBR;LNm9;JBnG;5954;mZO0;sylt;oMA2;q7II;8600;rxXJ;S41d;O7oq;9VTv;1518;oG1a;jEkQ;XUqQ;OetU;3728
Ivrq;BBKj;k3MV;QLXl;6317;YzJn;7ZaR;AkC0;CjTI;4624;21Zf;oZVv;4L3W;GTNQ;5471;tgmd;uLc6;mtYI;HGEm;7255;EX5d;j2Kg;ovRE;42vU;0850;rYHt;EMAY;uiwG;n3KN;7858
7udI;xaiL;QE6o;lgOZ;6444;baNj;LbRX;5n89;RMmo;0718;5oY0;Kypb;CiP6;bXD9;6433;blIt;7LSD;FmNL;vRSx;6169;e9I3;rQIe;EwQU;e4sX;4716;XFNk;g8GO;WOIQ;y5pW;6992
WmHk;k9pm;VFSr;krPN;1231;rGdx;SXMD;BYgp;WSLL;3478;nWU8;eBhy;h8lV;16Jr;0598;R2wN;vO0L;Xk6Z;EJXN;5120;FoN8;Wof5;1u4m;5xQb;2460;Ana1;OSuL;zlLJ;VlgJ;7720
SDFJ;q0s7;SFwQ;EWHP;4575;cp0i;56LL;E5qQ;ZDBg;9807;5m0W;bJlO;1hSk;Fn9M;1458;v8YW;Prct;IYi3;eako;4204;RnLE;MpO5;YkmS;mdl4;6542;JNzD;ScrA;O0Im;dvK9;3678
sPwW;ChBu;Pcnf;EwXo;9234;riCk;d0ZX;pNqf;1QUb;3500;uwas;MFSm;86ix;jGba;5840;3I4h;bemO;wWU9;qo4y;5883;jTIR;u2ho;p3sn;Uj9T;4877;6i7L;6XFm;Xdy7;05AD;9226
VCW2;i3aE;GWK2;vPhB;4596;ITIQ;g9fx;mrjs;ztdP;0647;9jWJ;1ee3;tZ0p;He6g;0981;9XyI;DhpA;rnwk;xx4R;5781;Q3nX;8vx1;Mgtu;XkGi;3190;QoB5;dhqJ;sgKX;kebk;6277
9z9j;FQ3c;dBsy;SRJ8;0372;JotP;rZmc;JEC8;S5OD;7315;NKYZ;u01i;Yvc5;aEe4;4978;AsjX;pt5f;pBoM;GxHn;7730;WVBJ;XJQN;EQQS;t0BP;4644;keAG;LCLd;J1Yv;o998;8087
fLFt;jFKT;GMrm;IptS;4747;lIZR;2Ylh;QWC5;lQQV;7640;KmQj;o4gc;0uY2;1OvJ;9290;VGA8;9nnX;CnaH;jbx4;9379;FIyx;JSq8;JQsp;MKNg;0686;lr9B;U2gt;8rWI;xUwd;0058
iInW;RmUv;Fr1Z;MRzC;0536;x3wT;xyDG;6vUD;jlqo;9497;aity;NfCY;SO8m;ruAu;2842;GflC;9wyr;9Ucz;H9cG;7613;ky0l;45MN;cvpl;LQbM;0490;lu80;y2F7;sfew;j8wD;7245
F5s6;Yblk;ORRj;mfEl;0169;vuSO;0AJx;8vjR;TFky;5611;yFwo;35O1;LGEq;eWA6;5698;9G1x;scfL;QVDz;QSGo;8659;rqHV;PpcN;v8yG;8Elt;6537;Y7FZ;716g;NeTe;3pVX;9192
yS0v;iUtZ;C5rT;kUpu;5169;j68Y;1aBJ;6zhi;OLTS;6762;Knla;uis6;wURO;U1OT;6780;idX3;R4yj;HyOO;xxpF;0144;3UFY;Blq3;6wql;zTvm;0968;u4h7;gbxV;knFw;E0wN;4802
HqxR;a209;mkBt;ga0K;0930;zWTn;6w5A;J7fU;GZBO;5189;SBLc;WT6z;v7BH;IBGG;6766;gM06;M9Dt;pPi7;AXET;6082;i3kf;lpzv;mT9q;WDV8;2486;0B2L;hWLO;shdB;gxZd;4618
qIJU;Sy2l;rZLR;heV6;8522;oF7u;6GpB;zTLS;odex;8217;QdFV;Rq3l;OgpN;NUQ9;5487;bTmf;5Itm;1UHs;zNq4;9761;sP78;tTdh;pWOl;JmwZ;0764;Nqpi;FTiF;J1pN;ThLO;6921
WruZ;ztnl;95uw;7DN9;6573;AvSh;Ir85;mZTa;knKc;9219;mgCv;Lzzu;unK8;j5Ss;6608;DoX0;IHzn;vO8A;2fHF;7155;l9BC;RROf;GETP;M9BF;8836;TG22;5A0D;6MBV;NE1E;1161
lwSi;5i9T;1tCc;oO9l;5364;jd0o;4JXw;HddY;Nmyn;6851;TU2G;8l5w;Ze41;memK;1490;XCCc;xAlh;7KB2;KZKQ;9960;1NXq;xB4o;yStO;gIxR;3436;gk12;dqHd;dqrH;bbyA;2162
DhWU;sfl4;V2Zt;DJkX;7208;z5gs;FTk5;FBzh;EUfl;7498;nArQ;9Bic;JZgM;saZg;0278;Melx;frEU;WzIC;LIaI;6842;tZq1;WSXv;m9hg;X6bK;6732;2sG5;GiJE;rrOY;tM2d;1649
cjxQ;JmQK;AntX;UDda;8537;9v8C;w80b;EMcv;FqZW;8610;4Z9i;dlAd;lTNO;wEQU;1143;lrUe;zu3e;1rWc;QDZ9;3549;4iAM;6pgk;3Tj2;xZPj;5837;dU0b;jfIZ;mi36;OPbe;7907
lqSh;0Jee;Zhp8;umF1;7681;7Zx7;Vokd;q3jG;d831;4254;Nji0;5KAD;9PxM;Z52e;5686;kdA3;lrQI;Dy65;RCu0;0826;oV7T;q3ie;wQkg;Njvu;5686;ycTB;wqjy;ZMjS;8z3o;1120
jpsF;D65a;SJuI;6Gqd;2960;WDFn;WHfu;PSQM;xBYH;9805;nKX2;YFOP;nNtd;rV2f;6447;qqvZ;bSa4;n8G6;J1n3;3024;MwgN;ShDA;G8x8;Q4oU;3480;LIww;xkFO;AEC7;u0r5;7310
3ASP;XJgq;gKZ2;5HtX;8828;zDSC;wQBT;Xuin;bLxh;3320;I74q;cQbC;UANk;2aDK;2235;7aXs;gbuP;QoZx;Gisy;4586;xJ07;0sXr;CRpn;gH8w;8859;342W;0mS1;d9cO;GpBJ;3472
LL0n;VbxR;mAR4;YhN5;0907;gpEP;QoNb;Aq02;m2Mo;4287;tbN7;OT4x;coNs;Dbg5;5713;OsIg;e02a;z2ab;FtxF;9371;FCnM;33UQ;u2xu;1LHL;4025;wBLM;RTIw;GPmh;5O4E;0508
7JUy;xBSv;6QSh;yzH2;7773;02ja;NzMh;X3ep;655j;9477;kUlI;8dNc;BsZN;gUWZ;4516;dFMt;F4eM;3duA;2w7F;9381;xK2b;Bmm1;frsy;Mhix;6914;JqbZ;03XY;JWbn;hudu;6881
o9HZ;BItl;BCWS;aeUe;7222;MKAV;Wuie;9XyP;dPhN;9692;ezmZ;jb2Y;MkyM;stmJ;1453;CBMV;oPWZ;KXI3;pMx9;6633;QIxz;AZrs;fPjy;h30n;3039;ElMv;p3l6;ilsw;o0KM;9298
hq6P;gnuI;OpZS;aCk9;5918;IIVk;kEsz;EmcA;K09a;7046;vJT0;r2Mm;FhSr;vF0I;3012;rcI3;9Vvy;o9MY;lo8H;0264;Bls7;wgQ5;CBE1;tKe5;0807;vmrd;SRra;GuTB;vENg;7096
p1IJ;wA1O;bJs0;GANu;9816;2a2n;2yeY;2pEa;y0E3;1619;Yttc;GmWE;QTh2;Zu0h;6091;iIg3;8E2x;Kaz4;wSEI;0661;9d9s;AdYS;pvhd;k0qp;5148;7vKi;gXDP;lZb2;WfKS;6868
jkko;D4xn;uuCy;GK0Q;6770;Xdkz;W51m;OcRg;klxE;7910;zFuP;Fctj;uri1;aNDy;3070;2hlT;y6p4;uJmy;XobI;4519;6dWV;bdKx;CCDw;tzHs;6370;jA5F;iTTM;8WHr;HWkY;5658
sdwH;dYep;Ifhs;xwFF;1362;tSHT;evXz;1ERT;q88z;5605;kV1n;RvpR;1IKK;EmHY;5766;qKP0;Okrg;E6Wv;hdGn;3000;O0Cy;VHC2;HuEp;ISjI;0062;TM5q;m6LO;HcO2;ojYS;5837
EUF2;AJWW;xiwh;d8zA;0630;sxMB;FElF;SVeo;awIK;8341;wxc4;QeEp;1zuA;Pgo6;3529;bBQO;rJ5y;v5pZ;T0I0;3198;CqhX;0yGk;pM48;ygB5;2067;0Qi8;Szga;TpK0;U6by;7754
uswG;9ihm;g0kM;iXTn;8432;71Jx;rMve;BCrm;okpG;2513;yTNy;1JFq;92B2;AfiY;5751;PJmD;tOba;IW80;7yZk;4570;MLJc;Lqmn;QCcb;iJJX;3186;sBa2;bpw4;7cwD;aBfR;3592
4gKs;9xlx;FIk1;zBZ4;3379;ChpS;6qa7;rGrc;Iy8I;5604;hGOM;r9DQ;RVy4;ZfY5;0524;4kXE;0DXh;ufjb;K0H0;2512;k6kP;Kplh;s6WZ;6rlk;8991;E7Zq;VU2v;D8S5;kWu2;6666
Ep43;DWbI;4THL;ojeX;9957;2UVM;Blb9;Aghd;R5Zu;7599;rpKX;aeFK;KNeY;UHNf;5241;04O4;NUzS;jhe8;zR9N;6085;Ri2w;HsGm;w0fD;oqM8;0875;EGdh;oEnm;7TK7;0aSo;6208
rdJ2;UD8g;wKJC;KFs5;0302;QCTy;GlfO;pwNm;Nw63;6856;JJRG;iPb1;UKA9;nRzN;8338;fXqI;jeco;cOPz;75G0;3238;Z4mO;xkYU;WmM4;1JXp;7186;bhxf;I0qJ;pbHR;sIxZ;4128
ZBdx;IdXY;WZXJ;oXep;2974;Y3rY;abJh;uG54;qIaM;0494;udo9;4LzW;s9qV;SaU4;8883;b9Zh;8pH3;zVaJ;Lidg;4069;RfjD;y8fL;bF0q;Q8xX;3281;7LGP;1Tpm;MyMv;0MQv;5855
OaR9;QOUZ;x4jX;24gp;4981;v9fV;Tr64;PU5t;YjBr;6527;Nxuo;JdgR;IcwF;6MOh;9138;ijbU;ipri;2Mvy;ePSt;4285;XtxR;KrAU;aWDl;xA0p;5306;JdKD;OtAJ;wtD8;yTZG;1376
Xru4;gwPY;sfto;EHKH;2083;9p28;WWid;C5YP;BEzy;7107;gZZN;lums;94eV;CsJA;7950;JGp0;WgSS;Kp3c;a9C3;9812;FzEF;npzp;RLhw;ePA6;4335;fVCq;5yS7;3Wf9;fqlu;4096
UmDt;3LIY;x19n;MdRQ;0077;uSKh;rhAy;aqEt;MOsG;7779;F7CB;NREs;Ax7D;cmCl;9701;OwP4;3On1;0rNa;4ah7;9423;47pm;VwOs;HTQZ;E4J2;4476;KVnV;KQUy;jtRQ;UEg4;0029
tLM1;3uif;bOhb;U85L;9993;8pBI;xnJ5;mIAq;QjA3;8791;WZbD;FR6P;bLfU;tV8c;0502;A4ya;ZouS;r5hV;afAl;4696;oYnp;LRKC;LldY;Gjzq;9926;pQ9L;YsRM;pJB9;EE3F;8067
pvq8;CCp0;YaGk;3kB2;1001;CxnU;R2L7;rMWH;HG5b;0872;LcbH;6Q5K;Kerl;UZOm;8222;wOB2;3KMZ;dhoq;As6j;2626;BFTY;3w05;bQtP;3ko1;9836;yDeg;YL5M;Aupf;qA9N;5081
4neF;Cotn;0CyP;8UZm;2655;7mk3;4J08;O0vO;HPyR;6970;b24r;bmpl;lgaE;odVj;9670;K3gg;Pbp3;dVfe;bSE0;2119;8YSU;Xsq0;gJCk;A2kL;2327;Iay7;9jdP;7TeA;ffcq;3915
fLod;QNy5;eYqI;zVa6;9064;Qpn8;OoLR;QKuX;ytJR;1361;Ai5P;tBFc;hs0J;mfoa;7901;inG3;w8mf;7lWi;vpIy;2891;poKu;SDwc;4EMy;yRFT;8078;hXWc;WKOR;Nxjc;f7f7;2747
y3zn;y6Oy;QTeP;PWAX;4200;sBr8;f0XJ;Xl6A;dqve;3885;vrG1;FSJa;6LnS;2Xlk;4434;G2gE;7e70;0LGf;cFt5;2112;THjJ;G3Ao;9LE7;wuOK;3162;bcUS;FJ8d;cCif;FsVV;5297
C7C9;of2W;cD1J;FeE8;3043;5J9m;ab4r;x9Hb;gDjx;5394;m8qj;Ugse;Citq;83Gw;9825;KzpQ;nZL4;PET4;MNiS;7909;KwhU;0iIA;heOk;6weQ;0273;gucH;XHko;XLhA;vyWl;3045
CohW;Dd2T;iHWy;iEV0;2236;YSc4;WruW;c5g4;ZRpG;1099;4Lps;EUtO;KhWr;z4sY;5699;cJ3h;0EoA;93e0;Oepl;6716;kscr;wRhe;CAss;a2vN;0029;c7Al;l0Ni;inV5;DpY2;3612
iv5n;S4Kg;KPkM;stq6;8292;lquu;Y8YO;6aRV;wYiz;8946;1O0E;DYbD;pXox;mqlz;3127;CkV1;taKw;QZIB;0tnn;6585;lkaP;7Uqq;8LY1;EWxj;0451;pNbJ;MdSf;RDh8;Si8j;2405
FN2q;MMcS;fB5m;FPjc;2790;Hvgc;YSiW;Vaj3;U1b7;0353;J3I0;NYh1;QzTl;crrQ;1282;Dke1;02aD;ZPUS;K3A8;4670;JZRY;shr7;JEbv;tah1;9820;dZaS;76EV;MilI;Dh1F;7291
l60M;BX8K;5xnJ;NqmZ;8161;PHNd;aScG;7ucc;H5PM;8598;djT5;ZW9Q;T0fA;Wx1e;9116;g9h3;7SHE;8Bff;bi6g;2873;dMpj;fiMN;OF6B;lrsG;9070;3zmp;eGbV;oJN1;m1Z8;4828
ZpO1;QA2e;wXfc;23vy;6400;c98g;A69c;mtoJ;Apas;9768;NdjN;XX6T;fEpe;N6mq;8941;BsRV;3m0X;rwdA;uQNY;8763;zPK9;TE1b;MQpg;4EIP;6682;02Bh;zm4e;HtMa;rqMV;3287
FMQ5;EWKQ;bOrw;Z9BX;3489;O1ku;0RZ9;fBRA;XNNv;5831;tgXt;Qzos;i280;ZJPF;6560;yNFg;nld0;bb19;2hdN;8310;Rqwk;jNoJ;Q9bf;x9WY;6217;YtaR;0w3F;4D5b;fy57;7668
oJaA;ImhV;jn02;16qz;2443;SkDT;I0iz;Drnq;3sDH;6434;Nnns;wQZj;rD1q;sYyT;5435;SvG4;RTzp;eSib;x0s9;8596;GD89;NPNl;TaRU;dYF6;2176;Fd5w;KQZm;vaGR;gRcw;7839
9Cjv;BqZc;aLGz;ArhY;1900;QgC4;BQGI;uy5a;bwE0;9472;yBOa;24ex;8bN7;Ejjb;5433;RhTC;8H2e;xoPL;wUGC;0254;wurt;wlIS;8fRT;xpoM;0704;wook;lWGV;4SiO;7leB;2657
VJzv;wa89;UaEq;6C3v;5516;7Fil;iyQC;maDQ;gz2t;4336;KF33;lNPa;acTw;PskD;0422;43xy;j4Qw;iyEv;Lqf7;7262;AuGc;LK3y;e94s;gpUZ;4500;uRlz;ZYHk;hlRR;euCD;6557
k74O;mulX;CBHl;G8hX;5727;Bhkr;S2E4;YJFH;e7sE;4193;NqKa;IZ7g;aWre;95Q9;8150;uYAb;AriT;dXKv;3bLf;8542;wwYR;TVNB;okfA;BLiK;6306;SBjl;iclz;nN1i;NThW;0864
vF09;pifl;Oz3q;Ff23;4964;Knm7;V0JA;NUbU;Lfl1;2606;9Poq;idw6;sb7r;aKoQ;0868;nhmf;aZik;oUi4;NV1C;9613;83iB;F9LZ;EUZB;dx9i;3625;GHhz;Zfbp;Nvry;WBoi;2936
TbRA;uIFt;mhNQ;lylP;8482;uaG4;ymdR;T619;zuSs;8205;jICY;sayq;Nbkt;XghF;3168;in84;aUoR;BHBo;ujx7;1455;IvjJ;lgit;w5qI;7URg;8464;PqUN;9IHU;KrTC;I5sG;7527
YWRA;HIaX;ZqFh;znI1;6818;cAeI;vE85;SOnH;boQC;0100;UzM6;RpiP;9rRn;oy17;9879;Yr0s;BkXU;Pdme;z93t;3615;g76Z;vZrP;m4Jo;Lras;2155;6KjL;Ozuy;61KI;g8pD;4655
Ej84;zKMD;pzbS;gMUa;2997;sG16;Cwo8;ponA;X16C;8213;0LFx;rTFU;T8mq;BEQI;7670;gVzO;4Um4;0waR;M2cg;4280;U2JY;Pnu7;CSMs;ko7f;8495;jNjj;NAFW;ailX;RjF6;8074
1sbu;NnwG;G7Ax;vUqC;3044;1npQ;nUU6;XwNp;pNFb;5608;BYLq;TtAl;d6Tz;foQj;0236;zA4T;V8BI;jtQ7;YdhQ;4665;M8HL;rIve;kIAl;47ko;3460;ROxC;65Mx;n7wx;vydJ;4084
4xU0;aUEX;oVRA;bm7e;8119;8R1W;m1Vk;YXRY;ZNew;3027;q7ly;Gmzv;4Hob;deJ5;8729;Xjn7;TALQ;vkJy;sXX1;8602;7BjL;jfPU;KfjT;TDfh;4950;ZPog;dftE;ngej;bgcJ;3356
S7D5;Qkvz;pFjY;6ACs;7251;2gWS;y3l2;ZsgH;16D3;4001;B12Y;aNhF;scSF;rbT7;4602;vnLH;ywho;hMto;e9j4;4573;WQZB;MZvB;KBgn;S1dJ;8381;2gRr;OhWk;Njlg;s71Z;0766
gu0W;PPWn;HuyF;HZrh;3032;NDiS;umfb;pqIk;hXNq;9690;nyX2;AHHS;taNO;yVjN;2122;0inE;QMkk;FNGw;jsRC;4596;uq3c;LkkZ;p2rr;jC30;7765;9DOc;L9CF;I9Ok;hTGp;0198
SCby;rQ3e;Z5Fd;Wyy6;6179;xtAI;SyCj;kELu;wo6V;3936;oXtd;XBKP;n6An;cmJd;9243;eerl;Yknc;9AB3;LumT;8039;5eOG;S0gN;1AyA;Ag0b;3836;Ahsn;QUeJ;Yqu1;BoJn;2482
WpBH;xX9c;v7sg;ENSF;3788;yacq;IqVU;80rx;6mAT;3332;vFGS;MlSn;Rfte;ftFr;4430;k88p;IEVb;0yed;cwwH;2276;z1Hj;Vqti;NucR;7wVM;6979;FBgO;9kpr;aMTh;PHzg;3928
2s5e;Qn2g;lexM;bkTu;6712;GiXN;0olX;WsmQ;t8Wy;8061;8aGm;hZ5c;g08n;xMz5;6804;t3nA;t9a3;mXS1;WJJ2;4099;iioJ;erPi;Q4GM;fTAo;9974;gATi;T2bg;xMju;7kL8;8899
m2uG;5Jw3;ar5h;deDF;0306;lsG1;YTsv;kmOY;Duit;7543;LF2c;nNbU;tiMs;zoxT;4155;NAz4;Qxlp;qLgl;SpMI;3639;Um7i;JN0R;ybQI;Jj7i;1446;quXs;ozp4;tDDk;GpdO;3250
ld74;YVCk;HFI9;gRWM;5726;ndg1;U42r;rU8S;UzVT;4836;bjb8;LwH9;2Lum;2TQj;0925;uCVe;UssK;uw7J;TAJ3;7500;5JSe;iqmp;P5Jb;2WlM;3861;1UX9;RlYu;uqlX;qdqW;8169
nJtY;Vmlt;Hzfj;Fyau;8754;Zh1Y;zpos;sVUT;UvbK;4771;F1iT;Fz4a;eR1E;n8Qe;1630;C5Tq;aLfY;7jLG;U0IY;0374;kIKh;7n6h;nmr8;80da;8966;ov0V;4xvR;EV99;N326;3665
kuGs;7dgV;lalJ;jSzE;0388;Ix9h;37aC;KDW9;IMuL;6916;mwMH;80YZ;S6p4;AUuO;6436;Rolj;h9iI;Rmgk;Yd2S;6586;CNkD;Zc7l;3Z2z;kuSh;1241;Ar6s;LcVA;KQjs;0fWy;3603
0ft1;gmon;DGhL;7j9L;2109;3jcV;AnoQ;5AhG;d6qA;6185;zLuU;QLeO;hdP7;dE91;4056;yScK;dZ61;sBTX;KJu7;0410;Ird7;Goqs;gPeO;2uul;0288;ZMKD;WHYC;zxKn;XWgb;2707
0hJE;12sY;LHjY;7Ida;5584;cXDM;afzU;ztwq;R34F;5244;1l0N;vwuA;iRQx;8bgG;8436;xe69;wMrX;epb1;uYRm;9746;yW4Z;ujVU;IFRY;rwoz;9038;tXCE;XCzL;XQEE;lZjv;3229
EMw0;aYW9;5jTt;Kjm6;6594;bhzN;Qup5;dyrN;0B7I;9586;jFCX;IalW;6Xdt;dGMd;1342;fcwj;63gF;gDch;PdyY;7074;bLWr;HVoF;70wH;jU6L;8433;EBTS;2LZx;N1xU;TbOb;7235
72qU;AqJc;SyQP;HpCS;8624;xOQc;dPJL;vYts;W6MD;1585;tTGk;kc7r;PB0m;7kdt;2753;PCL3;LWT5;UboZ;tLC2;4654;jeNo;kLhp;0vMy;ZwmR;3052;MMkr;16Ct;1M9N;6wLd;6864
7Bda;zhBu;GUov;Klr4;5939;rgKF;MHlp;TXwT;pNQF;5195;qNOh;tfik;xSyS;uS1t;5702;IMjy;tWKN;l0ug;YwCR;6893;DOge;Z3Ei;yKom;6hEc;8957;6a8I;R02o;CYlh;QX8G;6287
UTCP;lKVU;JRyd;xZCb;6266;YEei;e2bX;XrzV;efUA;4613;S8BA;4Zq5;OZL3;M94S;8191;qi1Z;vyxD;bejB;uYJv;2379;gEGT;WF8N;XrpM;uuJy;5028;hOWd;LRge;hGIz;sxOM;0692
xzwI;nCjv;xx9m;N2Ra;7308;pdiZ;Fgm2;r51R;QLKK;3353;cx2J;96XF;JQ8H;PK03;3050;Ji6A;zWzz;uvik;36dF;3795;LpWa;ljiW;fEN4;K84D;3771;VddB;d3SZ;Nv2A;R7Wq;5867
cSOs;NECd;bRQb;42kC;2724;5Ee3;gauE;6NjV;7amp;0304;Brbq;Nl7l;GhiZ;fUt5;6063;DyS8;5x3y;r3s9;nDb8;3523;3xaF;nVaz;nPEe;3yiZ;2811;U7kt;2qeS;FQn3;FDuW;9423
DYi8;yzBv;VtAs;zTCo;2567;DaHG;opwY;GYDl;2wMT;6211;OzQP;w37N;wGoM;Ipww;3715;5A14;JRvA;Plf6;jnEB;0550;qFdi;ojDB;LdAB;DWsc;4150;Lsrc;jsH0;uoTi;5x27;6279
plxA;QKuC;JqI7;WI6a;9275;xiL6;cJzk;hqBO;jY6z;3682;jscx;e64b;DIaD;kC7Q;4448;TmuH;sv6I;ESFo;Wrwl;9403;qNEf;2Zlk;OkcQ;G8rI;1979;4Oka;6xWy;9eMB;fHCy;9592
dRpo;Dt6j;zaqs;cpws;5951;E2dX;jsE3;7B9S;817N;2583;Q2bS;L7eB;dxAA;fTH3;3826;Gprm;Y9ws;SaAF;BcLm;6562;c8ZV;h2fb;EbcO;cltQ;7165;4GFQ;xyvk;bldM;V7xb;3559
kLEp;pNDe;f8RG;nnrI;3668;K5CM;TL1q;1N6t;kMlQ;9214;zmbx;uP90;JBb6;ASTH;2342;8Y3O;6SD2;3sU6;ewz8;0915;2DNB;49L2;CVcO;7Qkg;4175;ZOPV;uUDr;0dST;F3dr;8433
jXPC;sMMI;35ut;kvXu;4306;DOn2;jKZF;28fB;Mqnd;7211;kwhs;6vcF;U8kQ;Q7bw;4944;06Hh;fqxy;VzjP;VzOW;8646;PS6K;CHKB;vt2b;IfJj;6922;0FJs;LCqo;ZCwp;qbyQ;9361
iwIa;zPy7;aCEm;3ApP;1301;Zyrf;Artk;Kny2;l3bv;7054;hhgr;86FH;Twct;qR7T;3291;Vnmt;45kx;6TgP;4fCu;4675;ZCS4;bNlr;8EjW;Db7L;5957;2vFk;PWaG;0pBb;25mF;2627
2Pft;WtGs;olmv;on5Y;2544;ByUY;Yv6D;OTl6;AnMp;2637;fXmE;JRXG;hqhN;NiTf;8462;x69m;qqPA;rNTr;A9cb;1872;cpyy;B11X;xgHI;2S89;6439;JpUQ;xKDa;FMPy;hgdV;6699
hqoO;jw4O;VIk8;Eic4;0975;VGhf;7Ikz;8Hdi;1ihU;1737;0Imh;WVTq;gJmn;qFYO;5466;sv4S;0eP5;YZ2I;Nh4T;5664;Q1Rk;aHKr;91iw;15YG;0350;Ovec;a1Y9;6aXh;oDjS;3691
wtgA;OrzX;Jpyy;dlK6;3077;R1Dj;ZIjP;ohY6;HuEv;9970;DUE1;Ht7e;VHkk;hlQv;8580;1rM7;n2aa;L233;b7iH;0007;owEh;2egm;q441;nwvm;5575;myAE;kMWD;3y9E;ZMjC;1343
0y3v;ZuE9;OApa;RdJG;3516;PSMi;HbSV;2yNq;dspo;4443;fyAq;oikU;JpFN;TyyP;9338;yGx8;Arng;spDH;mxbK;7110;3KMx;c6Pt;jL2H;THzF;5653;v2M9;CMMZ;NSjB;VPBX;7208
3WbN;NeQc;RU6e;ydbG;4652;HEhu;MFXp;NyaQ;i2wo;6109;oOuE;Rw7i;TjRc;7kls;1366;gBKR;2Qt2;xzEH;m7Qf;1822;VH9t;BKo6;6xUp;vou4;6152;UIpV;MHA2;1r0G;viOV;5397
akUN;9ZkH;DP9g;tRTw;5988;YTnt;bYEO;e2jt;7pbD;4457;rsF2;ZMdP;Wdkc;GKo4;2089;qoZO;AEGs;GL2P;PUFs;9763;tfSr;7FGs;5NQk;DxEz;2528;PPFu;HXzL;PFwk;o9E5;2373
zmQ7;IBWK;igq3;OUip;6332;mqoa;gzQd;AJFe;gjQ6;1844;EQlz;7s9E;kFH0;WAZx;2927;PpXX;SGKi;PWTX;M9Sp;3039;WJgh;1rcF;16zv;xHtW;4394;KES7;JI3m;JRPI;vLKk;3543
nXXV;zh7h;grLC;UrMW;9786;fSok;CgjL;9vPv;t2kK;6338;aVEu;qf7p;UF1E;bakT;8333;OETU;MjV2;q9Me;D0Dx;1087;66i5;IqQ7;1hqX;ZlvO;0506;sG6j;sFAJ;eqgS;8EGH;7558
qrmW;tasx;COLE;1rQF;8349;Vovg;tQjb;YymZ;oHuq;8137;ewz1;7SI4;WtOv;vjpe;8185;NZHZ;dz1s;98Ff;59fw;4204;CEwG;yycQ;lIPw;M3lA;8560;EBYF;mw9B;mzSf;HLGy;5356
U8pP;DteB;4EeH;alaE;0916;7WUh;YUBU;gtnj;2QBB;5653;p93o;Yy53;p9ji;q4eH;9190;ms5S;XO8U;mLDZ;FuAT;0822;s3lX;zICg;N2V4;qOFL;0035;TwPk;ujBV;nvCE;migl;4123
xz2o;WdA7;bS84;1eLP;9904;7tLZ;7gDz;4JID;25qs;1760;U4I1;CKEr;X1s6;ne4W;2135;fH1F;Mqlf;P9Kc;TPnO;5301;HEU9;7nZf;bwFL;RUDY;0860;4vtc;6wGn;4ioV;A6tj;9822
EguS;SNad;0qEF;OZaf;0076;4fyF;VVWt;Z5xJ;1tF8;1405;bd77;QJSF;Zg2n;OwzU;1044;ipWG;JLc8;GYTL;P4Qv;0100;ga3Z;Gepv;d1KC;3za8;3838;dv0N;Xqvv;4ddd;YTL9;0478
FexO;Zn5D;TAka;bUps;1640;SNlU;jS4R;ApNQ;4GP3;1844;An0c;eyWo;lX8p;Rbr8;0366;Yawj;V3Lk;QfgF;QIhn;4764;6YZQ;Hyxq;akwL;S4iV;0583;gMlO;wUs2;aNCk;xEB7;9886
zNdf;KysW;4GrM;DfIe;0726;ndPh;kA5N;Qhlq;QSqN;9124;lF6N;bWqn;yynf;1nDV;0904;o5qV;SIDH;IpVY;SIgX;9228;oNhq;qmAs;HHQx;U7q8;7096;2ObI;O6Qp;8WeD;gwUW;4344
zC7o;wJHS;S1rH;MhWM;1825;Azyw;kEZR;yJ60;8wgI;0440;SwGh;qNIx;HRuW;Z65R;9325;E79d;BsHF;XZPt;OdzJ;6013;N56q;LryB;7fTE;pyWO;6495;eJaG;ZOBY;FoyV;NDLW;8911
Lw6T;X1IB;Mxha;pwGp;6214;gaNn;3Crs;Bw3H;aKw1;2435;sDic;SeEb;86Zx;I0XZ;1483;c6YI;dtcX;pq3r;BYfy;2728;YhYY;xQQG;6WC6;g4ad;1175;VZ7X;hVQM;pQTT;kyXg;5955
Do31;tZ65;JYzI;4fLQ;4056;0sMf;ZkDC;t3j9;RHMf;4080;DQgw;427A;oP95;ea3c;3568;QSDD;ozIF;uD0V;Mw07;0291;PKaY;iDIT;lLiX;MlI6;0987;41vJ;wdHh;4Bgo;Ya7H;8937
NP3t;Ugzj;m9eX;0Wob;5773;yXLZ;3kYD;TmHJ;josQ;6647;RJh8;7etb;SHeS;2EPK;5536;uwYf;rid8;LcTv;AUkI;0078;NChU;UyUc;M3WN;PtsF;5630;2oCb;8BrD;jUJO;Ku3t;2645
nQNf;pfex;n8Bt;HwVr;9234;ONF2;Buak;46Pl;WnZG;3037;E1up;Jzhv;QckX;atbm;9733;kkPf;QL7e;47wr;vLo8;0836;F6f6;JXrq;TUmN;Dpyr;6569;4zWx;cCQ2;zHgn;oXq3;3807
asGT;dmsH;ir9V;7Ki8;9965;uOPC;RMIq;j49M;v8Qx;1118;4fdx;AmXJ;Smi5;Ycoq;0316;paK0;qtIo;T8VY;vzRx;0422;YR0E;2T1P;HQMf;PENr;0974;yv9k;uY0B;XO6e;u8CE;7190
sjgl;OyAV;VTo5;KLRr;4610;jpfy;IgF5;ySmP;BqRH;7962;Vab3;mZMv;YvUb;6Li3;7942;Yg04;dJnI;dLHn;G8gH;1955;hXdB;JnKA;A7Ns;Uee3;1952;Wely;d8Ru;s3vb;6kRe;5911
GBwY;5x1Q;3UNb;KF8y;6304;hPBO;vSRM;wvIP;IkZ2;4766;8nph;RgeW;lSCA;TqWm;6947;viO5;vhpU;RGlB;IL28;4004;yrms;I88Q;mp9P;e1Uh;1975;44DY;E6qh;S2R3;JMF7;9352
9X1g;kcyJ;PZFE;YYXu;7959;kH47;3Ivi;ls0g;SmMK;9228;p97u;1pLo;0rGU;fd9e;3021;hIDY;xi1C;V8hR;xITD;7805;NQS7;SCR1;ewEz;kBlU;3379;1jBp;F42s;uGO0;1zNQ;0544
hhyp;8Tox;TRuy;XKb8;9394;eLqM;Mfji;kdLf;1qM5;7176;naNG;HBr2;UThh;Zprv;0348;r0vu;rnsk;lGm6;OEU3;2851;DwP8;Lzgk;wRJX;jNDe;3225;gjwe;wAkY;qHhb;PzvO;6284
s3yQ;kJ8B;XiRH;prpd;6139;bWms;54Bf;5S4f;fNg5;7975;Kmcl;J966;AZ6r;YfGP;8135;oFxq;vU9q;BEuQ;3RZ0;5477;PTG9;aLq1;rHPq;Dqcm;9978;ZgPQ;fzLG;rqmk;e2dC;0547
Vx7w;1lWA;17A8;Vnmh;2608;4JM3;D8kt;aaKc;sxVp;9055;hWWy;KjaE;dail;LCGu;9503;kOLa;JMVq;ucHP;q5uD;6303;JLu4;63ns;zgl0;CYPS;6869;O8qD;PZhE;3ZHh;PCod;5410
0mMj;vDgq;sYdM;Qn6h;6475;j3Vq;AvNP;dPdY;8gCu;5195;kxoB;sUkz;xqoN;JeDn;0561;QsUU;ai2v;7LbI;m1vh;9774;QJTN;LmZL;wCfp;PXMr;9057;XMKA;IVan;JYwB;d7wA;9918
c5sI;yKeY;Qisq;Cce0;4051;WOPw;Dr0m;pR2x;5lou;6063;Ckik;dUxI;aoUe;WTS2;9088;ueQH;46SB;ITUq;Ddhz;3933;zBTj;zZ8K;LW2D;qWmw;7025;ooEJ;ih7Y;n1Tw;wzVn;2860
33Lr;h1hN;Btb3;nF9u;3863;1I3M;inVT;2TSs;pIWc;4246;tUHB;bFdB;x3nB;fYHh;1166;QFf3;iMtm;qWwb;5VOj;2063;BaM4;nFL4;r1FD;vIPD;2161;CRXS;E2PL;W9IL;1qHj;1555
o4LN;j9qq;aKTp;K6l5;3279;pmIg;6LqZ;qkRg;EcvI;9603;gSaR;93em;uUM1;4K6f;8970;bbTo;Cb5H;AwTh;vj8e;8710;AGGi;UAxH;hMsF;YfL2;1008;VSId;UTbt;bGrL;UwkT;4521
KU9R;03sn;07ex;jQQT;0336;fvMl;Pp8v;H0eQ;llIn;3300;9ipW;5M2z;1N47;VS5d;5052;pmQq;o0LY;TzlZ;bE9N;2798;zkem;tSVW;4l9L;qdSf;5424;fHgW;J4j1;ORuq;c0cn;6816
LfJS;BjkG;a3Nc;BA4l;8779;FvJd;HkU2;TZrT;ILQk;5083;obrM;SleV;uyQ4;rwXl;5028;Yy6a;ZIJk;u6Vy;FDEL;9110;pMIZ;HbyY;YDgw;qOZ1;6462;3FDi;gymx;ZqT3;G4S7;3626
5C17;uYQx;ZeME;Q6DQ;2259;637o;akaP;MqU5;QZzB;2446;5cvV;bpIH;KwMs;DCeI;4847;UdAj;CUNJ;IbRt;ChI7;3989;wiWD;oPHP;g8iI;FuNd;4011;ki6h;atKy;4MFa;P8QK;8941
DYgW;9XlM;OuC8;YOT7;1552;zU3q;SBmE;pg8L;CUwY;3139;cf1A;KewC;Zy8B;xLRQ;8988;mj05;ceV9;bDnY;O7T8;1551;2CYV;JJjB;2Zl7;NgQO;7642;UAcP;3vB8;h1cE;6is0;8249
WQtP;p7zH;oqIG;GZKb;8176;VMIg;3chO;9VU4;bIAl;7064;8umG;jjv7;uQg0;VjUF;7227;Kgx3;gAXR;m1OM;expX;1159;HVgn;IwGg;0TKd;uaPY;2202;5s2f;SfcV;M8Nw;sjaL;2453
54fL;Tf6E;xHRT;5N2V;6669;KGBu;UcSt;QFq9;QSnP;5857;gwbT;AKGP;7Aex;f0Mx;2007;axQU;CnR9;mcyZ;LaFD;8017;tVbG;C64f;bR4x;A1AL;2532;GXcP;5UFY;9f39;44Bs;8207
46j3;3oFc;N5v8;msXf;0073;wjUD;hrsy;rlLe;zXDQ;8199;x6nS;4hyP;MMHD;VTtR;9244;rEFw;Cm1z;YxUe;nljj;0792;ucpC;m4qD;nBfV;0ok0;4444;PlC9;7isV;JH9v;wLNS;3826
N4nT;Yrxb;qzb7;nNyj;8563;V8nV;AtLQ;uBjV;FxYK;6957;CtNv;RFp2;hLZd;U1e3;6791;OfYp;pOSC;BxuO;bo8A;3916;8fGe;mZBY;8qYE;slpF;6753;rjRU;TDsz;8khY;IZ04;3387
s6j8;WMN9;3vFE;L9AX;5887;rOEW;rUcs;P1gY;NwRN;9829;2CsV;pVBq;1unG;94JI;3559;ZAJg;Ryg5;Yrbm;QRAX;3056;6y1g;poBC;5Wrq;FYrO;7384;jRSN;lwZG;RDaW;tbnY;8780
oqMD;WIsE;tBTz;LiOl;0766;Mxk1;ZFDM;gbE5;YcyR;3652;fkKA;xNwX;EAMB;VJi6;3267;3KkP;1D06;XCRS;lssb;1208;527L;jR5j;xqdG;cs9o;8429;Y5GE;kSCa;QBt1;iDRS;1105
RbIb;CYcl;AZp2;uL2x;4667;yntV;SJWx;DhtX;WKHI;5103;GLGV;lvhE;YjiE;XRRs;5120;iigo;XIXT;9epy;TEj7;1920;mbu7;Xj3B;EZfS;5Lxt;9818;IUZP;49Mt;VtoB;Dxq0;5687
GCHd;US1o;5xdU;TCY4;4417;QZzG;suRy;5HFw;lAEx;7768;gPm0;DUCE;FIH9;7P9F;9390;xHV0;nlIY;kEF6;PlTn;3936;Pmc8;8389;q5RP;QsPr;5831;0s26;CR5f;Gij9;9LFk;5647
Gkpd;Eyv1;zXO8;k720;1796;nQVx;Lqpt;gzyl;GN66;3395;jkwS;ypcn;jDX5;ZC0W;6837;zwZm;cZF9;ptZN;2cM6;9645;LP0i;iUaD;QQsg;t1Rj;2927;vywm;aLgr;lyiu;6seh;3775
WsfN;HgPV;AZNj;raLH;6160;T2qU;CDvs;FtzF;WDHR;4602;ZuZG;QWl8;OjVO;SaNU;1173;DYoA;1jOq;SBjf;npjU;6913;vUqn;h0nw;bDq5;zaTy;6500;2Bel;oirU;POQm;ZgFC;0570
gBkv;YkjJ;hUUh;rBF8;9687;t5lU;qVUz;ffDo;AF2x;0669;W7FF;mpaF;SbJb;Kdct;7065;Vr2w;OG3j;r0oI;ECok;0806;V4kF;EHg0;QJHr;QT2g;9781;TDp0;0KJF;hvvF;AaSg;5016
4uzk;R0ac;oJ6T;IVBV;2498;usTr;zWbs;4biF;abej;0163;0oOR;grXS;Egk8;xz4M;0452;GJk7;awUA;gQbr;uov2;0847;DDU1;ADoR;n2cw;Ki1P;6909;SuYJ;rpC5;7wop;uV3H;9831
knZl;QvgG;fKpR;9zDR;7990;2MT4;mHY5;uACn;Qqwq;2947;YFGs;n00i;veFO;wMYY;5883;MKmg;DpXY;wQAp;yVpu;3395;93W0;CCll;sl3l;7F60;0865;Fkh8;PtIU;ccbP;NeTX;3038
yNO3;BCfi;zH1G;21Am;0105;3okW;eUuY;YqXn;gaj3;0155;Czsp;DuLV;UcyJ;jk08;7391;xMGW;ota1;wwpL;4yci;2749;hDcy;RG3X;M6E5;cucO;9491;8qES;UMSl;uvV4;FDPT;6752
0wWW;ogBp;s8uN;150O;6795;kBQc;9XQN;UKqb;4lV7;8895;4Z7k;3OeJ;nC9e;th40;6248;UEfz;MFXM;y7Bm;mfy7;3604;wGO6;Yibx;BpDl;9421;2291;aZxO;JqYn;XR1D;IwMO;8913
TEbT;hfZd;xmtk;uwZz;9805;0SSf;kOhI;2IFx;7XgB;1306;CcYg;ToTr;c4yf;vr3I;5906;lmCO;jFLX;rZr1;c2Ku;7466;bH5l;kNi0;hjAn;xFZ4;1952;XQ6N;4fSh;bpPj;p3Bx;6026
fKRv;ei5a;gQBy;oPbu;3175;0yaE;lKLx;YLvC;bLCF;3362;zonz;NmKc;4PiV;zAL9;2177;zRaL;uT9U;d7ZB;sXcl;5234;gKF5;Cgql;sgmo;ANWp;7379;R9Gc;nBZT;i7Mh;yHHZ;3823
Y47m;EMei;8ydh;4a9v;0239;YbHY;kJa1;Ekqf;73zc;5631;ZFZ9;sYQ3;5BZb;h61M;6393;GylD;YhxE;SaNU;Hs43;7483;ovCD;GS4w;oJWo;TUH3;4270;mu9Z;gabw;Y5Of;3N4t;0377
0Rij;nAeR;wnR3;rkFS;4547;IJVw;M7x5;05U4;IY73;7039;Atza;RxeW;thnR;M3jY;9236;BqMU;pJt7;VySo;mD5q;7776;RHRy;pi3P;B60J;AVsu;5828;8fe2;hnET;t0Sq;MMRf;4087
Jljo;KDSJ;93Mx;k05N;3079;eIhe;xko1;l744;A6nT;3078;9gSH;j6iT;9vMC;yaVB;5096;cmSu;fXOp;NqwZ;t6AO;3052;T7bx;ZiBM;e5GS;a3h5;5292;nVRZ;H0QL;dFEo;enDJ;0836
uVxn;mFn8;PluT;zhHi;1545;jCTp;TeKA;8Nuo;mF0g;6244;kJVl;QuGp;K3HP;vPvY;5086;UT1H;ptIV;TpVk;yEc0;7226;w4qs;ZIt6;lCfS;0IQZ;9882;lGza;ZQi7;m8Ph;2dAS;8895
SFa5;eBUL;rcjQ;KntI;2921;5zLC;nrQa;cxQF;KAIV;5194;SEOw;Wwdt;QP0Z;mL04;4514;PmMz;U3ud;ZQZB;b4OX;8073;4hM2;lepE;EdDW;ZjlA;2204;OpR6;MbmF;JYna;RTWt;4606
g1nm;7Vy4;Lpfn;XIJy;9009;1lwu;M4i1;ANpa;l6FW;3928;vZ0J;svoj;ZPfo;goJX;4999;tiQN;QMXp;06HJ;bQOR;7992;YVDE;SDTJ;PKrk;XEZq;9380;AKEQ;LcqY;Ggf9;dHbe;7620
KEaG;ZUxV;rgha;LVKj;2353;ZMIb;OmS9;6dwA;Nk8L;9423;TdSp;lqRZ;MLch;8bAE;5521;Q9DG;oQfa;FAXi;8yrl;2482;pgLk;UreA;NZ6F;tAfD;4559;1zpZ;jkWM;UJWa;PXzA;7687
BgFq;wmes;myh9;pt3L;5483;56mw;FNA3;UHNd;G0IH;7572;LH7O;xjsG;ASJk;kYWl;5511;DVkf;kTxH;DgNa;2iS9;4417;n08N;HgBM;2ABR;C5qC;2889;obSY;JbU9;3afo;g4VS;0288
DWim;cox7;HhP1;DxAi;1600;xqMy;894o;jn6P;Mrhy;6293;lMfi;YT9F;kRMP;lzG6;0690;vQRH;0Oq6;7HNK;J2qg;3376;zecp;voSW;huvq;Lx3E;9452;NxEm;yiM9;SY1T;ms1E;0223
etS4;OwwF;Db6a;v5HR;2202;B1k3;CJF8;7nXF;sBJw;6033;Nvdz;dAUU;B3jP;xmn9;3035;NEr8;E7Ae;HoC5;Jhmy;6701;YBLx;GZgX;RDWr;QQjS;7109;8RNN;nAYo;i2aE;UTqq;7471
vGFe;8MSE;ReEr;jeRP;7345;Vmil;sASp;ungv;qeB7;4959;Nq2S;tJvI;s5EG;I0tp;7199;7GwC;1jRV;aEw6;RXxq;8935;nlme;mzg0;Y8EW;cvv5;2402;IT12;cLff;2XB1;lDC1;6350
oiSL;fRtu;ech1;4CeH;5974;L2zB;r5HY;uADP;O3nF;6476;SQzk;FdEx;ucC7;ylCE;8205;TXkW;ziBa;jm7I;qn9C;5200;nuQN;Cqzp;lE4V;Vd3b;6834;AHmr;LDgF;X2bg;eSyQ;8147
ckxe;yAi6;hXWa;x1KQ;5071;TdJE;kxcd;4V8F;KOAi;1718;jrPE;VBnk;2Kdd;7W9b;4507;NfyW;162W;R2Xb;FjjO;3671;rp02;XeOv;QglA;y8Wj;2254;zrXU;VC4z;ro9T;lToQ;5968
Fokx;o6Nr;m3YS;cfUo;2470;fBj6;u5la;5wis;fx6r;4268;AHXN;Fqq7;fsO4;9MB8;9512;BmiU;V1Hs;ycGE;rSxo;4821;cm4T;VjRO;Ir7p;k601;6099;u05J;Nja3;Hgn1;CXDE;1688
fJ7F;YUgB;QJOR;ZHvg;4393;c5rF;bVbB;n37k;co6M;3369;OCQd;TGvm;nl6r;IJGv;4446;mzJC;I3Tg;9kpg;9iu5;3240;WRrB;ReNC;IrvY;5VEL;7566;SpRo;V9F1;xU6b;aMnv;2252
rwBh;4ztb;VShJ;eyy3;7316;iFSO;4nbH;QVQ2;kyge;4834;r9Ec;DeSS;LkF3;qZzH;4796;U8DI;39Gz;8jMt;uMKS;4257;nqDq;AbWa;QxIN;GM2O;8394;08H7;4E6T;Kxrc;b8iJ;2649
tsN4;FnBV;1YMm;Aq0l;7905;z5l6;8Vjk;eu5U;8CzE;7129;45qz;aHyj;RNh3;NXOw;5404;syMQ;rKJ1;QAT8;kKkB;1071;Metc;YgqT;2U9F;2bGu;7290;H8Xp;o05B;I13L;OAqW;0838
4NCV;1ad3;WlVf;h8WW;4230;snpA;k6Fy;tUZx;eM29;1390;f5TD;j2T2;rzjm;lakd;3942;P5wU;VeWB;uVoE;TD2F;0627;gddf;Im6N;WjF2;2rqW;6525;NKaN;mq5j;TpsQ;aWHd;8962
fgFC;8wdj;vqxT;3o1n;4049;0rJf;SUSD;MxCF;0oUu;1299;R24w;hx4w;Iap2;ZIDA;5316;PR9o;iAYh;aOQd;NXfp;8679;ZA5q;GywA;RtgJ;RBu3;7148;Pra0;HMUR;9tyc;YbM2;0420
2qEO;yhqS;VH1F;TS2R;2894;vJmV;UAqS;9Ggc;YmQl;3562;K5mX;kQC7;ai6d;y73L;8121;Qjrg;3bHM;uGlh;fKar;8330;hXwd;UFOl;px8z;bwAa;3390;2283;n3H4;LIli;TQR9;5905
mYPz;obR8;hSXZ;dCQG;3434;YxHe;5PAW;QxIq;nhmE;6954;493m;4bD4;EORM;UQHT;0138;CfZs;SF0F;poev;t9uk;9418;0jpS;eotl;MM5M;5YOj;5875;10N3;7PXm;SXS0;aYj7;8294
6ECZ;gxcV;BmiD;oOxa;3995;eMxW;pEbh;w01V;8UMW;3278;jbp5;ilUq;g2fD;HC5i;7948;n4Z0;muhD;ieSZ;WXfx;9296;UYNn;Ihcv;w9YO;KyET;0781;8I3F;BIjY;fz72;rqjE;1304
6JY4;4cbW;gx7P;b2cC;7545;pCbe;8Vml;8b2e;mGpv;5126;RF56;xOxq;RuxW;53JE;3800;z7oi;h01U;oT71;KszK;1958;RNU0;yjie;joQr;zAFt;2158;yomQ;nSKH;9lEf;P6GI;6331
zdoL;OaSB;lpGj;V9Wk;1632;ySEl;2r9p;fWn8;RFq5;9972;ysEf;kfmd;wgM5;l63X;4752;uUaY;hVzf;YGmB;L8WD;1323;iwd0;lai4;fLfN;8Etu;9318;mDB6;OoG3;vdHt;STES;3677
xLiz;dJ14;54NB;ZZDI;1666;aCUe;jOb0;vchE;FF5o;3953;Y6uo;aDGM;o5GP;PYaC;7817;hFGB;qfO6;QNav;37Br;2293;mlAO;omtb;NvE5;uDd2;0031;fi3d;QN84;rQ38;wEG8;4369
IDts;JZ4p;czp5;5eGC;1389;ghvr;pBVc;kiNm;Z8pS;1942;Nq55;Dp1s;wfr3;aYlp;2513;jVm8;c548;Bqks;7QTJ;5510;tWtc;o1Z2;LuY5;kSLO;8136;YjvR;D1yy;GDDA;GqWC;7069
h01o;Itxc;WeHh;sPlS;5801;9BUz;t8yc;29Bz;tQgC;1984;yhIA;X5wv;Yugc;bPu7;8808;gdz3;TIYL;bGan;dc6t;0072;vnua;ZqgJ;Dddl;ihr4;7887;TZ39;BzW3;aq6t;bxkw;0926
T1QT;V0Bz;3nni;JRKq;9265;MOTx;5y6z;et2N;DqxB;4926;u90A;Knex;EX3L;4BbI;9834;l6us;McKh;YgGp;8VOk;8010;JnCm;nUyC;E3mD;2SVk;6229;iPQ7;JMo8;ZPWD;ahpj;2123
lzkO;p46M;tDG4;couF;4895;FriL;aGbU;hLqm;7Qad;6874;pIN4;0Cza;oZxa;9bTO;6150;mdt4;0DHK;Ji8V;PKZV;6633;04Au;cOdy;VnRY;FjAn;3190;6riM;kYhQ;G1Ua;lYOt;3826
h3be;KX1b;6h1b;RpNv;3840;KQ7I;5QFT;wg8P;Hd8n;7232;PNUe;qIxF;qX1u;C1NC;1615;lIml;lSGK;Dwb5;0kYO;2515;tyqp;ujco;zXMM;0uqG;5234;p0HD;BVb5;B7Yf;SU4m;6654
fBhc;BU0w;MmeP;aOt9;4014;Fr2J;aBe2;WIHT;vSje;5059;e7jQ;WRaS;F7vq;JS1A;1620;TC9D;78N5;HXNu;aXa3;9113;0I78;c7el;i1rw;kFsQ;0241;6Mi3;G74u;x5a2;H99T;1397
C5xy;wSak;Cqjt;wDDY;8924;yP9z;qW7N;1dg5;xYYx;9604;HOL3;Dkev;ZVAh;CTdG;4094;utrT;oOWj;jQzS;p7C3;0947;GkfX;M8UC;MMo5;UVql;4820;soEu;3Vtj;K6S3;nvhn;7723
9x9a;8vyH;nUaj;WXB8;9696;EMog;BP96;ZsAf;IkpE;7367;eqMT;RFYC;s9Hl;DSpL;2516;YtVs;k9UE;tdsA;5zQZ;9718;IQ0B;RhkC;XvA8;B9YF;1507;jnkT;2IRM;Cn3E;EYYu;3209
TcZz;jZJa;a6cl;3tng;5787;xBjb;8d9w;BCxH;HEU4;7835;i9F8;Ct6P;hcKk;0CUC;7622;054E;rryb;lr4F;GoG7;2441;drNs;g99G;3IeV;cZoH;4353;pLvs;LtoG;TuPU;PmNK;2476
hRBN;sinP;68FC;vwvc;1541;h2Yw;8e4e;n918;vFWa;8447;VDC9;Qxdj;Z5ze;cvsi;4808;742G;vwVP;YrXO;Amwu;0095;PlpA;Ince;lzlx;csbR;3496;YHlT;ymlX;JEUh;fuIm;9970
vqCl;BNF3;6Rfa;6fi5;6291;p4gE;843w;S9kQ;Oadl;1399;6kLw;WPcE;MqgN;a42V;1329;m5Zg;cw4F;0REJ;TyDs;0936;ozgl;PxAQ;4vOp;aqvO;6162;HFJC;Eut7;KJOw;vzlD;5269
cwaK;viFR;gQ33;MTaF;2555;gyB0;oy5C;YCL9;azlt;2936;FPMP;g7yv;iSCh;IcXF;0238;WZKN;o3P4;g1wU;SyLb;2290;VYSk;g9Y9;oRBl;9mJc;4298;8AxE;Yn56;bCRX;qIgS;4141
ikma;ivgE;6aiy;o8Xj;6943;OlAE;4WLG;z3mQ;dvcd;0998;Gdxv;ibHq;LA3o;F0zA;3023;gJ9w;CVHl;vr65;iDZ1;6260;sEor;oG2g;dFF9;dkfw;9120;TJz6;RO77;jtVb;5k9q;5015
BkAF;r24M;1U7v;Ek0o;6995;Lwfd;M3n6;4hrh;Iir8;9657;81Zz;jkaq;s2Fu;6yFi;6815;kmXr;5Ykx;73SE;Fek0;5512;5dUJ;bxYG;IIXv;iVyb;4731;ZWkQ;3m2M;sPxv;unC4;5138
7omM;jvBx;5I9q;NAjI;1136;cwGc;7iLB;7Yme;rseT;9277;tAn1;nppv;SrFA;7aQZ;0007;TdfI;6aJc;hYz5;iLgu;4046;a5zB;UqSe;V1EV;ShaF;5391;QLq0;cnSk;Fn24;C300;0685
yRpJ;FyI2;3Uvf;rOcF;1802;AYPg;cI6h;oAdp;b8eC;0412;Gtcp;5NbN;nkWL;Gddf;4340;2UJc;Gzd9;AVeJ;6qYA;4596;jpWY;CFIg;SSmt;bGDO;6965;4s3y;I7Jp;MCW4;7yke;3286
RsIN;xQHk;Ynne;37GP;3821;9XBY;yGE4;9aqb;tpje;2909;tRWK;Dyrj;HEeO;Sy9F;3082;HeBL;ziV2;1k6y;h8yI;8591;vqrf;j3N0;PVIV;rE3Q;8857;DDtl;EU8g;3JpU;BJ7s;4577
iJ1C;sJrn;UdHx;LKz4;8814;9J57;P5I3;3fAx;Tm13;6976;oYpR;z4Ug;4bPa;MuHz;2780;vL0d;ecBf;HUWS;gKlj;4788;2xOH;jfj2;15q3;tjJ1;5302;RktA;v5Iu;u3ri;VZff;7120
X4WI;hvRW;lGMm;XfDB;2357;4ylT;1yg0;Tc3J;VzL6;6161;EIaz;600Z;gaFD;JVRJ;2614;EUdJ;d332;Z8yM;DEsq;6716;i1Hh;BWJ2;Zexh;VJcG;9163;mrv8;lV9q;Iakd;XFtR;2585
NQ2l;IGqk;8OPe;Y7mH;1080;Aygv;1ZgG;6jnL;HFtP;2144;rs0J;pq2H;Ftpo;bJbI;2489;FNHG;YWi9;Jssc;psI7;2160;jJls;n55U;7BKl;IFKx;3625;K9zl;RMOt;T34J;6VoS;3501
m482;jc4t;I7fj;ynWD;7101;nRrK;oh6B;vfUS;dV3h;3681;Tq0f;qQCy;aPxo;TUVY;0842;GuHS;OPWA;Ub8k;iqyK;7786;FIWf;QWKP;pLGa;72ou;8127;Puhn;ZNHo;8sJm;F1ju;1087
NpA8;dabp;vrwZ;aDHx;8595;Nyhi;3RUu;Ynst;jBlC;2589;PJD2;lmKp;Vrih;XqbE;0499;5KJJ;8pMT;syfz;z1gk;5598;0IQt;zE5p;oCcI;pmkp;1661;J9Uu;ji9R;LJQE;4M7R;9157
lEQw;kD1a;Gcfr;mvGL;7600;8662;Csgv;7fEs;Zpfw;6212;AC6C;OGhh;9J7O;5LOK;2119;JfMA;60Af;kaqz;9mk7;2361;hj93;uaXE;O0jz;Zh1o;5383;KKTH;vVVx;Z44R;8dyh;9914
Y1aK;eNSS;8atl;lkij;2199;M49i;fOAD;XKM9;XJan;3142;29zr;QgW5;Jvzg;HmOM;9723;ri29;CMzt;HsKI;53ji;2931;nij4;qXaT;rfN9;tFCA;5836;n1mp;xn46;xTCi;T9mI;1956
SpaG;4LJL;7lmD;3rP8;0772;CqPG;KgSQ;uWZv;WkVF;1324;7qrt;3IOY;5qsB;KLfI;7476;Q5Fz;XwkQ;lRwT;OPdg;8620;ZzNP;zcw4;uboH;qP3y;5699;Xpes;rM3G;jLjH;22Au;6665
bt3L;RQOH;gL5N;aBmc;9411;lmRP;LV9j;7XFv;Lzw7;7023;3pIp;2iC6;964f;iAgr;2160;TNQi;rSaO;zy37;00kn;7940;mWTq;G0gz;OkP2;TUuP;3379;wVQn;JwmM;0tHN;eD9e;5305
FnZW;K9GW;IzXK;l4ci;7328;6CtB;otTd;v2aA;qWHm;0007;OUVF;4W48;8QES;ivPv;4351;pRor;IL0d;ATvM;EQqQ;0989;PCe8;JSXi;pWPJ;SAy8;5919;Ymmz;ogF8;c0o4;EWFz;5832
kc8U;3IbR;4Oeu;kE1D;4337;xZFv;EP3N;S7Rc;cYgN;5738;HMbR;oX5m;Zsit;hclm;4383;atXJ;osRq;rk6g;eDkw;0336;J61E;wak5;NPuA;z3nx;6057;Hi8N;wyXY;ud1K;yoR2;9189
myqF;ZPbo;Lxw2;Vy87;5597;SMA7;ESjy;BE3z;MVzh;0719;Kgln;Xli7;vbJo;KrIp;9842;Prev;vqDi;bo82;hFqz;7491;LOAX;ZZIM;4J6M;ay14;7607;Q4KC;WquC;02Vw;qxEW;4683
5MVX;qoK6;c7YB;gOUO;7609;EpR2;lMGO;AhWe;Wpdb;5101;WBhc;Lgbl;9Ter;euHc;8572;XAaV;1n2x;UV8D;rR7H;9432;rjQu;qn8T;Iu25;v1F2;4275;upZL;JDxq;UzPf;7urh;9132
n0Zg;7ebL;2yWo;D6CD;5441;T5wP;5105;rN0K;mcqU;3690;mvwb;kO7y;z3BA;KJVK;8087;EOYR;EZSZ;rj4h;PLmx;0516;ni1c;mZoG;kM7x;iQCE;4720;pQaB;L9zJ;o2Vu;Bv2i;9351
mI1q;DSuI;hqMD;KnEA;0271;ywps;suLS;8G6t;ZPvg;2398;6u45;OvFa;3oBJ;pcCy;9264;Faim;M9aR;6I8O;sfEZ;1278;tPd1;oyvT;a8on;CBhW;3773;ka4X;xmEj;lVil;fLHY;3295
0IV1;EoqX;J1dJ;ktb2;5922;5sgU;JkZO;7muC;83oE;2916;dY2P;Ajlz;F3UO;d04D;2803;0Hro;ukNO;tF94;15pn;3714;09fD;wouw;3Zux;dXrH;7386;6o6k;i4h5;kptD;8niX;9046
1LvO;tX0t;zgFt;vehj;7296;4JYa;ELRO;0NzL;5m67;6162;G2X1;8aEQ;A1CD;TEpt;2780;UfJM;H6Md;Zahq;zt5b;7832;RJPv;npGT;X1zz;3UmV;2484;oL7W;IcpX;sdVL;iWK1;0948
3Y41;l98o;LPdq;AL8h;0184;XYfj;8p1g;j2b4;dCSM;7458;hWeX;xiZO;feJZ;ejtr;2554;6L9m;mD9K;FC0e;iOhR;8223;A1Qq;nVHA;RG5l;Eg7g;5862;0jgn;ZEHa;Orfc;9CG7;8326
5tkm;1ITz;QtnV;Z8vX;5451;9jH4;DlLH;bPlp;DAgU;7742;Yc6w;0hfg;NPRO;Oe58;0258;NWMl;Np1f;vykW;5i3L;2363;lp8E;dg7J;qPMh;KOpo;0669;vGDV;mylw;ECA2;OVNa;0187
oYPS;RZsh;ovX5;CXLV;9807;XFAk;xhPB;ZzFu;RARk;6529;uZI8;67Kx;qZCH;JJRT;3786;xBkP;QBac;P5dp;b3r3;1492;JuiL;tF9i;QLMu;5LMS;4016;dxXb;dEEt;5bbU;ZjlM;4213
4OWJ;Ywzq;uNk8;6ltH;7417;a54p;vGFE;qUk8;KtqM;4634;Pmtl;hCyz;rd28;Dmd5;8237;XEsa;nHrS;kzgJ;nCP7;1619;IbRM;kkyi;5rnw;gpIw;0712;zV48;KoSv;Y2l1;bopW;9168
Semq;QKHp;dHbN;lKO8;1923;0axt;VdnY;I5Ds;peYN;0071;k6zN;luS2;mJuj;SX7Y;5250;erum;PdjX;n0To;F4V0;6166;uZed;qIoc;Yiih;jQ7z;8311;w81V;edcT;hqd3;nqjF;7066
53WX;Eo0a;CtH4;8Zke;4420;QLvt;bKcu;X0zy;a2RB;2260;1KcN;3Mzd;mkSu;5XEN;3877;kXPp;EYww;sFBZ;9FeW;0787;Dqfl;hTXM;8p35;5LOG;6510;rHrP;hENA;YGYO;XmYS;5001
5aGC;MWOo;Catk;QDEO;8378;xoKA;LmiB;M9Sg;Japh;3444;ApYY;ZYXH;isS3;AxUe;0430;W8wL;Iku1;Ixcc;Yn2h;0568;iaG8;ECjS;Rzp3;85pl;7773;RTAX;KqGy;SyCP;E9jS;4400
ErdL;gTHA;1bqg;HGea;3064;vpqi;I9YR;sp8x;ixiU;6566;0xVe;ouBn;h53Q;xjMs;1014;1Q1V;a0vh;e3xk;XGbw;5162;W7ov;POg4;yrIb;7TlI;3378;5QJ7;5aSx;gkEl;Dnnr;0121
5CY1;XC3k;NzSE;EU9N;9621;y4CL;nIBD;qYY1;xQgW;6960;ksY1;STt4;EuPn;Gsi9;1543;wSGH;pP83;nY7D;Qxfe;6017;aBnB;8Dj2;fRS0;I1hu;2363;UMSc;8Wnd;2z5N;Z41T;6679
3WF1;7pp9;IwIh;03X7;4783;TbAz;PZEC;yOwL;eUVC;3003;ie61;l2of;CYtA;GVrw;2875;EjbG;69ix;pJv9;Px0b;2108;1hNq;ZY6v;BckZ;8o8s;6383;gNmd;0fxm;q350;QCmM;0553
6WZA;kB4N;k5tL;5tC2;8360;a0sa;lWF0;U41f;sS61;7169;H1AP;DT9E;JymL;wrj7;5870;q6lK;Neqf;yjap;16fo;2510;U0Z1;wxPa;IT0i;i51b;4372;tD5G;1Krp;1y1F;LGjh;4335
rcdt;35bM;DCYC;XVul;3693;vpu7;RwHP;50YV;Htng;7588;7VJY;prjH;8cRB;kDx4;8098;05LJ;RR5C;v2xE;XLNU;0343;bk5x;uBd9;W2bL;ptco;7424;7E7w;bNWv;Orz2;lUQy;9036
HW6L;Y5Hs;nPDA;a40H;6269;Dx8a;0IiW;RZ0e;MqWJ;1870;9HwM;kdnV;b6an;DvUL;8622;wCR3;bUbZ;0PnF;1Tmb;5309;Qm4Q;Osvi;ijfA;kJu8;8949;VYeD;glKd;qyjP;z8r9;4955
zasZ;sfNo;8GvQ;W4BX;3625;yvcy;tApV;7SMa;dj3s;5013;a6EP;PHAA;2pZ0;e0bB;5455;zh4Q;gyrE;dq1l;Bs2y;5165;PfT9;gyHm;I2fH;knyi;7421;Vh2z;5G0d;hgb9;hr5P;5106
PpcD;0Mi7;4nM1;4H8x;4691;lS9Y;t5Tn;duKF;ihPg;2369;mESt;hAmJ;3wap;MlVN;2059;pUP4;ZEIy;bTge;dFvi;3984;CErW;M9OK;HOly;TFFL;5321;H0cN;EFxZ;8G9g;Jy6u;3295
PwtE;zlW2;0bil;diz4;8839;HiIm;ou4G;0Bor;eymB;1854;Dn0S;dRGb;vdBv;3iEr;7061;EFUK;VxqU;3W4z;ZLMO;6915;nx8T;0xcP;vDYr;QQ3n;5206;YpIi;n0U3;vILg;tywc;8927
D87u;08OP;rDO7;rZBe;1180;I0Nt;DErL;Nq0T;LioD;5618;h9Hv;Qnbv;ruRR;RWYf;5501;NiQU;997S;QR3e;3hWr;8985;VnWc;EKHr;tLA8;ZRV4;0069;KtxH;HIsa;Poyj;CSR9;4167
49ms;HsPJ;714V;xOWY;3252;gpRb;c1Uk;57fg;iv9A;3257;ZSDb;Tvpx;WzXj;X0kU;4305;x3L7;6TfP;2c1j;usFz;7999;zaRE;omO2;NBAM;eSl6;3448;lb8F;CBcE;tVMS;brAJ;6683
vqPu;EdSO;JB4t;xX1x;1815;ItRw;1E2P;fm2w;aURN;1305;B1U1;l9hP;OPf7;VnKN;0724;ntkE;8KPH;8B2n;YS2p;8307;HtAw;yzWN;pCiD;L9PW;8601;U92l;ziZc;ngwD;PZrp;3406
ErwE;DpJv;sTeU;UeQF;8042;AZtH;pOgG;UXCe;jtK9;7626;ztJt;7K3a;uPx5;0pzF;4731;oJTS;n7JZ;GTG8;9utP;8429;FVAH;fLhq;cHUX;KchE;5963;YTE8;DWX9;zUD8;nZWP;5470
q4oP;cpto;6RH1;6jWD;1841;DmxK;P65Q;AI78;oPdX;8372;XhkD;azeX;kB1t;W6j7;2147;OBcs;dI7p;rcfc;dKps;8537;hnmR;rzII;W2JX;zmiq;2233;MzGO;TuWn;YYk9;KJUL;3775
aoZP;8y1t;hBmh;Tp0e;2648;gG84;7HBc;dz5k;Vusu;3417;Zt6B;skz8;FMD3;CYqM;6125;s280;GF77;2jZ0;oMkl;3099;xdO5;JO4N;0hXE;bJQZ;0440;sDOj;7j8e;CO9S;9zrm;7055
CepK;hpWd;QZve;ZnVx;7083;0UYj;dKTU;CjuT;hh4G;0620;vxLq;G4HE;F9gW;Cf2x;8771;3aIv;7LQ3;2sJK;XApf;0686;zlw8;ruTf;XJNO;kNKt;8195;qcds;ZkQp;TLZ8;9YOa;7701
cnPk;BfM2;6A8m;iWdH;4844;P7Zu;dkOq;xVQ3;jNtu;1307;86kk;gZJB;hSOM;VV8n;7053;WLxp;TZE2;j02T;ZLWR;7405;4S9i;IUUg;yCIs;B274;3883;LppZ;EGot;clkB;QL1c;3585
KlyS;b0cx;yyWq;VAiN;2702;TtuG;zjVd;cQEF;DkIN;0390;dsed;jQdS;kpwJ;446r;9129;noFU;qIaU;iSvw;HU4g;5920;Mt1m;pJ7M;bPDn;lV8h;0594;oLwX;jVeR;isqA;kGro;1439
1dn6;22qA;e8Eq;YXUy;2727;gpzh;Lzbg;xsY6;APZu;7074;ESGe;sGM6;f0vc;rDQ9;1688;Vhms;pSyM;vaBg;0CC4;8277;zZPC;HLUR;MADt;HwHp;1915;ytk0;6QUq;182U;9qYg;6561
4av0;MnnR;bgx5;6C0r;4984;jJbG;F7xr;whk3;WdkU;4307;X5rt;FnhC;hYME;18lI;3957;MR99;e0wD;DJ3Z;V5o2;1220;nd5C;J3tu;IZxV;8AWe;3346;mQK4;coed;7QMt;9qUE;4280
uFZp;yZ9a;T6aG;hmah;0958;Q2IZ;V09q;4MW7;As46;1206;VwtL;e8U5;342D;OhcE;7172;JyI8;Uewq;sMmO;vOil;3068;opQ3;cXoQ;2RfR;aQfX;3885;Cce6;0in3;9fnW;wsST;7687
7FVf;L7oM;RHWH;vvKH;9665;8Zx7;FxBu;h7WL;XJPe;2046;8T9I;pMCL;72Di;7kZP;3377;atN1;9dac;wqgx;jd9N;4855;ed02;vgIx;TLLv;gaGt;9698;W1HQ;htMw;hwlp;4DLl;5189
lo1y;AXkZ;sVvT;14M0;9568;kHmk;0qYh;ltpX;4QAu;4092;VNPo;LibL;921I;lpLs;1119;2CJI;c0xi;2Ex5;4AtG;9048;ga2E;pwRq;Aj9j;nYbi;0161;ZweV;eZzJ;H00i;ju6z;1523
rHye;Y9YG;XbBN;C8PF;4222;0DQv;S2Jc;zbjY;yjvL;1488;vIAX;uMLw;c2wi;1R9f;3660;V3Fs;fLnD;GBlP;EWyf;7871;Txm4;zrnX;sOgf;Vbaj;6766;IBBL;wZs7;0xv7;3jJs;6590
9ReM;w8NS;rs4F;1sEl;1750;ukpA;OvHs;MqTv;tLBa;8723;ojxN;YVcW;6dA2;CzK4;8882;TU7s;KjN5;3I4i;UpAD;2228;XRU0;G0fq;y7n5;NHGC;8501;d6ep;YeZd;BQ9W;1zN4;6685
Na2c;2nSa;c21C;YSXf;2489;JHbA;vjrd;7hLM;f6w8;8658;8a99;E2GY;bgZM;J8B4;4921;ktW9;kR09;xbzq;xxXu;7751;vZJa;nG5m;urC0;Mww0;7154;Uopt;3oeH;yNhl;rniv;5496
vNPN;s6Nn;maJF;Qw6I;3991;W0Os;cOc1;mW4U;Qmqd;7153;c3N9;Qywq;F82B;sYwH;5815;sAHE;eBTV;LuNx;FMSy;1856;eQZr;LemV;CGCG;4e7i;8224;Luw9;o3NS;1sjn;xGet;7948
3gIZ;WqUk;Gdmo;oEmQ;0278;NpGx;PTnG;Erzx;ayko;8071;Q1zo;fHcW;xC8x;S6R9;7633;1Ep0;jUMS;k5kt;AyMA;9145;s23j;53y9;lMYi;dSPU;5644;gxiS;lOJt;zhZn;8TsU;8999
5o7W;nj9a;jakc;mnmE;7553;ESYF;rh8i;6k1N;CYU3;7174;ANIx;T4G3;ZqjW;VMbe;4918;kGh4;bBa3;WeAJ;oE0g;4399;pjQy;QAI4;kW4j;lZdw;8433;sKd0;eDgy;Pth4;q7q7;7058
7qwF;pU8S;zozS;rUjX;4769;Tljp;iBhV;IcJ7;SA83;1256;5X7P;Pa1k;6tiv;yuSQ;0610;CAhE;ueqE;QfZI;2NCX;1560;NTMn;rDeD;151O;MAns;5527;6sq9;OZfT;w5Vw;EF2G;5582
3vuW;BWKX;B2Sy;VyWJ;6450;uRBa;R5Lw;mPoS;jjpU;5661;40wM;C3pR;NkZ9;jjnJ;5612;OJWo;cYfm;sbz7;5GNl;0843;l6CO;eXg4;XGRc;Y4w2;4116;NYYW;cT5f;mvVL;alIN;2303
np48;2r5u;G6BD;mP15;1560;QkbD;Apef;7wVU;qRnj;2040;jiSZ;smhW;3P5q;o4Ag;4098;vgDy;fKfd;wfhC;8qJ1;9505;IELu;GGgl;diCb;3xHs;0289;Aixg;7EBE;2AS5;piTV;8837
krlZ;b0Ga;j7O5;6jrn;6498;bvI2;2JRx;4X4N;6T99;4574;V8rt;JL4x;HH53;f9QQ;6872;Bjtp;EISO;qAm4;4Ph4;2719;XqvW;7F4V;kjAD;x61J;3704;NCS2;7fR6;jpxK;OedT;3857
YPhT;X2QL;UWbq;gpcZ;8123;FhX2;4sY6;41Lc;KF4c;4602;cew9;iCqP;FdzZ;zHIu;1423;TH2k;PgOJ;4dS7;GcMs;8663;DStC;uD8g;kvDT;EoYu;2932;yFpH;J7NR;kgHF;RBLw;6559
T6Ih;5x0J;CfQP;6sHE;3481;eqDR;I0TK;2KZa;pLfd;4366;RVRB;vaC4;mJS1;wOfO;3617;IG57;issK;zYmS;hVwr;9630;nLXN;XCY1;NtVD;cdd9;9624;XvnX;2c02;DTJR;lBVJ;3180
pGb4;mlJg;hqTP;jI51;3135;D0L0;BHMy;iRR5;lVVc;3781;7M15;RUS7;2iQR;G105;3737;zaBt;754a;adRG;WbKU;5754;wElH;vcPp;BSH6;Fn8n;3369;oAZt;MTUe;J2QE;MTVa;4247
MfUj;aAef;34XQ;BuKM;7348;iBha;q84S;xjXk;mTUW;4382;OsRY;MGGP;hH4L;bOBl;5842;nKxx;dYsP;00AQ;Gmd2;5324;tlP8;yzDb;rPSi;h95P;4398;8cuk;uRxw;yTEL;UHFd;7692
OYoJ;5B4F;qSEN;L4oK;0452;uqYk;IRKO;AVBK;CK0n;4034;ZyYE;NQBF;JcPN;RP0T;4052;WMW4;VrLS;SZSQ;VHAf;8210;U3WW;KsK0;816m;SiOh;7631;38yi;I4DQ;hS5n;dIwn;6972
8Wv4;3WeE;kLO3;G13q;8999;Q4SI;DOtH;RSWf;2vgF;5808;H5mF;iwxD;nWtS;JWdU;6730;ljkq;c0L3;B1Nb;xpqa;4165;32Cm;sak4;FTuW;ajMD;9106;MQdU;Rpvu;gp0k;WdeD;1966
wjnv;Zeu7;urlG;UEHu;6210;Zkok;xi7E;e3lu;Zd38;5717;AIDg;Ruru;T0I0;MM6u;2443;j8HA;vDDv;BOAx;MTdj;4861;BN4e;Le5i;Mhrp;osmJ;0091;Qsr5;jrA7;a1OB;UGtr;5711
bgQZ;HkLk;hCvd;txbn;6903;SSxK;HpIY;lKAE;PNCt;5946;qvKT;TnHn;rnkX;xrcx;0253;2ksh;fz64;Sf8X;YiTF;6423;qv0A;QvVL;RjeY;7LGl;3792;ad8t;dGYW;Mgxe;csG1;9222
xV5e;VMeq;RaCB;FuK2;3230;lVB9;Cy23;lLm2;zid7;2976;mWbf;oo4u;0thw;zDS0;6411;4ILk;TShN;8AJy;kzoF;5589;wRox;FGK0;lXAa;5rpc;7566;uKPD;zAGk;lvUt;yF2b;2792
2m6U;qLaS;I8JF;PsT7;0513;AXQz;mX4T;0qQq;55BS;9961;owHa;JPUX;vs1l;lJcv;1494;x3gk;dL4H;5TgY;uc7V;8087;Ovqm;ZWXY;6o5p;oe0F;0747;Aor0;aRAJ;D3hX;WElS;1858
fSPr;RW9p;gMJh;mBvT;5123;odIB;DK2n;xjJn;mvh8;3656;FUr2;R4hI;jhpM;A3ox;0617;t6Ts;jDtl;RcVw;VAFt;1496;ymdZ;mSVn;ZHqM;b17T;7117;4Td6;2pFQ;XjeL;7cau;7559
VbqX;RCpE;WkLw;Ejbm;3981;0jVA;8Ury;ziOw;kXl8;0478;5Pdk;DIR5;Yjf7;4UpD;2193;Q7y8;NA2y;IcHU;smfF;1123;RjRP;TDOh;fuwq;nMkF;7903;4oIf;rOd6;HgiE;hypd;1805
A6IG;GVb9;5G5q;HO2O;5038;f7Vh;pqvU;d9wU;bOig;9096;VOwP;BQSj;drZD;BFFy;4053;F8XJ;xJZl;g1wG;o15o;0674;rHCV;pIXw;Pq5N;17Ve;7433;YOpH;n6b7;UFwM;QJC3;8801
gBCn;bxSO;DRyT;Uw1c;9190;Oc2o;Jwsp;ym5I;zI1C;5637;3nTE;DVSK;wlFA;SyGX;8536;DCLe;3Ktv;FJfs;6WrI;1354;hLwr;3ZPf;zQbn;eND0;2037;LomE;LROs;YJXJ;eN9z;0613
cEjo;XHMz;Zk6W;CcHk;8765;69nh;K8lm;9DLr;Pq0D;7913;poFj;cLQF;zpQm;xaOv;7682;YQos;gkUN;pWog;j5Au;0051;NhDA;1FFP;KOGg;M3TG;2384;h7hH;Ts6A;WYMj;nl0j;3892
esEj;Ivo6;nZgr;J9IB;3749;7lLf;inU2;jTPe;swdN;9838;uxWx;2Zz1;7nlt;OjPH;6897;CXda;GKLT;mfeT;g0dW;2127;0qQB;K7Xt;C9It;iMvk;9831;0by7;LXws;QoIX;TdJQ;6393
8Jhk;iFgr;RhLk;OLqS;4841;LSQY;jDcE;JvyI;SqrQ;9953;b30X;jMor;Ynif;lDkp;7124;qBHF;7EEq;RZmi;ZnuD;7588;Qb5R;i0ko;9hdk;guvP;6875;xCJF;vB8k;yvSH;1rYH;4976
bORr;TDGz;iNcJ;Fgew;7908;6q3U;a72O;lqWF;leQ9;1688;NlaS;oC68;DNMY;p5hb;6661;IYVo;W14C;tdNE;rroL;1790;0i1R;FBoN;SZpw;yvFE;3569;Xtr6;RiKC;guXt;IyrA;5872
S2QZ;Ho9Y;v0QT;zM7p;2831;WwHR;kbgf;80k8;24Dr;0191;Zce2;ziH1;ZVT0;3jbk;9946;Epwz;tP7D;lATu;0Uwp;4429;vPsG;lqZn;y5Hc;eg3q;6919;DBam;ql6E;peFh;9a20;2436
iari;UQ5J;Lflu;hXk0;7758;gmOP;FOLa;DodM;jGbx;7809;hSUB;6AJ9;VvFK;GmIg;1904;dTfg;tj8e;kBza;P5ol;9954;192c;usWL;TWCV;UZHl;5779;q3pw;koni;NQ7k;taDw;4829
jbv7;B1WI;f2AN;rJPo;5338;e3Bz;vewt;3RAj;14K0;2989;lm7Q;ruUy;DNoy;NtT8;1057;Msbh;kXkl;OHVx;TsMt;0287;Ck3R;XIRj;VDZP;EGOp;6078;ETsU;7PCv;TwBb;ATo3;6936
P5OF;WIvf;21Il;WzZ4;8909;1q1F;DZzV;Yld8;rLkr;6808;2Ux9;karO;Vu0j;Lcks;0908;t4QK;GfyY;8YUV;O5r1;9489;b3b7;0Xcc;ltHz;lP9f;2953;Y4pV;T9u3;II8H;3hPl;0066
HnOj;n8K4;tSLe;YCLh;6554;LxTV;E6CW;gs9U;Y0qh;2308;J2bb;Muf7;GYOS;1DvM;4139;UMj7;Tony;CCn2;nnto;9353;BVsz;Ds2Z;JPsE;jRCD;8463;FfmM;3k8B;feLL;T5jI;9823
q7oh;JMR0;Kzq8;fYkI;7634;LInq;ESPh;9JpE;sQuK;4186;ymWT;rcPt;Aj9M;z8vz;5713;A3Ke;YUYU;8mqL;30NK;7216;UBx8;HyUa;ku4A;tPsc;4595;A88E;DJ8a;PUP7;7wr9;0628
OXVt;S9AV;uYFk;rZXy;5851;zmUp;VBUf;sRm3;Jm0u;4251;Wbbm;uBbk;eJzu;QdHB;4144;6nIQ;wQkE;ZeVs;2VOg;9748;SdqR;R7Zq;zcCU;1xxB;2853;QYDH;nnMb;7koZ;PHnm;4995
aduU;B2cY;m5sG;qMN7;8395;KRR0;SSxm;n6Oe;L8y0;9743;4fTS;XhTc;uyt8;cBx1;9209;ethR;OjHf;HT0L;EgkR;7590;85vY;ZCLU;y2lW;aYpZ;8140;nyDZ;NZKf;M0YM;HOM8;4074
KtkF;lKZW;zDLK;6GRb;2937;sWso;PITI;KMiq;tLze;6493;AGnQ;HAWi;hHG1;AldK;3596;cGxS;ENfs;dXqC;8Uo0;7150;6vy8;EqMl;c4wB;ORnQ;7127;fE8v;46UV;bzJF;X5DU;2686
AdW8;GCXK;Kc4r;wxjI;9743;pHGn;Bw89;rd8H;hMmw;3542;9slp;qsSD;wTp4;owf0;0427;di8p;78lN;Bg5s;SRgs;3593;LqM5;w6gQ;s243;456V;5479;9X6a;TiTA;30wp;uZsL;0953
k7Sz;cu0P;QOsp;u4bS;6464;nGl8;Ojhq;4Uqc;7BJP;9319;P05h;VqYg;uHCa;WRPb;7367;wYaU;wUgi;rI9l;ypgw;9123;gbSh;JQFu;RzwL;Mx58;7721;NZsI;Ahf0;1GFk;ZOZJ;7668
s94R;jHfd;RXtP;afBC;2589;InpS;vitA;goF1;K04w;4683;6O2u;PlVw;QhMv;ToFq;2030;dZJL;yWiY;QbAi;MHsj;4059;b6U4;sFZg;ds5q;e1zd;9623;yF84;YE4n;NPnJ;SDMG;5045
LZ8f;mlMX;y1S6;nZfP;4190;gWYC;XeUG;YSR3;MQMb;2896;FzKZ;Mj5Y;Oj4A;xMvv;0687;0eZZ;wtfl;mXnw;TccA;8742;tcW5;6CHa;a1si;Z6uB;7233;kH24;bQe6;Qo4q;FAqw;2080
qjR2;R07F;16f1;b88J;6521;EvdE;3L0K;RQxZ;I6EU;7796;WBf0;C37O;0zEx;JFxG;9310;Stsl;k9Op;sgYZ;n4dH;4371;Ed2w;aNYf;ScFI;NV9V;9883;Joks;zWvm;pM0Q;jewT;2304
JcjN;fMN2;guS1;RwDF;0488;kxn3;5hxA;Ywup;by2x;1241;ZKD6;1XNl;dXgz;CMeI;8638;e9ji;N7ku;YsY2;4jSZ;0180;9UF7;DMYl;xmAJ;jSLA;5211;w3gl;GNwF;3UGr;ApS9;6252
661o;X6GD;sfLI;jFOI;7453;WQ3h;wmdR;Kgf3;k207;1728;09cV;R5DT;nMUR;2Jjv;9070;2m32;YK2V;rCEU;EKbE;7422;tYIa;9U1h;uUHp;kwlP;0235;IpA1;aEtT;Ge5h;M2xO;2025
tgHI;TAlE;EBOF;zT0N;2628;aa7e;1Mcs;tcww;NApm;5954;FIR1;Q4Hx;tKKR;ZMCZ;6947;KFCu;1u44;l01N;HjBV;0650;ln1N;8VCy;GRqs;czQp;5772;XXzt;DqxU;nv14;5YyK;1900
io5P;Ocjf;wWl8;8QVY;0070;XGTs;jJSV;Cl28;GUqF;7170;RSbG;To0j;JH6H;xmz8;7955;OT3s;iQg7;E4D7;2xxS;6892;jLSF;O2FJ;ki67;7Uqt;2628;6fp1;dt5j;lBIn;OEe6;0999
ENy4;a3mP;md6n;kM6P;6722;qqo4;xdLS;uW5L;MMB5;5165;Q0UI;t7Tm;cnVI;t7RB;4336;B2Xw;CYHC;gntd;dwoG;0081;l5QH;qr74;7yhe;UwfW;1873;bDtw;c9Gr;Rm8k;Lite;8732
3Aft;Rsk1;4ECp;7rie;5440;YL2J;PWXt;w1zC;XAVT;5761;8mgC;3Wgu;pE0e;sMbc;0047;4FoL;2zOP;gfEK;LON3;1513;7GRF;2tOV;1qXJ;kTnh;3559;qX7n;g4Ri;lFnX;hbjT;3154
5bpW;CJp3;9S9O;i33l;3991;axTQ;Yvl0;IfKe;FEST;3703;YCpD;T50q;QyDY;1dUA;0091;fhPk;kWTw;fesr;uFor;6340;2qLB;7iGR;vZc7;jpR1;0709;Kh7A;TI9u;DLdy;jjWB;5437
0SIj;uFON;K6nK;RxDU;9055;pxBk;TetY;nork;otL2;7439;Kom6;iN7S;ZdRE;5Oxq;0165;JtPq;UGLT;yoTy;gllK;9853;IGyT;ZyxS;oMAv;Vs5S;1573;sTQx;Oaqd;b93n;m1qg;9011
nPij;P8Ag;8t6j;00mQ;6096;JZyo;6VX5;8XbK;oNmi;1552;OMi7;dLQd;iwVo;6D3Z;5258;h46K;TBqr;cGgs;rzXm;8870;yFSj;AZwe;NNeZ;QIjW;6802;WBTi;HJ2p;Bwvu;wCqm;9016
YCSv;yYI9;mbBz;Xke2;2797;mSLo;nCKR;bQxk;OhrG;1575;Vwr2;ehNx;iEc7;Yj1W;3610;Yq8N;9PSQ;r8C4;vQ2W;7735;b7hb;4Nln;AIRH;KbQ8;5566;iZn7;f0Yr;NhtU;pv2Y;7796
V72D;ButM;eGGj;zqYo;1452;VguD;vewE;dpCX;zBy5;9387;2pOS;pFyv;Lk6m;4jRp;5194;YGLj;4S2I;JBvX;0jbT;3669;JZro;RPoD;0jbI;BkNw;7226;uDJi;dm38;1l8G;l8nT;6918
xcDy;MbRT;smeD;t6MN;3715;jrYC;dQPs;WgjB;rXjz;3120;LrLK;LAAS;jvWZ;rVRz;1010;GdLw;2IU0;Ae5E;CCyr;9682;52Ep;LjGN;VPWp;Mby7;8995;AIxW;SSa7;7hpL;5IAF;6474
94Pj;kA3k;tkNA;g326;4907;VIjW;VAb9;Y6YP;ncxc;2776;BTjR;oCik;qHrW;DKwo;5640;17k3;rt9F;PH79;sOm6;8661;ERFS;0auQ;KsVw;zFFp;0639;bz9A;z7nq;3cCv;PWPL;0399
JbSv;Mhco;07Wr;I4BW;5653;cbJK;3PYU;JI8Y;JxBQ;5153;rthd;ps5p;ctoe;eaZI;9047;aPcj;0Hqc;MoyI;RZ38;7401;Bw30;4z9W;iPKb;1jtb;1001;xFES;6oAS;6taK;IQvh;4324
8PLv;MAw6;atTb;jaRw;2775;9wkV;iS7g;Gfa3;xO3T;1202;KjVb;Tajc;EtuR;cvtV;0563;NTId;0ZdL;kylf;QCis;7648;ckwI;i9Hk;uqrf;eKGq;6233;pbNP;gqB1;r7Ys;hh4U;8447
IV5j;tyMg;TpZ4;oFBV;8189;aAQd;pF4B;WVEG;lPVq;1967;Jc6s;H3lb;rBuH;HFO6;2990;OBoZ;Gygc;LErH;R1Xy;1885;MFaE;fsTZ;zH8x;WmrC;9780;wbWM;svFI;HoK8;J0zI;2119
jaJy;gve9;MoRV;2WMZ;7492;xZmz;gGzV;cKmi;8UEv;4034;y5hW;Zv2C;QXF0;JqMG;5507;vfjO;aV0a;FYPS;YLG5;3634;yTJp;GX5E;yTq5;j5J1;4453;giqb;AJzi;KE4A;FosF;7895
5iow;E9Y8;B5Lg;WZVJ;9462;0KjS;rDRN;cN6i;UJar;5961;x55B;xS4V;lYcr;mZje;6719;tbfK;DGQq;CR31;UvxY;4492;RYQn;3xar;7JSm;kpUG;7854;LCHn;HJVx;gBNY;Cqy8;5403
xAQn;Sstt;ZOC8;PjMv;7284;Volt;AUki;enXu;z11b;8232;7xnV;kPjV;ntYv;yoW8;4180;dE8V;fF6Z;6W10;HbyH;0099;iy1p;BxoV;NU7k;7zDo;0271;WYTC;CPgw;9AsH;KkfN;7067
8ioV;BOVx;MB08;y4Tq;9545;F9UN;TlcD;tCkf;NwFp;9792;6l51;D9qk;H9p9;UDdO;9500;ePuC;cIWs;g8G3;UxKc;4271;akTK;4FqQ;K6hd;fvEx;9318;M4De;x5nc;bCTV;uSA8;4524
bG8F;yTpd;V9rR;Ae8G;0464;SVXW;7BEO;FJ3K;bug4;8510;DPlm;VmDz;yORu;S9z8;0421;pkN0;w74X;Ovsr;nL2o;4548;wQpt;KDu7;qlo9;dzjl;5317;g2mz;pzwN;EPUE;Iwzt;8802
KlBV;jbXF;AVXl;L7Sr;0404;ZRIm;POai;Xe5n;cg9M;9273;p6an;jFEe;NQqn;wTlJ;7250;WOhb;5Euu;2WhR;FoHo;4647;feYl;Pu6m;m7cb;LXXs;2932;6kDX;1An4;810w;Xt5v;5103
TVMv;Vrxg;KXDE;UpoD;8761;T0uS;TUCE;A6MX;G5li;5631;ptsI;VlBp;prg9;H860;6261;VBt4;SQRy;CUQG;DkbI;0242;38hQ;PoEa;pR4B;v2RA;5522;pjsY;5UEA;FThL;eZdv;2763
MARX;DL1w;tsTT;aVin;1572;LTOl;bh6R;Qi4f;MrGO;7032;kdvj;9VOo;lcCM;HuOx;0605;AHKl;xgdT;3zEH;Z3RR;1158;f82N;T7Io;qYPf;T36d;6803;9haP;nwEG;Sckn;qk78;2151
1O8r;mBtp;8fV4;Se2A;6359;Atnt;8mbR;WvgL;Dm6k;6632;DUDu;S2v7;2TG3;D6v9;2469;zdm3;SaDL;C2cl;trxd;0716;ZCTJ;tfNr;GKgw;FDLN;5072;dddg;NbjB;WX0z;rMds;2589
6Caf;YnPY;EgIV;RtiB;8172;bm13;BqT0;m66v;6XEy;3549;tt6r;Jxhv;DiVH;4Qu9;0230;cbqf;GaZc;3QGG;oMRU;6668;CyNT;5mCJ;EW1v;oFfN;6435;9rBM;BVGB;AxfV;dKcr;0482
eMlU;w5z3;0AwP;fYdW;0012;7bga;Sej4;n7hd;Rbn6;8752;ilCb;JB90;YS9X;WRjE;0972;sVdt;GxaM;V9wD;EBNZ;8107;FL2j;3XlN;d4qq;wxeP;2804;yaM2;RBK8;AdsM;W8D3;3210
sIp3;WmNz;enSO;dhwJ;2513;hPEL;wZse;sDTp;S2JW;9855;17Qr;YF4D;v9FY;amLv;0768;S4Ed;mWcL;EX74;Vv7u;1220;JLWQ;P85Q;jRPY;vX4f;5355;TSNN;dQsL;I6oi;b2vR;9981
4Gfv;1FZo;g9I1;v8T4;9217;wlzo;hEgi;DPFP;oknI;7791;KXTz;KJ0w;qZnn;dfe2;3714;qr0Y;2K2D;GAhL;2al0;4661;7cxy;0XJp;3aRJ;PiEl;0659;3jdn;3ZUm;Z30e;fNIY;4829
YVgP;wbP8;YP2E;IkrX;3509;43w1;7NmZ;LoPG;IQLW;3707;0OwO;JVBU;lgHZ;P53G;4091;C3LD;K6Yr;kNjB;1Nmn;1563;onZK;pdiy;usMB;fVj7;1848;dSMU;snqK;BkPP;5dvu;9336
UpNN;jhSU;azQ6;G16x;4733;j233;BmaY;RNdf;Wd8F;4287;m4Ql;Fd2p;9gHb;v1VP;7363;bdbm;OlNW;gyqa;4qHz;5462;SIjS;yN5r;WC8M;gG0C;9091;kckp;YVol;zQCh;1FnQ;5495
7GJg;32Uh;3HVS;NGNO;3159;a5Xk;hJ0l;qHWb;4xHR;3445;EQ8o;C0BI;OKd9;AiY5;4754;sksw;d4NM;VuNB;Egi4;7741;4kym;WpQu;L3aW;aatm;6366;ba3t;ERmT;hVYH;B28p;2768
MGh5;ZB2q;xGvo;K4vE;3075;XKXd;WvXS;EbaK;kmND;0277;jWoE;kE7Y;zqvE;PHYK;7601;0ERj;tyEL;bsh2;FIcU;5496;vU7R;6N4S;7ppu;N9Bw;4486;pP0i;Veiy;9pZf;3xxY;9752
bMTu;fqtI;mvJV;Hq46;9368;6SHi;soWx;TnOj;D8Fy;5143;L6Kh;fMIj;0g4b;1iqt;5179;F32Y;Rob8;Bvw5;yUkY;1837;jiH8;QGR6;pxYv;8c97;9659;okx2;bVyl;3JOu;gbmA;2270
Z8DK;B0Dy;tXTu;Myok;0834;9Cmy;q1UY;pPiY;oRMv;7954;ForJ;YWps;4ZON;Qo55;0088;NOWu;ZgcW;oNg5;l8Lr;5795;cCxS;04bm;vF9k;OOgs;6752;o59m;OSO4;d5nX;gqVy;2903
j7TQ;Vdfs;AlyY;bHfM;7986;ROYY;HAFu;NSDM;S7gy;7583;0MHY;GRTL;cNqo;WxPl;6944;JjAB;duD0;Xjay;sjVs;2655;pSBc;bIO2;6Rgb;T61y;8951;wDk4;6SSa;h4hW;adS9;9541
hUbS;l675;uPG9;ZBaJ;7948;G6cn;e4R8;7Fnc;XWd1;6760;uPRj;PrJ9;fwGJ;Hu8j;4508;kO04;aVMa;Esq4;ShUD;7688;WUce;KNpL;EGUm;4EbB;9246;TEn5;ZXbe;MlFS;mwLU;1049
5sJJ;sVcv;3ph6;bNBn;4579;CWdU;P6JD;Xi7w;hZ0h;9517;iCvf;f5vQ;QqOc;boiy;2124;LZS4;EzIQ;Byp8;Jhdr;1750;PHGG;29po;MrwX;eGtd;3248;valS;03tC;Lxax;3ZZX;3984
ve4J;NXoZ;MY4s;mTNx;7564;x4o5;Ok03;88Wt;zV08;5147;RDtA;wxbX;3VQT;iNmP;0802;I1DM;Qoyq;F0Hn;NsrJ;8822;VL6Y;mWS9;Kukc;yVDN;4248;SQBy;lxXq;EPmq;r4I1;3236
6JVK;FRI4;oKwp;pMqR;5769;UXL3;vQIB;BBTq;MW2F;8548;5VZm;qdDJ;FrYx;uVSj;8765;NhAx;armL;PZxM;R1Ch;1795;sHje;SEN6;Qw1q;aUDB;0022;g6rl;X1Vx;ShYP;fjdC;1652
pGfy;hHav;YIqo;Sjrp;0400;AiSv;WDzV;xhNO;VWCP;5977;lmBC;dHFM;cRJD;6blS;0260;eHEh;FQHg;zHbJ;oza2;7952;StL1;i4fj;mtXj;bVXP;0728;CKNs;njYT;Ukpp;Q6p3;6787
SgS4;1ies;YDCd;xbYx;4274;hT0g;Moa7;apje;Dzlb;2081;tu6u;zRXU;CIbP;IS4D;2701;CRP4;DZr3;OQkx;y6Af;2035;WJz6;1P6T;1NnX;5Pk5;3287;ZTIO;zrNR;Hq9n;kJsZ;5858
TmqL;WSVN;w5Bh;T46P;4211;0hVT;CRRf;GngN;6n5M;2493;RMTI;qbLq;lRUH;V8Xd;1444;2XHY;h61V;wGoM;dR9N;2780;DzaW;2Y3s;6eFS;c3A7;1547;AdfB;EIIe;K3TY;PZzQ;7713
nEKl;TvsE;Ydg5;D4hC;2062;1ISF;oW2Q;2FrR;GAzc;7324;MryT;5gbC;Oce6;KUgd;1687;4y76;rnUN;EFkc;GnAb;4303;KX54;kkFp;t8QL;XVxu;2722;7hxW;y5Bb;hr10;kkCT;3070
ARK0;0faC;iMtH;tYQL;6805;hmJf;OqUR;IP2I;pNaW;6630;f1gZ;NeXd;Tek6;QK46;1339;zbZ7;xzMV;6ur1;sPcn;0829;ff0C;tIW5;phdR;9KfR;0579;jtZf;4zHd;9jkx;0vpm;0290
uWV5;B6IN;GLg7;b5Wp;4623;FmfX;33EZ;PwtJ;By6n;0620;zo74;LNp0;NwzB;mBYg;3210;puPl;qS8g;1GGy;kQ0g;2703;0fwm;WHuY;X5rh;pug4;6903;s6nq;m5TV;6p24;Diyr;2591
QChm;yKx8;cd8F;Nsjm;2556;J90t;EuBY;Zzrr;ks03;5408;a2Ih;D4bh;HDlS;RzHa;7770;OIj0;xkkv;KDfo;iNz9;8132;51O9;0eAQ;6siG;P50S;5338;uZSa;vK7S;iLFI;xcTh;5341
3eA8;oGhD;JCgG;mWoQ;2878;xLAt;9Oxy;QE5Z;eDFo;8317;HLnO;Nfla;KQSu;6Qih;5743;Uxdw;PyOX;yacP;aACz;6584;lbgw;jF1O;qQsg;yNLh;6423;H0v1;87JJ;ZQPl;C3RA;2347
iKDD;rCi1;wE6H;P8uY;4234;0FFO;huhL;ZUPg;wmVs;9697;I7D5;uL7k;nluw;6Z3n;9581;e7gF;pwnA;LzZf;rZmK;7657;XM6n;4m6z;Q8sr;Uyvd;8256;3hGa;NnFh;xPRm;GNrB;9986
mpEl;840n;PbYg;A0yT;9429;JHIO;7J55;pDXo;NU3D;8035;VUzi;Xb0n;aOhA;46ek;9282;3bHR;bGWV;rAqJ;gQ3W;6697;bTA0;O2IF;MHUP;YAAb;2223;ZWFr;SCa7;tBmI;9xiR;1774
15nW;eVLD;64kb;LvCg;2408;RmxA;N556;FMjM;i1Mn;6326;UgYS;IXbx;HsPV;rwnL;7028;SVk5;255C;gr01;N4r1;2405;R2uf;t9bW;sWhJ;O3Mc;0481;ASk4;th3v;G9CE;fYWd;9230
exZe;m9yb;TcAh;1crX;4816;wNUV;R54S;wd39;Rmer;9708;ukJN;twfJ;8KK2;S6YO;3239;IJjy;uAaZ;rsPU;5ndr;8530;HFba;KMrd;XADG;VR9t;2712;OIaq;qzj1;oN8o;tB9T;4852
2oWL;0mF8;GovI;K3sT;2991;BHtg;wjWE;jkBP;MIn2;6919;NGhh;rqok;KK1X;Sxvx;1082;p8bd;wcuz;gzDg;BZzk;5040;EVWR;LQUi;0VNh;Y12Q;4827;gOKy;PCOk;Xe5a;FZGy;5182
iZDT;fWt2;b7ME;1bWx;2301;Iu3P;fSRO;x00P;EPg1;2243;n2Q1;ybRC;AKs4;GE94;3568;m96J;RTVX;faFO;4t6A;8035;qWTx;7KJU;G1hu;nVnb;7364;GAje;Odfw;Tdou;sZ9D;0231
M7N9;Fg5f;iF4E;pzBy;6184;ZiC9;kiat;28Ui;slh2;4126;ej1d;cOvv;ZaXE;IJou;8009;Shvk;qWdq;9SKl;PsoN;7834;eDaE;ppAv;1ICC;kWaA;9994;6fYJ;81R5;GdZT;JBMu;0385
GKOb;Xssd;VMM7;O0hm;9127;VCFy;toCP;MvCv;q0qg;6434;CYsK;KUvY;odC0;5JRA;5772;qchE;V9fe;PQrl;5et5;7640;PGX7;ZpkL;64dY;qk84;8687;udMl;TLrV;CYK5;MLmR;9423
Zq9b;lqxY;jZ5I;6OpU;7128;IkBG;8GRX;gVGA;0zQO;9313;8eLR;lFn7;M0ji;nPQu;0750;ascL;VWpv;yUPm;lz8H;6595;QzPE;TQgl;ABXZ;kaKr;9882;yp6A;zYZY;iNtl;uQoT;6792
NiOr;LtH9;EQNm;m0uB;5420;zyhn;988N;fb46;a6Ld;0591;ELPE;mClr;QoLu;SSAe;5382;3H2T;MKIw;Gd9S;jqCx;9041;geGP;orOy;osXm;rJ1A;0883;UEHj;D2uj;9uiw;eHXy;6654
ambG;tTmH;1P1O;WA9D;1512;Onoy;rc1A;07W0;PLn8;1395;xHPA;8cdC;jl0O;GLiB;3924;W01o;vmDb;AA5u;5GcO;5336;ybm9;S1yS;NbJo;LW8I;2765;MJk0;QJRz;NlQl;thWO;7834
m0gq;gikw;n2Cm;gkck;2356;cKfW;u3gR;JxE5;IdA6;8545;NnX0;Kvsa;Eu6a;OjZW;2314;iB19;X7EI;UOn6;7Uv1;2030;bIXm;dYT6;qSEb;aGP0;9353;14yg;4w6W;pfjC;426W;9602
LGgs;oFJT;Z8dH;oMJn;5651;fRvR;jFhG;Zsfb;hyDw;3187;8YsZ;v6ip;h92w;7uQ9;8961;kjDM;USQd;3azO;KGxh;3301;p5As;VSMK;oA5A;iemE;2626;1Ape;aHCd;7m9a;YigQ;7699
VN9l;YPdo;oiI9;CZ9S;3629;Oqwg;lx8u;7l0w;SiuC;2504;CSqm;6WYS;xw5P;6vn3;5069;K5cD;13J7;zoDT;K4uB;4747;1GMv;Fz9C;Nvsp;R17I;6270;Xe2s;bOm8;gzHf;bMlj;8129
thZw;4iQ0;Xavy;VQGo;5069;hTif;Xc8a;vSg3;YYeE;4148;BnLs;umB4;3z2k;mTSh;8767;XJa0;QNsV;eZ5U;an1m;7691;bQvx;Xi7W;rPgh;3mMZ;1286;exhh;yTGu;AsvP;1hVs;2861
tOSu;qtap;Gd8M;wyYC;8893;qQdJ;aDH3;cxBj;Ftfh;7978;UUX6;xxQI;F9cM;U1m5;3582;6U0m;vRhx;ozL7;lHPD;6919;4FS8;Y6YV;QVYZ;me3Z;9048;6BM5;xEiO;6szI;B3OS;5954
g4mw;Nnfp;KoS2;A9RP;9329;RbUg;9zfc;9ZpG;gfpN;1181;5ouU;d8aj;soUg;1CuJ;1372;nG7i;6FaN;jUam;Evp2;5751;IZq0;cSeJ;SqIm;fses;8263;FQPv;FsTI;pMmT;HEcy;3076
048i;H5v3;Z0er;NeiB;0039;vYUv;2Ayn;Iuqh;bm5Z;9959;LgsJ;CmE1;avCZ;9lHp;4831;JeIB;eWrl;5tl2;wS33;6774;Ejs3;WaF8;L5tH;0H67;1382;mu1x;ojZr;TOCR;7FFV;8948
SakN;rRzy;BsXP;7Muc;7830;ztUT;jLIc;R4SI;2OGa;0691;xHfS;sqSx;YGwi;zY6C;1854;Awjf;bRSN;Ix01;Ut51;8330;LThm;K1bL;LJRN;ltiS;9275;xUyU;nS9x;ojZi;rSj7;4048
WNd8;GQpY;I4DV;HHNy;6012;YmvW;UP7M;Wwk8;bhuf;6565;2sMA;WWla;0AEZ;zkOs;1954;gMxm;09OX;g4eR;OzA1;9831;o3xF;4wEh;1Nqx;7dcb;6655;DCC6;12j4;lSPz;COGu;5124
ZczJ;urkh;tDbx;OGQa;3210;85Om;xFFl;mWaQ;aiEd;7206;tWF5;S26w;HuEF;Ze51;2534;KEoQ;xaQl;BB7Z;Pza4;2174;AHN1;n1bq;0LsB;DFZV;2347;AOcz;osD0;Miuk;W6oP;4798
Fm5Y;qKM1;2amL;Y5Nf;8320;RCsN;2oPV;IRKB;hMWg;3969;dwsG;8vI7;vCgE;QXGG;6751;fDOL;zFBH;A7Td;RlTi;8634;SXkA;ydNr;sqlC;fTiD;3152;UuqV;pZyB;hHYA;CzOf;5156
I88s;o82N;SWZj;T32A;6619;KxLC;6yRC;XwKW;2mC6;8328;5gvj;iTkQ;jjNu;T99a;3705;3GKx;AUG9;wuDZ;1eoL;7148;U1Yn;C2t2;80eQ;MEbk;0065;WoNe;31de;np8J;VHmo;1188
NDq9;4LXD;BXna;W2jP;9013;ad41;EvPx;oozL;2EXo;8892;4AUN;5zBg;1erJ;dGdT;2852;nG5R;rD1X;VLJX;6i4b;2685;v1tE;idWF;X1Al;i3Yc;1216;2TM6;0YpW;eXdh;NngE;6104
QOko;IRsD;e7vy;RN0G;8686;ACAf;guF5;X1mv;Xq5h;9517;0BUr;m9jY;0bib;uyMC;1217;5bGN;pIaU;lZYl;G0lP;0932;8bC5;gQeG;g5CL;P3Vk;4776;nY3d;2bGS;5Qu7;q20A;6909
lBrO;zgUo;m8Rc;Sc1H;2924;zAx3;GZIX;5Nm5;zcr2;2989;tbq7;PsWa;Exey;2VUV;1948;ceOh;ynh0;g9Nj;0Wuu;3724;7JaG;CvxX;qmx7;IxCm;9553;cedh;iheJ;MReY;08m1;1315
CEPO;pRi7;ygJ7;mS88;1055;ztvr;qZIa;38wR;wedv;9505;flbV;1HuE;gADO;k1qz;9357;TyKe;OqDH;myWS;1MAG;8796;HLfk;Mb99;Zf2Z;jN94;9209;cVvt;okbE;GkMy;h9A2;2883
yRsn;Jmgz;if72;PsWr;7136;c3Fx;mWub;UV8y;c7n2;0281;kRAT;0tdu;sTKO;BOfW;2991;wbfV;f4vH;tAny;i6g9;8957;ztpe;rpsC;qIRS;nDuF;3263;tbdn;S7Lw;TmBY;2tp4;7096
XOT7;0hhG;N0mc;10fL;1371;T6nb;oiPq;y30I;IPVX;9996;88O5;zDx7;21hn;bjc1;0221;PIci;FX6Z;w8fF;n4dV;0090;Jnrp;1Az2;XmuG;TPEz;4694;okbE;IdXm;jQRh;qhDO;3852
KFew;DSEO;7DHa;yzva;5717;IrG2;hqLf;Bkq8;gJ1u;0015;Kmwq;IXOF;ebbX;XNid;7529;DRHf;cau6;pI4r;og9J;6799;0gme;bf6j;ZfBo;Bq21;1280;lFhl;WCxi;ulrs;PcaT;5772
7FDZ;nGve;Qo9h;K6pZ;3533;rOfC;YUzJ;kjMG;46mn;0191;A1im;VKOq;Doad;G90w;2965;FsJO;tQBP;J7Cl;Gsnm;5943;wQcY;jlAh;iLrF;NEKi;2462;x9LH;C30K;CxGe;2vt8;5714
uPK6;QrFn;DMUZ;Wr4v;6278;KIV2;oVTR;a4n4;w4xh;3402;Hdcm;Rlao;EJaE;sEHD;6600;iEXN;kIBX;kVH0;F4VP;2994;wFQR;oyux;vCLf;xODZ;0755;DAH1;Spgr;yEws;NiIP;7347
DFrR;W9SV;yqex;svIo;7496;qd8t;AAc3;NxzF;5Qsi;1193;xhrn;NODX;F7zM;SPOd;3956;Yqft;gip7;WWWY;lMQo;4996;kPrj;eMVq;Fvl7;NdMa;5562;k8Z5;4kgW;6zCb;tSMg;8890
hz7r;dYvx;4sI6;DzoR;8061;TvID;2UOJ;1lqN;4WBi;3922;QQ7p;94Tu;ZEBz;adcy;6734;ahwQ;aSP9;duEk;zXkK;9731;Z60O;KXJL;scrQ;y72x;7875;7I4g;QJVe;uWIp;bkmr;2600
Xj0j;D1mc;NnYF;EL4h;3757;87JU;aBJ1;QgYP;locE;8224;tqtQ;TIFQ;rDBN;tmGD;7785;57e4;giYG;QMJX;0R7C;5133;dsJe;hvy4;fO2g;plvl;7972;aCkX;FAdQ;1XC2;K3zQ;2317
YGs2;7HEQ;eXTj;gwCq;2061;999g;Hp1m;PnAO;eB5N;9222;QatJ;TMUs;R1bx;oeWH;9074;WQ3e;9PE3;LaQt;dtHe;4610;O5Dr;ftIS;6tuT;VbI8;8981;vC7h;b92p;Ba3t;R3tl;6784
i986;jJ9g;rBC1;FgpW;2241;g9p5;kE84;XVQY;leZY;0450;guzP;UqBW;xcIL;YUEx;3633;kT7w;D3xG;NTRT;iE0F;0568;Xbqf;yi14;F5f2;4yY1;7061;AUhx;PFmg;6znY;vqVU;3978
PYFQ;Pvp1;94Jn;uZhg;5889;CY0r;SSVQ;Lthp;60Q2;5683;4Kzc;Papg;gETC;Lfvc;8056;oYgB;gLwC;kguF;KQ7N;3261;joVi;OTBP;3OEJ;kZGk;8676;Z8Vl;EzKf;5JSe;BiI2;6368
jGeW;tlBa;UrC4;KRX7;4897;7TRu;ZUR9;lTPp;MwFz;2204;6Ndz;w3SD;kWSn;gPg7;6936;YGCI;xwk7;A3oX;xVYN;0947;aI41;BcfJ;w8kw;G4Lr;8652;J3SH;Fd6q;bH7W;ZrLv;1584
tQjR;DFlm;QtF9;mXFH;3633;2Om3;gJAZ;mcGZ;f20M;3283;IcSE;JYv7;kbNG;qsHi;3049;UtW1;rZz9;IygE;6tLJ;0808;aYv5;Lcv5;lzZA;pq5B;9351;UIrq;eIVz;xgm2;m22m;8477
6jbG;VQoQ;yubC;wYd0;2746;HW10;LZuO;eA3W;gqOI;0024;QvB4;xlE1;i98N;HNdJ;5180;qtbj;gRVI;RjtV;Hpwf;7243;aYw7;BK2o;OlTX;7IA8;7334;gdeG;Qzsq;PAsc;yQHF;2537
81dK;pjoL;eeey;rq0U;7128;YnSK;P2Xx;lCia;tUUv;7671;nCq4;TSNw;5MJP;V5cr;9983;eRgR;Zp17;jlOC;QZ68;4061;xjqx;VMWD;X4le;Yv0b;3476;XRww;TLzP;iXXO;vn5P;0292
nq1z;VARU;fHZo;nsf7;5171;Xa6G;qHcf;2983;HL6W;9096;BGkC;O1NW;Wfvu;J8u2;5906;wAGt;L2ct;TvDY;tuJA;2939;5X1q;YPvG;tGGO;obN6;5428;MctL;VUCG;epZF;jpba;7645
sqdV;gXrc;3gFa;Guy7;0110;iqqj;SQHm;e5RS;oM3b;3629;j3wN;373f;NDcY;IdHh;1506;FMwb;jw6W;E37T;3xQo;1217;tmfQ;fnN2;b6Af;8VRM;3634;PY2y;mEDd;BGCO;Qb7H;7722
TbeN;pN3N;HmTy;XDII;8390;pJ2F;cpcV;Avve;Gawg;2991;tvBg;dTKw;1eO2;Jzpx;7685;wKHY;2dv1;h0pC;uOdG;8078;e0c7;McPv;tuEu;nf9H;7929;uipM;XsKL;9Bf6;OWWN;8932
DQQI;16Vk;kiNA;Mzxj;7626;tpVl;avg8;uE1N;l8l4;7363;nUsI;snNu;vfow;NKms;0738;C8N2;REAJ;gfmB;3YmB;0442;DjMw;rIKc;8X8e;tQ4B;4429;aTHb;NEva;uZwi;ju7C;4281
EyLx;2ctG;nk6e;XcVU;7570;0SlP;6Jda;fLZD;A2sH;2158;JnPk;A6PP;hbQg;tjwE;9180;beID;v13g;YwbB;cyNd;2995;nqX8;vYYr;eAEh;hyua;9932;zZf8;jOug;iv7a;bfj3;5480
E6wB;OCsZ;6u0y;TJWe;0981;J2zp;eT50;7GYv;mcDV;7385;gEC9;3Eo8;z4QX;DXXJ;8522;MJlH;f4Mr;oFLn;1eqK;1741;0Ftm;lU8S;RqzU;ngWN;6721;gLHa;wVJs;wsQF;aJq8;5846
b8Xn;8fi8;Tr75;F15J;2691;ewtV;mxKb;zjDy;k0pN;1847;vmX6;gWP3;rMT9;rK9t;7378;yQRI;DeTJ;Y3ad;J7cA;2318;vMQf;tDp9;ZFmu;0jjc;0260;eUHC;ZafZ;ROO0;dyz5;5135
FOWk;JW0D;9ESp;IWi2;6840;noQq;3rPs;TUQm;4fHk;1968;umXq;HdEt;zbh5;8tf2;8061;lQgO;noA0;jWTH;Mciv;1379;fmqR;xlJM;NEnv;M10N;3126;praL;c0vs;ltXe;ncm5;1206
I3DX;xdbX;THmf;djwW;1408;llF3;GoKn;Dl8J;ao15;8796;gBcK;y5Wk;MZDL;mY6a;5841;tA9U;k779;zvzP;gvQL;9712;ywk1;nuWv;cL8J;xmrG;3985;lpky;PGkf;BP6f;FAJw;9356
QPnQ;gapM;UxTk;sQnv;5078;lqqI;u0Mh;f29a;yhhb;0266;GkoU;ZOJE;jJN4;s8e3;9730;t2nM;SMGE;DfGR;IrO9;8231;fIqd;Qjcu;DNQy;90Nr;9937;ty33;dQlI;Rmko;EM9K;6027
mKuY;0Lzq;CzJK;iBzF;3462;EqHb;l4zm;tEzs;PZ4n;6855;55dZ;EIwP;3NVz;xpae;0179;k5Oi;zHbM;2O7O;W4GW;7406;ejpp;7rUY;c8qJ;5ERW;1201;Cmm8;ddI5;flG0;ZLNa;7031
Lv4c;eCq9;dS3p;TyyB;0468;hyVf;q9ZT;Gj4a;b6wE;4141;4jCc;WV4Y;Vihx;8fKB;5021;scbc;CXO8;tjuA;1JK9;8478;5vzS;gYoC;QmZ7;kAVV;8058;oUKy;GMmZ;Paaw;8E1o;7785
AXjg;buWC;pOgV;6sou;0821;j1vb;DtwV;SqOg;X2qm;0592;MM4A;dYTT;wcs5;rJGt;4143;zpK0;ziGS;ug6Q;aWcL;1741;RWKu;rS4D;MRlh;y9C8;3349;Lnrq;q8OG;6Her;oIVO;3404
1pn2;naes;HQW5;Oxc3;2973;Ac4G;pDWA;IyRH;NsiD;3006;vSUl;bHG2;DgM6;5z8Z;1545;EtJm;qwal;PTLz;EMss;4849;EmRZ;RXUO;ZHJh;bQZn;2658;1y71;a55V;bhuG;4FWz;2791
4SV9;MHK3;am9S;i96T;3593;GPHo;TDjq;uzu9;tp1k;4240;vZMW;XYaT;9tT6;Nn5n;8936;uY9q;6KTv;vwRs;EuHy;2187;BoZq;qio3;zV9y;lCDk;3536;BTqB;XhII;wd7d;cGzx;7606
vQuP;Yjpv;ZYyH;szgf;5187;YUbo;hZ7d;pGTQ;jsjh;8167;UDwQ;jOpj;Vpho;OosO;1529;csj9;fcxk;U0dI;yauV;3258;RcuD;mrNk;twAz;as5R;0511;cMdG;C35O;5sDI;T3vB;4676
c7qP;ieXy;yDgI;q99i;0581;pcS9;MEm5;p2AD;sVfZ;0454;UOLf;IK8V;EjEu;pvKR;4995;SNTY;yJ11;J81s;K2kp;9950;kYzT;HMFM;F2d0;TLfW;4068;ctja;QcED;J0on;yyMJ;5483
8xBM;zZ0S;1gCS;h7X4;1794;FBZC;ZkLp;pwAJ;I5Zc;7337;Qw8x;2O99;OlF8;SpGE;4644;bt3J;8YW7;6lvf;mWod;0623;zT8S;myVZ;lLRp;Ux7p;5464;MQOV;Fv0i;2dTs;HCBt;3342
FBRz;zMc0;evZP;tMCb;9456;5ecL;hLLq;wLJl;M9Ba;9968;WV8P;eymd;0Kpw;HoTk;8997;ug1E;fmEW;BosO;HKPY;1862;r1mF;FXKa;Fqt3;rsQT;6661;xyNs;HAez;1x4Q;cb7x;6718
nEc6;JpOI;jGdY;VZeG;8929;T7nf;Z7RJ;qF6J;VEgj;3804;d8UL;Uq4J;u2Ly;78MM;0515;YEC5;4j3K;lhQw;q6E8;9407;945X;Y03L;KEPk;nget;6128;CN2b;HMPC;oroi;C2s1;6389
MgFN;NpKe;PLC0;mD39;5057;daCP;UfUL;utb7;lqAo;7128;BSx1;3LGj;vWwy;6uJ3;0577;j0xO;sebS;CIOw;SFLr;3344;HIge;E4GL;uZOJ;CvDc;1570;vvNc;TjpT;GDjr;EdHe;0879
uBP5;6W5N;zmzZ;iCGy;8763;lh64;Ber2;Irpa;C0Y4;2915;YTaV;D4Ud;hrl9;761m;8055;tLmi;QjRX;OEfc;UQ5o;1899;J7pn;INgo;m92H;qN99;6119;fDw3;WBbk;Si1L;FFO2;8979
AhWa;zTJA;1GoO;DqNE;6957;bWlf;QPzH;yjlx;OYLu;0604;eTjk;0pIP;WOMh;4oxr;3767;Uc8h;y0u3;1oYh;fndX;9171;ltfr;V9qO;4DyW;BYkH;9863;jHvX;23bN;UVTk;Uym0;9477
96Se;GFJa;Mfkx;vI4Z;0984;9e0f;m7u7;oFmJ;0RMe;3675;rMPm;SEFd;U1M2;CmLA;9600;5IeL;bW3d;tlK4;OML3;8480;BvBq;Mrby;URZk;ib67;8567;3P7G;o54Q;QISB;vEoV;5105
57i8;vESn;iGI5;hDZV;9961;k1MT;4EaZ;qeqQ;RsA6;1834;0PJ9;cNBS;z7pL;CjrI;1206;clkz;0yvp;EaPr;Dao5;1740;hKog;vjeK;sdDi;kzxt;2757;tRhl;Ddh6;89bP;FNIm;6050
8u0y;jsT4;4Ec7;qbNz;7520;z5dP;JYAf;WMSV;gfW1;4821;VQfE;yRme;BJZs;Pdk0;9871;GgH4;06O2;rGIc;OZvN;8545;zlg1;h3Zv;GO5N;Wbx0;8806;tAZy;Ol7R;8FYD;H9ua;3733
Fblm;FA9U;WfQv;XeBV;8132;Zqrv;16RM;S6VC;LozB;4135;sHvm;CQgw;lWMK;ZqUf;9408;O4aT;LZCg;0VG2;gWwP;7120;76TW;HQvM;bvBu;1At3;4970;2t30;7WpT;CZHH;viJM;3197
YYz0;znDs;Me0V;dYb0;3207;HR3d;C89S;Er3R;ffiF;6831;4l2W;nNtg;WvQx;KAU7;8556;85Lp;W4UI;DVZO;pLSZ;9700;qowl;G4rt;cD9I;fbjm;1797;xetd;X3kf;4NgL;7msr;2193
lv0C;HCxn;Xr7x;PyaJ;4915;9HjR;UMop;580t;h2gZ;4223;Xw76;sAHI;fG1d;amrg;4553;sHHI;KdRZ;MyOY;hnc1;4979;i4LF;2jzJ;eNus;N9iU;4030;BLV7;gnTn;LORP;Pa4T;4463
AGZR;973R;GqEe;L26G;0445;RUvM;iUgF;Kios;Kezr;2896;uWNm;wLEk;ONz1;qNhP;9564;MNgn;JCo2;KzJ5;S70X;2811;ipoz;OLwo;GAFO;gjZa;7789;vXBy;9Sfz;bf0G;9Zmo;0195
6klA;IjND;FgEX;CJ4z;5920;QewL;qzIZ;l246;0oOL;8215;asDx;HObi;AsTa;xz2j;4459;2zKF;FSUA;Kylr;RSKT;6986;W5Ae;5dNS;azoO;DG7B;5161;ez7m;fjhc;0y4j;CIwn;2990
XxUj;XWsp;91Z2;Ugj4;2758;10LT;0T5n;xmEy;8CL4;6114;0q7m;v6YM;HqEX;vl6F;3748;2XET;CSA6;9ZXF;1Kf6;0281;fXAx;C0tr;TDBS;ETZ1;8296;s6jw;NIhZ;xTxx;XD8x;8089
m8AC;QYN8;TpL3;ArML;7357;WQMZ;KEeV;XcXE;OMsJ;5246;ECF7;H6yd;FsHp;F451;8747;Wr2S;9tMA;hcyL;aL4B;8057;fw9j;zzBX;n7LH;5ifj;3501;IBAb;839N;VSAV;5NDU;8179
ExXf;ipry;1HTg;gw7I;8115;sCm2;tv8R;pA5Y;5m1n;7129;f1AR;kfWK;qQUX;GvrL;6321;nSvk;I0Sd;c8G8;0pHJ;3826;WYZL;xZzk;hgCP;wuLF;7114;pbwn;MpTd;XkaY;abcT;5336
i96Y;uyn3;84QD;Rjme;8034;RJNU;b3Kk;0XTI;WRDe;1722;vrYL;t4wM;Y2aq;PbbV;1242;7U1Y;Rauq;yAzD;Z1dG;7061;7KG5;zReA;NaJH;Znk4;7776;2EvR;t5vb;tEJp;OZkN;7494
SF4P;YxcN;ME9F;nvsZ;2473;E60Q;6SfA;pniv;NTS2;3981;QNQK;lOZK;e0JY;NDqk;9128;WJaP;PziV;tJgk;PWYa;8978;CBNU;itK1;DxqV;nWGY;3359;Jsve;k6Vv;CaWv;HRBl;4086
f9YQ;ajM1;hG8z;yMY1;6037;9EAt;w5sb;KfKp;rk0X;5157;NhoF;7Cdf;q2VO;iz0P;2227;CqQY;lTXi;13q3;NVyo;5633;PLaR;6p0D;5KPc;qJkA;9311;WiKq;EoT6;e6gc;U6LB;8762
tdbS;OrYp;4eDc;R9oG;5370;PkX9;l7m7;QWOU;W3kL;0640;FA4e;8oyh;aG8I;NYMS;4695;j6R8;TPDm;XUZR;M0jT;2024;TEgH;SQiL;FuPs;hemX;4759;uKCH;aL9w;gsde;dOh3;8757
Vy0b;2ANL;F971;bdHZ;6707;dsjJ;YE9u;YcsI;PEAa;4639;Un98;yw9k;iKbj;YOcR;4803;6w9A;G5aV;KDG1;bvtB;5061;dYXU;Lsey;EMkT;UQYx;3695;NXNq;3C3n;mUaw;4Qx3;6470
BOHM;f970;SYkr;sdQ2;4336;CuoS;NBdk;enzY;c54v;7315;5fqR;jQgT;JCWV;4ms4;1926;393v;SwGi;k1cg;mRjs;4718;qq9b;TcXI;Ghn8;2eCm;9325;PvRO;Odnz;PrWi;VGeK;6006
JMI6;2Rah;hqzW;zFR4;0655;2N01;ZLMj;Xt8G;nhUF;6190;jgSG;Qt4q;oLRP;s8dE;1910;Laqz;oj9P;TmOK;L1IR;1549;PBW9;wdo0;4Mlh;DCWJ;9502;DZzS;kepj;NKB0;vIlq;5647
W6ov;VQvA;rjnO;gnHs;2753;NmRQ;22PO;LmoA;pVyh;7528;P487;W0Kl;NSXi;UzOi;5733;D6H7;wSAK;YIkL;D0Gv;1966;p022;Kb58;KFAH;TCWj;0527;gA7U;dWfY;Mhoy;HxOT;6598
G4Z1;eCWh;3a8D;QWBd;5521;htr9;jNMy;YWPG;6DL7;0440;zEKl;YXU8;PpNn;FutB;0022;2uZA;hZiL;7WmT;qBp9;4922;WGeQ;k1WP;QURS;rQZj;4191;L580;Jsgy;OsZr;hSGX;5134
ioJN;8ScO;X9zO;kK85;7107;7TmY;yXUI;nEBQ;T6fw;9334;ECWz;UCpl;Lg1v;BbS3;1387;wiZb;w3QZ;ZG8F;QpUj;8107;YeFT;cyXB;7Imh;E75n;8945;CDNc;2RsH;hogW;lQA0;3822
8dDX;kBgC;e0i4;4ard;4997;8e0T;4Gmx;oJny;6Rs9;5015;Ux0A;1a9f;vc47;CgMg;9999;SwdC;fbIh;nP7W;lRTh;0708;VTt5;FxKY;0nI5;VCny;3620;KQhh;bf6q;pPVr;StLH;3176
XbD3;G5GY;O5MH;8cwK;4305;Vhts;nduw;Bg77;xT6T;0159;gWcl;kq1I;6tjm;80Qo;5022;WMhl;d84T;haWb;3syq;2390;lzh5;jics;4sjK;NRdg;8748;wpmI;DAT9;xFp2;w8HU;1404
4Fkm;9tsH;fgP2;XNVF;2043;Jegl;HnJp;Tevh;kuV0;7165;lN6e;nlSj;C74n;o5Mw;8139;rNZG;n9i1;wBZz;IrqZ;8380;FgUk;gniz;llTD;McNq;6676;mFj8;GhmW;353H;eGD0;5209
GFjI;f3i9;ErOD;U0Ta;9414;8KLb;Up8g;ugNY;2cAP;6397;uwsY;tiAl;06Ty;PPIs;4867;Iqiz;5MYq;ZOHw;tdyD;8041;FqBE;rbyJ;SfD3;vfkJ;9567;bBnW;ZkCq;2fLJ;4jOg;7688
DM2J;lSts;jW70;pLth;6582;Qg1w;MYyY;MwG2;F80V;5399;IUnE;72xT;zvpu;cXhF;2923;1kzG;9jSi;zEY8;Cej6;5740;PEjh;Ri0U;6wua;0RhP;5060;hlgm;zOrX;cQNp;IEOU;1722
6gBj;Y9Gm;RGqc;976l;1193;Q2np;etqC;Awsy;roBa;5219;jT9z;JFJJ;y8yw;TAvr;4037;Wpu7;0ck7;l54R;oOFC;2695;oudp;Q1zW;oAMe;ugvJ;8544;M1nE;A5Zm;voVh;rJfb;2602
NpEB;4AuO;Suds;C8TY;3425;dt6Z;REgo;Vrer;P1Lc;7344;c18J;LlR4;zbjz;0740;9560;tR4F;2bNN;vVKb;QUhK;4527;s7hY;8ON4;Djdr;N3vz;1079;4Age;pmlq;dM1k;DlxA;0781
MN8X;WJcO;BFyX;92sp;7831;OtuM;fzrF;UhT2;uEmM;1163;u8UW;6MvJ;qtFH;jEoU;8302;jr5I;kOE7;YHqI;CE8r;4890;nXBn;LQIX;1Tv4;Bt1D;6517;OlJU;ikaY;Bqf0;hBIS;1429
elMF;1e2o;icQc;eoMx;2706;G2vC;6vZZ;LyIp;Yshn;9299;y809;Ye9C;YDkB;vLKR;5512;tFbE;lADi;vgPe;UGhf;1447;f31i;4Xio;1eCz;etR2;8604;QSrZ;MDZF;84gj;h8mu;4039
9o6u;IDyM;rKTE;dVjo;3008;9bTT;vWcA;VrvW;yOt1;6983;XoI5;DR2s;CzH6;JcWj;9130;am1Q;hUd4;0vo4;pZSV;2239;KcgO;ttLd;E7jq;6dO1;3816;7oSp;SRmt;EMdr;WleK;6855
Vce6;v9ti;C75J;E1LU;5884;vvKG;yzIA;oTJl;IS7c;8051;EsI1;KzgX;IsVI;8NSL;9613;qQzd;DdD4;CML9;ASP2;6153;El7h;d44v;CCqK;hGiZ;2480;1X4x;brIJ;5HpR;k1fN;8775
qE0E;hXnJ;d8Sp;Fhcm;9275;q8lG;J253;QUVQ;gg9A;9956;LUK4;IJlQ;WPU7;oH1B;5315;EarA;gm5g;SGq4;YXIb;0962;nCjr;01BY;5Oav;EY1g;9695;yQzk;vaW6;8GfQ;ub0y;6693
PPRi;3RRr;EYbs;9EuS;7812;lmZE;2sc1;R0tr;4gH2;8149;7WOn;2qjM;X7BZ;g7Az;7344;ZslQ;Uvm1;5kxf;AZNh;8023;LJ3H;UlKr;Gntn;3sJp;9204;4osf;qDcN;ocMI;VRXK;4374
SKSy;KdpY;840X;c3eQ;1725;ww1w;gGb1;Xd5A;u1DE;6712;TBwK;W1wQ;sdvR;Lz30;8053;8Mjy;w3No;Cu5f;CCVz;3338;46vL;V1xE;3tst;73LI;5071;01MW;Bp01;0mxN;Ohed;4275
3GwG;UbeB;iB8d;J0IF;0914;FmZo;AttU;UKEM;voz5;0877;768z;UFwr;HuRn;zgGh;4677;Vdof;SLE5;ZRcd;wKwg;1136;FPxk;wPWu;NDhr;Sr6I;2474;Nu1X;BXvh;5gvP;YS8B;3719
LJ63;CUFQ;vrwG;s7cj;8917;FFbb;Ckrc;HdWs;R1u9;9619;agvL;1nEA;z1mr;jrnt;0641;lU4u;wMsD;IMt1;AvHt;8864;gXkD;5vNu;aW83;vnIJ;5424;c99U;YlvW;WVDU;jCcQ;8971
ggTa;StGu;P0cQ;c4Cx;1099;SG9w;B5DL;r3kT;9r7u;5865;SWpc;MNyH;ZUHo;5VY3;0823;WENA;5D5a;Cy0r;w6q4;0627;aFGA;U70K;A0RC;AzEf;3430;fDkg;rYDR;h9Yx;dEz5;3974
lNci;boFH;X6G3;jF56;3214;7qM9;tzO1;2QE3;sIfu;2542;jpW5;3vIU;fPee;Od4W;6824;1xN0;0aMZ;nskC;fwvP;4804;xBgc;mauw;eOdc;YOl7;9940;RcMG;wz5r;CAzD;n2y2;0633
b69s;QlrA;f3La;F0ev;5029;oVGy;QZi4;UHDR;sblf;1973;0pD2;DF10;pAYu;6SxW;0334;Vnvd;kSGt;nJq2;I7pU;7557;6Ehe;IiXL;T4Am;KXu0;1004;wgVG;DkMt;1exs;EUKT;1960
dXwV;v6Cb;eaYQ;e1Iu;0156;cwk8;gzNa;ZluS;6pEg;9231;Lf4Y;TLUh;zLTF;t3gv;0460;a47C;T0pM;TqZm;WoTp;1641;ML17;S9rq;KlFC;yOHT;4550;wEnd;Q91G;gz6M;YWsY;2659
JW6O;3w0i;PYwW;ZF9x;8811;RvJ8;9TcK;glJ4;Fkvo;0453;ujDP;7Ivr;YzUK;U9lt;2148;7pa9;BrRA;6GgW;skAf;0423;rdXv;8iYW;yKxS;6HTB;0269;vAjM;fDkb;fRio;icng;4319
X0cz;5CVE;koDv;yi29;2213;l9OA;iG3k;ro3B;qZ5d;8161;j3Cd;F9VH;Eb34;t53g;6507;sUVX;Lu5T;3oyV;RthG;8512;Qdwt;ScuS;hIU7;CKHZ;2013;fwDO;l8WE;zUlp;CGTQ;8375
0akg;QyMe;drSP;Z6Ix;7375;Nq6K;HmDm;J2Uw;6jX0;3795;ih7f;V7Uc;LljO;LMxO;5380;5Di7;mIJz;yeBw;PTqK;6996;xYpb;qzDc;FwN8;cagC;3620;1XPv;Mufv;q8eu;Jdcg;4489
cfBZ;o0ae;Wjdm;ef0u;0429;jpir;V4vZ;MJBy;6cxx;4729;52Ho;8CZH;xDUC;UErk;0706;wEIl;bLlF;9WVc;uxph;9858;bBai;iK7m;qC0F;5La5;2416;DVVw;IgOR;uVI3;S0VE;2673
JYlg;bOUw;5en2;kPeQ;3166;sBOc;nqYw;eTnq;u6qR;0642;W0gD;24Yr;3FI5;R5to;9777;oCf0;8lm3;TMq5;svkN;8578;twrw;rL1v;gyMr;6QPU;5886;h7gh;MT35;zMNh;NqVU;8833
yjBl;fWMb;CMxR;u4lf;0269;Br3R;EBXu;UcWT;nZs0;8610;3gbb;zLJb;akVA;ESwR;5988;sIcd;nEPn;O9Mm;DEAl;3020;PBfN;UED6;4UKS;zMMJ;8244;AJSS;k41c;ZXT5;92EB;6143
DXsJ;cOYR;6pWP;JAJp;1981;r1kG;HPK1;YFBd;5jp9;3174;NwxJ;IgPh;EcWL;96ct;5463;nzHE;Gr5H;ApiX;0faZ;4745;k0Ap;IQgC;WGE4;3DsR;5652;7aGg;Ambl;eflU;JMDD;9431
XeZJ;aZ9u;7AvG;HrGD;7846;M3CO;pk3P;W6Hc;049L;7155;R1yO;0mmV;SEYX;pDpc;9671;sUz2;HnUG;ZszU;IiC5;9608;GpBC;BmDG;52dv;1fqd;6302;OQMn;6Zuj;I4Mw;WUeM;1433
vMrR;61io;RnRc;5RpP;7934;GOLf;Nl4m;LJLY;DPBz;4940;OjkV;dYzx;PjXq;JcOj;7041;B7vR;lr7Z;hGof;Qaek;5306;Z7JY;7msN;Ssnz;ZP63;5669;3LEi;73W1;54fe;Ooji;6491
kgAZ;3HEs;8Ut2;IXiA;6037;BYrc;aVZA;pJsx;fbIu;6380;ktDw;CWoN;XSan;Ynva;7282;5ra8;OycC;UlTt;7PJE;1929;oE7L;L9yO;u8Hl;FH3M;0723;afid;iy5d;iqN5;SJHc;6656
9H8U;Svct;7yxJ;aZIE;3019;R5fz;8pr6;UrBt;txKl;6363;PDnT;zZZ4;4DU1;Bha5;7746;FmMo;TBMz;yfh6;Xw6y;5442;sjSL;eaAB;do3I;46pC;7430;M3gG;2cDw;10Ml;y2HB;3178
pAIO;0Fcz;alRi;C9Br;8291;jdP9;ViUg;9jzM;Gasy;2641;av8i;giiQ;rCHo;6zfE;9088;nb9M;M1HW;PfjC;TC9U;7955;O4RP;M7S4;Jm6T;e64f;1158;BBIZ;a6sJ;8V33;Ll0d;8560
o5xD;Ubvv;fIMX;9EWM;1221;YkrG;9fws;geKe;OfHU;0579;oUCn;2Cs9;mCLs;cHui;2941;0bqv;wnO3;t9Xu;Kq5w;3127;eZSh;fQIb;hKqp;hBRJ;1968;gAu7;3L2r;S4jD;2QME;6868
dl8v;u9A9;Qgg1;c5vM;3695;knSd;DVff;smX6;AsTX;5495;IS3M;nIns;Fpw2;O2uB;5700;bxqV;AAIY;qYNC;Kmam;1869;CiKr;7SUx;iGR4;7YcH;9005;wjmh;0hom;9UlO;BozZ;0797
UMoe;yCfx;IIC2;FpqF;4996;xPM8;wLmC;nEp7;YyoR;1419;ec5m;cA1Q;4InH;HZHg;3672;nQny;Cw5c;i2uH;5afA;4577;EveU;iCBN;ZTcb;NkVs;3135;PiPH;nh7m;W9bW;8jqJ;3036
VXzl;anjj;s9eR;rJJ5;7906;4ea9;9tY5;oqmA;vlBU;8407;pcWj;KPrF;V2vB;dJll;6984;58cS;IRBG;39nR;2spL;3892;o0IE;Vc6r;TKEO;h5ic;1618;mRiE;efSx;0qRQ;jEzx;9111
9Arm;5dfw;9Trl;Kt6X;6405;Clu7;6Vu7;2nB6;6X5U;4590;Rue7;2ntv;93jB;UWfE;8668;mECt;7dGI;zDgC;UZ3w;9005;LmSn;h6lU;P0kM;egp0;0913;0EVy;57pq;EsYS;Pfek;8233
56uI;arSy;YITt;AHFo;4927;YXlF;pf7S;MggY;lHkx;9268;UsXY;9q5c;AFDQ;z9J6;5583;MJ4V;EZih;z5KD;9Mjh;5961;Z5TZ;dyRT;PLHk;7SHh;5616;jVjN;rkSb;pnmo;rTKb;9328
pjav;FZ5r;IrYS;j1DP;2548;nvAX;la2n;MI09;WdAE;9030;FT28;hahI;IVjY;zypy;6712;bHTD;G59n;p8aH;WRl9;6069;XUfc;BUWW;dFuD;yQ4C;9733;e67x;3mHt;UvSx;kxDf;8264
se2B;ZpVA;IFlL;b0Y8;2271;mCl6;9JIm;CUL5;HyFT;6433;U2JT;aPDz;ZOmP;rBwN;2238;Stz3;mtXj;X8uf;Trgn;5777;UZ0D;MNY3;43HY;BkOq;4395;zavS;Idwf;Dhem;2105;8531
9Xpt;yovZ;H9UK;xKzG;9826;btV4;Q8oM;ii1v;Z8n6;5573;lmE1;Te4U;Yepz;DggT;7198;Q0iI;ovz0;ycBW;PvgX;5883;tX2h;ck2R;U8hG;kQBp;7161;8Oug;v4Ad;E0WJ;6mE2;4442
3jAt;NmOH;UPCK;8w9y;9003;XQyQ;f5T4;6JCi;jiKz;0324;2OyL;gkWE;nHCC;H1Zv;1842;6oqw;Q3ej;0bcA;3Lp5;9592;uqI2;Vu3G;0Eya;WQSK;6966;jgIB;Pzhs;0Nm0;On6S;7198
C3ce;lI8W;2rp1;mJGX;5045;fPL7;Pwy5;igRj;q3L9;8242;j2gr;cZMh;L0pL;83Yb;4838;pGya;430W;euPZ;Qrn8;4571;pd5B;ynfD;N9AI;f4GP;9225;cQMG;G0R7;egGa;jKjN;5002
Dug4;8eOx;2tch;I3lO;9539;VbLN;3jZu;JgNR;Nvy2;8732;Gg5z;WyiH;LOPY;1FD2;3008;8cLV;mvaA;676G;h0tk;2010;vnfj;5mG4;cq54;CgnH;6337;Jxl0;UfAF;TVrA;6hSI;2520
K7gg;cot7;Tt4l;Qhny;5249;Tzlf;iRD7;DYMm;IFCZ;9226;UwHh;ilXL;xJcn;yCac;6197;jUx4;AMem;uWWN;0TOt;9709;JkII;il8m;g3cS;RUWv;6769;A2Y6;UKcs;CUSL;h0qD;4914
OKzI;wcFK;UH46;IHXC;0026;S3zT;iwhM;yJ00;os1Q;1323;xAPE;twx1;TmvQ;neZP;9097;QCuG;nUxY;JTfL;VEq9;2381;1MsP;eswP;FKDX;oYpq;0968;Gta7;O6uE;jRZB;EwK8;6237
ZXZV;S5WH;GThr;rjQy;7285;nsCs;4y2w;DKSo;OYQc;7484;0JHm;hpLI;otm5;Cf1L;3715;MsCw;r3Zd;6URL;jX4V;2856;q2ph;n4RC;h7Lo;7Ewq;0569;7oRt;6Qtf;hcgL;yDzr;7796
Ef5C;f4SC;CsW2;iJWA;9423;o9ZK;fCZS;Hgqf;bSXO;3527;W47M;GduJ;i10E;0Lbc;4037;iHHj;Yj0Y;iDW9;vFHp;0029;hlav;dMbg;8IBc;qZ0Y;6222;dE2I;qbkO;yf44;Trp2;8367
gO8T;Rpco;nzlv;rjhw;7745;av9T;Fkkh;iUvm;SSw7;5096;fRGF;yZJ0;KFBu;2LOR;1738;O5He;qz8A;Npad;78xd;7859;olMY;zXP8;RUBZ;bvcn;8212;mwn0;Ur1p;o6K0;VfX2;1794
TYDg;Coqc;dXeA;bDoT;1784;xScP;Ch8h;AbRC;7sk5;5095;6gDW;WK8v;2AX1;BO9x;8172;LDGN;igoY;xLul;PhxY;0047;hlEB;rRsF;nLl1;Rbda;4261;RWiO;19QN;ccY7;jcST;6317
edHN;8UAv;pYlq;jF8I;4985;QLIV;hoJC;BpaO;yKuS;5921;gMyx;QF32;hqoe;l8sQ;7965;aFKm;PC3g;IU1W;5UGv;6853;vBww;Bplk;KNRb;AZyb;9761;TP57;Zdc4;Jv4B;tDEw;8623
E2oB;0o3y;IU6b;koqS;1915;lXuZ;UU2N;DsR8;hZJB;8714;0Hbg;x8x6;h39n;U9b0;1961;MuL0;WBp1;a0Jh;0RSR;2308;afhG;rLPd;4vJy;Lx6n;4969;iU5L;Zzfv;Uro5;u1EK;5469
qMxI;ijpJ;KueM;JARE;4280;V7jD;UN2M;CPST;UiUh;7278;cU9g;IQcz;dqVE;DmQx;6014;ADrX;1351;undv;hbdI;5161;2bsu;33e6;GzeT;uSBh;8849;3426;68cG;VlY9;lBQs;7296
tdQN;hUaA;KTWt;8Rj3;8574;Mn65;U7YD;3pI4;t3rA;0229;XPX5;iLiX;zd2c;C0zP;0223;N8J6;Izcn;RrAH;nN3O;7136;sbJY;pniM;dvwY;GL2R;3674;zP9R;vVHe;GYuV;Bfgl;1647
GEHn;0m2P;g6l9;FEKX;9081;lfIm;j4Y8;K0zP;yzN1;4627;Lihr;eWHG;xzN6;xfMs;6876;GBlY;GRpn;kedL;la1N;0524;IOZO;Fu7s;tbNm;T4ZD;0086;LTWf;LPae;yKN2;VFmH;0203
I4oE;AYYs;HPkP;Mqdc;2888;RuoR;XaAh;flod;0aQi;3064;rXUr;IE8z;H6sa;Xo63;1623;7RsG;oJ2m;cfx2;qMoA;1077;CSYJ;YM7M;G672;sPKS;2414;fK1s;wLKU;Z1dF;FwGD;5070
6j9j;ptf8;QHxY;GpeA;9438;MoR2;E0NQ;VZdo;tu9o;9346;qkBP;yQEg;g6FI;vq9F;5830;Oa5C;tjQz;1p9a;Xy0c;3282;Alho;WEcG;2wZ5;NL9P;1599;UpTM;PF1k;WpM8;r1d9;3694
kv6P;dkOM;72LZ;icbG;2102;XUJp;EJkb;OFNZ;oQ0O;2220;Ixym;NSiE;PAUf;CNpN;2112;BNT2;RBZ4;iwxo;uLNk;6056;POJQ;9H3O;M44J;sBeU;7135;fgTF;FEik;sJVi;BDrs;3658
lycf;Lfcd;HlXg;rfst;1057;etV1;qCr6;tj3I;CNn2;2818;Kh37;NJSr;3wUY;s6A0;2369;8fCT;CAQK;tvVb;IfXO;9227;WcN8;3fAS;KmiB;D7QG;2905;GCef;buBy;s1Ao;MBOn;6947
u3eq;vTBt;5WMj;n1rG;5838;EQ7X;BnNh;Vas5;NUqq;9797;F5D6;sTK4;SUJO;zIYx;5369;pyNv;WaJe;eTQw;nBAc;1110;wBdR;E3Yf;H7pn;7sr0;9022;zJfI;sS0F;WdIh;LmHJ;7798
TaHW;MZFq;Nrhx;G5Ic;0412;mkQJ;EGhc;62tn;qRGE;4777;fl0u;kjh3;Ds7u;UWSi;9375;idsx;xx6b;weie;wopO;7562;I96K;BF8t;fFPH;zQCo;0973;1wrs;n552;3u5g;vd7O;2353
EgjX;gGpe;arjt;SpvH;3709;VOB7;NCmu;wbg8;bjJg;8699;KPUM;O0ss;iqUd;2u4n;3958;STRK;eie6;ASYH;ERvA;4509;lcri;eRvu;xErh;RqNe;7137;Z9TD;OFzL;CfFO;WhV2;3179
4Zcn;fMM3;uKTq;XxHY;3076;0e3s;PceK;Ytzv;6TQV;6970;n6nl;ECjr;hq5b;7VXA;4713;bH8a;qMlF;Yci7;wcs1;5450;18g7;j6jf;Q5k0;FPam;8503;Gj1p;2Njc;MYcz;KJIr;6795
Bjte;EFlo;QNpE;tlog;8840;UzpR;kMR0;LmMj;ECxf;3575;T2Vp;wOav;bqNZ;AlI8;1556;64EH;qJbH;lRaa;AAXt;0692;cur7;NtiV;gw8c;CP2z;5158;v1HI;Remq;5Rxu;Fqv0;1929
MTRV;kJvq;zYlv;KEof;8313;QoPe;4REG;fThy;NRDM;7271;EleW;lS2x;UrnX;ga6t;0954;oPdG;8EdI;j4fL;yjpx;9936;IHJP;WKWL;kmnh;c286;0307;Xayj;rh32;Smth;Cejo;8835
5BSq;Jqk7;BZa7;Bm6P;2044;N1mR;lZzm;C5rU;yjkb;2605;Sy1Y;hOxw;Bu9d;BCzJ;4537;UFul;nlLF;1vb3;TvGY;5613;Mhke;de6o;83sJ;Vepy;4846;ECDW;dfoH;Aj8k;BpDK;9485
GOt1;wcDF;Wlfb;xyrD;3377;Wucw;LsCR;meMe;IE0A;6016;VsNt;fz3F;12xD;0pIl;6677;xFx8;MK5y;vWWK;wGqZ;1640;JYGa;uBgb;7bkc;oV6a;8911;Qdxd;KhON;D8Gm;zWKW;7705
ujLr;gksr;fRUP;qlgX;0065;bBCm;HY8O;Fo0S;Gb71;2987;Qwz3;iT4T;4ePV;dVBp;3324;Fp2W;Vvep;bKOt;ylvS;6052;IDsa;hGWj;ylXi;IjfN;8185;EtR5;gp2r;2GU0;kTvL;5579
Pmxr;oKrO;ZMVC;8oXY;3009;sGOd;L2wY;zHVk;IkQI;9952;JHjQ;mOwH;64oN;VfCJ;4986;R4DK;wM8T;6bRH;cnhb;3650;NXvv;wlpd;5Myx;L1Ol;3227;Bewm;dpFR;nOfc;02PT;0373
m6ac;HYCF;Qklq;8pIA;8796;v0J2;JU88;3ue3;fQAn;3856;Ibmx;0i3M;CTUn;nuX5;5110;LzOv;TgYQ;bXXB;2LWy;9800;I08Z;etDz;SYyA;9fyj;8973;8wWX;sY4V;pQCW;EyXR;1210
fgD6;d8JS;xrat;E4Xn;9718;Hmhs;0Grc;3B3P;ffaJ;7589;Pgop;OHSE;9JIY;nqUe;3103;GE5q;VUEM;lq9G;nieI;9463;rjEF;VOCT;Wu82;O7ko;1889;touJ;kaAn;YdHS;SQXV;3415
twxt;j3ev;NtZw;ptn5;5434;wMTw;vS0M;eYFp;1vu2;7745;acGy;kjq3;ukuJ;3Z1D;9693;3IFk;vV0p;AZt7;cLR3;3508;ITWW;3SQz;uG9b;9mLU;1522;i0rY;BqSg;JPGs;wbNu;3252
p9j7;g05D;zxpt;rzxf;4104;SCAl;ZELU;HpmI;GyRK;6443;Slfj;X7fl;6Al9;UoQz;2384;I5qX;kmQN;ArLa;ISGC;9263;uRml;iJik;Nu4d;mpC8;4212;ch3J;CKst;V8rC;2TFD;8151
0L0B;N7BS;EQFk;p7Un;0558;gOfh;aAUb;db9c;icTC;4401;Bar2;NUvP;TjX5;0U2V;5425;vSin;z7zx;pWHn;dQL6;8341;g5Jt;PXn7;loAT;fSIW;1027;VoJK;BUDK;nQol;A10S;3300
vvDX;V3nz;JC1O;Cqau;0097;c3Wo;czdc;t9Qz;SVct;2673;MI3e;7VqZ;smct;QQI6;3544;g6p2;ul7W;bUzc;LZqv;2696;OPPf;eaqR;B6W8;TmUB;6896;xj1p;qByJ;tT7w;7TpZ;4685
xnRn;IPlY;LiGF;7ylL;7339;vb5t;YhrD;RFA9;LFUT;5952;ZdbU;vRmV;2keZ;d9B4;3559;ww22;d13h;M5Qg;CpRU;7596;rFnV;kES5;m2RV;RW2s;7238;Mxoo;HoHm;3Lts;ET68;6709
qZje;VAzk;58nx;Pd5J;5034;BmCR;6gZS;isjL;nN39;6384;JjpI;ns3C;FClI;KCMC;7163;pXMT;VBLy;LAdH;G6VG;9243;Eypj;oOsl;3eui;oKdL;7886;oC8R;qPVz;A4hA;MPcV;9480
WEVF;JBAQ;XKsp;wXzx;8711;Y0wY;6ZlB;DNUL;8E3Y;6563;zSk4;8hPx;14R9;IUj2;4413;V6WQ;4FRB;ZOMd;NEvE;5322;fT3v;NGSY;PgF2;io3P;8741;wXOk;junR;oJ2V;B2Yj;2804
lcmo;f5yX;xMHN;4lQy;6718;qtsV;NMUQ;GEHH;8s3p;2954;X7Q9;QEsu;FvUN;Tehc;0447;VmqI;c8ho;G8lq;sW3J;7110;wXDe;4kuE;CIqN;ZG03;2075;PDBD;SQLy;FBga;w7Nj;7128
vCeW;fohY;DjfS;ePBF;7767;4oIT;r30T;1ov2;XmLH;3289;rg0I;2R7c;dDG5;SYj2;3730;6enL;N55F;Ncl3;dbYe;0024;UpoU;DBbR;jPFN;xf3t;2292;WpJZ;W73Z;oMTU;MBPa;5729
38rl;2txA;XnhG;q21x;4910;u3ZD;k9jU;Syix;rmpT;5888;QnZj;3VD9;Fy1J;8kLj;7342;THse;yvbg;GAYP;cQZk;4944;RZq8;sg7o;4BK3;12Lc;5099;FSd7;Dy71;0CME;cjaL;0307
tgtZ;bnVD;1IdU;YMjD;5435;o4Lj;B8VU;EMZK;3dhj;5175;OilX;idHu;NbYz;z4M5;2746;JKkD;IO1Z;XHXG;Vbb8;1588;Ub9k;DGlZ;NBnk;e5zr;2464;bsfw;oKz0;B88O;xhET;0166
PCy5;OOFx;wZrY;XV8F;4840;eYya;HNnL;ZoKI;LSD5;4680;ItwL;9NhQ;ZkDb;Rb5L;2518;Oxiz;Xtlb;fpyw;cLyo;0296;GTJD;z2Ga;xIzy;hZHA;3270;Rntu;ahOn;3rFt;ZYaP;2042
cW4f;FWuF;zNOH;u3YF;2225;t4Gc;9aeR;dSi6;lo04;9906;YxKf;nMUE;cwsV;bnte;0430;MNlr;YCXx;TMjW;5i0i;9044;LO1i;AbJV;rkjZ;Y1Ko;5790;PYQ0;J6zM;2VPh;uwKH;2573
TA1W;R88T;puel;bUcF;4208;mDvt;qcwt;KTke;cH92;8845;X7Fk;vPBi;NC75;UE89;0301;bP8z;jszN;wGJS;vNrp;2516;fm7V;KbXl;Kwyy;Yuiw;5339;HnIo;EgxW;bOwo;7wk9;3275
LZQm;Sq86;Fyjf;MILJ;8775;Pb58;RHXY;BrpB;SwTS;5607;oD5v;RAxU;c8F0;VpGn;2021;JZ4o;SzzE;xq69;I1Vy;1666;9NDZ;FfKU;uciX;fdVa;4176;U5RB;XLBK;Jw8O;9K1I;4327
3yfp;LKIq;ZsCK;RMWD;8812;r1Bf;7uRp;PV88;uEjW;9224;YuC4;WNKY;veMu;yVwz;0918;vaol;kv59;UUdT;dUcQ;6276;4f1d;Z2N0;qM6Q;vNgJ;1691;eknt;8uui;v5Qr;oydZ;3770
uM1q;XHHv;tgYl;xY3z;8804;rUAw;eOeH;WcLF;1x5G;0128;bdZD;P6Lq;A2Hs;d0My;9260;8EgO;gfbJ;PatJ;ZHvn;3770;Aj2e;srdY;qSet;yGsE;2755;iJ43;1YES;gt6o;uhlt;0244
owJm;hufx;1GSU;edtA;0528;e8af;3L9s;aZw3;uxmW;2197;xNuv;Rc2o;d2nf;JiCz;7938;fTRH;V1OT;E15E;x0i5;0296;FE6L;t4p4;Tb7s;YKnf;5353;PaQD;5EvC;PJiH;j0d0;7937
piba;EXZA;dIXj;cITt;0386;R4Qe;HN7z;G1Hy;Hu7k;6031;65ga;HTuk;BVFr;o5CI;7497;x4di;jh1J;am7y;dfvE;5624;QRhT;MaNV;dqMu;a940;1670;Bk9a;sVVn;LJ60;fGqx;9806
glIV;HKri;mzKG;SoBN;0064;oRDd;ofEj;ruCH;Tkt3;3680;wcsy;ELlN;0woL;fEAG;5572;LAm7;mvPT;6SlG;q8MU;8903;DVDl;naeS;rqIt;phb5;3860;kOar;Jjqx;fPAU;y8Gp;8991
cVIm;PJIE;MIvO;ramH;2670;K6Gh;Iaod;cw37;ciUi;0920;0liu;0Y2a;z9GZ;DBYU;9270;pMZh;LZYD;Cha7;4oNz;0029;mKEm;BErf;KVUl;rkag;7557;YfIN;tW2V;9oXL;0NQd;1615
OqPt;b24y;636g;HWw3;8515;Jmgo;n3E8;fDEX;KaRV;0850;nq2H;Hixi;ankC;dPZE;4305;Wy0H;h0yp;YJ6d;dvq0;9383;46sE;Exw3;M2hF;yQuy;5733;AEAX;Nngg;Immb;uGs1;6083
N6lf;ssTm;yJmM;AM4c;6693;nIdg;A3IY;GoJm;v5d1;5771;YFUV;zsrA;h7Pk;tb5o;0240;eMMM;c7tY;EcOg;VFKT;5468;5bKc;1O4y;7PEK;18Tu;4895;secS;LfFQ;mvVj;ib2C;5177
VGyS;8poK;6tCt;Vmlg;9840;hS87;T9Si;KkAl;sDP1;0480;v4XC;aQ0o;mc2j;5inA;9840;7PEx;3b0g;gypV;UtEp;2777;Ha6F;cOHi;if6W;rOdq;0230;pjNW;lUrP;y5qa;gPlm;4470
tCan;c2sE;Cf1a;Zd59;0596;PaZS;MV26;kLYg;0M4N;6225;n1gW;cllZ;Ud1G;lnZo;2943;PsTU;gbRp;xCFr;lziU;2764;xrer;8VWt;h4vM;b9Jt;6458;yRV5;lRY7;K3rP;tIOE;2835
pHJS;0Cjy;YbDP;Y7xI;4654;oTA0;R4t3;JyAb;CI1n;0636;Nzwa;ifDQ;4yy9;WOxi;4164;GohO;JKL7;ivzX;SSMI;2437;BWCG;KmOF;lcSx;RTop;8762;r2Fp;HQ15;jTPP;h59U;4480
zoOp;fuld;NtmL;krhO;5373;YfaT;Vu8d;gomS;GJDb;7207;jpsm;ZBsg;YJg4;IVOA;2428;M4jf;k9dD;lot0;Lxo8;2166;LUZX;G48W;pDUE;hPi2;7547;BeAT;Cvs9;IW3e;qfM1;2520
tsty;r93p;5tNp;ivRQ;9666;dA64;q0e9;naFL;dNQq;6364;rIdo;3A1w;472g;kbdm;2587;aGKC;wf2K;tcGh;h33F;5919;hm63;XbFD;Vyq2;RQpy;7653;mF0a;rlYW;aS67;24jV;2998
ritZ;8saB;TYyW;upEa;1592;pgwP;tMOv;3NUq;LqF9;6659;MeKG;tzsM;YACa;EDuk;2226;Pig3;eSwT;rG23;G17y;1907;iovY;EebI;95L1;RPcP;0446;ywqR;dKSQ;r1xs;zwBz;5441
vK5d;5Jvv;VPTg;pOdG;2568;mIQk;BpzA;j7ZJ;y9EV;8780;I4Us;poUK;Piap;GSq5;0790;SeUj;xkbA;9ooL;uFVo;7891;JToA;vTME;tGLc;7IWy;0459;rwGd;DbGO;cAPZ;4xgB;0204
kNIk;60sW;SmeQ;A4tj;3236;AAQ8;TY5U;Mw8L;6foh;9177;HaU1;iq2H;xz6Z;XzZI;2248;Ctx3;XD7K;EiLc;SLgm;9062;ev3M;n0tR;6hVi;lSD0;6988;OwG5;qmG5;OWht;vN5r;1726
JSpg;pQ2L;ZY6Z;dhF8;2253;xorP;UlcA;vxoC;AhNV;9395;f45l;4fUM;KtzD;6yI1;9931;NS4e;JWW6;iwo5;LF9a;8167;82Zi;TEBj;KqFX;qIsQ;2242;f7bf;BeP5;5QUn;ZdYO;6225
g2SG;SCrW;EHYw;RotI;0999;unMo;ZdNO;tucf;iyPD;5626;PN7B;weYP;1b1z;TFn1;6645;hP6r;lgFy;NCaz;C5Um;9857;jJy1;idR4;TFv4;dOG9;7892;KNr4;Kx5W;cRjL;rPIb;9714
5lNi;9NSo;w2CC;Rk80;7209;Edhc;sKwH;PPee;ne1i;4465;v7Pu;uMF5;47qj;9R1I;3026;IzUU;4zMg;i002;jCpX;3591;tOn8;YETO;PSLK;RR0F;5095;imGt;cskV;tHOc;nXVS;4446
wpZM;76u5;AX6B;iWgH;0971;hUTT;jlfn;nVAl;Vkxj;9577;5Hzv;7CbM;vCNK;2wFS;4607;fWpq;pyh0;SRFY;FxzN;3621;ghAX;3UOI;Tliq;byiG;7000;BN6Q;HBrF;UD9W;oj5E;6100
6MOz;uQtx;DiyX;dDQl;3569;lb7f;h86F;72fm;hOJ6;9289;BwIV;isJc;2pvc;QDxm;0905;9Lrf;TmHM;k36d;NrvN;8882;8SQp;DJXq;PoQ3;IGOm;7578;eAdj;sRXj;cIyN;6tFo;4202
S51j;PgnZ;CPaE;71he;5646;O2Ba;F37B;nJUn;hjNu;7538;hVA8;tzcV;KdtZ;3r5N;5969;c6ou;CrY0;0S7U;aMH7;1245;PlS2;FO23;tTMM;Oph3;0426;bl8e;lLL5;FcsB;dtGm;1571
BBnV;Bcz4;N9Od;msFo;0849;qYJs;F6Vc;rt4c;FG0r;9376;ozzD;BezA;NTXA;wziP;0305;Bld1;IpR7;SnEy;bcnk;4903;dSbk;TbaW;7Imp;VHmd;0000;iG2w;5vhI;6U4g;QefF;2419
Rpw3;sfC4;b74m;YItU;8276;tWJG;iW6v;5bFq;mDYx;7253;wSsk;OKUH;4MY0;p1gq;3621;ZlJd;MSw4;fSYt;dVux;2992;mlOD;d8Sx;Fp5U;IWcL;6253;PzuP;RyjL;9ne0;BVco;1143
inki;hW3o;rfmO;EIX6;9392;7ha9;yQMV;0zc8;e8a3;9520;Sgqq;Ggvi;5sQy;Ds7j;3091;Tk8x;iowZ;0BhD;Xuoh;1785;hcOX;zfES;3zCo;QI95;3765;I6NC;FtjS;e888;WoZo;9516
tfUu;bSrV;9OoZ;REe3;4371;TExM;sQ77;jp8l;MFSw;5956;ITqY;xonG;m8c8;DkRb;1621;vBy1;DweI;jbF9;hniK;7223;96c8;Dmed;TZPY;l22h;0050;lVCd;yBi2;vC8c;tcyN;4467
OaN0;YjBZ;VSlt;8fcd;0756;O5Vv;wru1;KmR2;pbKx;6987;16Tc;yBsS;ZdYU;iWxY;7064;yksr;3Chi;v2jE;S6PN;6582;4kO5;luL4;seba;6lvW;5724;WkYE;WnuY;mTue;Wion;8086
s3XL;aWt9;3Xew;zmfG;1154;Wwry;XxBw;QL0x;DowQ;3976;sISo;VP6q;bNi0;bgSU;4292;TB7O;D6iW;dQhM;5vtU;0466;6kS2;MECj;cN26;ANfO;6994;P4iV;r7Vd;LMR3;cPcz;4323
Pkyg;Mbun;0Lfq;9SmN;0134;tYyW;ntzP;75GZ;Krpr;8655;xwSf;lgF8;eisQ;uaVj;7151;5rvb;QPJz;lHSZ;Tf3G;3815;GVyn;3rUI;gQeZ;oDQK;6541;1GDP;eRCC;6XYY;XqyA;3462
u8v8;kgIM;ijKO;NX9G;3998;UmpO;UmOB;PLNH;i6IK;8494;u79j;8bYj;0Mt6;oC6h;0690;DyTQ;QukP;45PV;Vofy;7447;Rrqg;Gzsy;9FPg;2wbW;1230;sReN;0mOX;WfCF;4xFO;8100
m8dC;ptHl;MUW1;z1yu;1588;gPGR;QqWy;iYQZ;QgSc;8597;iQni;r0FM;ZwfW;rRgH;4057;GbEg;WSc1;kzl9;jZSa;3059;VpHd;QTQH;sgCx;JBwV;6782;g9PL;5FOQ;BPjC;WOjB;4395
Jjxz;gFVi;wiuS;HmuX;7908;ueg3;TeRB;kGBu;bS3F;7361;MJIL;UYLJ;2aZF;rnTf;6476;0cV8;UMn7;6oEo;3sRp;7558;mMEd;G1XT;oLoP;8Uak;7534;bshN;H5bE;baga;P7Po;4322
w7Mk;SUVj;7uPC;Ficm;8453;HWsy;GMHW;gJXZ;vcug;1629;8oKD;ieEH;RBAQ;e1aE;9464;62WG;yWBE;rAyT;P2PJ;9195;homr;OVyZ;I7Tp;ADxI;2437;yTJM;HIdX;xK5c;ILqj;6872
lwTc;JHvn;Rvp2;x79A;1422;XtwU;3Rx9;p8Xf;xhno;1869;VJDy;u6MA;O6BD;PpKU;1890;ndaf;ktBt;CZff;beEs;5476;cG9X;h6Q3;LIrh;fifE;4562;ObRq;QvJT;EcJy;P14X;9691
hKkD;DKD8;Stbx;R2aE;4490;R26X;kPKF;Ce3r;0F3R;4639;LSnm;omjH;vnGo;8dri;4662;Qqzx;Du9C;Lcd0;KEBV;6229;81ph;nGdm;dkQe;vUa9;8816;9dza;OmEB;V2yU;j08m;7896
YJjc;YuTk;wyjQ;XvBm;7990;DbGb;0oyB;wHzm;YYcq;6921;Yblp;dxMK;ulBV;w0wP;4854;VKFh;6jX6;ulXY;qdtC;9676;P8Bb;Zxox;Lfum;y753;5023;dsIq;mmz0;ZnHZ;nVLB;3382
d5fr;h2uR;cKzV;7BQJ;5906;MedM;KQcx;Z48m;6Cdu;0662;UA6H;uCuk;H8fE;0aa6;7858;bZcW;FBFi;Sk8A;iVuI;2252;Mxd4;mfwE;UxUq;O2j4;6828;HaNV;q4E9;EdfS;kHR0;0864
jpeE;ekzi;SZPr;NIGa;4223;VSj3;82BS;w0YA;hYKx;8552;Vasc;6HK7;tSTm;WncD;0083;iMgo;ZiT8;n9aJ;SHQx;1666;JHwQ;lsVC;tBhW;Ojsv;6366;Gioz;Xmam;ATF0;JH3a;7284
2vmr;W7KA;0EGB;N9uk;2215;gggW;ayuz;TyMS;Baor;1754;pB2c;15xH;yUte;gWbv;0010;v9oI;GNw3;mKuR;gVej;8642;QFDt;t8nK;x7LU;dgUs;3263;mjDb;LM1f;lz3p;qQT7;8355
zw5K;bQ7I;qUiM;vhRJ;0742;HYS0;qsCR;TnXZ;bTHX;0972;AztL;rCw6;p7ip;Ba3D;2523;gMdA;Ee9C;5hdL;R8YN;4447;7shE;lrKy;Pa2e;qVcU;8714;fUiZ;PHTf;9Poq;XzaD;2549
yyRV;9wTQ;A209;ZVNO;1038;qvNj;J4VF;UGjW;Oost;0946;CczP;ELEa;Lo3Y;CI2U;5350;EL2h;j5sH;W2av;TYLr;6192;EVdO;aark;5RrH;FhzQ;0968;waec;qSgb;TPip;mUEg;6861
