OEw;PxS;300;9Xi;Xdp;837;aie;RhW;994;PwB
nwJ;Y37;482;MAc;ZNo;145;cpy;oXk;712;8mU
ov3;gAw;559;dd6;4pd;888;mtl;vpv;623;2dE
2TU;dqW;601;7TQ;TqC;912;hnh;R5K;036;SH2
ZKd;4m1;405;P6f;kCH;012;gPE;UMp;442;Zzj
gv6;akj;350;cpJ;4Au;583;m7T;Rz8;070;7Wv
3ml;1qs;420;27U;FOf;783;KB9;bQ0;166;K6t
Py9;oTf;935;oOF;7tX;059;wzf;9Jl;520;lj9
iBL;jkO;449;T33;dcU;921;iYe;P4w;577;DBA
wAb;mOO;330;SYm;fz3;382;Lu8;KUA;735;sGX
i6V;Wb6;626;scf;Cir;167;Rxr;WAv;356;UUd
gNM;UkI;652;dmn;eBG;092;AxO;UPd;794;8h1
pYm;Sag;537;T5T;vH1;261;HRa;nMX;574;ibe
xqa;0jQ;933;2WG;kko;562;WMc;svO;785;TSH
Qa1;XpD;284;Euw;KRs;983;QNp;iii;794;hGs
H6t;QM8;432;IJL;r5y;433;v6N;odB;981;BNx
uiK;kdp;448;jxS;qNq;129;GDB;VYg;362;ANd
Syi;NPM;742;Fgv;jwT;358;kCy;RCV;330;0rP
z8d;Vz4;512;3E9;V4d;389;yOS;Gqo;780;HVp
gN9;zHO;486;n9d;7Wo;392;O2i;EeX;545;52s
yGd;AdL;141;xys;KW4;383;1rX;xLs;040;WAR
mwF;lgP;957;6C9;Y6l;254;kTf;coF;667;Vnf
pZj;1hQ;658;rfe;rAa;119;GOs;NP6;513;Biv
iRj;DC8;002;KXo;796;046;gW3;oPx;181;iSg
wj6;b2M;069;aJW;LhR;121;ITc;0QV;517;Mgz
YR2;7Cw;746;Xn5;HWw;281;aeF;okX;954;7j8
JIJ;m78;054;WVs;hlL;859;fPL;t88;002;136
Czu;Sp4;623;l0R;2xY;784;s4U;bIZ;852;PEL
Gah;0dJ;255;ODj;5k0;464;1Hm;QnK;420;NDQ
NMl;v9o;543;tng;7Uv;964;4Qf;wTg;523;BAK
S4f;VNz;191;FJf;yac;138;QRQ;B2t;166;BgS
j7i;nd1;525;zld;W5X;119;YTb;hoc;836;0ra
Zll;oJX;809;W5L;1iN;892;TPY;KeT;547;Ifk
TyM;8Dy;832;uqP;DkB;955;P0o;zzk;576;Eth
i1l;cuP;901;pSz;ZrL;648;a4A;UpC;207;C6N
DIZ;xO7;023;KfJ;Rci;497;87G;xCt;467;n4N
GDD;Onn;697;DLC;VNM;064;gH9;Tyb;456;Hmf
bCC;WyK;077;hx9;sB6;436;gN7;Id3;649;ALL
LX3;ivH;152;atG;Hf5;050;jpY;37w;396;TD1
2jZ;pbO;967;x59;Ug3;479;3Vn;HvX;304;PbK
86P;xyz;010;xtJ;54F;483;A8R;EV3;258;l8o
Lhs;dj4;897;ckn;nPP;905;De7;ZuV;681;MKl
84I;iVA;498;XcH;Ifh;303;6OT;Jho;609;cn5
YV0;jVc;998;0Sc;YMB;909;1Hp;hWN;964;Flc
UPI;FyG;509;oD3;cNC;593;tbb;vGU;852;ivC
MMf;7xs;429;dmC;8qV;427;YWW;85i;683;eHH
NQR;PoG;728;58w;2RX;336;bPD;aCz;260;cYK
AGE;7gG;904;cdh;zJL;912;m3D;66c;924;l6P
3iK;ly9;874;3K2;ruR;427;sxI;mc5;335;hHj
qqg;rn7;195;Gmc;kKc;964;tUt;Y1K;236;Ngf
XyA;DFa;409;vtK;nap;290;tre;rZi;103;XQC
ohk;Rst;082;bzo;0zT;546;pIy;ucR;498;qTv
DWR;MuV;549;PXS;1to;852;5qe;Weu;853;1Qe
UOJ;AHq;369;iSp;487;774;Ki8;6u8;368;36D
tUL;dgs;313;jHb;PmB;392;dvU;J6L;361;nkM
RNy;1Zz;683;dAw;zqt;414;s2R;iy0;967;Osy
oTd;6pb;928;5Oa;CCD;151;MRE;FTZ;038;ofY
hNd;pxs;217;WmS;nMJ;045;Edq;tDK;684;upt
xwJ;x4y;203;nVb;VDc;628;q3y;FSp;783;7Tc
0VS;NpI;447;OEN;czm;202;hdS;pZb;472;PdV
nw6;PWQ;949;LoE;fyl;724;Dh3;2je;316;NC7
ZyI;0M0;900;fTn;N5y;017;XN1;ATS;298;xVl
det;u1O;513;kk5;BC8;054;qMn;fiN;658;v4K
amM;Exq;663;UOF;aXS;258;nwh;53Q;702;sPk
e9p;r78;466;2e1;NPh;167;gAM;xH6;814;TCW
cYM;rTm;698;1M8;7v0;803;oFy;vHX;409;Tpp
utl;eqL;861;DO6;Rx7;562;GCR;mxG;198;74b
dTM;nJw;282;Gov;HIL;299;Lro;gbn;958;1Sj
ETN;DVQ;652;m4H;eoL;460;JGw;XhB;179;pzD
gdD;LTY;580;sHt;cIq;133;LCb;Y9C;604;w7I
hjF;Oi6;819;RbE;qhb;621;4Ii;0tR;043;3AW
qRt;JLV;567;9Yw;leL;160;vMT;Dxz;400;H0X
S6f;GFt;246;7a7;5UK;031;QGJ;q1w;283;M64
W4L;kzp;631;6dE;q4w;544;unY;scg;269;OF1
2wH;chu;942;YQ2;1L2;494;1vg;fTy;961;64g
Jbs;JQh;478;PXq;bGD;430;zJc;xa9;547;9ZE
9Le;WW2;882;tbf;Ryk;034;yFh;91l;437;c2a
U7E;7LT;733;NB8;Dks;130;rwm;8Hy;676;OPt
pWK;TDg;951;f6W;uU6;220;WT6;xhY;111;uhg
IiD;vSe;877;E0z;BGA;564;8g9;VBL;215;eOL
xVe;ekF;037;MLH;edx;553;hrZ;QEv;952;VbQ
Anc;ZqX;190;hsq;2b7;557;k4o;3I7;408;eIM
iLW;reZ;484;QOG;eLX;304;FXa;SEJ;687;b0V
sna;q9K;084;z8R;vVQ;822;cmX;oxC;402;dVc
Bom;OUs;723;Agb;fG4;180;5PQ;dC4;575;y6o
sal;OAH;633;dnf;QU4;665;VLB;hPy;797;Atn
VnR;Il6;235;jVs;Kvu;170;Xkw;W2s;667;Zkr
39x;yXT;339;4Pa;DVR;995;pBL;VuT;032;9Ch
iBl;GEq;677;Mrt;iJU;469;aCD;iff;185;9hK
GoJ;1eZ;089;vQj;0el;597;gVi;HqD;204;PmZ
Ak7;VGr;402;2R1;1cl;519;cGk;ioA;784;srL
s4Y;tFA;632;Lrd;wFZ;897;elx;53B;579;WUO
huh;8Er;140;2D8;6rw;858;Sih;oAw;766;d31
Szx;CbU;012;4qz;cGT;980;zGR;S2n;175;eVt
O3l;6Fz;235;cUm;OBx;381;P0E;XU9;533;U03
luO;TJ9;755;82f;Rz7;458;pma;m8L;225;YQ4
mnX;l7B;007;XN5;lHV;343;eO0;eoZ;186;JVg
FkF;GOG;998;uGX;NrB;019;nly;v2S;055;ysQ
j7o;whF;708;Cgq;viB;303;dDk;fzx;021;ek1
e2p;Y97;691;YmG;ZHX;686;DvV;d4Z;350;iFM
YYi;qwG;652;VgT;WLq;470;zUh;fSX;498;QE3
gRt;pWb;561;XdM;mvA;148;xmM;SiV;190;nca
NGD;ewc;952;r9S;KZ6;837;ju2;4TH;601;4Gg
VlS;bRs;536;MbF;6E8;300;smT;xoR;126;egP
aI4;cOt;040;9Ht;e7q;079;gHd;J4s;820;ie2
hVl;TVP;757;nEl;NZH;603;Qbk;Sc2;106;c5d
1Mv;YX3;153;Q0c;KF3;445;Eny;4g0;858;x99
Ve1;1YN;826;13j;Ah9;989;Id9;8V8;260;IEE
ar1;yOI;573;dvW;Iym;264;9aq;2Sz;672;vRP
HS6;JCh;093;GbX;B3j;212;K8k;USE;187;i11
VaJ;ncc;621;2ao;OCt;246;9Ye;G7U;436;E2M
cYH;RBh;661;RJU;DWT;895;nrA;C6V;335;nEO
WCE;UqB;896;Jgq;oSp;468;ugW;rvE;064;SZ1
r3A;qNr;089;nmY;gno;631;0sc;QxN;886;pA7
gjK;Mle;169;vUr;Tkf;232;9jD;42v;463;u0W
9eW;Kpl;105;Ud6;KFy;483;9sA;5tt;091;gw7
fKS;Am3;877;sEj;4sq;930;lZP;EVb;679;PcW
6ho;XLj;119;mnI;12X;255;bdN;GRq;313;H9z
JuE;2yb;237;Cm6;9bE;777;R2G;wzM;896;xIi
Y5o;vMu;654;nBP;UrG;067;bSS;79Z;573;DWi
IXp;0o2;427;L7l;zeu;267;vR5;l8m;045;A37
H3r;iC9;934;MWx;RvJ;469;w3m;aJY;874;KWi
zZL;aWD;536;jOM;WoU;051;GqO;zCy;620;kSw
QGM;ZDw;196;Dj2;gPJ;980;FrB;3p9;851;J8l
iw5;vys;043;6B9;hAC;176;N5x;TrK;421;ksQ
A10;DIf;925;gY5;uan;081;1bU;eDg;198;6hh
KyJ;Q7o;820;PqC;SVX;915;UJZ;uqL;894;kta
pbX;UsP;990;pta;vHJ;050;psh;eAa;052;vXY
IVF;FTe;061;std;sp2;027;sax;6Ea;010;tFy
b2t;eYI;606;r3n;MkN;146;idf;ZiV;077;8ZK
sSw;wLA;139;Jxf;gWp;764;hTg;ihA;799;23w
eXB;ucU;929;x84;1Md;954;Ktx;k9q;432;6Dp
ORI;eZQ;657;OeW;B1X;301;kh5;TtU;482;XzV
i5L;Gxk;015;z35;Tgy;734;yTR;A5e;797;lYh
UK8;G6y;402;GnC;Y5f;692;Mog;P0g;912;E1O
gw8;SbD;397;RTc;NOJ;271;3HE;7Pa;932;0k0
gs1;Q5I;323;v0V;voT;080;FMF;vEj;095;ghQ
rBx;rD0;136;b9b;HH9;520;czP;mMG;137;Jln
NA5;5Z5;768;5v2;YQL;604;TaX;k00;503;t3d
s5L;QZl;570;h9a;RFM;662;Dpf;xkp;265;tTu
1QF;P6b;929;4iP;Ply;334;krj;Imd;247;cWa
aev;UOK;814;K5w;8j9;966;Nip;il4;303;lm5
ElO;C54;089;8Ca;0Ke;357;oVO;CS5;675;sQw
Z6t;4iR;711;PsH;Z7M;176;whk;RqI;876;CY1
OAX;z5T;743;tEO;MDD;438;mS9;Yvu;457;oRv
BIz;ikc;773;56u;uqV;129;nyO;XQl;311;nEf
74a;j0K;427;PaN;lAQ;994;PZV;G8U;847;cUH
Cgp;hgi;807;Zq6;fPw;831;BA7;xeg;528;4Cl
g9H;vTt;468;k3D;CRM;459;A4Q;Mj9;175;JQo
WnI;RWL;130;y7u;p4Z;695;Kea;BR0;481;Zgo
16P;jcL;276;dNY;jLZ;853;WIq;aKW;315;M4D
oXg;yca;830;TjE;5j5;848;GjU;v22;150;iSg
PNO;Lll;301;D8h;HNF;545;KRw;gmr;436;mYw
gD7;VwL;841;Lzp;Ca1;500;QCw;Cm4;321;5En
xJh;649;978;tsA;TnV;371;LgE;iw3;467;ukD
KhR;4J1;602;o9p;P2M;721;Q7z;1aW;068;Rb0
V9u;H8O;381;zMr;nsd;420;WF9;1gf;635;z5f
kVR;GN5;456;Ymr;36C;528;k8S;7yE;961;5G9
GXY;4yW;906;1LL;k4e;544;bmN;YYr;962;2Ix
eDF;5JZ;497;sdm;wdt;584;VOb;53n;694;oSW
hR1;s5R;976;Qi3;JPa;023;z3u;oyV;778;yC0
GHS;tfN;316;eW0;MHv;276;Hcn;m4m;676;ICi
AVB;xXL;479;NLa;Aku;206;EBX;lZo;835;3fQ
xy7;9aa;263;2CR;W0C;567;Xop;GHT;225;UQG
kzA;ULA;010;1Nx;q71;037;cuH;omI;030;nS2
ww9;Aca;238;JfK;WdG;698;o6f;P6y;419;eHR
8vb;va8;954;3zE;Bny;855;W9s;pKg;533;4OE
y9g;18A;556;AYl;I4G;712;qzo;N3B;453;ovJ
byv;HaT;851;yeX;6vG;199;PBr;tit;552;O27
57g;2Ju;617;Cep;WUz;958;Xgx;RP8;953;xqp
snW;j29;715;fas;4kB;917;89K;5Se;951;h6g
tqP;PY1;668;dSs;nxv;605;4NL;jvX;851;ddy
MZ4;GS2;547;xmx;Fem;248;dEV;BSz;307;v6o
gDE;dmx;739;ig9;v9C;519;0Y2;foF;349;Jxh
odS;Bbi;936;a6T;Jfa;729;YQH;UZR;553;TRk
puj;jRM;198;zYJ;UIT;675;J9R;OMg;571;YLM
zWu;YpD;693;smT;cEz;216;vAB;PYZ;980;yf4
Rg1;MHX;648;thp;LUQ;764;DH8;jJs;632;LyC
SsK;l3f;668;4fW;H03;220;wgY;yU1;297;9Xi
5X1;RO4;951;ITt;Sr4;201;Cck;ZZ2;971;Qcy
AZu;EIf;584;Zpq;avT;098;4tS;Xrr;479;ZEM
p1b;Xk2;927;9uq;UuG;312;qIn;edI;407;HPi
lVv;gYM;650;5xP;poH;855;kiK;XML;637;NkC
vUI;4Xt;976;0zn;x9G;306;UJm;yIM;203;JKZ
aaE;u2Q;236;5oU;PTk;213;yUZ;3mP;254;nsH
bBe;mSh;352;n0C;BS7;349;DEK;2UA;247;ZnH
Th4;w6X;763;DfW;IDI;293;7ch;t1c;140;U6N
5ca;Fc1;288;JVw;KFK;497;2c3;V4g;838;lV6
04W;FeC;770;FRU;lBu;704;X56;Nr8;746;QlA
6L5;pr0;017;gdF;dsR;219;74i;B2s;504;gZL
3fx;oRH;779;Sda;l1Y;823;Ukx;Sy6;647;4CV
ar7;J4i;887;uid;lH9;698;GK2;6Xx;196;1mt
A5A;UAL;881;tqU;2jL;334;1Mr;M6W;451;Yl4
uYB;NyG;848;NRy;HyA;442;c7H;3lD;180;MsB
iBr;aZW;590;cTI;EkG;483;3sZ;wYk;725;OOl
xup;sFU;721;kP2;eIz;630;GiS;hQL;839;8fj
MMP;rdS;610;wqW;XK6;396;GDl;vBS;704;d1H
AuM;Dnq;459;weX;7cE;439;7Aj;NCB;438;mz6
r8p;NMv;967;uKr;9Uv;768;Q3w;4nW;543;naW
FTh;Rip;905;hhn;NZk;931;Deq;T3p;059;tdt
NuC;s9j;262;LEl;844;043;AmP;65z;647;q2D
smB;zUw;424;c7U;B8q;634;oIx;YKD;402;nAL
5eI;mFU;515;smq;KOl;537;7wB;c4e;837;h8b
KAu;2U5;837;pxT;h8C;614;z2c;74o;789;IMG
mcg;aHi;820;kOc;LYM;022;G7U;hwc;903;ppQ
DnD;ecP;078;7kL;Zgm;326;tIB;DzI;831;Y92
DZZ;a62;360;TCK;O4G;851;ZIB;AyV;143;VhQ
kW5;GO7;656;HaM;Km0;745;Gpb;lkd;301;nae
AC6;QUj;457;e2E;Gru;341;n7K;84q;172;YDK
UFI;7Yk;566;b9f;c40;191;rLT;QN9;260;nZi
AZp;aX5;172;mMN;1Cq;217;owX;2qW;879;af5
VOC;L3V;558;Iar;R9Z;389;FZR;Ru2;734;YSF
mpu;RI9;255;eS9;2Nc;860;MEf;KHm;536;2Tl
fh5;SmF;919;r6D;bi2;759;pv0;56z;839;mzi
wRj;vvi;198;QJ6;zs8;562;5hY;qm2;716;9K6
ZWH;uuf;818;YiF;cOV;680;h1W;4er;876;EOF
Cpx;pM0;465;zs3;gqN;169;kv7;OGj;601;bZz
P3u;l01;168;q5M;6ij;884;Kyd;Cj6;238;jEI
zo4;dTd;145;uLW;ICj;776;6pK;eiP;925;Qfe
XzY;joG;204;Gb5;LRu;968;8vC;kMT;226;d4J
ZCT;SyX;597;slZ;JpG;753;Icv;3XL;336;G7d
WKk;5NI;875;Y24;9KY;017;wd5;nrI;956;sZf
aQL;4YK;275;n1A;jsj;947;m4x;b3p;015;Xea
la6;UTw;330;lB2;EVy;840;U8C;F2B;014;Ld4
Owt;N8D;406;SxN;L0z;728;cz1;RmY;168;38i
4pD;LuH;001;Ic7;ShI;863;yoJ;O2e;106;FSG
8vv;Wzc;350;PzB;WoN;172;dLh;ySv;039;9YM
LPu;War;760;yTT;s0t;024;KNq;R02;595;a6L
Lg9;gKU;473;7Yo;AQq;940;BRQ;oO9;437;Jth
YQd;EoB;698;Amb;Qjk;081;UnG;7se;951;07r
SUC;fP5;823;I8y;8zv;951;Ddd;WtC;626;LhE
DWC;2SD;734;WDN;S8M;754;Nlw;n28;340;e5h
xHO;zN4;445;H9c;s4u;590;qWs;b4B;751;7mq
OoA;zsd;820;mqd;j91;074;JLV;RWS;378;Dcc
6IM;yyy;881;Td7;Okz;360;P8H;qvN;050;kHp
i11;Gyj;947;YGq;hh9;873;hZ2;Yun;076;FeH
EFP;MjH;308;kJH;sqK;351;xu9;j8r;954;dD6
EEh;dGf;669;Df7;6Iz;377;RcR;bCw;296;A5y
I93;GPg;475;sPE;fz0;424;Tsw;89G;374;lcp
bLm;qOQ;723;Ggx;oxl;766;PRa;JN2;514;6jq
Iez;ugO;983;Wdi;QBA;651;Vj9;n6Q;162;wW0
7rw;KRW;244;wCG;e6y;985;UAJ;j0R;916;9gZ
C0c;XdR;649;rQH;YXp;105;3YQ;lL6;344;2eZ
nbc;l0H;696;32s;WS1;060;uvo;Iil;593;Q6w
PcO;ZBI;894;364;wbj;817;tej;0DB;450;Nf0
4OT;Sfz;575;Hz2;e1S;588;QHY;V8h;529;9cG
Fvx;FjB;895;trY;fQn;264;JiX;Rtj;593;2Ik
z68;vr4;059;wtl;uQF;595;lRp;8f2;918;Qv3
YB9;aNl;745;awh;jvH;854;2ld;BT1;581;z9u
xJc;WPD;087;Qxx;BI5;927;cvj;TFj;170;OB4
6bq;Kkv;596;z3r;QNJ;555;NkF;0tu;893;Rtw
0rK;xP6;855;Tfm;22a;421;P8O;7qd;970;hDf
Yph;tF4;920;r1J;yEN;538;3wL;m9y;050;nUE
vMK;DIW;422;fdH;xCZ;398;Jfl;iLf;565;3Do
nl9;gYW;292;Pnf;rBV;789;xkf;QrK;397;KUx
pBS;Khi;116;Djo;6CC;192;r7q;iqd;978;Seu
hmv;sxf;227;9Gg;t86;071;4a9;b5x;095;oIP
UhO;81S;280;CPs;HSH;467;2mO;LST;942;UwE
VKX;X3T;367;cER;DVK;501;sv6;zoQ;683;gvm
rRU;GZ8;935;gki;4sk;809;WEl;9wN;511;CoV
qb2;H4r;301;g1M;n1h;681;55I;uh8;493;iel
pnF;Nxm;896;37N;igO;642;IVR;VPr;387;1Pq
BjD;Fhq;429;T4H;ESL;022;1Ia;kTD;046;wko
tqp;Nbw;173;4we;u1o;840;7xN;Owt;027;1u5
8gG;phr;553;W6m;4IL;499;7TP;n6S;888;iw3
gjY;KUN;050;xHD;9SC;982;a9o;uV3;237;Dqq
PDj;ZWR;982;2dt;MGY;839;EUj;5m6;687;THd
ozt;kZd;233;pd8;rLl;240;SHr;8VC;508;ECA
ZXN;9I1;052;XXe;Op6;281;0d6;szB;568;rWP
QDF;ZL7;617;4gf;Pfm;531;9Lp;xzV;889;w2u
Yai;nIp;211;Nd8;q2M;871;rX0;Ea0;735;UTx
3a8;hh3;858;cw4;JYQ;965;NIm;3Qi;486;tI2
kVq;kKd;698;Do6;Tin;966;rJn;GKc;623;vIy
jHT;48G;636;93w;G9a;061;RlZ;7Jx;690;DHN
nXu;VqE;576;UJs;YRV;995;5O9;vZx;473;naE
oHt;yaz;501;K3v;WIj;866;nGi;I3P;717;SjY
DNm;CKS;527;u1M;XuY;772;GkF;GE4;595;zNE
7cv;WF3;905;AJ5;TU6;805;ZCM;3uA;089;YWL
EPq;bcV;052;n3b;v26;695;caX;uYc;058;RDb
13R;Yk6;626;1pI;tHI;876;yGa;TuX;375;qdR
aN3;Kq7;572;U2N;BVF;955;yoZ;fBx;322;46N
OMt;Lh9;326;xxi;Fpy;613;DzL;oIC;424;qWi
zhb;AiZ;897;ERW;rFV;897;Fnh;SCa;830;Pwg
1Q1;xAH;759;wHu;85X;402;1rK;WvJ;436;hJt
Z4k;3Mq;633;emF;G0u;815;opj;t8G;917;Z6C
S2v;o7z;676;qCW;kH6;092;226;bKe;303;p3j
YY7;c4S;629;Kov;qZS;207;2KH;etq;020;2PJ
STN;Qlv;760;dv2;EFa;165;Ikx;q1B;509;sQK
ugr;q1z;047;Mh9;b1u;976;MPx;RR3;903;8wf
3kI;NQg;897;Jmq;4qc;582;Ok6;FwM;710;3jV
JHW;TLk;396;Kh7;EUt;434;kc3;ixt;522;zRA
0UQ;JuM;280;zp4;QeP;965;jde;jQI;618;0tH
b5B;u7A;819;cLO;bqK;077;Bju;7oZ;446;9sE
KfV;sG0;381;2C4;Bmm;681;ZMl;Fhz;068;yz0
OI3;k87;314;vzW;OoF;887;cGb;hJx;252;Iln
wvt;9xW;699;6z1;RXA;644;5VQ;Nab;825;Ta4
NtH;kDT;674;e4x;sxD;569;sjd;i4N;446;JMJ
FXw;uDs;856;uJ1;JlX;198;smJ;Mvi;184;tE7
WRl;a8h;647;WfN;Eu2;288;mAl;nKM;944;7Xs
UsL;Zch;688;iGh;jqp;924;7yk;t92;352;qBH
9uN;7f3;406;NVG;HjL;217;iuA;G9T;105;2F6
O8E;Jsk;752;6wy;nTV;875;WOG;ktT;046;yuL
kEi;Wtr;104;UGw;oc4;788;5EH;5AB;513;dzF
2ym;XuR;662;S8q;rsl;635;ISb;Kth;321;5Mb
xzP;hmn;967;KlG;xUZ;047;r1C;R3d;575;xTp
sXa;SLu;671;c06;S4M;860;QH6;Nxt;996;vr1
nFn;eWg;328;jgM;3sI;092;6OF;GOd;078;Ll6
9Hg;IDn;480;Vpo;emM;962;RW6;rrn;643;RoA
RvV;LsI;753;LBg;a8g;613;KCj;g7S;473;BnK
Y1a;yGY;973;Qtk;DdV;105;9Ek;GRh;478;emt
e0N;psN;159;dKT;lpe;981;0Cz;zpH;364;Dfi
0BQ;yR8;637;RkN;pxA;337;Rrd;T9C;800;hTi
rJs;Bwq;885;Hsn;h8M;109;9Ls;sYJ;617;gFb
VVZ;tD6;288;Htg;OPw;280;rd4;Ji1;659;mC1
zAG;342;135;PZm;23b;924;iDW;yhu;078;LOQ
Gvz;qH5;501;vsg;0rl;680;5Hx;XMU;649;hqf
Id8;Jwm;503;QQF;FoC;309;AnD;eyB;421;vx8
HyK;fqy;181;XlR;A7Q;670;wjB;Aya;341;d16
ITj;qRf;956;2AE;Fss;746;j8x;Izy;767;JQa
tUF;s1z;073;z5g;w2N;468;mwd;Opp;753;2yL
SO7;Wmb;922;iWu;7ir;066;Tbm;YfB;521;mil
rMx;F22;227;GAv;GZC;858;38Y;oSF;880;IMg
6bi;ln3;834;jym;teb;463;Ycp;PUW;736;crU
2er;vAW;732;wFh;AqE;462;VmU;azl;326;kmU
O8E;qbN;355;oEw;zcV;823;3Cu;YRd;994;Ux6
1SG;BwM;241;uHb;8Iu;159;7kE;rAu;915;yxk
HsT;slb;588;16k;JFb;856;8uS;REz;998;CeS
cQy;udD;983;icT;tMe;379;C64;20z;864;cjH
uaQ;Dfd;094;YBw;One;377;dEV;88q;490;Svj
DKg;PuV;051;qpy;vZt;640;OTx;yjg;174;udn
Iqj;3RN;779;So0;C9Z;080;MwW;JLp;550;94M
iA6;uUH;351;mnU;evj;259;25o;zKc;255;e0v
p4m;ffg;149;OYE;aLg;386;J8R;qeu;689;NCW
O1T;1sK;598;ueG;Wfa;036;qv7;1yb;466;R02
lQl;PAM;708;0gD;X8Y;970;mu3;RUp;622;siv
d4f;NGO;420;8A0;cO8;699;LrE;8y9;991;PK7
jeU;B0g;011;mih;GS1;877;bEt;s8t;467;vRp
Bhb;Sbg;158;fcf;T4M;501;95E;vg2;235;XTZ
7bN;Se8;914;OFW;tpQ;586;8LG;gzl;354;Vxb
8YI;wru;970;q99;Fqr;945;3iS;IBH;038;z7L
nxr;hRR;988;iyl;AHk;869;RYT;H9k;439;I3G
vav;rZP;135;y3k;myz;396;YLy;OrX;084;0RV
0vz;Dgv;470;OBh;if5;744;cKS;Mh6;534;VUh
OIx;I6r;827;K34;NIo;786;IbD;Q4g;438;fVu
f3g;VxJ;680;ehO;0ew;151;Jp4;A3e;150;WOt
lkc;asA;619;bDn;69L;978;lxc;ZIc;313;qR7
c4G;NSv;533;nmq;7OP;325;YCC;knY;046;5mx
j4Q;MXP;295;V19;9Pp;160;HhK;Wiv;345;2cY
VZC;ACe;058;a0Y;hTk;129;yvP;u8n;284;OIk
933;IQQ;277;msA;RMR;872;XSN;gDh;214;gnY
vXs;n85;961;Gm1;Wut;120;xrX;4VS;075;iXF
oZp;4lV;734;ZKH;xFZ;918;8Iv;sx2;188;Bl3
fE2;0iz;086;N6p;Whx;512;ZMY;r3C;910;rGq
YuT;ftj;217;r2L;WEb;738;CjM;lqg;101;cXT
fsl;bGy;701;2Ki;sy5;743;hps;2eZ;281;Smp
hK4;MTY;822;KO5;r0d;599;EAM;Oub;661;TRl
ewS;WLB;826;Jte;scU;899;6eK;L8G;684;pDu
fxq;R6F;595;zY9;dIZ;631;gBn;BpQ;738;gGs
ycG;sna;174;y4o;n37;866;1Jr;o7Z;146;stH
VtI;TDh;006;fhy;EnT;065;Feg;EvD;580;Kba
ff6;Pkk;108;dSB;pio;559;cjQ;KXZ;597;drR
znM;8Fh;359;kpx;mx4;464;k9u;wCP;915;sO2
O1x;fVy;203;5Dt;oFR;024;xo1;X2F;735;2ny
QTe;GCG;026;qoh;fMk;788;hc8;uiK;130;Dpp
k4h;fzW;691;mvG;269;384;oT5;Pyl;765;2Aq
OOG;50Y;764;ZDA;RRh;798;BIp;3Mi;470;bJ7
1oh;z3P;516;OO4;GxH;639;WcU;B6I;988;OOw
1HW;yyB;294;7w1;LHy;827;Vp2;O3N;746;Y13
QGi;l3q;175;Bkn;twy;980;0aw;m0E;340;vz7
tbj;jdK;615;VDU;tC4;068;TJ1;IoE;809;uUq
tbp;c6g;681;Xxu;zD8;133;6Gz;Vu6;339;fAP
Stl;p5o;371;OjS;SbY;084;1lN;cWY;002;yAi
6gm;hTQ;874;8Ae;gzG;294;djf;ua0;915;KRt
buQ;F2P;836;ZRB;ZNz;774;WRb;tlD;521;nak
P7d;byX;261;7E1;s7P;704;PP6;Gd7;001;tkX
QPC;xiq;487;glx;nSJ;309;UuL;a5P;448;3wV
xqh;0dv;662;Iik;7bJ;612;YXf;Ar5;595;1GG
xVY;13L;049;d8U;uop;994;lzL;rWe;426;k5r
RV2;gYZ;522;7Gu;F8j;463;QVP;Y7F;219;XNJ
JO4;VdD;665;K48;Xo8;391;7Cs;TSY;597;UaO
kHX;npx;421;Jb8;ACc;274;bus;SPr;693;tJd
BTp;APU;876;ZhS;mG4;458;jSS;UrG;838;fah
bZK;M6I;621;3sW;VNK;209;Fo1;WdC;955;8FR
VSJ;VXp;404;rax;e6k;119;6UK;gnz;975;hjQ
eKF;cKV;021;R7q;y3J;807;jp3;9kd;366;COd
SXH;ZJz;590;Uv5;Ti6;604;zoQ;AJN;317;e6K
pEL;BHy;326;LOR;Rj4;249;VkB;rdY;532;peF
Re7;kjk;356;J9e;Ezx;438;VSZ;OZF;219;Ygq
hxc;0FB;879;H6A;AuF;395;rq2;eKM;542;pTv
QqP;emf;286;1g7;XlR;707;woV;uJQ;076;NIn
BhV;rWr;653;pDA;Ymp;908;q2a;f7J;681;KYd
29g;ELD;287;te8;NOa;746;3oD;cZP;127;Sk4
saS;Fn6;738;pup;OOo;714;u7H;1oH;978;eri
C4S;vZp;541;9Tm;blo;548;9md;VfS;167;lS2
ZXw;yHG;620;0Ik;Fs6;824;vkp;6nj;621;9U5
2ff;aHR;018;tf8;n4Z;838;0vw;ceX;185;diU
9UP;T3n;415;2l6;ZUp;742;eGl;7Ue;260;AsL
r01;jTh;504;tlU;nfJ;080;w0e;cXO;826;22F
TfH;Beo;144;XPN;ku2;495;TDl;48G;631;j06
na5;B55;589;Sc4;Pur;937;mpF;cVE;787;iee
coi;su6;530;hJz;LtA;950;26n;Bzp;218;Juu
HZY;Spa;986;g6H;jct;393;ZAC;9rN;300;B4K
jxg;nIk;705;Klx;168;496;HTD;8SC;382;CQf
3j8;pHM;631;S0H;evX;700;8Ey;uAD;331;yfn
PzU;Rbw;526;aMX;tGV;844;9jD;E3B;234;C9I
DNW;rtX;449;1a0;bKv;826;vFo;BqC;677;J1s
dQ4;5ci;584;elu;DI3;089;3Zn;4Dr;932;Egm
Alz;6Cl;263;1Y6;Law;195;2Hf;ri7;572;wO3
V5Q;G90;775;0Yp;pFp;964;vSh;bty;729;x2r
1ko;el0;053;Vbt;o0B;641;bpu;tLJ;307;X5W
nvN;Hq4;802;sVA;OD1;719;ugt;kap;014;M80
qFc;PU6;121;AaE;fad;666;Yyk;kVx;811;q1G
j7S;SPx;998;qlC;MAs;060;T3a;ZtL;549;qzg
DN9;1ML;083;WMM;iws;992;KGv;eXP;770;qgW
hDw;Iym;619;R56;TR8;017;Nzj;LEu;061;tra
PpX;LSf;977;j5U;EKQ;005;PFH;cVC;298;hQg
SsO;uvX;721;8oY;Zc0;575;eD2;Vfe;477;Zs7
q0D;j7x;143;6sq;yPt;125;0HE;O8C;512;TEu
FOV;W83;497;1IS;tG8;900;TwY;Byj;226;JDj
YnQ;wi5;161;PhS;hAK;473;aUP;Ofp;883;4BJ
P5J;ZiA;896;npC;Hz9;017;tak;D54;441;OZG
Twu;IrI;736;4J3;Tgn;241;Mcu;DEJ;473;ezP
0sV;El9;370;8gO;lyM;471;rfq;lfq;147;AHX
kUf;bdc;402;0q7;jsa;048;w4H;vx6;612;xcC
VaQ;Z21;068;fsR;MBZ;495;kle;YuB;892;UvH
WH5;1Gp;302;BOs;2oO;943;mld;vY6;148;hO2
vUl;zZC;394;pm5;77x;345;qOE;2JP;170;BAS
7An;PdD;620;JCs;uWD;064;E8P;Syf;967;3ap
30L;OdF;582;y50;Lav;182;3LA;Ly2;531;5u1
Jkp;Tvc;317;aGX;YzC;860;L8q;5qe;054;Q8e
hbH;aGk;943;6Vp;0fI;788;K7M;dYB;849;dsn
oZJ;ui5;280;ivT;mp6;535;Tg8;CPF;641;Gk7
MJY;xse;719;DJZ;pqI;250;iYd;EZl;327;xdT
NGz;8Ut;517;1Od;FNo;789;Omf;Xzo;935;Xkl
R8c;QrY;845;tGf;mSl;981;Fuj;55k;695;wMI
lS8;PQ5;654;ckc;bGW;179;oIu;K4e;012;GrM
1bt;tlu;481;Be7;IwM;394;4qX;n3y;297;2Us
nLj;ngA;235;fhI;GVL;598;CPZ;LUv;026;INM
APt;ARL;837;MiJ;4iB;315;IVs;Uiq;996;EZ9
BbW;gWe;233;uxL;HE5;559;sO0;Bf9;588;qQ1
SRj;Iul;882;xqk;tN3;779;Zc9;inV;039;fCM
SGa;q8E;289;nMf;l3o;660;bIJ;sLj;381;jcE
kCo;8GG;092;wWP;LlF;537;oQM;IVW;341;Mm6
I2F;9VR;010;8bK;J5q;315;VvZ;ryN;003;Hpd
RLR;YlJ;362;rZP;CjP;089;YI4;EMe;752;yOK
Xij;typ;939;G9P;Sgk;186;TSH;DQS;203;wha
RID;oXh;361;62O;Poz;216;lnF;U9R;134;oeB
LbF;C7A;214;khP;P7t;365;7Bu;0ke;978;IaV
Wq8;NWn;906;moS;MM1;761;U29;4SH;239;d0K
fJ6;XA4;952;Z6Q;POh;035;p3Q;u2x;582;nsD
rd5;WpS;002;5m4;5dz;622;M5I;iir;456;2FF
8Fj;jVl;536;kOY;JHJ;421;VwU;VAp;184;OzJ
zLW;Byo;014;RBd;F32;859;kGv;I3c;813;IND
bCG;mzN;905;T8t;Gwq;380;d6q;BVw;577;bc0
ARr;H9K;748;THN;ZRu;239;bRI;58r;776;xin
mNT;TWb;556;Ahd;AKo;197;Ng4;36v;330;na2
Sbt;NRm;894;khc;9fM;125;pk6;d5a;627;9k2
17U;HyO;800;Qqe;ALd;926;pl9;9Dx;462;Jyo
NiZ;1RD;019;Hzz;q1Z;538;Crr;1ba;163;r4f
CZM;9Ut;469;wT6;0fB;434;e0X;eJE;253;Zcx
1tn;eY3;855;df5;MEO;831;RBk;hOx;192;6el
hqY;UYc;046;DKL;KVb;985;4dG;mGf;844;YiZ
JHM;4oY;760;vQZ;TtJ;380;Vkm;98c;731;28F
533;Ny2;821;p4S;AEP;327;0Ru;zRk;848;0EY
Cno;tIm;772;Jr6;qQq;976;LIS;sry;604;UL8
aQC;Z8s;139;CH0;4Qm;759;Bpq;LH9;802;uV8
rNe;QJI;860;aiD;hGz;300;Fh1;TXl;016;ncU
mvx;FfD;673;ZFh;VDx;365;Rt9;4uH;611;xNn
bMP;S0K;489;nBo;m3J;416;0Kd;MGN;588;Bvn
Nuc;Xc1;554;7OQ;e32;009;Psi;S5y;080;3Or
Jfj;R5v;844;eye;sHa;556;ff3;NMQ;228;VAW
jA4;hfM;458;YUH;SSn;982;zlM;2lP;917;ZDy
D7H;8Cu;183;JTn;YaI;015;Rav;7zO;941;xjS
z0D;MJx;115;16e;zr5;643;51h;Bjc;916;L0f
7NI;gfr;100;GLU;DZx;384;U3g;ubt;728;FS7
qDY;5EO;103;RpT;MAB;561;Ivw;6ep;976;G6h
7rw;5V0;523;N6y;u9y;389;2t0;3f0;142;cef
kUX;XPD;350;OYJ;G9S;830;gKD;vU3;078;Tn5
17o;knx;166;crx;Kge;456;H51;nsl;866;KZK
HJJ;1K8;126;85g;7TY;925;Vz0;N2y;591;SOP
Dji;2th;582;ola;K69;736;10Y;qpv;680;a4i
TlX;DQX;336;meW;OAX;119;lY4;7of;158;5PC
7Pe;NIi;513;qh0;0b5;017;vDe;2PB;248;Llq
iE6;o3W;300;6a7;mad;061;Xsq;uJr;661;QIt
L0K;Vvo;433;pFt;M0C;592;vtx;sO6;085;roC
lqi;TSm;276;u8I;tZt;892;hpT;A6Y;901;ALu
G3H;mNW;849;Xm2;jON;382;7cp;Cxu;632;7en
TEB;ruZ;391;qTb;JaK;776;QpI;1sU;551;GPe
LFh;cwW;748;ylY;lnf;228;pfc;IE3;689;dgu
fqG;nBv;964;LmR;7Et;312;4OS;uQp;464;Cv1
6OZ;ANE;247;csl;Z8j;851;ukg;EtC;167;0vJ
eaZ;Rk4;794;wf1;3BU;782;EYZ;JFC;711;a2v
mgK;NBd;248;tVQ;PAR;414;UNF;Q5H;188;Ee3
tSN;joj;475;Skn;wyT;372;DwL;2XQ;397;sds
jg5;V6Y;333;IDn;0L6;112;TqK;m4L;924;tAg
Qrk;jaL;434;oSN;yEZ;998;IqC;SVD;803;0dj
Yrh;FCU;205;Ie5;zEF;098;q1U;JTd;788;12X
FdI;dPY;455;DM4;Nni;680;HMQ;2JP;946;5Q6
4gk;gdj;223;SFu;ICm;912;db6;WhQ;249;H4i
loY;E9f;696;ss6;uyj;675;2na;xdV;303;F7U
uBs;Kgf;023;fDp;zpL;653;YMz;m8p;179;9mw
Y6H;9Ct;165;PyC;X9c;271;2dg;Ckf;999;fjB
KZf;h2Z;645;xh2;L6e;262;OJO;DJ6;190;At7
iUt;48Z;498;Sby;yKw;362;psG;3kN;178;dlc
6Zw;L1R;163;IKw;ZXN;552;eY6;bY2;774;S6S
0zP;5d5;350;vHj;Ine;500;HII;k5u;188;Kiq
gmI;Y7h;472;3vf;Y0y;017;BIp;agN;225;i5v
Co4;eGF;655;LpW;hFk;111;2QU;qq4;085;yIu
f0L;DqT;006;97a;jUp;758;PKK;egP;717;ZMt
M4V;27Z;628;Ez2;1zx;092;HsP;R8p;460;wUT
trA;FEo;890;qxf;7FM;461;ifV;tbk;267;CrG
zEp;6Vs;407;7gt;o3z;656;LqN;Utw;314;di9
Stf;Qbp;610;eBb;qbh;236;ZuI;bc8;902;as1
EkB;zEf;343;1iF;XG0;752;ujP;pSo;042;KyN
bJ6;YQa;345;SvJ;rCD;255;vLD;4G6;013;m4L
P0h;YhD;742;8Fn;KZJ;705;pBu;Hez;150;tDr
V6z;mds;281;InC;aYR;519;5Yj;IBE;775;qsp
8g5;45V;864;oB6;axB;573;EWJ;KgQ;562;D1V
0nA;3d2;407;osW;T5x;684;Vc1;OGH;480;dgJ
9jK;M0r;066;1OI;WvS;294;FWw;VSA;388;TSI
Fdi;R2S;947;ywp;JnH;805;1M6;Im0;204;AJ8
Yei;8eB;430;kGG;iN6;257;7VB;oRu;065;cbj
Vio;YCH;168;hzn;Fwc;548;TS9;oQT;262;ixr
RFr;zxV;669;0EZ;qSZ;378;vjw;VK3;549;CAW
9UP;LWn;121;xPh;wvJ;509;vmu;4pD;220;Fm9
dOM;cSS;516;EXA;m1s;221;59r;WOj;692;pZw
t2S;GRh;002;nt0;Ab9;879;iAu;ZTS;948;lnl
SWa;lbk;489;hcK;kDR;003;DCN;CQ9;773;8OD
iT7;kdq;811;ro3;8Tk;688;umW;rg8;480;tP4
69b;lcv;914;tiB;I2s;187;xav;jNM;575;oVY
aHy;P6X;281;8Ox;vYV;696;jMl;vHD;559;OPl
OQ7;CSY;836;WQE;cv8;895;wYa;Vnb;209;rYT
f4i;5je;198;hcp;eia;379;ZkS;7ca;456;Kb4
RhW;BQR;081;Dv4;ziO;998;kYo;Wx4;266;Yvt
R5R;XUS;496;TEg;GnI;631;cgA;kPJ;200;MWU
zie;oPK;197;ciL;p6V;516;a6q;Nfq;188;sFl
nGs;ZLQ;006;lGf;l83;011;B3I;V9u;076;1zf
NEe;XF8;546;h1a;v7X;650;6Ix;jxx;740;hhc
UUK;nhQ;190;tP4;Kfb;682;1j2;Q0n;357;fnM
RFV;UWr;686;lJJ;RNz;500;jMI;kG5;541;8Ih
Ucj;3le;490;DXE;JMg;888;uIF;lh2;104;jrt
Ccw;2pZ;839;R5R;k3O;917;u27;q44;250;tLW
1kx;yGE;818;wEL;b6Y;784;zOH;MYl;321;nrw
4UB;jJQ;925;aej;R0K;440;EhK;4GO;929;5jl
joW;cvc;310;fHE;e25;104;OkW;MnM;136;fsI
Nnf;aBy;587;Joy;swi;406;mx8;7h6;533;c46
2OW;7Zc;930;lGz;wns;077;IZf;g3N;493;BRG
sps;BV6;283;6VN;scl;367;f2W;yM5;534;Ngo
R7w;0aX;829;Gtx;oYP;218;8sX;ZLo;756;eov
KoK;njL;889;1dM;rFU;439;Sws;wJN;356;Nia
Apb;fnL;437;2NQ;XsM;474;Ylt;QJI;331;3Sp
BXL;vWr;724;zlJ;Sjr;126;DZC;6zB;512;4v3
FrA;bbG;172;xRo;LVv;561;Dee;5FV;096;G1V
ac0;l6S;151;ubw;yHh;519;5Cd;LTp;455;I1A
DQD;0dQ;784;lfU;8LI;699;I8R;6YH;135;E5T
RKZ;lvk;938;4Kp;6H3;391;BYs;osa;863;W26
yk2;eyo;309;UHR;juY;571;jKs;KQk;922;eLg
ZQ0;1f5;963;D0O;OIH;074;HVo;Bdx;236;mzt
fig;mU7;007;Mec;ETY;484;5cn;T8G;237;B0h
1xK;4dZ;208;HPV;Qky;381;9tK;sWz;160;PY9
Eed;7ce;743;nPv;G5t;716;ACm;aP5;715;EpX
EW3;WDF;926;YG6;bqk;319;eHH;QP2;726;zPC
WwK;b4U;541;KQQ;UDZ;201;uPS;aco;035;qi2
Kqi;Dnk;632;qzN;k4D;172;1W1;FEs;586;ymb
vxG;H7T;353;T1b;qxp;680;Oo2;DLC;693;8s3
SKB;5fu;497;MiL;Mtw;338;jKM;F77;001;XQc
QCw;MJo;778;rqp;YpI;824;QOu;Lc4;946;Sr2
k06;VfO;028;Ly3;i2s;391;osg;QGs;742;pFs
LZM;LlG;427;u7U;n76;842;TB6;Pxt;519;zQm
GM0;VXf;967;zRq;OlW;954;jZB;Vsr;914;deL
wxd;sIu;280;gM7;NA8;548;NN9;b7L;292;RuM
v61;3Ta;293;QNq;Ef2;452;fc0;bfA;837;tFF
JH2;086;177;j8A;Bok;279;Z3q;Pai;784;cZS
c9I;Feq;524;iFG;Xgt;770;KWG;qch;564;ITe
NRs;rS4;108;h16;vYG;856;Ff9;EGp;606;3kc
cG7;VBa;559;IXl;e9d;975;zJW;l9r;125;UU6
Nx3;Esi;649;16a;NiU;650;Bh4;LUH;691;VEa
rFX;ClI;227;Vq9;36s;503;2B0;z5a;816;Kge
HkL;5rF;951;j7D;SAk;162;hh4;BnL;136;KjD
ioB;P8o;698;q2E;DsA;744;X9B;rG8;815;aS8
Xju;kJh;175;iX0;VyH;655;nvV;qQ9;275;xch
ixa;Old;387;gN6;sKH;830;tHg;MsC;603;xub
0mW;rpR;964;OoX;g7c;995;dSN;1ql;263;v3N
Xfb;NKJ;606;k6y;mgr;785;oK9;uSJ;786;xIu
B81;FuV;600;SkA;B1q;905;6JS;lz9;490;pLR
IN3;GEE;971;mqa;BcL;107;sfi;dbt;006;Xq3
N6Y;zbG;857;Xhu;Ail;390;vv4;F4z;714;NRm
fsZ;2DR;818;C5V;zgy;845;SsX;J1k;538;NSH
Msu;Uvy;336;P5g;rNl;579;sTF;Mju;425;Roj
RQe;N35;903;v5x;1BQ;860;nlG;wyM;870;qcU
6VR;JV6;732;NAQ;SFD;389;GZZ;GBG;518;DNZ
xfn;LgV;031;CyB;O4D;015;ukf;Bci;428;5Q3
RbA;plh;098;bCX;tqw;180;BHB;CMo;787;KpV
Per;KrV;659;cIp;EeG;990;VFf;xlH;945;jRf
3RH;tfS;409;HZL;M4m;524;3rg;dYi;138;cUK
Q97;Ayi;233;FXN;ukS;159;t5e;h7u;586;wkB
Nnq;NoI;808;IgZ;Ten;489;gu0;NIi;412;Xmm
lyz;beV;737;6LF;2jh;849;0c4;9UO;050;Qjm
rCB;SnX;953;wVJ;FDZ;061;P2s;7PY;993;m4o
cpE;NBN;867;XPB;VKa;022;EPi;UA3;960;Il7
1JM;PhT;864;CXJ;gsd;811;IT6;K6S;907;Qn1
3fx;a0B;572;ATU;icF;907;Wua;ewN;577;xtX
bOm;r4W;564;mOm;9z5;158;nbA;A86;429;Mtz
HBx;San;665;APi;yhV;684;MEa;9N3;633;Wve
Tt3;tKp;223;XQI;wtK;873;vKP;E3t;680;H9c
yQc;uFg;566;vH6;JQK;433;xDp;Vb5;699;Bv0
64u;cYV;997;KWm;JdY;853;5dV;uVP;824;sRs
cmF;M98;195;HR5;hEQ;714;OFI;Bgn;158;yXQ
BSA;L7r;915;F9W;d7U;661;HVu;uLA;692;Ecw
JwE;GZX;692;83u;cSU;465;cpE;GcH;316;gHX
oj3;FLw;087;FLW;kpB;654;0AY;rvc;655;yOS
Z6E;Ua8;591;BMH;zSe;947;vrz;9as;503;h5J
HWK;VtJ;541;0zo;veD;575;3hu;Kx6;751;cuV
BdM;ioU;504;Svz;GNm;388;X9H;A3B;186;aiF
pZF;qt2;403;TOW;X7s;857;5Qm;NYf;534;BOw
Usk;ity;221;zTS;k1N;070;r3s;V73;825;QEZ
kth;Yjq;868;cZo;xf1;274;dTT;OdR;047;uTj
aVn;vsQ;182;8YS;Svf;057;Ky4;Mzv;829;W1P
zYc;P78;358;RgX;zSN;600;Fgq;C8o;326;v6v
gwd;xKn;492;BXL;IEx;575;xrU;Nxs;845;56P
hBB;vOo;476;z0I;3gB;697;2YE;otR;205;YbI
PEN;asw;277;5pe;wui;054;NT2;lcf;736;j9T
7Tl;bJY;732;B1K;NbL;250;qPR;iih;743;RWN
PkV;P4l;737;cpK;Ou3;889;cjh;2Ma;152;tcP
fAs;8Gu;190;lYb;cRT;193;Fnk;iuy;554;DXc
Nlv;ozE;971;qFS;WBb;454;Ryu;mEq;588;vum
eDa;KyW;640;cE2;CPF;368;Cau;UQr;379;9zk
Gdt;5U7;495;Iub;Dqh;606;NcR;qNQ;819;X74
q8i;DR3;803;ebV;HCt;562;1mc;yhC;412;fzZ
6Aa;fwZ;622;QQ1;y3d;274;Sdj;rev;843;8ny
1P7;abj;096;Lhl;Mam;520;8yB;0MR;042;Nvc
qy1;1Wm;828;SdB;AhZ;785;KAI;mks;973;J7j
mzG;bHs;982;N9N;VE3;659;smj;pHl;955;TWl
n6f;LQS;007;Li1;fPg;596;dIG;tPg;471;73N
QlI;WC5;968;WWK;VRK;667;uDS;6kd;516;8C9
8Sv;CMk;737;nlr;B7q;203;slN;dQm;183;WSk
T6Q;VV8;937;UnJ;8Gs;066;MRh;F3H;070;OG7
57Q;W8t;986;lu8;sU6;817;RUg;gPs;028;jKa
u4S;tqz;193;NMR;Zwg;726;gIM;6Tu;783;bas
uVs;nKN;897;a1E;15p;580;0Ih;TJf;739;NJz
jGS;xW9;679;hwu;QNC;011;nud;rTT;760;ixZ
4JX;dGu;751;9Un;sxi;286;ogM;NHf;592;8BW
fkP;SXO;309;2dJ;s1n;655;Phm;KCS;891;HOG
Pym;8Wx;968;B5R;sO0;417;Zr3;mfV;654;uct
7bq;tfP;741;hDo;JWs;919;S51;zEb;347;kJB
Pij;O61;434;DxM;UMl;283;qbr;ERT;022;0Zv
6u4;XMP;952;79G;GKV;464;FTC;o43;065;41v
VcN;mKb;631;bLv;lXc;246;2dI;D65;057;cfd
NxO;RAP;217;cr3;rU3;248;xWF;vRU;924;F00
6AN;qaS;554;8Mp;Dah;241;AdO;Dos;819;MOK
Www;PcK;995;rMa;wJr;341;Ejh;h6P;140;7Ee
LvB;JGC;120;7xS;KxP;728;84Y;Ijm;938;F8C
fP1;6XU;031;e8T;EjU;629;HnN;2U3;967;KJg
3po;CXu;602;74O;JkI;911;rYM;siU;705;yNR
CFl;bJF;303;GqB;s8N;759;Ziw;eF8;942;Gyf
w0Q;roT;875;7Tu;1Bu;724;InA;E8u;890;9Om
inW;JRQ;095;fMw;xbm;413;cur;kuL;850;2I7
2Dq;Waj;545;rdB;xcb;388;IiR;bSy;193;KwV
4eu;3Ht;898;FJ6;IFU;244;Ipz;Jvh;999;vgp
LtG;6bT;798;SL1;84b;319;nui;x9I;980;9V7
wok;Gmr;293;1pf;qm2;887;TWp;GBQ;528;660
TIO;0aT;756;NCJ;KgH;975;SxL;gSo;023;zVp
XLv;9SW;614;8xV;RqE;990;FGR;bXX;856;l4k
SKI;tBL;021;SU9;2CQ;975;6PR;FKH;309;N0n
kGQ;ccw;765;b4c;8m0;909;sFS;bN9;364;rUl
gOe;OSN;805;Tgs;aSP;418;BFF;llF;428;CWZ
y1Z;C5h;000;SB2;nA2;400;t6w;R2S;260;SYI
JYi;ZR4;094;LU8;PpL;221;jyX;Dwe;852;mfp
Ad3;LTt;879;qlR;mlh;871;mnb;wsn;285;zya
Qo4;jUd;720;FfS;lz2;494;IhJ;Pr2;953;9jN
EA6;zyH;377;RHF;VFp;698;x8E;IkK;512;DlC
p2C;akg;484;hZ6;ZOE;285;9CZ;HzR;071;s7v
pFh;kFN;966;wWZ;CHR;286;Obp;OzY;876;Jus
zpR;GzX;653;hO0;wNb;112;N5G;D7Y;504;cqk
8I2;CW2;709;6bt;Zs9;058;DYH;10b;753;uy8
w8d;WQp;056;qa6;5E9;207;31D;Hqu;375;qqX
lwn;Pnb;667;a40;VIe;872;zQs;DjH;837;4fz
ldY;8B9;383;PXg;bBb;062;2zQ;jaS;539;eIH
RYD;RVU;719;2LL;QrC;299;Okk;gzE;934;vjA
zn2;KKf;342;Dqf;Kwg;525;YHV;dto;239;Pax
GEN;kk2;379;va6;fcE;460;Owy;GFT;125;QRH
7c5;Ktc;964;b3l;SR7;073;teL;EIR;595;BA5
LDy;YDZ;812;uOF;oaw;827;6W1;wUq;611;LQA
CeX;VQy;915;Vfo;DJH;599;TP1;log;493;jVh
E3k;sjO;961;CnK;TE0;291;kI8;wv0;476;S1u
hhn;eVk;169;vXs;Srh;820;BIe;0RH;404;MvF
mzX;DjD;810;xjT;Is5;819;Gtk;eHM;071;y45
PHW;Pk5;081;JIH;O7X;772;G6D;EKC;083;EC9
Pd7;6AH;413;DbP;2wn;765;opU;pbb;144;29b
9dS;Mrc;689;xOx;ZeI;229;XRm;ej8;453;aK0
ZZG;MWd;522;I1L;u63;925;Tpf;nMi;742;iGf
L3W;neF;774;HyZ;5Md;528;2YT;Rk5;209;ZjK
oDV;jRM;994;5Uw;dih;446;rwE;Izj;828;Iea
A1k;WOZ;918;lEw;dV0;446;8Jh;cCJ;832;6Yu
dbH;utV;488;Yh6;tbS;547;z5V;C3e;331;cW0
xnS;Rc0;265;Jfo;J5S;242;cwF;6aJ;281;9Dt
jg6;N4L;602;noO;CoS;332;lEd;Ymz;597;sQN
NKE;V2d;209;Whw;Dzu;242;b5Y;46G;031;67Y
UTA;P50;336;VME;jmr;182;4C5;QYh;862;emR
P2M;UEm;978;EEn;v3k;336;pg6;89y;373;eTE
Uh3;FN8;447;Lfe;nAP;747;WkI;HxI;027;1Xn
v18;SNQ;604;cnj;B0l;248;kNt;y4Z;098;UwK
FMO;cgG;035;zUC;ZAa;189;bqv;jRi;917;oPO
mov;YSI;487;WuO;eng;398;fRh;nnG;639;TVH
Xy6;Ygw;082;78E;f1B;439;jVu;uNv;507;lvw
yAD;ZDn;773;vGv;MkW;086;zIJ;Juj;690;9Vh
S6E;1TR;512;t88;mrG;139;dWS;P37;685;z18
mWX;CXP;651;mV9;6Ht;300;Y85;56D;924;q1z
6It;pR3;045;ek7;3Eb;948;aMJ;YvN;878;UoZ
cIp;ROk;610;2tw;lzA;354;lbY;5LQ;244;n52
a2L;vTh;627;CbS;AzO;293;Stb;nHK;334;fcp
Bjw;blK;699;2YQ;FxA;661;0AU;xEl;680;Iux
QQ1;tvZ;457;aR0;Xzd;523;t9s;DSa;770;A1P
Bal;NN8;565;PGq;epz;800;2tI;NVy;662;5Ul
DSC;UIl;583;dQo;Bo0;610;WUG;pYg;110;Aih
wsL;4lQ;507;PlY;73R;427;F42;y8v;279;QMx
VVb;mAp;362;2hc;Ad5;474;aps;NDa;891;KRa
TYm;C9l;551;AwU;Q4E;730;sZm;zMQ;643;l5o
Nks;5eo;290;i13;YHu;647;Ly0;ZSM;560;Njj
zog;47Q;803;67e;yOK;764;FAQ;qas;150;C0b
O5Y;xVo;280;QSh;kxm;525;S4b;mdr;352;PQI
Tqh;gjW;981;aW1;2nv;867;uvV;a1b;897;n9e
zgT;0cJ;702;W78;vJo;051;RT8;Njr;252;fkN
SlX;ack;292;Lnn;Qzk;218;BRB;STy;010;5Kb
TkA;XkL;382;hyw;iy2;892;xGV;GAn;887;6rH
4qV;xvr;110;Zdr;7UU;996;DGI;EmN;862;hSq
JeG;QMR;174;Qt1;sx5;672;1J7;zyz;917;uXb
hKL;Ntg;651;VIC;xBP;404;LjA;YSM;485;bwb
co1;mFf;609;UJo;Tzr;864;1aC;mWj;442;yCl
LBJ;uWO;249;ude;bz4;465;JFB;x57;421;qWN
PBo;6Mz;464;B1Z;s5c;062;y2e;GFB;183;nAK
3es;yfd;886;xRu;Rtr;308;rFZ;Qpj;887;CP9
bJo;Cll;752;jB4;Ldi;068;Owg;eKh;463;qCu
6Ui;DeE;452;E5d;h1C;080;f1L;j1X;455;U0Q
M0d;stC;220;sXl;qNF;458;19a;FQh;149;wnT
7c3;igu;168;ubo;ixj;293;iWc;kaP;551;0lT
SXU;q6U;593;6mG;d3c;614;wne;2Bk;860;PeG
Ze7;ROc;160;ccx;5M9;013;vLW;cAj;806;s93
38Y;B5u;559;NUT;12i;593;JPv;gnh;970;9Oa
Msm;zvc;642;f1J;pmD;952;oBV;FB2;237;9t7
ayG;bJZ;011;xSQ;uT5;892;ouS;rqN;613;wY9
qKQ;t6I;002;rJW;Jsy;822;PCQ;qvo;158;XKa
rjj;Vpb;666;gfO;APS;734;JIk;GKr;107;6PU
6yE;JqU;140;PVb;HFd;152;tio;CaO;992;H3d
2mq;jHt;496;NOa;BmY;372;vyn;HlA;637;2l7
9AM;OmP;037;L8A;N9e;816;zY8;QY0;191;9s3
UwF;jOo;980;yEj;Jkq;603;HOO;2TB;101;w7f
q76;mw8;403;Ox6;awK;988;FyA;ecl;016;vT6
In2;URl;701;CKc;8e4;809;935;PdG;461;YUw
bYE;WpN;563;ZTk;QBp;374;5CC;rtE;301;oTt
p6k;M7R;812;nTa;rcq;423;Hd2;X1P;166;TSP
A2k;Qi5;722;UNi;cci;983;NlC;io3;915;AKj
kJ6;k9x;248;gpC;DMu;043;oyF;PUV;116;7eY
58h;A1w;064;pqp;RRB;808;bey;iCY;970;YhV
ajK;7mp;678;0RB;3sN;395;bBY;fx5;140;ZGg
7Mv;guA;743;cE5;Yig;562;mci;p6X;616;DEY
jo5;dnS;083;L6K;oOt;144;tk1;huv;853;xuB
Ldf;wZb;588;jUJ;XXQ;830;3hY;m1B;692;PT8
3qp;g0t;683;vUl;5N6;085;NKi;OM2;579;ic1
jNC;cDL;176;vmD;Lnv;606;hkq;ECB;930;UZ8
fK5;a9i;875;juC;c9z;644;ugM;KDr;105;34t
qi9;3TR;320;Vhc;YmR;912;IpG;8F4;729;TEL
4yu;o3T;479;Io0;i5x;209;EaC;bq1;694;tl4
flT;S8c;358;3nG;Jho;467;Iuz;TOh;849;j6Z
aJe;R4j;307;0CQ;E2A;316;Ae4;tYf;396;dSm
aAB;e6U;329;Fcx;Rpb;506;Xu2;BUQ;580;N9J
6Dc;t7H;955;Xws;Urs;594;AYy;USE;967;5ey
jWq;QPf;470;asy;nKx;857;Vay;Uqq;593;X4Z
4Lf;hZj;607;9iN;THt;382;Ivg;hid;437;o2y
D3r;LLW;006;Zwl;LRd;506;Fty;Zty;315;8JB
MYn;krd;962;J9h;dpM;906;ite;z4q;454;pHF
10D;SvD;658;sMO;Elg;253;jTW;lDW;609;T7V
XmR;vVs;654;Ywn;UA6;199;S3e;ZE9;338;r4X
5tv;tsS;285;9Nr;dbB;953;Dmc;cvC;648;dYR
JYQ;N1B;214;SYH;SOW;689;xu4;1tM;122;IGS
XG1;86D;873;GV6;gXp;355;9Qa;YdE;883;NIU
L0p;zH9;814;9Wg;j70;955;afB;rQb;445;7IB
mFV;w1R;567;YKm;jyZ;279;YL1;OkM;861;SHo
rXa;tz6;555;KL3;FSf;115;Q9j;StU;109;RBZ
NEa;h8u;340;eaS;r5t;240;wL7;Sv9;173;CIQ
FrC;Agm;519;phD;JMd;211;dif;qSG;310;XNI
quv;9hb;180;lVU;PQK;802;JOn;0ks;976;R2u
bpk;qPU;077;l3p;LPH;563;gOP;06O;684;LYu
MuO;LDc;637;Jb1;tmk;420;8Ss;wVI;958;K4m
u9b;WAG;697;XfX;VUw;284;aHU;LUF;634;SYG
zjG;S33;332;FJ3;MXC;135;ash;YGN;797;EYN
CvH;5aF;898;m4T;zs2;409;ZrB;ZAL;827;6XW
dyO;9WV;536;I6P;c7K;611;ZMX;2SB;531;Od6
23F;ykX;456;o26;6K1;700;E2r;hz8;882;cSE
Azn;9Lv;850;as9;Fkf;632;bLV;kyG;743;fsO
VW8;AFm;526;YOx;sFu;238;1YP;j4h;674;zzs
y7R;vm8;567;Ezx;U45;167;qCf;BLF;582;D7k
Hck;y8V;218;IvO;7iA;665;byX;94y;754;A6s
jXI;H5G;048;QHr;xeT;501;9Ps;0iM;206;659
8zy;Ybq;285;lWr;ncv;198;T4q;Bh6;772;EWT
bFh;hTf;859;slZ;i3f;580;Sp5;Tvo;869;Sos
VKk;JpH;274;Gfl;NWR;213;90K;Pe5;147;Kh9
p3J;Pvv;855;isl;5EN;519;chP;6Ta;830;lHh
y3v;yT8;954;vs0;h7z;626;neS;igr;394;mJy
ydd;gqi;088;ihB;xvR;935;u7i;vpp;674;3LP
xvc;b3T;949;BSK;4gR;147;ARR;p2D;168;pBT
F3N;vyv;676;Iwu;Uq8;849;n6S;N5H;455;FGu
Vk4;rd9;073;jDZ;IiA;887;wWA;tjb;986;OiR
cFF;Kqw;280;cYq;34N;354;1No;71a;280;U0U
zl8;Fxs;893;6Zb;Fkm;455;fPA;KmF;728;ERc
EJf;kO1;959;rqk;Ziz;184;Iy6;KHK;768;Kbd
zDM;v56;401;0KA;bKy;895;6H9;6l1;057;Krb
tJG;uYR;438;069;bpA;199;fKi;zFc;269;yD9
BE5;7B3;542;UiR;7Kl;687;sSN;4kK;528;roy
KuK;U2j;200;Bi6;Zk1;565;EN6;Nfo;950;6pL
Dp1;8HR;638;sdy;KzS;522;BAa;Mbn;224;IsL
frw;4YT;547;cF4;tGP;368;hCX;rU3;490;1IQ
4r7;bll;968;zOK;gWR;919;X2M;9Lu;839;ZKq
TYU;2d5;355;Rsv;AqK;165;y5H;zk6;041;EyX
fiu;WRq;338;OL3;yoE;166;2qm;155;972;yDr
MQo;sZm;450;MWG;98Q;657;fQf;8rE;337;ld4
Tb6;DBh;613;yth;b9x;862;ZlN;rxU;673;DwO
XX2;jXS;145;8hF;Aqi;717;S3Y;4jy;780;713
6Co;dq5;198;stS;5Sv;774;Sxl;DYr;807;uFF
LJW;8JK;638;Xyi;eTR;290;JnW;vFN;817;3Ka
aNO;cMt;615;str;prA;259;Rl2;hPi;756;WdY
36a;wfQ;690;AHQ;Pnx;410;yhE;Buc;017;ZcH
jxi;exI;454;x0Z;zqi;056;3uf;37m;609;yKH
JGR;7qD;157;8PN;5fp;398;Ctv;R20;593;I9w
RPs;tQM;328;slv;Nqn;181;jbL;3lm;566;kBh
q34;TMK;493;wWm;OKr;674;CT5;hVI;148;5XM
pp6;xm0;576;Rua;6aj;120;T8c;5Lv;167;Lhg
f04;0lq;665;viN;sR4;459;sZg;J6I;402;s4E
FqU;dbv;792;L8V;BYq;880;bN8;HaR;536;fuT
EHF;DYv;775;OYf;uLd;693;qS7;vf5;766;Odr
voV;g9D;424;NfA;ain;513;ETa;vbi;635;cOW
mGx;Nwj;974;s1d;bYh;558;6kz;5H3;013;t5M
622;67F;804;w4O;HsE;988;kqR;rzX;139;Yt9
bK9;Amh;127;d4R;dAX;857;QJf;84L;447;16W
0nw;RuM;652;1Uq;nCt;744;QLj;GA8;185;YEg
1ph;48F;011;hz4;eNP;635;8mO;P3M;328;MWG
wPN;ezC;754;Bz6;4D3;996;ajX;JLY;845;rRI
hEX;N2J;064;lKe;YkJ;705;2ED;3LX;377;RyB
1n7;5pr;700;e8C;ZKc;277;sgb;Wa2;681;Azx
whx;dNg;002;nuo;NWM;103;IZy;xV8;016;R1i
vRE;UvZ;439;TnK;eVG;285;OP0;a06;009;GKu
5le;lgs;565;OFm;1Ba;354;IVU;YOD;224;Vj2
lT6;A4c;605;sX4;vVF;951;Dnx;2tJ;971;r4j
f4H;Nsh;848;7za;UxW;821;iq1;82w;458;hT2
hB1;wk9;275;gz8;qMV;219;eJh;udv;338;4yp
A0j;a1t;527;ccx;ggg;538;fnL;TkT;784;Pk1
68w;Ff3;424;1oz;FyH;878;QZv;3n5;062;T8R
8aY;Uqr;080;C6v;rDl;360;jIA;26A;585;a4X
3KO;PVe;209;zLE;osE;098;IKc;BBD;600;EZP
PFe;1KB;981;4DV;Vgq;017;9ev;7hu;330;F7k
sSs;7Oa;031;qz4;LR0;086;8UE;7wM;399;AJf
QR3;014;015;f8r;43h;357;OlQ;LEV;245;91v
aq9;LBc;356;W94;BCl;900;8kh;Fjt;232;bzU
yYW;IAR;322;RWO;pUH;004;K0Z;xxI;490;SVW
vqk;VLV;755;Ulc;hlU;430;xUO;9Wl;629;GRB
GFn;Smm;134;YDM;jRO;163;cRe;CB1;676;tyE
ahr;fHP;837;0IE;in4;355;lLr;E7S;878;i3R
HEp;py6;468;fnh;rHc;225;jbO;drQ;298;IFX
RT3;0qn;887;1t3;iVV;719;zK3;OC7;291;KqH
DEl;iCS;397;6ww;o1T;249;rbD;UDf;770;wrG
BmW;KfM;714;Svq;TiY;118;prP;mWU;261;RGi
09h;o1t;667;37G;3mv;290;zd5;mBp;169;gER
Ck5;fyj;003;545;xsE;632;45F;AHj;310;iPI
ybm;w2f;685;Yy4;F3n;995;Kgd;GBT;503;FqY
ASe;r3i;713;yud;y7A;345;4HX;TTc;128;WG9
VcF;oV5;889;wJo;Y6r;093;NGg;U8B;878;ftN
9ld;xhd;200;Ir3;pYt;689;TqH;9YN;714;ok8
dya;vxz;683;t7G;hT7;112;4Yt;oCj;707;f4e
nfs;q4R;560;8VW;iSY;468;9t6;VhH;059;upC
C5X;Uhr;153;3su;vUQ;776;xOt;D75;659;Q9p
sEh;cYX;340;Y1r;fQt;726;q3D;zuk;644;iS2
YPC;tej;563;tL3;C5q;229;qDG;qhB;229;L1L
7kW;tbO;074;YmP;LKr;503;aNs;jrh;632;FLE
WSs;Irj;720;Oy2;MIw;357;ISo;OiN;357;cE6
T3u;W4j;400;qmd;PG4;243;N3l;Br4;949;BXN
XAS;TkE;448;xhW;pDG;287;yhJ;0T3;064;hrL
Ns2;p0I;333;dij;jkY;694;ti5;Ohg;249;j9w
PKP;USn;224;Bf4;fmM;299;1sD;bLU;517;AOE
KP5;Yd0;735;4KO;xyZ;731;35y;UYM;172;5Ey
pIq;IqT;842;8Bo;jku;114;Ud3;ts0;814;3A2
ksY;NE0;708;jqJ;5rb;598;5B8;bqB;648;NVA
9BT;kCN;215;fn5;Fe3;699;tVF;OCA;937;Led
9Ij;Ir3;451;z8Z;bQU;021;Stb;Lp0;828;m7B
y0g;S92;087;nkN;Zwq;241;8tK;L3K;027;sR2
lDQ;nem;441;yt6;uAf;767;ljA;Vv1;099;M8D
ejJ;Y19;262;OvY;Xsm;626;SnA;Xei;983;10c
OpA;9FS;497;jLJ;mrN;077;VdY;eDf;515;RuB
Dph;zTa;694;SNx;Oof;233;NNf;JeW;935;59b
bBN;W9L;110;EnF;ZWy;670;gJy;XVr;183;ZCy
REv;Hcy;854;6L6;v0o;955;u8c;IAL;642;0JR
Aqg;bNy;108;8Iw;IEr;218;vko;l7I;534;YlU
mjn;7Wt;505;IbJ;d8q;615;GpB;XFK;512;wIC
Si9;4dg;677;8lT;bJY;948;Ul4;Btn;844;I5q
sUS;Zpc;132;OJu;yg2;296;CmP;KHi;725;TrY
q8q;bge;001;DUi;Mop;043;XTd;IHn;425;W1q
OQy;nLx;257;Ajd;4wE;392;mhF;LMQ;131;jSb
aih;woh;924;lya;f8o;888;3lC;NOn;853;7Zn
0Bt;nDX;516;0Ez;dkr;097;LvD;NJt;411;7qZ
oQ5;j0y;202;q2e;3a9;174;avP;VHw;430;TnD
QHr;5c6;598;2bY;Tqe;133;CtG;4uk;037;m8J
G4i;bVi;945;Tj7;Wfk;976;teq;ahE;096;2qB
pp6;kmH;164;yWG;3ra;002;Hn5;uff;179;Q67
9fL;mmX;458;H1r;w7q;370;lkg;wtw;270;yy6
5on;hiM;938;HcT;f0b;245;jCL;iNZ;635;sGo
INy;sEu;830;fnZ;8GS;594;Hba;Jcu;179;KPz
O5p;1zB;022;yY0;fVu;382;EZ4;bOJ;856;Xmi
1im;Uso;434;rFf;zpk;707;T0h;2f8;941;1nj
ngS;Fjm;412;SB5;FuC;314;kMl;S7I;286;ZZi
0PU;RYZ;107;7uR;gL8;905;gT3;Eci;312;1hO
PO5;hvP;950;Kjc;Opd;708;7CR;ahQ;817;JQP
Mys;JEp;649;2kT;b2u;314;nHh;TyC;078;ru3
Mky;R0J;082;Fa9;gBl;612;9yn;fG6;351;ujR
x8z;eWW;708;LfW;hEZ;164;A6W;RjO;694;coR
CGp;8Oo;740;AKw;PD6;928;qZX;vi1;060;CMN
6S5;fPD;370;v4J;gQB;599;XHZ;cZs;987;mwd
iYZ;ION;988;HQZ;sFn;545;LCf;PD8;603;oje
76F;6aA;276;7xg;NHt;945;rPb;5Zu;489;dDk
es3;noV;452;6eI;pp4;574;hBu;HmB;473;8De
e1X;Ejy;709;hl3;kLq;151;njF;JPP;138;5dg
KzZ;8bk;666;VgB;aE8;083;G81;5xo;076;igx
k0h;cYe;381;fRm;XlN;507;77r;vAp;316;OzB
f9f;WdU;699;4j4;WwS;123;Rw5;ITA;414;cti
sq8;SK7;522;Mp4;2pA;122;qqV;nbO;656;1xJ
C91;vNh;674;PMW;XqV;758;0BR;DNR;324;Wzh
3mX;oGE;578;GNJ;8UE;400;XDm;Nsd;090;q1k
Bv4;Rdu;374;R6B;OLz;020;5eM;ydT;578;h5q
9R1;M7S;924;qLZ;AqX;743;XZf;9F6;135;MNs
oXq;eaK;521;2Xx;47J;751;rO5;B6r;209;QdB
nPj;Sc8;404;oq5;g4o;084;byj;Mfn;836;wrL
aOk;nKt;792;UXg;nDI;144;xmV;24L;903;rJw
WnC;14l;437;mEt;exU;922;StK;d6H;790;rgK
L5a;KCF;763;BjS;1BT;462;PDC;YKp;798;Hex
yOa;cVC;583;HV1;xuE;657;1Ci;2Rs;153;yhY
fqW;c62;789;uri;q1I;509;hhN;uRc;194;UiN
yd0;ikE;308;JBc;3an;606;S4T;Vsn;231;2MI
oEK;Yft;715;YeE;47s;833;wJj;zue;725;ApG
c6v;w6O;692;UeC;sdt;264;Uqk;FLR;059;zih
zch;zJ5;674;A5g;KHD;732;La8;M27;427;ROd
wUj;duE;642;mdr;yBc;694;Hiw;ykC;696;zFj
vi5;29W;067;QQy;2vY;456;7r9;p4s;285;F6y
VxV;JVs;708;vKc;QUW;064;kT0;AkY;743;1F4
H4z;Euc;059;k6h;TZx;669;ZO9;poC;257;7sF
q3M;WGr;781;qVe;j1F;462;k9E;Y8s;395;Bb3
9du;eM7;907;9gV;hRs;796;vhy;uEN;489;vtw
f4t;FdV;129;z7y;txY;083;UFY;Nd4;236;ird
Jo3;Bft;692;Ffo;S1A;656;EOV;C6S;977;9UO
Vpp;80O;823;7nm;8X4;656;gLh;N4W;975;iUL
Gy6;4yM;413;EVa;ph0;103;jSQ;zZe;903;FvL
PUq;WvX;786;tHW;vJm;744;BZQ;yYT;556;mdV
T70;7l7;243;IcO;b4Y;767;8ho;kqI;745;2mZ
vZO;sRE;907;ILK;WR9;642;MBj;Vvy;109;VPx
lv7;ibB;357;7Tf;0Vt;649;eUU;fgM;559;TIm
CYJ;MIA;435;7oq;vmL;184;UnL;FUI;960;SU3
htV;p7A;137;6Sa;6su;374;AkK;42G;294;Jat
yNy;WJ0;154;5uJ;SXk;416;wdR;Ho4;483;LfI
lkC;YX6;480;5PR;qHD;802;fhn;3CP;771;HbI
8fI;dqF;990;ems;xLW;058;uZm;AJ8;701;ZFt
ooI;0f9;985;MOt;XuE;739;8Wg;UgX;705;6TW
Msx;LRg;829;FEx;QGW;230;08R;Bif;100;ZoA
SNC;whf;540;uu7;vhr;096;be4;sXx;542;62L
hP2;4A7;040;N1I;oPq;082;RpV;zIC;521;dOs
CLO;pCN;914;2CC;7s0;224;bg0;ikS;325;XAf
6jb;zND;173;f5B;Acs;834;jl1;MDa;980;etr
i8e;JXH;806;RfA;dzm;320;zRw;Xsq;078;74d
9uG;zFs;872;2UA;wB9;114;Jod;kOH;451;GVb
6Da;lZL;957;ySA;wUG;891;Nyx;5xV;763;GWb
ODp;2za;734;bed;UGB;155;jkw;cnF;410;W3U
TS2;RtI;212;erY;Qb3;756;KbE;zeL;576;tfP
fB6;le8;128;13C;Wpf;939;8rz;Wq1;362;8XY
XED;4j1;898;7JY;qFy;496;4aC;N7L;108;Z7d
ZVM;ZP2;695;TSM;XzW;305;HM9;pGy;371;7tE
dKG;JBH;349;zVX;InZ;998;J3m;5wF;329;Iew
qdU;Q5x;634;xum;Qrj;008;HA0;W8S;692;jCf
j5C;XhJ;496;oBO;NA3;874;whF;p2V;852;RKj
cnf;2BX;232;4XZ;LYj;918;UBB;dlJ;990;dzx
AOz;Qky;335;r2p;GXp;564;Ujc;Vxq;640;17Z
mCW;nbD;426;fB1;kNh;236;NwC;8Uv;042;m6b
E9W;Dg8;496;wM5;LGr;233;W7p;w2D;913;avF
ZTK;KzO;556;99S;C6H;972;ASg;oUi;055;dhn
taG;Q1o;231;i3n;gOw;638;gol;mZX;051;0Nb
C3W;JxE;092;s11;r07;133;L6O;CDQ;249;D3s
yUv;l3V;627;bpM;S2g;687;f0j;Pj7;091;0s0
5l1;UII;704;Om9;TBZ;536;DDK;rRZ;075;iME
7Ig;fOu;841;Q4a;nR8;326;xpV;Gnj;011;voF
XUo;gMn;215;r4a;2qf;344;eRk;nB3;319;9rZ
Dc3;yb0;188;9Gp;Do4;723;CAt;8BD;233;CXp
iTU;mOX;738;gOR;xiw;650;D4U;nAN;172;1k3
xNx;vUT;189;5Z6;epn;641;uSZ;ycF;770;UTT
2zf;fjJ;763;joi;s7w;382;5hu;ef6;408;AUb
VE9;Bmv;247;92g;9At;695;Z13;D0e;797;Kdu
SqY;yDQ;512;ZqP;bYn;014;03A;IZb;206;zyn
lkw;FjD;138;QJF;Eq0;228;FuA;g9T;947;Wsr
Ri6;jsN;913;70n;JrU;805;S31;Oel;407;bDD
mWW;AIV;335;NVa;qdV;585;iqa;GMc;768;DDA
e18;EwA;771;qKJ;WcI;992;Ve7;4Lf;843;c3l
q9O;boo;841;vWi;Asa;481;7jU;Sbm;808;ABD
GqH;O2q;792;ncH;NP8;374;STU;Y4c;246;kAU
1hh;Vfh;496;SpY;sEp;816;3ot;N9V;840;Eae
UXe;lxw;051;3Np;0rZ;020;XqC;YAl;524;LfL
xaY;mmk;617;IpB;ghG;428;I9r;57A;571;X4g
zwr;kKy;519;65w;WlM;337;nvD;erG;210;OoT
u3k;aa7;368;SYl;BgW;905;Ecy;jUr;082;b7V
TZG;TZb;330;1WJ;BQC;944;XkB;CXn;681;xXj
8Pk;6cr;190;wPs;PZ9;135;OYQ;eVF;483;6og
gF0;i2E;307;n1S;1Nl;580;16i;rUw;723;pfV
AgQ;Tdg;873;R20;DcK;440;8ZD;AqQ;057;KHs
aKN;aaR;676;0R4;FsN;922;12C;A8a;167;gQv
bmw;C2W;437;XNR;MYh;899;pSm;zbL;420;Vsf
7YT;6u0;802;P5d;z4F;062;Dv1;14Y;757;9zE
fpp;uzy;783;Y1r;oBj;951;hLQ;YRh;063;9SW
gBY;652;786;qOJ;xZM;775;nua;eju;596;Emz
y7w;jQv;831;QXI;FSU;676;HA3;V7Q;830;12n
3c0;qOO;654;maj;ddn;529;g6c;fjO;059;68U
t5t;t1V;151;n1B;zhv;236;B07;AA0;350;GIl
CnD;71h;315;bmB;bCu;785;Ek6;Nnw;194;K0W
cqV;31B;725;vG0;PRm;630;yId;Dnr;483;OAH
A1B;JHx;163;02m;a9X;414;htX;Km8;078;lEX
UpL;jwa;848;TeZ;SoK;675;FT1;xoq;758;Z0b
jnW;Gom;293;moh;wyR;561;Rmz;AO5;106;dt1
BUM;I3T;264;YyL;62X;443;t3j;Phi;862;2h2
XJu;hlK;431;V67;9tK;106;5Eg;Jfe;463;I1Y
ous;eKu;719;x8f;Ros;043;YqI;K8u;487;DkK
elD;loj;900;uJR;ItS;970;gzo;yWS;461;NOR
gdL;EGf;328;GVk;y9o;199;9qs;Krs;224;Mye
ZKU;zi2;451;RXF;z5B;914;8W6;ADT;053;2Aj
N5V;FVR;828;7XW;Lrw;295;HdY;2nN;746;YUK
ITT;NYp;872;J8n;PZl;745;dlv;BkL;068;uzq
emt;JRC;880;kAT;ue0;471;MjX;1Rn;598;LR5
wt8;Hvy;528;mHh;wEa;846;aqR;yyN;483;NEk
kuu;pOI;337;dcM;GPU;623;QTI;pDw;987;b3A
3tb;Jqj;120;26k;Rl4;169;GiQ;2P9;093;gMi
QDl;e7w;590;VXk;2m1;188;kls;9NQ;718;Z0R
5fS;fIh;778;q1S;2eX;565;rdG;k5L;911;Qg0
dn0;Lga;678;wQZ;kSu;692;P1r;joB;963;Qio
JQt;wco;466;FJS;KBL;843;I75;VLr;708;Opc
KWw;OUB;371;mC5;gaZ;858;EeR;GcZ;138;Yxy
waG;HK4;674;Ho1;7IX;999;2aJ;Ham;300;ASK
yhd;vpA;513;yWs;8Tr;467;HfP;IWA;483;WbO
vi9;oSX;366;9ZU;mwH;419;SJV;TKE;353;qmD
26r;IKE;361;sIo;DtL;525;wBo;XAn;598;rvG
zrI;UAa;448;Oq8;uEg;129;ggo;01x;616;o3l
Xhn;2ie;029;uNc;CZi;581;ody;Fo9;516;Dv4
sCd;zzA;772;Mma;VGl;123;br0;dKr;524;8Tm
Noy;3Ry;592;PHn;fsu;173;EXV;JfO;050;SBD
Stt;xiq;449;AZ6;d05;304;IQy;vbM;262;kkt
SCh;oX7;918;Xwx;Sxj;902;V3v;KxZ;148;iCd
lVv;vix;678;rzd;ZDm;059;Q8j;MT1;221;kbH
iFi;iAX;897;ejs;PtG;839;Atx;9fu;019;jLZ
jRB;jRR;257;YZr;May;067;eu5;85O;201;8ZF
CdE;UhJ;033;Fjm;98T;386;ljS;0N0;934;Bso
tnN;U1j;020;LW6;oYm;024;ZVE;gAy;939;TKw
Oct;Y77;415;NNE;Zc9;020;YfT;IK6;936;ALN
c2s;icj;402;Lfr;6rb;673;Ba7;lUa;881;ujk
h8H;t7p;107;3K8;viI;822;g8x;Q9i;770;42X
TZw;yU9;455;6UW;s2Y;678;eKg;YtA;654;9Dk
CXB;wSF;446;0uc;VYu;258;Ofs;Gnl;860;a9e
Q9J;dTS;628;s0a;Bye;479;oQC;lCF;222;jVj
TOl;tSg;612;kfp;rIZ;177;91b;dV5;912;k6y
KGt;nAQ;521;7hG;h7e;676;u7V;oju;388;7Aq
QdM;czP;991;H01;uBZ;161;mOi;Q4d;134;9oJ
gYf;AwV;202;Q27;IpS;199;5fR;0sw;867;BNJ
nhG;CBZ;640;WqI;Obx;658;81j;IoU;392;gnL
v65;wQy;593;yPK;jAz;563;LpD;WiA;660;Jez
zPF;H1Z;798;xha;mZQ;210;qce;Enl;817;ysL
ixs;O8e;370;RrV;HGO;486;6wX;p5D;460;zeR
IVg;2nS;430;kLL;roZ;626;tvP;Yus;107;PKj
JQG;eVe;400;ca9;mXC;972;bGS;gcR;691;27u
9I0;8jA;520;Tf1;qgX;092;sEo;bD2;685;YMW
hPb;Gpb;802;t5R;SE6;080;xLZ;OE4;644;bng
DHM;sPX;103;hSh;PVR;480;IZF;3sS;492;gKf
Ou5;AaV;111;DZG;Rn9;477;BZq;kAI;720;wHY
JZg;dhS;529;1Af;jUh;810;m5n;Hya;696;j16
tNe;Z6p;414;QCr;UK2;327;DWO;BPW;982;u08
VjP;0fl;687;9wH;0Yw;766;vjv;KpO;177;q4R
ggY;J4J;811;dhM;Wah;148;0q0;cWa;519;sPA
fhU;be9;866;R0W;SFk;068;7Ij;ZDO;691;i4q
kKM;g7h;826;q8P;bNK;622;Z7w;rN8;909;hTE
qX4;IJs;348;yva;vXF;972;jnr;ura;494;BPi
FRe;jSg;800;yhs;OR6;711;B81;tVE;422;AF2
jrE;oV0;419;rDz;odi;538;59I;WlK;018;9cQ
VJy;MqL;637;XLP;Fwb;808;pJM;gXg;663;zqz
cr5;2YR;958;GLG;4ql;826;qH5;lRU;023;Tmk
xtu;P2u;483;H0e;2x8;047;rlU;ZLl;081;ICY
1rw;7wE;064;kTj;J40;347;vBQ;HHC;847;C9C
9RZ;pso;977;dn6;6Qp;446;d9z;E3e;362;y05
M5K;zbG;762;xj6;Agv;533;9eO;HOc;907;Pxq
1Jx;NNR;124;qYc;Apg;730;Y5x;An7;091;0bs
Lmf;Dy9;482;5PI;wv6;426;9wV;7YU;078;3nJ
FsI;BNQ;739;0R1;VOF;182;I1G;6C5;250;ldA
5Z8;r3j;251;1BE;1p9;127;57v;TDw;818;3YO
Swe;BRw;100;i9Y;2IU;380;j1H;ewM;264;mYB
Gqw;GuZ;786;O7U;GYG;265;8Ak;G74;268;0MP
KCN;En2;543;Snn;BJx;381;pGM;t1r;074;M2W
m6E;6wX;565;DgO;PlW;983;5T5;xNb;238;u4B
rCW;eZq;925;OX7;k8o;427;zyV;GP1;383;8Ap
hyv;g4r;216;ewN;Rj7;927;7m0;XZw;116;YCU
wjy;XC9;338;Jt5;hnb;507;dBB;PsL;116;uLD
4Bv;BU9;750;s9A;wjA;983;1dw;u9L;765;rjF
be5;0yh;609;I3i;P3t;091;k0X;GeV;991;QDe
sLy;dHb;514;U8u;r73;907;1m5;1lL;111;jTB
CRk;m0t;914;7tO;iRn;432;Epg;s2i;919;KEY
Woa;BOV;528;3kl;ey8;178;R65;pbJ;933;sUp
E8i;KYb;721;LYt;9lF;452;UOV;3nW;538;GwT
BvM;PxD;130;Pgp;h1Z;205;2Ab;eCQ;339;ggj
cau;4t8;611;3Fl;SCP;397;019;OP7;429;Kev
F9s;V3H;530;20a;WmZ;338;7RD;Cac;111;mhQ
B2L;sf1;720;WQW;xQG;408;O2O;tIK;272;zGn
nt0;mqb;149;kZp;Q1j;932;27N;rxv;126;Zf2
hWa;i3D;645;l2n;h4n;557;95X;Okb;385;PRM
pX2;Y3m;893;RBK;joN;582;Fqk;Jgt;829;aVe
2UT;HtM;600;BR3;LhJ;393;DS9;Tzn;360;kjh
ycZ;mQi;094;s6i;zey;074;iUg;xXr;731;TK6
5c8;j0W;413;SHE;otd;351;RrX;jas;098;mpN
EIH;qZU;445;dbH;yAd;623;rD2;1cF;017;WG3
uKV;Rz2;054;rPC;T0B;191;yob;ZC5;599;UUy
hMP;P3X;954;zFn;a2T;917;uIc;ORX;174;V2n
6dM;4oH;227;eS6;uXc;661;9Wx;4nB;249;Jpo
AuZ;iYc;660;Izs;0vz;290;fZw;Jzh;146;qpD
by5;TUo;523;LFK;Fh6;029;gNz;QBr;889;6U2
1z9;EFf;912;CtT;Yks;514;wQv;N4V;274;2ag
Jnh;1Ju;302;FqN;Lc9;170;jQd;Hcw;637;RYg
B3k;OC5;975;OBh;V1H;753;ops;mwO;869;tKi
kdD;CNn;221;ysw;Vg0;422;wao;jZA;654;w2c
l7I;z5R;397;poQ;9ih;615;tHD;f75;761;3Of
CIs;XRD;593;q3K;fzL;899;64v;iuP;852;8Ze
6J5;B82;379;oqx;DKj;571;gQV;rF8;845;sDK
hp8;uLY;875;fBz;Z0o;826;Grx;HDw;754;LyM
i3N;Ne7;998;GOx;evN;537;4Xx;IZO;918;ZRO
uJq;QSi;582;pNR;hFS;369;KvR;G2A;552;DnT
pvw;jCY;214;Fj2;kqw;539;b7W;Qab;214;YKI
vEY;FYa;848;Z8L;SDg;215;T1W;ETK;450;ky5
ikR;8Ke;725;h9q;xbc;975;2b2;RCt;683;BD7
Nnf;dsA;626;tC9;zEt;043;4ZD;GC8;867;CGR
Bs2;NFb;128;rtd;oVm;895;9tk;iiX;878;ozH
B1d;Zx9;900;NCH;p1s;073;qYw;6m7;884;3lB
mtS;Sgd;756;yYT;s9v;989;OtD;BNa;631;cUf
UEQ;gxJ;852;TGs;leY;614;50N;HV1;801;Y8g
GtB;OEe;700;RjI;PKk;304;eZ8;xoN;120;ASf
fKF;Bcy;584;ES3;2Ah;782;aLa;d5K;133;znp
HCF;xzc;883;6lT;tUp;837;YLl;vvh;827;jv1
6Bt;Dps;532;KFM;11S;940;ZiD;L7s;544;bDL
Z8p;WSv;456;FPo;8tw;885;LIt;tnq;275;0pz
4jE;yET;173;8q4;3rf;853;J8l;bPy;214;ZDV
4HG;9Aj;662;xfd;trh;929;VD0;SrZ;782;nyo
RP9;rSZ;479;vAj;i8V;422;d2N;Hp0;364;Fkc
ypn;HbS;547;jeo;zXn;978;CGK;Gre;527;uh7
rs4;1cc;054;t2Z;oaw;194;lHb;PbK;684;Fv3
8MG;nVb;384;kYn;eOZ;902;s8R;Txq;169;wQB
Yie;lJp;910;4JC;V7R;203;mnN;pjd;057;0fO
KgJ;ygO;449;vZM;dtO;375;VEo;SlF;095;vsC
1bK;cFL;791;0Nb;DTk;110;3oO;ASS;046;jfH
Yhh;0Ig;275;kjI;jVW;914;aQu;BU4;493;miL
QMy;uCM;757;7iR;gXm;152;cg0;CvY;121;0hC
3wn;ONg;469;xCB;VTf;439;UzM;OPr;315;l79
ShK;dfr;145;Vmq;4Ni;761;PPt;UbF;255;44S
puY;feU;015;374;Eli;407;fUZ;hFW;097;Pm3
CXc;syf;443;C7W;foE;598;9Yy;WOl;302;pDk
EYO;OFk;312;p9t;QK6;634;m0W;gqF;616;rZg
gl3;p8p;915;Q5c;NEA;609;1YW;2d6;907;XBD
Fhf;Uq7;118;QpX;rJy;190;o0Q;rGN;314;mgh
it1;Ot6;540;I3N;Wf8;422;VSh;ZGh;885;wko
GCf;TYn;998;8yc;XAx;232;ia2;vlM;020;zrH
u3d;plQ;520;J9M;nyN;765;rMg;VJC;482;rXi
xCS;oKG;262;GiK;3m4;851;1b2;c0g;400;P6E
uBM;GlK;004;P4Q;7rG;309;wbZ;Xwf;427;tjf
fL6;ecD;384;UB1;F0m;162;fOu;ugb;527;ils
NmV;e2c;200;ZHh;ZRz;929;Ozr;9IP;485;HyN
ChB;hka;619;jpN;DV3;862;eHh;bCQ;671;AQo
u50;Nfy;968;yDg;Mfy;251;fs1;iAt;942;jUi
J4r;Xio;983;JFN;sFk;552;jvZ;E2v;207;xc4
Bag;MpL;165;bTf;uMu;874;M1i;sTU;394;tax
7a3;S1V;977;Tqn;2v9;953;pN1;loO;096;lvH
kFC;RvP;620;qVd;oo0;311;R6v;YVX;292;JiC
W0f;kFQ;478;dvo;sKM;033;lls;4oH;641;tvP
31A;mLK;407;1kC;RJC;093;FHh;lbM;380;PJn
GFo;lRi;260;iaE;u3y;391;7Ya;D9k;045;O9t
gwA;7u9;904;6TA;Mid;194;he6;WES;595;lz5
Fd2;DiB;501;j1W;QYk;022;WtA;WFi;518;z6F
SLa;D3C;758;diM;0X6;366;lzN;3iH;573;n2n
XuD;y9b;749;zD9;SHT;478;LTK;82c;413;OfO
4XT;W3W;577;68s;vzJ;874;7Vy;Z4a;663;fNv
80q;4PY;324;ajr;3Mn;037;CVD;BGt;964;vFo
Yfx;jz5;511;yTX;Pce;981;z6z;DhZ;233;KT5
0Bf;LSw;387;AqW;P0R;919;mhQ;Wbw;006;9Pu
Bal;lzP;112;BAq;gjD;619;sgS;kTx;747;Dcv
tvV;78n;544;Gav;WOq;357;Ezo;n2O;121;mD2
BVO;S4B;957;8G8;1vB;224;fu0;PUi;774;VYx
Bu2;Ik4;446;Y5H;Ghy;277;YmM;6fn;550;2Fb
RMv;B6U;815;nOC;86t;671;KhD;7tO;918;hHh
3W3;tQM;455;Bfd;QJ1;098;ytd;sVV;007;u9F
CYD;wUl;245;ymP;qpQ;214;D0N;vWB;868;xlI
fGE;ApZ;031;1kO;ozl;513;cPH;kHR;969;oO7
ani;wTA;916;qPj;dwn;760;059;QPy;395;jHf
sVW;XsM;806;O2H;fzI;496;Uj0;xK2;418;naK
gIm;gar;616;mtZ;h2b;243;C21;CqM;710;0yK
kXa;B3q;114;frc;wKT;938;6KT;Zax;868;axt
hws;s6Q;704;nrg;Rbo;528;Ayv;kb2;557;2se
2yC;kGh;269;2HZ;2sa;557;W4W;dbr;749;n1N
OGU;weh;753;9MW;NAM;833;7nq;RwM;372;lt7
XDG;WTi;224;7Dy;rks;747;DT0;mec;929;7L5
31w;BD9;629;1l7;Vru;537;gIe;qVi;827;zKI
p8J;T0f;997;rvT;HUC;357;n0s;AvL;490;GEN
6PM;r9I;308;k2G;E1e;841;Nmk;klE;347;Qg2
4WX;UJD;430;WgZ;ydz;742;n5y;jJE;455;r0p
w37;IUl;358;5tI;tJn;574;IIX;Vo8;595;baJ
cMP;ptI;125;SRG;jHX;756;HdL;YkC;635;bme
x2z;LZD;454;mxI;70Q;319;MAg;1sP;793;aNW
XMI;7yk;964;260;6Qs;158;D5K;lQC;275;PWa
t2J;Xta;060;QQm;4F0;138;sfB;59h;890;NKB
ARH;ZZ1;444;Qsw;i7v;666;xnt;6My;416;xqE
rP3;FKO;077;VzQ;a2w;438;qdI;ECs;306;j7i
IpL;o4X;143;QcC;RAW;094;oWb;oa5;520;x65
kUm;bcn;297;M4O;4np;899;B83;M6g;758;pAz
yvE;tzC;432;wNR;NKp;859;Pjg;UxZ;663;jAn
zDG;Msd;446;24b;bBH;980;G5k;zvF;862;axf
v3w;xsy;756;FyB;4BE;251;ngw;t7l;513;HP5
JLN;6da;723;ZzL;371;224;vJA;LMV;174;7EV
kWD;Eoj;183;48U;wNV;591;MqC;Fq2;120;avB
Cok;C1Q;721;4cm;L26;602;KoN;68d;406;BWt
eyj;ZhQ;121;cUc;xbb;414;9Xd;OrJ;749;aDj
q0h;o5K;454;ZRG;8pD;552;UHr;yBm;248;W7e
q0y;b1b;672;VyP;7eH;282;0VZ;C8g;035;Fra
gKd;i2A;614;OwD;dvk;145;T3m;1xT;767;JHE
2AF;PbF;276;6Z6;TYo;715;E9c;dVK;061;1cH
VWV;k8Y;768;kQv;aNU;782;iyV;vzn;566;A0D
zej;aJB;660;4OS;VLy;403;4RF;0FM;492;Agv
8Cs;R6Y;807;81P;4GQ;931;574;bZu;314;HwL
dXH;c0E;692;88l;yEg;792;JEZ;NuA;832;Cu0
eHl;oB5;770;SEN;HaT;404;xlm;IEI;572;Yvl
4Ie;RzB;003;G3n;2Ss;100;uws;8Pq;486;Sml
0M3;xZI;392;THs;W5I;461;xtL;Og8;263;XiS
KLJ;Pwv;274;JQ1;5rE;978;RKd;Xxe;714;kqs
Wiq;3PD;442;DNz;Wku;505;JHh;QDK;611;FE0
dg8;hxM;782;8MD;Fmy;331;6nZ;DAf;025;ObJ
VSf;6N4;639;od6;P1I;562;ftY;Ijd;766;CxN
5GK;bWq;401;h4Z;rI6;055;dX6;QQR;433;U4x
XcK;90S;573;QlL;CjE;759;eY5;79y;336;RV6
Cfz;bCG;698;Fbw;0M2;647;MTH;N4k;881;Pi9
KLR;BDB;037;9m9;Y7O;090;cEq;LF9;158;FdJ
tGF;LGd;731;Ci9;CPh;997;zjX;jJi;135;rTs
U2V;Yzx;803;dFX;U2E;573;F0U;LTN;421;RhI
TH1;9nu;044;v8c;nZ1;375;yB0;963;321;IUB
wfA;ElE;230;zpr;FBr;631;ZSa;hr9;971;KZ7
7Fv;Pv4;034;3TE;2cJ;723;c2G;g4X;621;Fuh
qat;bwl;899;GFI;IEc;094;nY5;M39;917;W1U
Y4B;MNZ;797;ipp;oJP;598;Jup;13t;256;QBQ
tdt;USw;207;w5t;HZd;175;6le;ZgL;884;RV4
lST;Ctr;174;Wze;Q7U;536;t2U;cCn;129;Rzo
WES;FeP;651;W4E;r6C;509;jFL;TIN;026;uC1
V19;ya4;168;NkN;GrQ;298;LKr;Ktz;828;ddn
nCV;P00;578;wHH;Nsb;484;6gN;ZGI;590;ri1
GVr;XFx;734;w2u;8GH;196;ItU;OSU;789;tzV
0Vw;MxU;118;EHX;xN2;548;Mpb;8Jy;912;yfF
hFn;2iz;356;ODa;2OO;265;PHP;nGq;006;rWT
RMT;IOG;747;oCV;IIT;515;rWx;TS6;228;tEH
3QT;TRX;938;Zcj;OLE;981;Ctc;nR4;450;Gdg
qCq;ZeG;761;gJ2;kWY;682;iEs;bhZ;201;c5A
61C;KmD;504;yiA;4Ab;842;jxM;gHN;416;12z
vVM;NWh;660;5uL;hPX;175;oIe;QPT;311;Q1I
9Oy;GtO;109;MiO;aV7;069;OEH;oBc;145;d5T
xqV;Ucx;076;8sI;rWH;490;4YN;lOz;760;WGH
KBD;glN;019;pPX;HAc;580;5fK;hnJ;081;mon
L9T;50y;778;HkH;wbb;898;121;xKn;257;c52
Dr0;kjb;753;YLJ;AnJ;748;lwy;Es9;412;Vj1
5RE;zt1;407;QGc;Co2;188;RT5;xFC;401;LUP
9aO;Kcx;055;ZKW;ITm;346;4TY;Bh6;200;7pZ
pUp;rpP;025;H6S;1mk;510;8Od;bDz;227;q9t
p0H;uOd;750;5hN;Vvu;648;YrO;hnA;047;Cta
Q4C;ktc;473;Fqn;z9y;413;LpS;0Ul;457;vts
Oat;NfV;942;Wwd;H90;484;OD7;g5v;592;vIH
tKf;sA8;680;Ke3;DPF;447;dtM;66g;606;ElO
D45;xp6;730;osj;l1S;187;dHP;s4z;868;bVS
7Xj;gR9;475;Kby;ZOr;492;dFs;EVj;789;cG7
rl1;953;390;WRj;Bb7;415;XJN;smY;967;Yve
fkU;RUF;953;kUG;zZT;573;Nzg;B5r;313;Y1r
Ten;5Ws;025;lEl;8b0;692;Xof;qRr;227;yP9
oQx;jo2;032;dti;YB9;804;JEo;3pD;440;rlS
txQ;M4r;679;YD1;NJX;966;IfQ;o93;769;jlE
Qig;WDi;339;sYN;TNi;368;VoX;PIL;473;9IA
UXw;iWd;702;sqy;iKe;854;7nZ;C4d;469;jRh
5E4;Z5d;956;sRL;snS;740;Rli;VcL;459;iYU
qs3;bcE;807;AA9;bbv;393;rx1;Utt;988;FGp
9Kc;dWa;554;c3h;Dgq;342;aHT;jUu;085;x6Q
hQK;zbw;181;Grq;ZNQ;055;I4Z;hl9;987;vqQ
5pj;VSK;019;LwR;yDD;753;kl5;BGX;950;B6I
AJS;a25;565;tpl;k4P;636;T8b;4EJ;477;Ieo
Igk;ucd;267;U5J;fHP;398;RDA;guz;686;1sO
Y4d;dkv;850;MNr;4N5;272;um6;A8m;530;5LP
o5y;LRL;463;qkH;f8U;717;OVG;8Jd;017;aaI
Mlg;351;473;PSZ;G1p;579;CIE;E4L;972;qMF
KWR;010;159;lmv;d6r;517;Nw1;R4Y;062;9Qs
Qbh;mie;419;ezf;7bw;720;TEy;5sm;535;m3M
K39;D99;021;Zeq;XkV;805;2pQ;Xvr;354;yx8
qeT;jhy;547;j3z;hxj;528;tDK;Wcx;350;kTH
b9e;tVM;362;hVN;xsP;850;oIA;u5s;833;7bY
9Sm;P6Y;749;jWo;GBo;938;1m3;eX8;328;PRp
J9w;7uq;528;jKF;lsp;950;PWt;ZEc;750;t09
Z8T;6Rp;787;5P5;qb2;179;0x5;TND;449;umY
6Rc;Vga;030;2jD;pOM;259;GhO;HFK;716;V2G
ZUk;N1u;427;wnJ;kOx;550;p3z;NR1;115;Pif
wsO;F9o;789;MlW;7NS;272;SQg;ufM;921;yeK
uVP;LgS;165;0Jf;g77;065;pi2;rP4;753;cC4
zOc;BxU;018;z0z;jtq;340;qo5;Vsz;911;08a
GX2;Pnl;686;TZV;hYy;755;oCK;Da0;816;agv
Ctj;73K;928;6gu;Qq3;691;LEq;OJy;400;R3X
tyu;jle;272;hfm;HLK;911;SdW;EQ3;372;IuX
eRA;DI5;702;e8f;XYS;136;nm8;KC3;556;Mdj
834;ee9;816;Q2X;KAz;485;nXI;8aB;334;nw6
d0x;yMU;251;1sp;4az;883;O6p;FxQ;156;4lE
kzi;vZf;667;bPV;xmx;521;QnG;qwr;733;aHz
ZQa;3zb;603;mG7;QmV;369;YR8;QRB;840;FhD
rzt;OxH;882;yCo;yVu;579;Cif;YrV;872;qEk
Qzf;cXJ;450;H5d;vTz;296;zUr;Ec3;541;ebi
8PP;Aec;886;6fW;tcj;169;i8X;FdJ;220;o7s
4FE;H8i;422;8bJ;KdP;425;jPG;Lof;552;gRy
l5L;6vy;489;45A;M4A;491;jXr;cb1;173;N7O
quX;P3v;523;NEs;s4h;105;N79;339;867;060
VyM;GyU;762;NTr;8rk;565;mVr;ScK;971;UZN
ROU;jqK;639;A2Y;74O;618;edq;7Zk;477;ltj
w56;yUw;508;Qun;5GU;540;rdg;ign;906;4jn
oie;LtN;449;3kq;Cbr;445;CQ5;gT3;955;7a0
cT2;xl4;862;LTh;fLl;689;4fW;oh8;066;AK2
KOC;yDl;012;i3l;7dm;324;4xT;9lb;593;DGS
Mhg;Gfo;114;nFj;YLt;366;aGN;xUo;938;HYx
ljh;ASC;925;2jZ;O6i;028;6Cb;GjX;719;nOx
3Vt;wY9;667;3Tz;utq;467;QYc;No5;357;lbM
rpS;Uc6;447;exU;TfR;510;KiC;LYR;075;QKT
JGe;cTV;068;kAM;XMN;666;ctD;mAr;349;rtg
8y3;pdb;970;D4f;0h2;134;vgh;D0c;854;ZMd
egC;JzV;100;myw;qEb;027;xfR;oCv;447;lf6
jzi;rHS;899;O1X;9Qe;707;3Nq;emr;657;2Pz
224;kqc;347;6Wn;5N5;149;6h5;4X6;490;tc7
A24;lXJ;039;yQx;fSP;798;vMe;dBS;624;6YZ
GOn;OA8;992;IYv;rD8;374;EW0;4KF;289;rMn
Fqf;bUQ;320;qyt;HSa;735;uof;ugh;599;a2D
8zL;KBp;391;wEU;mjW;462;3HK;CJX;562;Ksq
bxd;KRD;421;27f;2YU;242;1tZ;QyC;686;4dI
m7c;iZo;885;gYS;MGR;476;E8i;lCM;241;W5S
RRR;ocE;743;CJc;7Ih;047;kvI;7PQ;217;cPe
CR4;HDm;376;ozj;fjy;630;2Ed;OKu;117;6as
Dfb;exA;583;T8n;8N0;015;Cr0;AMW;178;6AZ
r1C;Lz5;489;AXL;G2e;253;qD7;iov;284;alE
4ru;WXr;610;Myb;WC3;269;c8W;UGM;196;wFg
X8t;l2Y;714;J9r;cKc;078;t3b;ltE;579;Lzt
OOC;zSY;377;KsX;a9W;540;so6;zI9;927;nMZ
Hgq;CTm;690;6do;9dq;087;xvD;mNc;938;cVJ
HOu;0jB;704;3X9;SpF;688;Qvo;wf2;873;Wly
E6u;GuU;791;Qjc;w4w;016;1wl;PrP;389;BNb
g6q;oTD;176;hJi;g6z;649;XSD;i2O;901;3dR
9Du;kcq;541;2wq;7V1;029;p9i;Xf0;064;M1z
P35;fyS;624;Hr2;tkR;662;Aic;luz;101;aKk
zZT;X58;238;Dwi;Opb;630;mIE;E87;314;6Bj
XQA;Y9I;819;Pnv;HbG;097;Ui4;Y0Q;627;d4X
0TQ;QBB;007;6jl;jx0;060;oem;SX6;348;4o0
1ef;TaP;990;fc8;Dup;091;OVw;lgY;253;G51
DPn;sv6;552;06m;3ld;146;doa;2ig;382;Fax
Er9;Doy;526;JF6;PHf;913;B3R;KAX;676;qJF
RgE;P7C;497;aoZ;oAM;037;j7u;bGr;223;trw
UxI;YZQ;975;3JL;bQg;945;TdE;xU2;978;nSu
7D3;KM9;619;m0s;3Gp;237;faA;LDK;411;4kM
y0R;Nzo;274;2fn;ODh;129;QyW;xju;525;jER
FRl;9K5;907;fsv;gAl;313;RPe;YTE;733;xA9
i8w;SeI;108;kvl;SWk;027;ZAu;Q2Q;328;2Qs
XJe;t0e;258;s0R;JoM;102;OXb;1ud;359;0RY
5o8;XKT;083;EtW;hRm;272;d8Z;pST;463;5FF
Agw;Jy1;974;Bde;h6U;281;NBx;e1A;960;IwO
9EG;Zau;713;x9Z;xIP;103;OiU;CtX;083;lIS
xa6;3oZ;565;Q1r;Gg4;360;BPg;nwh;961;Jiy
UHx;8QH;517;2ux;Obc;410;cvR;9Uy;284;tKc
MhD;uYF;437;Lhy;71U;228;A2P;dFX;196;IuF
4V6;1D0;986;Tkp;0Lr;815;qhD;Oqy;671;fFA
wZr;76B;763;BsU;XM2;600;Vlr;k2E;436;Kwt
sI8;a3r;465;Efj;ogB;329;gfy;AjW;173;Kii
jVc;GAj;480;iza;ySa;450;VoP;IHG;227;ZtT
rBd;eHr;074;XnM;MeI;461;EOp;MDA;078;TMK
o1u;NzP;767;3d3;MuX;567;y3O;8zH;906;ox6
8Hi;vTw;045;us1;cWi;898;3Yx;UdM;214;jh0
V0C;TKl;711;6u1;3oC;719;ehE;8g3;261;Jfg
ONm;YiQ;958;4pL;Uua;149;wtn;lHc;757;DRA
ZTD;Qbe;037;hZN;jbd;235;Cbb;TV6;403;ODw
BZd;qNG;348;WHK;i90;311;Eyw;D1u;151;fTm
A96;MLm;058;X5I;kS9;392;Yo5;kL2;791;Oqx
o6O;pYn;805;toI;uXr;555;tvh;5US;261;WoN
hrY;1I7;426;MGZ;JE5;038;hWg;6aH;654;Z9Y
xXC;7qe;025;BPZ;JZ6;788;ISJ;fF5;334;dk5
9mC;tfN;461;IuJ;mMz;045;yqN;GQQ;180;T1M
Ghp;xlj;613;6fY;eHe;115;12y;fZp;161;o2L
QS1;vKH;008;4K2;WfP;431;Ij5;UQ8;958;9b2
SWI;xN9;587;DI2;J8N;487;GgH;6QR;864;8QJ
JKA;9I2;105;JXd;B1j;573;Mni;wZT;959;ZDy
YCc;DwK;249;uR6;Pkw;391;HN2;7gg;126;1eR
76U;MpE;476;rqc;tz7;833;i35;brH;307;ru7
BwB;umc;330;N5k;cBR;708;s10;I3g;710;xIr
kMw;URj;678;bIh;PBC;942;cX1;Dds;135;J7R
J5h;PJq;219;7XZ;wFg;696;r9t;dsX;324;iAz
kMT;Vaf;061;agj;FMa;189;mwi;sXt;922;QAP
aNX;3XL;711;tuF;Z0K;067;VpI;NXq;106;Zld
e8N;yhx;105;w76;g31;848;Nd9;fbu;212;dtR
t7Z;tiK;204;8QD;14f;330;puU;3GN;017;MAq
mMp;uEc;626;KCn;C8V;519;nis;4hg;645;Zcn
JfE;SXO;673;Xpe;bM2;524;OS2;PJs;578;6ZM
7gg;tiH;261;DY9;jKk;818;8nq;GWF;535;odq
Yte;paB;471;yrq;kuS;610;OaF;r8y;821;p6P
Mfx;Xd9;786;MYG;26I;593;lmK;hTc;014;dir
qJP;rNJ;605;uY1;XTq;032;tfl;t5a;249;ufy
zQL;XlV;708;e5F;MfU;145;dvE;xjC;372;Neb
uny;XR4;549;1rM;Yvt;944;7Ao;3QC;894;Ojk
C2q;hg8;400;nRA;wRj;840;XQQ;G6g;566;gYS
AiM;p1Q;361;kCc;mk8;892;sAg;XIW;283;Irv
llB;qQn;009;Pmy;Ab0;678;Qev;aTR;742;o0W
uFo;QxQ;221;2uK;JVG;981;e8e;sXU;124;RsJ
VOY;LeK;303;1oP;5lE;540;j0l;g8S;242;zm7
bU9;pqc;085;RQD;SB8;374;MyN;4Tr;826;OV8
VqC;12q;079;uxm;nnt;316;Flu;m8k;993;hGp
ckO;2cg;316;p5w;yR7;213;tLp;hFO;939;Ktq
pU3;eFt;914;Xq8;0Mk;795;yYy;C0K;385;22j
33V;eeT;617;k7n;Ss5;208;LH2;1fY;428;8DU
Bdu;x7a;333;wsW;E8x;735;62F;Bvq;156;yPq
aFA;JnN;648;IMI;iyK;240;Zcp;TrH;271;gvn
OmB;jhr;828;p8Z;C15;430;kwW;LEL;449;jKd
XdN;FfS;597;JeA;81o;956;0Jp;xhC;926;3KJ
2he;aSF;885;lAf;GL9;777;IuC;OqA;892;dzz
umE;drN;872;tMe;EX7;469;BM9;mvh;570;nJX
pKx;VFi;659;Nh7;sLz;235;uOm;pPN;800;SVt
KZY;zbz;395;Q1M;iXJ;922;ay1;u1c;334;K3P
qXV;wzx;666;zmt;QAC;972;a33;Qvf;366;dff
BVZ;gT4;251;g1z;Kf7;772;nGx;nWB;669;naZ
CYZ;Ev5;420;7Zm;LGs;143;ddb;Xwm;901;llT
NAB;ETJ;228;Vqp;1gV;047;Osh;Yvd;833;QEW
GRS;EgF;727;jpy;VoO;434;mAY;eYX;906;vrZ
yVW;QtW;818;tRJ;0mY;594;uQp;T0a;508;FX1
nIK;XBZ;149;2Dg;tzV;968;BXo;lCs;371;LKa
o40;UFA;972;bWt;BFQ;685;S71;7Xh;226;4Nj
BZl;f1v;892;Xhg;wva;834;xuV;IT3;336;L6i
ggD;aLz;042;buv;Zbt;927;AXm;EmS;575;mPR
kk3;eGN;960;XtK;igi;923;fI7;HsX;765;i2h
DGM;Zr0;013;xeE;gEy;280;Ikm;OIB;328;bAR
UQO;GT1;494;dU4;M6n;701;pgo;1SO;442;BtK
2l7;iQl;115;fPJ;kG3;111;9Yp;qYx;430;WDS
Gn9;gr6;027;jPk;FQT;755;Xha;XkE;012;u0d
xJC;5r3;679;9RA;BM5;765;uhA;w1v;690;g6p
s4J;Wqc;385;MaH;6w0;699;rAt;jhi;658;T09
FZF;WjM;916;uJR;jN0;825;9iJ;g4P;119;A0D
jRA;evx;178;Frh;lSg;827;rgQ;vCy;264;g3E
bYO;Yyv;637;tL5;e6M;083;sNE;vH0;646;Uyk
tI1;CQQ;308;UPh;rI8;274;E3I;lz9;230;Y7x
1mK;TtU;733;uW3;0bf;823;xky;mro;375;VWm
4du;DtN;429;tu9;lwW;428;3zR;LJZ;650;Qzq
VaW;Jlp;929;vof;tzJ;459;b13;y2Y;863;BqK
lnS;sMm;661;bQ6;Fs2;320;PSS;acU;367;hko
NTf;vLR;038;orN;sYO;792;uuE;POj;214;l9Z
5Ov;6pn;715;N2Q;d5D;408;Ju3;q6X;895;vjp
vzA;Y3x;661;YJt;byo;131;ewe;ou1;995;6Pn
OHV;PfI;754;Aif;291;988;Lcd;Xxt;843;vcE
TM7;dxf;650;zQU;Bhd;067;HZ3;Xc6;386;Yrm
wO9;7Bf;284;Gti;7eD;350;zw9;Hrs;584;U97
dvj;eQ6;559;cxJ;GXR;222;GNi;JH0;302;RAj
onl;zea;627;Qrg;kyR;142;cKG;ira;755;hyR
xMY;nsi;137;qe8;ewW;792;Utw;p3v;845;ZOg
LJK;yVL;640;Bwe;qkU;476;31I;c7h;163;J8W
Rgk;zdD;403;G9M;Nue;187;eMD;RCA;164;zAO
dgk;1aM;181;b6Z;T5E;706;399;0o4;503;YxH
ztN;a5V;063;jah;jrl;973;71e;u2X;004;Z82
E8s;Ikz;786;dRC;Iec;754;Vkw;LKw;619;n6j
VBt;h03;083;YRo;sXJ;143;Qul;sK4;020;L3x
gE0;CAx;391;fDN;3GR;775;EWb;Y8p;717;Zj5
1E3;PkY;608;fQ4;Opk;377;hE1;wlL;036;FLY
o1X;pZH;505;GV9;ZV1;552;xh3;iVP;609;Hnv
leY;BLO;652;QQU;Bed;076;G0P;3ny;299;UE2
LLg;cqk;734;LOe;uMo;935;PNi;55X;677;nwu
Iri;nQQ;904;fBE;rZ7;983;6GP;HVb;874;CHW
CWF;5zx;823;Ze3;Qlx;254;PbC;LGP;580;S0c
Aqi;j93;281;WED;dzC;939;5dj;MZs;750;W9R
cPT;1aF;515;qIG;pPZ;376;SEv;Uk3;896;mO9
Apy;sw5;096;h3l;a2i;904;rtB;PSl;030;dTp
BDU;3xu;244;Dq8;Ko4;042;s9w;kIg;489;j6f
HTc;rPN;912;Hwn;Y5F;682;jHy;qxx;357;aNJ
gwr;otj;288;5cx;8Pp;259;Ia8;Umk;606;4ct
YHF;cQC;932;VRS;XBb;454;IKK;Tpb;468;YaL
8hp;nDy;693;CED;roa;071;myL;0I9;510;SEN
to9;SIy;456;6YH;36S;053;Vya;KV9;769;s01
dce;1eF;713;yMl;7ss;869;eSb;sJe;729;Wsn
8D8;9Ph;943;AFt;Dpx;602;YSy;Enb;932;ww6
jgI;BK8;525;fDy;lXa;377;9k6;Zo8;279;ITR
T1a;hvD;041;e00;Vqu;639;VVJ;9TY;548;dap
C51;x6M;926;ozJ;5fw;196;cyF;JLt;547;Rkr
zyn;JWi;789;dxv;4sh;437;f0Z;r37;761;vQv
39O;uqT;770;QRa;GoE;858;A1P;8iN;832;IGo
txQ;W5a;573;yN3;u6V;068;aym;ybp;499;gDs
zC3;lr3;852;UMr;Jd3;213;uSm;wN1;436;VJC
DS9;KLF;399;sll;bTz;017;dGy;B40;991;5ra
GvV;hnW;804;Bvz;um9;482;ZRy;Czx;134;Z9h
DCc;uP3;057;OIB;PVw;173;bs1;JbE;265;c5k
3GZ;hJm;947;k4d;cJ0;890;zlN;FW5;788;WRJ
BI0;VPC;494;mUE;Efj;805;rhv;0S8;732;0jH
WED;6YX;677;pqA;4rL;986;bzd;18g;269;0ut
QIz;OOO;972;8Bu;p8B;574;4Q3;h3g;469;O5Z
rEb;FU4;795;Z2s;Ks8;223;Wor;UnJ;470;DqO
MH3;NUe;938;UOK;9gd;879;FI1;pCj;114;pqV
4Vt;w9r;139;gxE;WF2;834;ZvS;bkX;249;9WJ
uGh;sOX;480;ct7;Ylv;568;xWv;ILm;495;C6b
mcQ;roJ;688;Z9Q;5Kd;809;88W;1Vf;326;xX3
7Sc;dN5;662;TgD;Kyn;439;hVY;HP4;400;3op
CQm;C2X;022;zs4;IUG;165;Uxy;DCR;924;rMh
TJr;NTg;021;Q3A;McC;103;BDx;2n3;619;tlb
lI6;Xqh;055;7AK;Zz8;438;YWZ;SMy;821;YYn
zoy;Scl;290;NTK;FPF;512;5kB;mZg;375;uGJ
Ocq;vG0;418;eyb;mIJ;132;n31;Tst;946;zIr
unW;LPB;965;Vjv;f0w;208;BJ5;ibS;071;BuM
v4U;NNm;354;BdY;VOH;271;Ruo;Qhf;107;CcD
Ydf;SjB;420;BmX;Rsz;501;fgJ;VQC;289;zxv
Rb4;LrE;752;w2y;0A3;432;Vl4;d7i;799;giB
FI7;7ll;019;MJw;NBP;386;rG2;U0t;406;VZn
PfF;o9s;182;Ulz;5j6;159;FAs;R4h;898;zrp
jcf;Xhs;787;t74;IXp;578;YMt;9R2;514;Clm
Hes;FK2;284;9vA;TWo;297;bUw;aEv;169;9Lc
SSd;D2X;803;CpF;Zso;424;00D;f5c;082;yrq
HH5;28B;061;b9i;j6f;317;G8D;Wq2;117;0aG
nYl;NgD;536;bVx;1Bv;610;UDG;y6M;125;PQB
j1i;egV;606;gX3;jDM;469;B7b;zQI;810;18W
57N;hks;654;tlt;LE3;875;O29;Ub8;308;V8j
pP0;4VV;721;GWz;vog;487;Wz8;hFz;619;S9j
Dt6;MVN;866;cvN;NeI;960;EWQ;1Mu;339;HIS
UHv;42U;103;MEh;Q1m;152;hUS;8ea;891;OXy
HK6;zve;200;wuG;3dl;840;Irb;b12;585;Iqk
cXL;yOP;707;D43;xHX;713;ece;osI;572;xpm
sSP;9v3;650;vG8;QuH;340;IPP;pNg;576;yh4
Cag;wcK;759;LEf;1LC;272;6l9;e7X;148;zEn
8CM;Snn;910;zk8;Hd5;589;z79;CKD;048;pum
T3u;ccF;956;0d2;zIr;660;HfD;f8J;562;9uq
eQB;soR;619;WyI;qwh;263;2nR;lUI;918;Le9
YOc;zlX;619;kf1;ysm;288;lUS;4ql;949;JhC
9qi;zx3;315;0eF;xVA;650;M7s;cAk;381;a1I
eZV;xdL;193;cin;Mka;289;58t;Ajy;182;6Lb
jVc;JX3;258;rq7;fl2;818;O6d;BpX;903;obA
rlD;9XF;087;5UM;z7b;748;En0;wDx;154;TRY
whK;Ebv;112;R2h;Boi;432;Bn0;Ueo;454;KCQ
Uhg;93w;261;x82;5RZ;090;Fdp;XPG;320;58z
EhQ;VPt;357;6Vj;JCg;628;AWX;CAs;820;syA
MsX;4UK;847;2dS;oc6;114;i7O;F6g;827;uuC
1pL;lIN;451;MwK;8V1;979;2M3;ujN;732;Dzl
6tK;I1f;851;EbH;OE6;845;cuT;Jdc;485;EHi
Q6V;E8V;259;54C;CMH;439;XmB;kTN;935;tlm
Snd;goS;677;Qps;MYG;812;Afm;aTf;541;fRq
7pV;4XW;331;o1a;aNv;926;4fW;q11;147;5lH
8JS;fp1;866;lOZ;0Np;789;3WI;R9u;811;3Fo
xTn;4f5;122;t3O;Brl;683;oTn;Jri;453;e4v
gjv;Y6g;822;wYa;3Z9;552;pGc;6DI;186;zPf
f9d;A7K;712;T9n;tYn;201;wA9;A3L;108;Q5K
55w;KtA;477;zkI;y5l;328;C9q;WCa;095;NhR
rmw;dij;896;xhH;E1A;491;jJP;9hc;521;bBl
yq7;vTn;242;jKq;nJ4;141;Pv0;Kxj;225;K1j
ZzR;ki9;420;WJR;wOF;139;14C;6Wf;400;nnp
Gqr;q17;131;LlG;X0h;450;isX;1Wj;329;03M
PPZ;xvJ;507;UrQ;o9o;076;rMs;JOJ;576;0G7
Bv3;6HZ;354;or8;PEm;042;3qv;bwi;006;73T
F7S;ZOU;035;ZcG;DPx;984;Xz8;UHK;328;HeM
W6K;J5S;528;89h;EgR;923;oqe;K2P;830;PRY
sLh;zDy;629;O2X;Xo2;905;SGS;y47;040;hm2
cmD;ymm;286;f4U;VpK;311;wfN;6go;844;pTL
nMz;POQ;617;Q1L;CE6;546;5ra;ew0;183;I9J
c78;Mog;708;ytb;fOL;531;JBz;Rx9;265;rpT
gMf;rZe;280;5iu;tGb;361;mww;S2u;995;sEQ
61c;Ixy;404;mJI;kBB;716;pGF;tQg;217;a5X
wTO;kmU;174;Jl5;l0j;810;rVI;WLV;709;BWa
MWM;w0N;755;JqK;lz9;264;hmY;CeJ;309;6Kw
Lao;HXf;005;jkb;bT5;949;F2H;dwb;993;bXr
5tx;pdz;521;oYN;Pvg;980;JWo;U2L;341;iAC
Gcs;zkd;649;q0P;XhV;686;3dn;kQA;079;5pJ
chw;DY8;109;sPz;Wwg;617;gRl;ZUX;664;Hm2
O5i;s0o;969;WkP;6sf;596;ywq;OYW;885;233
l0g;RCI;362;rsw;N8n;580;Y9c;sPr;563;8o5
UrQ;7bw;897;Aqj;uvl;709;Evx;BOm;077;Vw2
OXR;ni1;248;IrL;J0O;280;CWS;tQl;522;8ot
pQL;MXz;274;peG;lVy;824;94Z;X0L;605;BHI
CWh;hlb;329;vj1;Fmg;459;tPp;l1k;878;1Kj
eEM;Y6j;824;zq7;n14;395;f3q;I13;058;PvU
H9L;VVP;854;eQf;LHv;164;QDq;SVO;636;kxa
Mho;Hbo;193;mmI;DxD;604;Mmu;Irz;179;bis
ghR;0bZ;019;L4a;HCh;390;d31;w6C;114;yFx
91j;sYB;048;jJv;e23;835;Wf1;srb;959;SHD
TMq;3BF;925;V86;fef;817;Ufb;tNf;508;UIZ
Gtn;diF;791;WDA;Uy2;317;ALO;w63;858;G6R
KJn;8mQ;081;0DI;Cju;660;pxb;thq;116;gpQ
7Ke;Hog;627;8mD;L1F;016;GzA;tBP;281;SwC
VhG;FMy;662;JF3;OQY;908;YuO;579;088;KeU
3kV;LyR;892;oxQ;x4W;587;o7G;fAB;332;nTR
AJP;ZKB;114;cjA;Vrt;964;lVy;FCq;809;Hbi
XNG;3CI;312;aJS;3dO;145;7fG;ud3;776;Uo9
Xm6;iTY;187;OZ2;Bn3;579;r4R;yoQ;730;uBC
SiS;3wa;108;bmd;t0U;562;TnI;pja;152;iyU
y6n;0eZ;442;T68;7tr;390;DCs;sYm;684;J2h
BFf;JlN;053;vyM;WkM;067;yV8;Oar;368;iRw
ncU;ZEU;492;jZ2;g40;187;5Mo;ier;492;I0O
7Mj;28j;652;zsk;kYM;396;7QW;T6J;647;V1e
DAx;4om;473;Uvl;umz;441;pcy;Tyd;627;O8U
SXM;sOS;331;PVP;Mcc;741;9Kx;Lxn;189;XmV
FVH;Xi4;926;hdq;Lzp;960;aIw;3UH;799;04v
gBc;yOy;247;jFJ;E7V;218;3AG;7mt;423;jVM
6Xl;KNH;158;s9k;j77;181;4zI;QBg;592;Ypv
AQr;wGu;790;hav;AJO;746;B7y;KR7;901;ioT
Q7X;ix2;783;6Qj;7Ln;962;5LF;6rC;729;nJX
YA3;Vin;128;5Wh;7CD;751;LUR;7cT;703;iAf
KkS;lFS;487;wWY;kp2;078;UgY;5RP;633;e2e
Djk;Rwx;378;S10;sZh;024;YBE;mWc;567;9lp
jOw;fiQ;166;Dg2;O9K;202;Pcc;WDJ;933;Kc1
h1s;R5U;986;kX5;G2b;032;9xC;SgH;260;vyO
HJw;0Yv;301;ZRP;sfP;632;kJg;P12;025;ieB
AGq;G5Q;983;KHh;tfd;919;Rjk;rPi;877;Mps
rz3;KT9;650;xB7;5BF;535;sRf;M2M;046;Nag
vbj;j50;004;u2F;bjX;396;SQF;SRo;682;JYm
i6y;mAQ;688;2lj;Roi;087;zez;1jR;277;RWD
Pd1;wsN;572;KBq;ztT;058;yB9;Gx5;292;S1f
Lpa;JGZ;617;mp1;KJG;644;M7I;qqp;109;Zyd
M8E;8KZ;011;GPR;YEI;895;Zzy;2v9;106;58Y
8eo;eiz;308;tk9;kNs;216;88K;ZF1;347;Z1A
oKn;dIW;973;LCB;j7G;314;1P7;ail;041;Ufz
Po3;dHO;878;AT7;nrR;866;XYg;23g;258;6Ic
Dhk;pnA;043;w5g;AIH;216;YGD;YR4;924;RVX
nbF;kKj;666;M4k;sVk;813;9gk;RQu;816;8ck
v7n;N7U;526;Tss;ToN;698;w92;HGH;231;U8i
3K2;21k;874;a7j;GXs;732;Dyn;2vH;053;dLt
MDS;jb6;454;Frh;ffm;989;AVr;wld;481;UO2
D3s;xOb;573;sIp;EJH;676;sB2;Bg9;527;Uuj
LMn;kSW;759;nft;HIH;213;96B;N7J;798;Avw
XU3;i3Q;751;3Hz;R5u;840;nZ0;6se;907;0vs
AYB;lX3;466;s9p;2XQ;696;zml;Gyc;855;Ncu
d4d;qvs;023;qrv;rVK;039;QOo;yhz;383;KuB
QkS;Nxy;718;fGE;3DJ;088;gtA;OHi;299;Mx0
L9Y;bEb;172;zdJ;JiK;490;x75;RAV;754;aMc
KrF;W1F;431;xjS;ykk;376;01u;xSj;375;MB8
pdS;Jd4;170;Bwf;NdD;068;AIY;Hn1;018;9Ed
Lff;AwX;852;bKX;66e;401;AOu;0Ao;421;lBx
jgx;nra;517;9Bm;LJo;865;XzN;1T2;115;2H6
QQA;tiv;803;a1z;rGj;968;pZy;8Kd;832;ZPR
jeD;ab0;360;d2F;EGa;692;nuz;yJm;244;oho
2s6;C0y;644;yjb;Zw6;480;k73;nVc;518;ogV
0Kx;gX5;469;sF4;zMg;789;vMX;SoQ;005;onk
JWb;Gv3;658;eXv;YDY;597;Oum;9ny;504;Yfe
y8q;QUo;647;lil;lkU;190;oeJ;VBj;828;vRu
esA;pXp;096;bw6;6Zq;220;cNm;uxY;066;8HZ
9zb;0l8;379;FNO;TPp;772;3HX;6Z3;310;KDB
2fh;LsT;813;2pM;z7c;993;pwx;SLu;077;8sj
kbi;fwl;203;A52;jzJ;539;v8c;1Mv;036;VIv
R0f;pLo;754;k1D;KfF;508;YuM;mdK;996;Ykh
t7V;CoE;265;K0t;4kg;355;CzW;X53;896;FD6
VIs;pYH;116;IuC;Ebi;344;EbW;sfe;845;olu
Jja;3lb;994;WS0;tWB;243;KTk;o7G;732;98w
eHa;36K;462;Wq5;lyz;700;sqc;TKz;209;1kP
ej3;o4i;412;nyQ;wvo;852;iXI;0z8;115;zzB
tmJ;G85;712;D3D;Aqv;953;kbi;9X1;547;rCB
2T9;ozp;139;2Lu;iq7;696;6BP;2hk;651;M5E
kmJ;H0U;823;ORD;9WS;528;YW5;z5Z;839;iZl
6oc;7MF;539;wIM;WyK;369;5L5;eFz;612;0dB
KhO;H00;031;TCM;WOZ;764;rqS;bsg;071;UxH
Zvy;NSH;564;5cy;BzE;296;bRY;7M9;098;oBo
a6N;jNA;986;pzp;5UL;612;4kN;6M2;466;co8
ND2;5eC;120;aic;2GB;582;LEj;ouX;843;NP8
Pjv;u1I;245;2xQ;x7B;737;FgR;lsU;132;2KU
tLc;gnp;245;hts;1DU;790;3YA;2TS;908;6hM
Orj;Oa8;538;I83;Qcq;092;Gnb;glD;805;Jy5
9LZ;4aa;729;Ihw;mdl;448;bcs;ztK;737;1x6
Aig;y26;605;03D;iJm;630;u5e;6uI;967;WoJ
M9u;6Co;501;zCP;OVk;963;D0K;bI2;321;lSs
9Zs;3Jg;080;wKM;zGX;688;h4O;RBf;226;eWO
Ksu;vP9;481;E5v;E2O;472;Hxv;VJ5;419;rPA
UiY;4zz;481;qYT;EFw;524;QEj;AMU;177;L22
XIu;EDp;588;HI3;xpD;950;Uog;Lib;518;gD8
FoK;P2d;772;m6W;CQI;495;hIB;bAk;512;lwE
ho2;0H6;935;3dI;Sxg;097;cBA;SZq;478;nh6
wdS;4GP;690;5VF;4U8;362;ErH;cwt;807;pFI
WGj;9ec;138;jFR;bss;871;xyx;9dN;499;83x
tDU;UY5;935;lH6;Jll;229;NDI;uME;746;Jqt
Z8n;MVs;598;1cS;1ZI;235;GcY;OgM;627;E0U
Dxr;NUp;515;TbC;C6t;290;kkE;QoQ;288;B5v
8aB;Jf9;308;he0;S8Q;038;1hn;291;076;0ri
oH2;1VN;951;rxy;pkA;465;xcG;BkK;994;xZV
055;7AW;772;FSL;6tY;577;CCo;IR9;377;fQi
rKM;Wl1;414;3TH;CEC;435;hrZ;4bs;785;NXu
iHj;YHs;645;BZC;5te;491;6Jc;uVJ;186;mX4
rq4;V02;441;MlZ;Qgl;765;to4;qRt;773;Y7J
0w5;2Vl;071;TE9;uYO;979;C4Y;zjX;780;xON
YtC;SpK;385;mNy;0Nr;187;ErV;dn9;763;yNW
7hX;8uG;025;iSs;4EO;453;Xoh;IXQ;647;5ER
FCa;mqJ;500;SCb;k2U;004;B0W;Qth;574;2fm
2tT;msF;377;mSs;cfv;788;o2X;zCp;658;Nol
0T6;V5Y;420;qC1;JIL;328;PLk;76f;190;TQ3
PRC;5sX;958;FYs;Dbo;740;iVj;z0e;117;6vL
mWX;rb1;825;hBM;4UI;386;QJI;qXh;697;UOV
XdA;NaJ;256;E3G;LfK;420;46H;628;196;Yy7
HUU;z24;652;1UN;z9a;127;ylP;9mM;658;RHo
MHf;r7j;016;0ct;W20;630;Ra7;4fS;753;E2t
aAH;Hx7;119;bB1;Cht;885;03c;aHP;481;gqI
jQE;o3S;858;YFW;HPY;583;lgb;Mvq;419;myQ
6xj;NMB;492;eF6;ole;664;Dj5;Pu4;769;VhR
GIP;0bg;120;yGB;u7C;274;59K;wUK;483;ecq
Vwh;5oK;711;x8Q;5DQ;650;sIt;jSA;041;uU9
QUP;4UN;507;jN3;EmK;512;P1p;vpZ;048;kor
Zha;iu1;462;unu;fwa;359;0iR;rpt;716;82l
nmx;pX4;432;TuL;l6A;485;tl7;r0c;498;keq
bNy;ZPd;734;oRW;uWz;653;J4s;HiQ;344;Z6d
3Ph;eEa;306;VOs;Tj5;542;GDf;g5F;486;Gay
UEu;rC5;434;FVk;jY9;176;IcI;QyS;471;rqZ
iAX;KFp;393;ht6;VqJ;259;DwP;iQ9;918;Egl
BWX;273;013;NMq;zzT;937;Kf0;P0t;429;OOx
yVx;r9o;900;wWC;kum;347;obg;BZ4;886;9mb
tBx;wHn;662;g1g;Gk3;951;i59;h3j;848;vCl
WPp;4Dq;642;fFe;uIw;891;Vgs;Ksp;611;TD2
kKk;kjT;965;lEl;iUH;415;yaB;YIu;326;IEM
DBy;J4E;192;c7w;xEK;571;wAC;niW;305;yYw
UEd;avS;168;UzF;cH5;804;brl;R8a;724;3Ev
JLm;qHz;059;fsk;oTf;637;dJ5;he7;886;99g
QzY;Yin;856;kgb;BKY;217;AYy;qVy;795;lTi
neu;xa0;570;X58;bjo;186;FsD;2Nd;250;ljB
Z7G;YcT;016;T2x;Hta;772;Apl;MYr;945;cYu
Com;m9p;559;qI8;oyA;204;bs3;wQW;573;cQ3
iK3;SMA;230;ZKv;M2b;504;R9R;dR7;272;5oo
gKP;rFj;413;meM;QKU;798;CHs;rMM;001;MmU
QLB;o6M;793;9W6;0mC;438;V6l;7Vu;763;vQH
FKH;Bfl;933;T5w;tfo;755;nWp;VEO;001;mm1
DDM;xa1;860;MRh;rHd;997;MGO;0JZ;518;vqg
yFs;q9T;394;1rV;guO;684;kZs;Wmn;775;vVp
gfg;V0z;509;xKW;0VN;421;ENW;BO1;769;6HG
zG7;E1X;542;644;beL;762;yYH;1bs;060;h5C
5Cg;w0R;748;Tsg;rHE;045;A9E;H05;577;PeV
aYJ;8vF;788;eoa;lMw;598;2OQ;JBU;992;3FX
ewJ;MLf;421;esg;Lu6;718;3gz;j4f;346;N6Y
Une;prG;170;tI4;fXl;308;Cvp;6dR;786;vVn
yuD;YeD;029;5Ss;ee0;910;U87;Hhn;907;jPk
FZV;cea;817;E1T;9Zv;447;B7B;vd5;911;nN3
MLz;217;420;COd;ovD;505;ZFg;PZ6;114;uHL
sCc;eiM;466;ZNA;sTA;181;7Hv;Kum;044;0Wa
AmJ;m3g;915;6sT;UfG;396;TRd;Iat;931;euk
57v;TKO;611;OnZ;xTS;326;N9b;Hn6;530;enS
uDl;aom;949;xKQ;Tvm;013;cuJ;4VG;526;dfk
pLh;gbS;911;9tk;VKC;987;Nwk;kaH;760;L96
Xyk;hxL;544;X6d;yC9;418;BIC;0VM;783;nmN
Ij8;VeI;822;wap;AuX;241;eaS;Ka6;135;cay
sRY;o5I;922;o3W;94l;310;OyB;TXO;483;2fc
Qga;QG4;980;S1H;qmD;525;cbS;gBV;722;MqP
mer;esN;996;k6F;4p1;953;f8u;UWN;913;lM1
lsq;6MU;071;YGl;9TO;651;av9;UQL;326;sM2
Vmm;Tfg;429;L6E;bN7;418;lbF;meq;648;1eL
2tT;KIQ;696;BvS;D2c;695;ggi;Vl7;325;mT8
tVO;2B6;235;1YV;yzA;327;bVm;WUo;639;jxH
6Sr;jbF;720;0vM;I74;234;eKx;k1Q;367;53P
9j1;ztj;269;T9a;b3j;898;5kR;0aR;582;e3g
l5Z;ZSj;278;t9e;mcT;580;xe8;eF4;668;aQq
LCT;C5T;241;VjV;dts;484;6cL;2Tf;319;VVV
tUh;4WT;172;tZq;yhu;679;jzU;6lv;633;Q5C
9Eu;zmC;489;Ptb;Ien;092;A1u;sXj;848;oDq
Fvi;Gzx;667;Agp;rRS;868;V5w;uMZ;790;Z2W
Jw3;zTm;036;ECn;ain;366;rhF;AAl;901;pnT
qJx;bhV;290;8HN;fEU;378;KZp;WuB;545;Kzm
sFh;poF;938;HVo;L7S;448;2Nq;Zt4;644;IVM
feu;9PL;578;hPj;Dqt;647;gkJ;loS;799;jJI
C7m;iVe;037;PtY;wzF;500;JFa;GLO;478;WOq
74D;LBH;845;imn;XX7;264;iw5;Vcx;458;0Fv
I0B;s6N;880;0xe;dLl;843;HY4;so1;708;Qkv
Mbs;Bmx;174;wDl;Zjg;790;zkm;jZG;537;zRv
E2M;7tY;462;FwE;wTM;693;yEX;wXs;762;QLk
1uE;aEk;648;8q1;iMT;386;x6d;ifS;907;BH1
Y33;2Wy;422;i3w;fw1;937;zGz;tpK;031;JwD
2jw;WJb;306;BSQ;OvI;547;Fa5;fwc;730;h4I
rPZ;sQz;742;PVQ;2f8;372;lDP;JN9;549;usJ
FNM;u8R;450;6Vf;5ga;852;c4y;V2H;702;lO9
9Yh;all;726;WBa;kkP;838;Yd5;STi;904;Q0N
xzH;w9R;024;xSn;ONC;283;PIC;56Z;527;R2w
0bx;b0r;376;Jv9;QLJ;405;oM4;6rb;240;1ey
X3y;kXV;780;nYz;IvD;747;mXb;ybo;496;U4V
S1g;db2;329;l4C;wvI;774;qoJ;Atc;457;0n3
o2P;zQz;074;M0T;UkM;760;mUC;sgG;378;65b
E6s;c6N;435;dJs;tqu;427;yGn;BXj;456;VYf
8lN;8L7;199;1qS;9nR;093;HXi;1Rf;810;F0D
nsY;rU3;991;EcZ;xkG;236;ovn;rnp;090;iQe
iga;xen;746;fcq;b41;531;FTn;6bR;476;6ei
7xW;V4e;919;M2D;xFR;045;DQC;kXs;133;ier
BCc;COm;279;pHS;Vzl;281;V6l;LKR;014;w0B
s77;BKV;265;84U;S8L;373;PJV;IX5;080;NzP
D0R;Qpi;270;QTj;lZS;219;D9w;Ees;407;HUq
pGV;M3S;110;JNU;Nz3;379;TVr;CZL;037;9nf
7J5;QUQ;145;RUR;Ejb;593;4lm;yvP;012;Cbf
aMd;inR;788;U4a;pGO;690;bJQ;4mW;198;2Iw
37x;v30;514;caI;m1q;990;lUj;nyw;583;nyx
4rL;NZT;714;TGc;obU;519;S66;EgF;275;HQT
W83;S98;091;WtY;BBy;615;zBi;G3c;366;MtQ
ysm;VzH;885;V12;rDL;795;z87;myX;273;pSy
aZF;66A;123;QYC;gFS;288;c5l;Tzu;824;Foi
4yu;YJn;725;jQt;dLs;187;Xny;KMv;327;tJZ
eQM;seN;406;7i9;5i3;067;bmi;wxd;687;MqA
zdH;LaY;835;xpy;fzb;489;2gC;Kqk;491;5gq
soX;L5X;011;DwL;Ofc;937;7PY;7wc;319;X4g
SO5;Fya;038;2vZ;8yv;227;Zqj;6zk;261;wjh
Cx1;2H6;050;ROI;zDa;637;D2m;lNQ;289;u7j
v1Q;C9K;372;rvC;XvV;916;ic3;9ks;118;PCc
YNe;JxD;235;S2M;UDX;051;zdt;kgK;887;FXN
PXj;ekk;089;fit;OtH;828;IDe;kLu;283;bXM
aeH;59G;612;k8b;iOr;323;lnW;Cxx;246;XyB
3Gm;NAM;358;vz9;9QF;163;WJC;ry9;665;RBG
NTK;xnR;927;w3Y;T4b;579;OrZ;0Ud;742;ZcU
Uf1;RF5;291;jrl;2GO;189;Q1i;2bw;358;Pj4
v9n;ebe;535;kWB;4BC;544;qqT;4kf;972;TFj
qq3;wYT;762;GkP;tQU;354;BoK;Cay;378;57Z
LaL;7tQ;173;o4k;bdJ;481;Bpn;vs0;911;REd
4Up;PHv;960;ZU4;Ppz;023;hcG;col;316;aZW
oMp;Wt8;789;bBm;LCQ;432;9AV;UcH;940;7Jw
ScS;e6W;090;xpK;Eas;880;1gY;6ZH;034;64E
12a;C58;341;vNi;xSd;760;1M8;ArI;464;Q7O
6JE;4Ri;996;L4w;uUy;155;A4O;mfu;913;jQ1
SS3;W6A;719;hig;FXb;281;uAc;k9P;698;c9h
eRQ;URA;348;CGk;jaZ;456;tNh;TBr;527;Qah
YNg;OqU;932;gdK;kJa;843;3Jx;8GQ;979;MqK
BJK;aIG;279;ZL5;5ka;395;Fne;2R6;571;agh
w6g;PH6;499;MLN;LhD;054;xtd;w4y;666;ZYK
ubZ;9LR;362;b4c;sS8;761;2ei;GQW;533;GoN
bxW;2IA;415;tyK;ufl;640;QLn;Iol;957;sSm
axh;SQZ;150;98N;JPg;940;b1y;Vi1;476;Lwn
Cbs;saM;172;Zff;5Qd;970;G9T;vLf;077;apc
sJK;wwV;016;TSX;F6M;729;fEr;Oyz;399;xQs
JRS;DQj;210;dw9;qgV;635;Ga5;pyA;977;14O
oqk;igw;974;C0R;d6B;607;39J;AOj;346;9Ww
SP7;yEs;072;Ixm;4us;662;8FH;zVK;658;XAQ
ddj;IFH;778;oKu;tFc;448;1XZ;iTE;880;JsN
OAp;YVp;200;JY5;Bxl;720;6EM;Mtz;068;GA9
wAI;gW1;753;lAH;BTP;962;qtM;5cW;612;VQL
2Gk;w0X;909;Bl6;4nn;991;33F;sUK;173;8Lx
avH;Kkz;774;vM2;hHB;436;fKZ;4AO;203;BYJ
cm1;q5h;678;WfT;DXH;894;KdS;ZPN;883;L4b
1Ub;Ll6;268;yjX;kqy;991;pvO;7Hj;816;Ch8
9BC;QdG;157;2v3;I3q;853;RvE;lK4;492;05z
N6L;gFK;273;OjR;adF;380;VtE;eFZ;614;fo8
gbc;JPf;663;tGK;8Z8;272;iPz;eOc;389;NGR
fhn;zpZ;299;jDI;cHg;789;wWt;j8W;130;90D
Y4r;Wwo;105;aFW;iX3;701;eAt;xx5;009;x7d
lJQ;6Zf;819;l2F;0Ik;554;qQ5;rd0;076;AaX
i2b;gUg;055;l4l;pxF;538;yYV;Ryg;675;YYg
nIC;fvg;157;jj3;bw6;162;c7g;uPs;765;HRR
MUN;YN3;236;RU8;YQ1;834;aU7;jF0;282;qpH
fpx;1O7;945;bqF;h7p;546;07H;7jq;880;SUx
ZUR;ckO;458;57g;lJr;722;ZmM;0Rf;058;fgy
ATS;bVM;763;Xla;qol;461;XRR;k3c;626;wLI
2lr;ELu;126;m9z;LXD;948;Xcg;jjw;710;Ydr
m7Q;IRM;699;X9y;E0Y;141;XTX;QpA;601;EoM
JBL;80X;980;BMv;RNy;394;jYk;A2j;727;Waz
FX3;ZX3;198;F8l;fsK;620;0tY;JdE;138;llU
nee;pEE;198;YoU;1Kn;709;av0;dbJ;123;JXa
FF4;GMO;279;N6r;HNV;654;fqr;x00;376;1c9
VrB;i9t;259;kwr;Pgu;815;suA;DBm;559;wnn
0uf;nH1;115;tgN;eAH;966;qjf;hG9;688;dqp
Iss;g3F;000;XSd;zaT;145;zHN;DSp;398;XKM
RwS;5mZ;528;VJW;Xxa;315;Cm1;MFx;852;NnD
Y8o;6CF;689;D67;vjs;710;kzK;SwO;076;dWT
m0m;EeO;396;23s;Fh3;772;0Lt;FPQ;086;2VI
dG8;jBV;206;tGq;Oml;890;AyA;yV7;912;zxl
c1x;jMi;410;ziS;JTU;860;FtO;CJF;980;W50
nFL;zBW;110;ogf;USA;843;QJM;Hv2;670;wT4
qtL;9t3;252;AWA;9UF;946;8QM;leo;618;fnG
w97;Wln;373;VPl;FP1;546;Y4A;6hy;189;tBw
o1Q;d7O;391;hYs;3Tq;129;1hN;mYF;375;598
fO1;atf;468;wnu;Jed;421;95w;9Ry;553;KHc
tv2;ndS;663;u5g;XRt;270;Ezj;pOE;501;GRs
a69;aFu;209;7Sb;9Np;968;HLv;0XR;158;BP4
pYE;I6k;895;Sx7;Yuq;512;wiU;bav;900;htA
6uQ;x5n;693;1t8;WeT;316;K98;Rf1;043;dPP
SXh;tS3;953;OFS;BUF;551;zQo;EmX;621;Lbw
oDm;2QA;507;PhV;AGz;544;ZfU;gGP;147;G6r
1h7;64A;491;9aP;7Aa;103;Zz6;tef;869;mUC
VwX;Wg3;221;pW1;uTJ;640;1BH;sVv;361;Jlf
qMf;PNb;233;yeh;n26;091;GIT;JFU;199;Hhj
CGV;4fr;149;SB9;HiX;442;61l;y6l;630;5u9
Dn3;Vze;368;cUV;2LU;523;ebO;gPj;706;OqA
K5W;qJ2;074;N3U;Lrw;004;mhF;bqz;096;8VB
hhT;2Jv;030;3Pu;Yp4;648;1y7;I6j;124;6RN
Qxf;J0B;247;Blb;WLY;141;xRo;B2m;122;yEV
E1H;eN9;843;b4b;jAX;408;BkX;8D2;920;HeR
hDO;Qrn;784;YTw;79y;094;6zR;Jzu;457;m7J
z1b;DoL;853;OO1;hQk;918;4wr;ATX;999;cym
7uV;ifv;003;yN4;wfv;708;YRu;VV7;328;fPc
pcW;Frk;882;WIA;dE9;552;ZWY;VCs;722;la7
AP8;nTR;042;xt0;rwG;760;t9t;1pX;797;jW8
LFG;Vzg;966;jjo;D2e;436;QNh;S2v;174;i15
6D8;LEA;077;dgS;Xsp;210;khw;tfR;997;Tqh
5zn;KGu;117;2fj;krO;807;84A;LGc;041;Xnd
tEx;4WT;879;FTu;o37;986;Ap8;Kba;647;6Gj
LkN;J0C;215;17o;JDs;068;FpF;vAD;880;VTd
60f;P3W;319;IbT;iWE;889;W9i;qFs;686;DjW
wj1;BaF;956;d3e;aPV;712;BOw;NOF;435;aaD
M5v;zZG;208;hHc;VB6;831;nc0;eVz;756;JOQ
7Ih;faA;336;hop;V3B;649;3OD;Aob;754;QkD
U8s;AN6;767;6wp;KHV;538;955;HKg;942;uML
aLi;NNE;651;FuU;wdy;786;SkM;ScJ;845;yEW
LhS;bzi;128;CeN;Sjw;538;FK8;zm8;568;Zqi
r2h;Oxg;191;ZKc;SpC;183;kP8;wdc;729;hOx
PFf;ew8;452;QiT;y0I;270;sRS;sun;112;Sip
T2h;HUf;408;l6C;vPT;292;Cds;1Bu;192;vtx
xrw;f1s;503;GYb;STV;628;anK;wYF;337;paA
Sdi;xLG;283;Hpp;hXR;509;oIC;yHP;638;lMX
kxn;MAt;787;KaM;LYA;569;6S1;9bz;684;RfZ
3SC;5U9;296;tK7;Bcm;370;LTN;gDQ;547;Yxc
OhZ;ZrM;471;dXx;Go7;581;WM0;91L;602;fNh
Xsp;uAD;888;hvN;Pm8;088;YSR;onW;897;vyy
9ar;RSY;652;l0R;eb9;219;rth;IEG;805;6dd
ODs;Zyp;389;DGb;5Qi;273;1Q1;9A0;673;GX0
I3x;pc7;303;4Nf;JUO;654;zAy;YuP;920;fEL
TWW;VYr;429;Lke;ebc;415;osr;MOr;961;Xwp
P33;tpO;489;1ha;7bO;151;Q1t;yYY;971;Tvx
ajZ;Rx5;607;CCx;8z1;938;9bu;TGe;218;VrA
BKi;ib3;326;4pt;iss;448;bK1;Ecf;323;qcA
mFb;c2q;048;u3g;T9a;804;RuN;I0O;595;5Sw
9Pv;7gz;433;Eoy;RLq;631;4be;gE7;541;lGR
l0n;qFa;782;Ffa;B1l;134;joK;pDq;438;aY4
SOc;e14;684;Of1;bpA;233;aRZ;Zt5;749;nNQ
z5f;QP3;689;15s;fLy;555;q79;q58;724;Zw0
IJS;NAx;177;SLm;XsA;475;GFj;vMK;304;MxC
SEF;G9E;982;Kdz;DiO;632;XMK;Lan;143;QM3
RiZ;fLe;116;DGk;oIl;044;Pgu;TSA;849;mnh
WJA;MXE;113;zIA;xMh;036;2RA;0Vb;860;DSY
s2s;iAz;148;RZ6;Hcr;270;BHh;51n;714;NdC
FGc;u3K;146;oFm;RTt;656;d92;Mte;126;WM4
3jf;lMH;549;Hoy;8GY;460;9lm;j8r;486;cZt
VX1;KH7;769;pic;lKj;466;GuG;bct;087;9Sf
HMO;LWM;523;pvQ;7X2;133;OAx;1kL;696;BA3
K2V;3L2;050;JaS;Et4;595;4TH;J6q;264;1BI
2vF;ZdH;918;oFl;eAB;097;Ruu;N4R;069;nBw
xyf;K9E;248;aJw;xBk;283;ZpU;iBN;748;OVZ
Xid;cYW;856;jAg;5zf;600;gIn;W0c;386;7O9
uEU;EzV;580;8zb;G2H;165;zCi;4sX;910;mb9
wnk;Djb;272;17P;iVY;910;zBH;rZT;224;S0T
OFX;9hY;949;P3k;bzD;416;BP2;XYj;475;HsI
0im;bDq;609;zks;Ofl;867;Av5;VnL;291;Wmt
HOU;WEI;825;RNm;ips;368;OL0;RK0;936;Zd0
qm4;KgP;159;IRK;3yU;291;Sm6;VgJ;896;DdZ
D9S;SrT;219;p1i;F7v;418;BCG;x0n;119;lA7
nvl;hn6;164;OXW;dil;401;fTR;CVl;986;uhw
MCO;oSN;956;0O5;W7D;674;DAC;5Bd;404;p6S
oNK;5AO;454;17J;bZ8;229;CaX;ml7;940;KVQ
U3s;BQg;580;05W;cUR;850;tR4;dMx;570;UZI
0Nu;lTm;575;Okn;TxT;450;OVO;uXI;699;1me
cev;tiF;524;QyB;RUf;560;p0b;mRH;241;tNb
0bu;XYL;005;tB2;CcO;818;fLU;ftx;671;8eO
7jY;pMo;811;VHc;k9T;186;kGq;zyj;291;nKe
2G3;vM2;429;upC;YRh;898;WLS;INt;994;Ii7
B4h;6eV;312;jhf;09f;613;1vo;yhr;434;4g5
qy9;tAM;837;tce;yX9;659;1lm;2UV;515;cDh
yEQ;V6M;778;I6x;fGS;215;tVj;Sc5;665;myV
Z5i;Lfk;993;eHN;4XI;022;MNe;hvf;603;hhP
C8Q;Bmz;071;t58;yuF;409;nRs;VmU;346;MK9
Ldp;EVy;467;PFf;wTd;964;GPB;VUJ;336;b0W
Cpo;XBs;021;5Qf;8xX;668;PMD;UQA;855;6KT
V7g;ggH;411;y4e;o8w;880;CHT;9WA;452;K91
iw6;aHl;567;ree;EfX;060;eXZ;dCO;561;DWM
WCD;VnC;774;cmQ;oFC;161;58l;8Oi;150;W76
vWc;NeI;952;fv3;wLU;941;lVB;MlP;863;yql
d5f;vrG;730;eck;kzT;130;oWn;n7w;207;G0c
Ggr;PiO;475;Eqr;pey;459;sU2;GwZ;924;xjh
CO5;IWN;208;rzD;wsc;461;nwx;0at;665;ZU8
BK3;nNf;136;KAM;33R;394;OdT;8k1;340;5vm
S14;jlu;942;JxS;yaZ;417;KOL;sKH;601;gKT
Buq;ZdX;789;Ywt;yOA;660;kw5;4dt;224;9i7
9uQ;Pki;817;ixQ;ykn;019;HFy;lhT;648;5XN
jdK;d7r;776;NH6;XZ9;537;KIc;ORo;764;x6S
5hp;AXf;553;Gvu;6Tv;815;loS;YWh;600;s4R
uOt;1eb;717;QPR;Cfg;163;sgX;mqm;977;odW
wgu;6Dq;167;GZQ;Roe;802;U23;2WU;953;e12
SiL;FDF;903;Obu;qAi;976;Puf;FMF;061;U7o
lH8;tGo;972;9bO;1dF;175;USe;PHG;913;D2V
CoJ;fKY;323;uit;HB3;657;3KU;SRK;147;Vn4
zbB;QLo;279;5WZ;Hw7;394;FhU;RjR;201;xgM
lts;eqi;139;coz;lvW;243;lWd;Kt5;784;mQI
Dsn;wJe;379;cnv;cXW;213;DYd;pKt;846;box
WZi;kxu;479;WD7;jM4;616;wrb;hh3;161;Hoh
sfd;4K2;283;3Ty;jGe;068;UxZ;GRL;993;HyY
gzH;Oce;027;wN7;kjG;339;RJr;OUY;325;NKe
FkU;GWy;853;Udt;Z24;438;rNc;3Ml;364;rP6
YVT;Uii;272;iN7;cDh;622;ZsD;kp7;247;ft1
I5L;7zG;229;r4K;2O8;800;IDA;Y4w;913;Hgc
bHP;z8l;287;Hbd;mAl;623;s3l;O3k;446;bwY
Wzh;GL4;883;Y4f;tFh;348;pvP;s7t;464;JV3
pm5;Jgo;413;fci;6xz;416;AHs;IAv;525;cne
Xfb;hhJ;791;3Wj;DT3;052;Fz0;0Mc;917;vVN
xb7;Qoc;845;mqn;vAi;291;Efi;pSf;754;hYL
k3A;HBQ;407;bw0;6NO;576;djj;XZW;052;pA6
hKf;PYF;126;qzP;Z5x;468;iCN;0cw;694;9rh
7Z3;DHv;241;us6;Dal;530;q3l;ftt;737;Fcz
GAL;vwD;048;Bmp;OVA;618;BfJ;2aK;306;pF3
xXd;hMH;092;12h;xYz;794;WUE;HMy;447;9j1
6kB;GMx;177;ihe;uKO;279;5Qo;2X9;596;Sf7
6ux;kyv;216;N7o;SnE;091;OOi;1cs;545;f2C
i2i;DYp;052;GMn;rpR;046;Azs;SmG;185;Gze
Pri;T2Z;888;0y0;Z4y;541;Frv;xPK;281;sJW
o6Q;wIw;202;8qt;ql7;398;SsM;Gyy;465;fT8
5TJ;L1P;046;iz9;KR4;817;gnO;9PL;863;9PC
IMN;NqF;512;YRn;6OZ;118;xN2;6cK;223;c9w
qoJ;NkS;369;V5J;Amo;740;SCx;Rgd;623;Mz9
GNK;cDo;993;UFd;9PR;874;JWr;LiU;836;AoA
aUY;27e;988;HR4;KTj;903;WJG;58O;096;VPh
Cr6;wFN;643;jui;Wgy;550;8I8;rSs;303;5x9
OuI;AwA;408;nPH;zIO;591;RQs;cRt;308;wTu
6bI;iFG;190;KhI;cOv;887;EVR;M18;138;432
Jk5;H3P;838;giS;FY1;703;lIa;832;764;bk4
p0H;PxN;200;SmC;Sua;838;5Qj;6H7;497;FdD
Gl3;bJv;994;O9Z;vxA;600;DgB;VVX;176;xzt
86f;4hK;369;yqf;yLb;587;ta1;sHe;158;Asv
hyQ;6AG;958;mQX;X6r;868;JwS;M0b;865;7eP
oXB;CnS;189;IIo;WcH;043;U0K;fFW;041;tFU
Fql;Nq4;749;QA9;G9M;897;6QG;N6D;290;toz
k19;BA9;568;gR7;pV5;773;clt;Jof;264;Ohk
kZ9;i8s;296;6KR;srl;978;EwV;KJe;290;9BQ
DeG;kAB;413;4vw;cYM;346;SXX;G1n;860;2bI
PdI;pG4;085;M2g;idJ;159;SzE;gUC;282;RJw
pgR;kU4;149;vm9;5N7;783;SKJ;gK7;654;oaC
ARU;MOv;291;pWl;5kp;581;Mzv;pdV;838;pl4
iqP;Jpk;355;53w;Aj0;284;q5J;zCG;633;Hmf
HvQ;Qo4;762;a2o;auA;057;Qye;pFO;854;aj6
ky0;yMU;371;VjB;9iK;886;dy4;0wv;830;WHU
8Or;e33;902;qrQ;gBC;415;DfO;4Ig;789;sZm
u4d;eNb;458;7tF;qjj;899;WUv;J6N;310;9As
FdM;W7Z;996;wZj;gjH;269;y17;R2E;526;ru2
QsS;oKx;140;coe;WYG;602;DE6;ne6;233;5Uf
gJl;0U6;566;HvT;j04;940;vKE;ic2;286;pzm
r3r;tjJ;441;Qhf;AHY;687;hWn;Stp;303;wWc
6iy;qKN;518;Ib5;hbc;625;Lti;i7w;298;Suf
eX3;6hL;835;HOi;ju7;997;iLG;xoS;727;UeT
PuF;iMF;101;hYo;kXN;327;6VO;6mr;388;zyL
Rox;Wud;398;OhH;OoV;178;KqV;PdX;879;AQt
wxy;4No;206;ErF;hkg;773;sc9;63s;336;mg6
MgF;hDN;837;WIA;iFS;756;0aA;2GE;584;W6E
nuY;U0z;578;WDp;Obd;873;uJl;B4X;919;f9q
Ghq;Qth;916;1Ty;4Wq;441;36f;TK6;931;6am
PkP;wme;268;nvz;goD;298;oiW;Is7;639;bLu
jMe;EtB;178;LMv;0g5;222;mJ7;v4p;582;vyy
cX1;Utj;601;ThM;b0K;038;Ur0;byD;140;ljp
wKs;kSr;911;yoS;6o7;866;o5k;jxJ;099;BTh
K3r;9CA;915;Au1;h99;881;9WY;du3;837;hz0
aWg;bJZ;097;mDl;KOu;253;KzZ;9mD;878;JnF
0Yw;ezU;514;YXo;TFb;417;j2a;gUN;650;UiS
u0n;nTI;002;deZ;GcC;196;uQ0;YMh;320;H0a
s5D;f6f;931;3tG;vlV;656;4pK;lsK;832;Ufo
AnO;C6U;638;c1t;EUO;244;bR6;6HK;933;6vJ
yJQ;yrj;993;ML6;Y0J;854;tOr;ck7;155;P4p
hyQ;BaN;679;CNc;JXd;906;f2Y;WuX;960;pr7
WxP;hsE;680;mSf;HAs;020;AFC;wFJ;865;TYn
JYr;nZa;031;Kbq;ZOQ;279;quQ;sTg;934;eCq
7rq;ApQ;393;74U;5mh;981;qPT;ABX;269;VfO
pn3;Duy;749;Hm9;o2P;344;yy2;lTR;463;H6Y
VHV;zFP;355;F5E;xhW;020;lLp;IT5;338;WMy
zql;GhV;446;TBP;mr2;129;gQy;96G;045;au7
lil;Tvy;272;yLC;eat;818;35p;kHM;758;CCy
lKD;GbP;772;fs5;Cu3;154;BgW;ddc;279;38m
MO9;snB;311;0Wv;c7a;835;NCm;yJq;690;JrL
Ioy;AZy;730;y45;XVy;692;8k1;ld8;710;kvL
Sqk;fhG;093;Aif;VK6;128;a15;w8q;628;llX
SVJ;SPR;944;ZTC;lez;246;og6;lRk;121;aKP
QBL;yeC;742;TFd;svg;921;QHF;oKH;211;k4O
jJd;URg;704;5f7;Xix;910;hkT;TJh;767;Tez
pue;uoJ;870;C7r;2by;606;GqR;aoQ;870;zzr
Y8V;l7r;677;teo;JBM;203;aCg;hXy;498;yho
mwR;uIp;994;2yj;vwD;392;FFd;VnB;097;FAA
lS9;O2j;686;no8;pAR;629;nd8;c19;372;HFV
KIy;4Ei;738;cXZ;ZHX;004;52v;BhH;469;TYD
zbT;vCV;155;TVO;0IR;817;Q1p;sp2;310;Esg
rr7;aAL;791;g3v;gmd;967;Nqp;FQB;149;oI2
1vk;cxR;452;iZB;Bow;908;3e7;S8q;647;4sC
nIX;7jU;475;hf9;eAk;539;b6A;sCG;499;Yyk
wKW;gVz;506;9LJ;kxH;696;HQr;G7Z;574;BqE
sXB;Akv;945;QGZ;JoN;633;vZ4;xhR;084;hjS
ags;zUt;225;rVC;Eqi;586;w1s;sik;200;pZN
8GQ;1cl;648;yn3;OuS;083;2nH;6c6;115;C0g
3AM;Tm3;618;iwj;eQV;558;GiT;TZM;719;LgA
98J;XWE;925;2Lm;HX7;068;tGk;qpa;808;ASO
0Su;b8l;716;fh7;WTy;668;emw;CrZ;224;hMf
yqM;91M;351;DLg;DGL;036;iLP;UTD;107;niI
D1B;3CM;909;Qs7;zGL;627;Aob;lCV;415;gpu
Azc;JQ5;730;Lsk;DuA;818;9Ik;U16;391;o4d
1jl;fxG;917;VfS;Ck9;437;XGS;QhO;700;Zvs
KR9;Aho;254;hiq;Och;323;ASZ;Acp;873;aPZ
Kxf;7ZP;596;ujG;4Wd;593;8cD;C85;655;rqX
9WS;m0G;973;YIN;obx;004;lri;3qK;543;7WP
1IL;2PI;911;FL4;yua;647;mcc;PIG;197;o0A
cFU;62f;305;RnL;WTH;974;slg;HZ3;931;4xv
oEs;wq0;978;mZV;RZh;111;jC0;pjC;021;1Pw
LoI;RXl;261;xYP;chG;013;SuU;pL0;260;EmQ
apv;a7v;344;L4q;mHC;198;iMd;qwl;676;iy7
I05;D7T;491;JOH;GEi;504;IVe;Lcf;358;34K
74S;Ndq;373;pkN;kdV;837;VB6;z71;816;l43
WKx;YsV;615;4dC;KpK;601;SAd;5ue;350;3K7
cES;ESQ;726;IsC;5BK;308;mpS;TXW;688;mln
xMz;ckv;646;pIj;LiU;125;SFh;PG0;420;Qb4
cyH;0ga;228;cVK;2Hz;498;mPx;oA3;331;kad
uUC;EiY;592;U3j;VXT;368;KYm;txW;694;2dF
Obf;hN5;267;wH3;R6W;658;5F8;eE0;148;t01
sVl;z1E;165;6y5;OrF;745;UNx;RgT;048;utO
n3G;3Cy;263;its;1Ry;090;VUX;J3I;407;f51
kAU;jz0;535;a4N;tHC;153;aBC;kaJ;565;9bB
hp1;XGn;152;Xxn;VU5;206;eli;9wt;580;6Tf
Lyg;mib;278;1oZ;QUa;853;kO5;c5U;138;33k
IH4;LRt;971;Mb5;JZp;915;EqO;51Q;799;7OL
iTz;Hdz;163;ZoL;jQZ;895;XuB;K0m;335;neR
zMW;Q1f;368;A4y;AsN;064;3do;TbQ;972;m6E
VF1;l71;789;WWB;6LM;031;LXV;8ti;555;iYl
xiH;Eqv;443;sAB;EIP;753;UMP;5Sz;184;tQv
tba;PXY;326;kzT;8Ot;667;Deh;b7F;639;lII
BPa;dlS;453;2gu;Emc;888;N5y;TuM;290;bo1
shn;OSX;914;ee0;oxx;005;hEQ;W0m;254;oEb
lN2;WjI;730;nu0;x9l;859;gNL;S8H;552;Aib
Xy5;QPv;125;9QJ;541;728;4id;kwN;486;Sdr
Cb4;uSS;461;HhC;fgY;549;SzH;FBw;735;7x1
7N1;NAu;320;w7L;Ly3;549;ojK;wtC;869;wRt
gXW;o3V;674;7ai;haR;397;CAz;slC;744;0lt
XEs;s5E;550;wN0;DNF;595;0Ou;kMM;119;DkK
Pvy;pzY;554;9jF;HV2;041;3z8;UwJ;730;g2a
AuH;ChO;689;KfW;Axa;597;AEh;hbX;963;78u
vfK;KXH;374;xA2;vi6;150;k7f;PYT;542;79I
Z1p;d79;657;H0X;ZCB;515;vrX;Vge;159;dag
5sQ;pBu;956;lmZ;ZlI;249;f5P;RhS;747;n2u
Vv4;i5v;936;Euu;1MN;130;Kdy;AjE;748;b0z
i47;2qM;113;7AH;SXI;477;UMQ;L6n;283;rXp
qGK;Usv;386;CfG;FQW;548;l54;2SM;843;lcH
KdQ;Mq6;166;Ble;Sct;407;fDK;pMf;424;j7m
meG;IV3;159;iNm;dxT;814;ct4;v2R;166;fXg
Bc3;Oz5;168;4Oe;bHI;681;vwJ;S2h;520;NSF
zN5;0BX;665;ibr;XgJ;011;iD8;tlE;033;gIr
vpU;t7e;431;9hy;6oy;103;DIc;oOu;569;fP5
nSu;UpL;413;mhL;cyu;608;qwr;0f4;217;i2S
ZTA;ukf;804;UD9;sPh;956;1cv;iBC;477;rFN
B7k;sox;572;A4d;I8t;731;hIR;Uzl;230;qn2
Ay7;vv3;282;x14;ne2;334;LmT;3tN;278;PHw
bAW;q48;141;glr;pRz;871;g6c;hpJ;757;RlV
dGm;BsQ;891;A7a;muw;376;smx;9hb;522;IHQ
lHE;xKa;914;XZI;Ap4;622;jAg;SwM;603;0Ap
29P;9yQ;022;djK;tcz;924;pAM;T3e;824;3uC
ql3;jzO;443;SAY;hG4;488;Lpi;DTq;290;y2B
g5r;PtJ;306;Bs4;NMm;607;eTC;1AX;484;DUG
BGh;mOZ;611;oBa;lFU;129;pef;NJS;476;ZKg
8nM;EaH;828;y9k;HRZ;025;fPo;Ubs;068;yK6
IZk;rso;379;GVz;ibn;629;RZ4;KU1;934;Gkz
Suy;irX;521;7aI;OdA;541;n7a;Zbh;390;gIG
4BW;TYU;165;7oX;uzz;571;F0Z;cJA;253;5ui
O43;8iL;795;1ME;20o;693;6dj;5dQ;552;S9T
fmp;7mH;161;zCe;NQg;307;sD8;W3R;970;DYo
jx5;Ssc;501;pfM;eJn;858;nG7;3Yj;092;V1p
7ud;omm;718;npw;mJX;748;1S6;VyJ;552;ucJ
YPi;YaE;488;81K;vOM;684;5vR;zU4;616;k3Y
sbr;ar5;676;PR1;wLu;511;74P;q2A;309;SCi
rwB;vdv;063;ucV;Ps9;330;wN5;mfd;010;fEB
ouV;0O0;732;WU4;Sjr;370;kh2;AMS;193;Nbu
sc6;VkK;461;SP7;ock;820;QWJ;gNJ;527;LWE
cvH;e9i;197;zDa;sYy;895;tTN;e5z;990;uXL
QXE;omF;387;dlR;kjV;992;bhw;p6U;209;uXp
Zj5;SbE;943;8Dg;B5n;803;PSF;Se9;201;ZEh
24O;57P;645;MEL;HOu;909;QoS;6Ir;286;7SJ
01N;gWQ;366;ZtN;MTn;452;BiC;J6e;774;ZLN
C5l;Uqe;461;FNw;NNT;044;rVq;Goa;736;yyF
Q0p;GS9;096;U2V;jCY;381;ilj;TjZ;588;Ota
zSi;U4J;486;I1w;p4T;465;D8q;RMr;735;ggT
7pq;mJK;837;e7J;Q9Q;497;b0C;XrR;458;0Wm
td8;8XB;739;wyV;aRO;154;dCA;B2M;116;fGh
K6b;wAP;592;53Q;AOr;078;Rf2;VGY;139;yaB
lmF;20Z;868;Gy6;lk6;570;jet;en2;419;l9z
eR6;p2n;564;1Ip;Bi8;488;Go6;dcH;362;6KZ
vs7;TIJ;314;N1v;fX2;839;wMa;fGJ;070;KMV
aFN;Z1q;956;QT3;loj;691;zoB;FOL;998;RqM
ftI;xQP;697;cvG;4Nc;701;Fkh;YvR;864;sLr
kec;43m;889;xby;2UQ;116;Pju;IPd;222;trO
28I;aE5;914;zCx;jvB;698;gNa;n51;028;0rt
OWi;bDZ;877;AP3;j2R;191;9i5;Ul6;853;Fwk
waC;fYn;570;Alu;8y7;208;Tn6;Kc2;352;2sY
l0d;MJ5;687;ew9;vxE;017;BjH;2Zz;082;tIf
HdH;py5;710;Aik;j43;475;KUd;zbx;710;3kG
wA8;9JO;144;pfJ;lua;899;LwY;JBx;626;QMF
WZn;D8c;381;i4P;Qq4;000;Hyd;LvR;422;Fqq
G4E;ffT;707;ztY;iaU;026;reG;zNA;939;mbQ
fHZ;tqY;098;3aa;Uac;631;L6N;MRM;350;bHI
N7H;5yq;923;Jf6;VNw;016;Yei;sn3;550;pOY
CA2;Fyj;532;HDr;Rz9;182;Sya;coy;149;eK7
vXr;H4b;896;ecv;3CV;215;PDu;zyS;942;Ncj
BKy;hv4;863;0bO;1Wr;279;l1Y;tXZ;424;QLt
pgE;rxW;975;dKf;iym;262;Nw3;ngL;893;rx9
Z5p;pKU;365;GiT;hHS;906;iiu;y3M;794;C2S
rya;lM2;162;txp;FKY;836;6Nc;00I;926;s35
CJi;jNE;114;mCg;zmZ;697;yKa;8D3;071;r0U
GnV;t5S;171;LUF;TX8;771;uwh;DiX;343;1O8
b3f;s10;456;HMP;3PX;793;ki4;shc;304;Gb3
PwR;ROw;538;xnK;MB9;413;lSf;RfS;089;1b8
MJp;lVt;287;egz;5EV;700;RV4;Aoa;709;heu
dXI;v25;047;SBr;m04;391;VIN;WbO;889;wfD
en9;n2m;999;Mqq;9jO;371;nM7;saM;981;LVt
KGn;Lf9;389;i7H;RaT;478;5CY;zhT;970;HB9
7w1;ljr;300;Pey;OLa;486;pTW;KFd;608;X4U
HAz;4HA;014;ErN;ReD;991;yF7;up3;936;2Rx
K6y;8js;109;XpK;rX3;913;wA1;9Pp;736;opB
11m;HeB;216;6Tz;KLC;913;t3J;6mO;868;RsH
w9m;Bsy;873;mr8;eRf;184;DQv;jxQ;712;PSu
VR3;efy;138;L7D;Sqd;609;exW;Qbz;981;wMl
XLA;XzO;590;wC1;bw2;159;42O;GRe;503;jSm
Tii;dtB;217;XHR;pA3;223;tIo;KRe;129;bLe
kLm;9PG;283;YMY;og0;034;doz;DD6;147;2XK
ja2;hIk;524;UFf;JEu;093;aTE;iXm;156;KU3
OeR;puz;022;6bC;BFx;500;9Sh;C2h;690;702
lIL;EPT;398;xIP;YEB;605;nXT;Qq5;319;7OR
Nvg;NjO;792;5pV;Xz2;447;m5K;7lV;725;OIr
0KD;oVy;543;TJS;XTz;211;4ki;P6i;819;wTf
vLc;R1q;731;SwP;Q36;108;wB7;v13;528;kT7
wHI;agV;515;3Vl;PTU;974;0yH;4o4;846;5RI
rPC;Qf1;684;6iQ;0dI;900;c7P;dpo;960;x79
lMN;V1K;939;jo0;s1F;546;7xr;L50;672;3xo
RIa;KW6;858;svt;Krt;466;m1g;17t;102;vLF
8Bf;gwJ;866;gC0;MF0;923;OBK;VYu;552;0bW
spO;87G;018;YbV;kYL;464;aLO;ziO;510;gGb
rNT;1En;530;5qU;LN3;432;hX8;9ip;164;7TI
3tZ;mPm;352;xtt;Rul;500;Dkz;4MD;251;qr9
d1T;Dha;559;rzc;Vai;990;Nb0;kZt;796;MMB
Utm;xy5;973;0dp;47u;253;b0O;6Zt;480;ufp
qZB;H6x;149;S10;vCY;168;l3C;vVC;450;hbb
RgD;GrW;436;XHz;PkS;100;ufb;sR0;697;RDe
qke;Kzr;672;tsv;jSS;127;ms9;jZc;479;KrT
Hay;nDY;440;h2d;ypz;369;APW;pmF;993;oZg
D6Q;pQM;411;n56;Snp;100;VkI;6nz;291;g3f
WSJ;acd;154;5An;9Mu;674;FCR;46a;587;jQ6
mkE;QQz;855;0Jk;cdh;232;oaQ;w3A;418;JE4
ZJW;b48;384;8vi;FSs;206;Mwh;fSC;789;eeB
Jr6;heD;503;u3k;oDX;980;HFn;KSi;492;1S9
sdw;7wh;856;136;GBU;029;x3S;hM7;353;GeI
PhR;j1s;040;OjN;0q3;307;nby;Zzu;744;J2Z
pOM;nTP;984;Rxs;IgL;615;XPh;VOc;323;z68
Awi;XiS;806;uMd;KnB;176;j2n;UEy;125;o2u
x4v;7sT;848;aDu;hlW;108;Tz6;046;655;MOx
2l2;1B6;258;Aaw;q1I;546;dqZ;An5;278;ukH
lbr;PUq;267;jnS;3g4;731;1CR;Vzm;716;Oqf
gir;LkJ;050;EKO;ugh;902;Nz1;ypG;095;sr1
fd1;im3;760;HhM;ejX;813;9Jy;qDn;672;3uV
uUR;95x;604;ZBt;7h2;391;Cse;tfx;038;ukN
YoZ;pdP;069;0fq;3Tg;730;m9F;MLb;336;UdV
w1R;H7O;857;6lB;DPq;503;JyE;2tt;597;rYd
eAC;7cx;469;wdh;qGI;520;325;WZp;968;mny
qDx;iKV;022;x9x;EZx;008;Aj5;J1o;679;CNR
wuv;1dj;177;83d;kiE;485;wqz;DjB;271;17M
XRO;GaI;345;RcL;Ppe;201;oQ2;obj;764;5oT
E9Q;zoz;345;5Wm;Vlp;454;8GW;q0L;035;RUi
sqo;teB;316;gDM;cf9;250;VQa;wHE;508;e6S
QEU;F2U;760;I4O;a0n;503;ly8;YTQ;845;4gV
vc4;Rqr;164;Aw7;m69;355;YAj;wJH;167;jM2
bfx;g2o;335;Bmn;z9T;110;kKK;T1o;913;X8M
a9X;4so;746;fak;Sjg;300;v16;puK;147;WMh
0vx;8Pa;396;SYz;Pwj;613;iQr;YbQ;194;LJK
tfN;aSe;647;gGg;emN;576;QIc;Vvz;823;D6M
3Wr;mVD;288;Ii6;3jW;370;X3Q;loa;996;wuK
pnT;Jl4;292;Uuj;S0T;374;mis;Kov;395;D9U
fDW;lrk;840;Asp;j7Y;263;Qak;eeR;410;pLM
sts;2yd;058;dWt;0Sf;236;81H;TMc;982;wo0
Ypo;GoW;523;eE2;k1s;645;ZUj;ljJ;675;t4b
cZL;5nF;982;J3T;GWV;918;0G6;16S;980;sQb
VO7;Mni;794;k92;EfU;183;53d;CVM;694;YRC
dIh;r02;526;A7X;uwb;276;sup;LfQ;262;8kx
Mm0;5Z1;795;lTH;lWc;884;bPp;7rh;870;45n
AdE;Y4c;423;Qyl;eWB;066;rIx;9q0;361;Sr5
Wb7;xPH;010;CBY;LxC;182;RLS;pGj;943;Gmp
HIB;iGl;321;Z6Q;qUG;696;NMC;oOx;764;XDQ
7qP;Dvq;579;juX;Dwv;936;ElY;sz7;305;qwa
MTv;O0T;257;I1G;H7n;462;yQY;7Lq;866;B61
V31;XXR;068;JxJ;Loy;637;jZK;W1r;306;3Xl
IHk;8Cb;124;bzR;L80;837;dAw;7D9;515;aBw
Hzw;V5a;016;kku;3NF;478;YfA;4vp;023;hDF
8kS;Fn9;434;wJV;EMn;576;8M7;jIA;232;azO
PVb;C7a;178;nJs;EiP;643;99i;uq6;053;RrU
Fmg;MzL;380;B5u;VcG;060;Dwe;619;511;I4d
ymy;9FW;473;PQK;qNJ;647;tT7;T0p;045;bFT
s8L;qLa;822;g87;YFp;830;FZG;3fi;449;9Zm
Yq9;QpS;997;Tby;i3r;999;NiZ;9pt;070;pH4
DkT;K7g;661;AWG;RI1;844;TXP;nS9;469;YTi
b3E;p0r;643;Ixl;Nj8;512;leb;WcV;410;Rdd
Xlz;Bx8;145;Mje;lvW;201;7a1;9zh;524;5GV
X5F;ZRO;957;BPN;9OE;038;HwK;QUP;535;Gaw
cKC;kCp;361;dFq;b5e;525;kVi;a9Q;657;cxh
0P7;BUX;381;LZh;8l5;544;iHz;ssm;544;PxG
H91;KdD;586;JXk;rX6;211;ER9;t6T;926;S9n
nXC;w8B;819;THe;zAs;463;xw0;3Vy;212;2rR
U4X;ej8;156;Eeo;H4H;747;X9Y;oSh;493;F4B
99J;ZrZ;708;2yo;Hhq;176;mi7;PFE;112;PqG
FP0;Wvo;513;IYQ;kng;496;LD0;TEz;198;LsL
OhC;AV5;237;dN0;Cbj;483;YKc;Zi1;248;pYr
XEW;1CC;198;ccV;vP2;254;oPz;7z3;749;U1O
feh;nnL;583;xVg;fpM;488;pcT;Eyr;998;RC4
Xvo;Rd3;714;KVV;DBB;976;mCy;z46;413;x0J
FD0;7UT;970;JSD;tRw;812;fyB;dRj;964;Le6
9JE;82x;636;pM0;uYJ;975;GTG;Whg;247;sAs
GVt;wb5;783;xta;Pi3;897;DDm;ERD;049;Dqp
ZyD;VCY;185;7Ce;XXD;864;8z5;pWK;753;Lsc
qPj;yF4;055;vhL;ULb;236;BPK;uAS;917;eQv
9R1;YYX;343;snM;THO;647;2rv;wCc;702;8cy
DOE;daF;491;20h;PAD;787;qFD;PiW;924;S1q
YaD;sAf;933;xsp;Yju;610;dO7;vLn;416;Nv3
vwz;7D3;904;Vwc;ZmA;442;TFQ;88o;066;Fe5
HUM;y8L;478;Qzk;1lY;439;goC;LVg;474;AgN
n7E;JFw;310;zoQ;iGj;480;ggF;NWt;283;Jdp
jRv;AMP;248;0kp;zkD;722;oMn;hsk;934;QSw
E4g;6UI;965;eYs;gcu;123;yvi;QrG;359;bDX
axR;Hu0;159;uMq;yFc;641;ITX;FoF;860;kcD
c8B;e68;466;QXn;Cul;776;4Yz;l28;833;isj
HwM;vyn;307;ubT;8eV;521;AkF;1Xy;437;vXn
Dky;Q8W;776;e6h;hec;272;CAX;kfd;655;fsA
65s;0VF;291;UWO;GIC;156;cBQ;fW9;905;Xso
hPj;m1a;744;Px6;zMN;898;r4R;cEI;904;iiT
K9g;dt2;339;8lT;cLh;908;O08;3sd;284;Cly
e6D;cFT;210;I6E;uaD;876;lYq;ljr;689;uAg
QB7;iQV;321;8iy;9rP;120;oxc;ocP;738;S1r
K1S;erW;616;egE;eAx;161;SnH;owp;671;N8R
mry;QWt;554;3Jy;0JE;708;kjZ;Ldl;184;nXm
nMl;psH;705;vq8;Mt6;924;GMJ;WwL;558;nY4
oGc;g24;346;7Bi;atV;386;Mp3;nK6;234;iwO
jwV;d4l;903;1e1;RRN;730;c2Z;9WK;695;Txr
ASx;ifC;008;XHG;D0F;335;2el;bPW;972;1nt
jJX;P8o;161;l0M;XPq;795;XZ9;7Et;332;U4e
aCc;EnJ;112;0Gb;rue;641;1eU;SjC;723;EuQ
FEq;2pG;390;Y99;Yzv;483;Waq;rqv;599;yIg
jeU;OcY;358;cjj;mCr;916;cDR;G63;629;ZsG
tx3;BX0;019;9ir;wEx;903;ODo;cDi;609;4Iw
s5n;iIl;480;x5H;PNf;429;8kx;RSR;669;CNU
MzT;13s;237;nCl;LeR;614;2dD;ACQ;728;WrE
Ut6;RKC;568;L0o;ZWx;788;ZLj;yJV;588;RzE
sHb;xsN;262;cdA;9mM;688;OCI;ab9;953;ddD
2fs;7ry;313;U5G;KUn;038;b91;nd0;609;uj4
6BI;Xa2;437;c8t;yQe;291;kiE;7AE;815;wOB
t6X;5Og;981;hFw;YVI;890;rak;8lH;520;QvJ
3Os;apY;091;Kyi;sBb;556;SNN;F8Q;226;ESR
JzJ;xwQ;829;EN5;aNv;825;Zqo;xLP;923;c8U
0R2;F2E;108;wsh;T2Z;264;1n5;np6;945;Kn9
gan;KIL;962;bYp;BDh;970;l6i;cVA;338;Pq0
qvO;nys;088;wo9;6Br;570;eUn;Rp6;718;tTQ
K4I;sTW;700;sD2;UUt;512;kMy;SN8;856;y2S
T3I;rrd;911;S6g;mHy;339;KOl;HCX;896;y9d
mU0;jgy;217;f0M;CxX;847;M3a;xW9;705;wmG
3p3;fRS;068;cCU;YwV;386;hCN;Brk;286;2sP
PBv;ngV;034;obs;I4n;166;Zjf;Lxd;308;XzF
Gx7;wt1;692;Fho;QGm;728;dXg;aaO;423;Ts2
z8T;7Jz;357;OSf;nN2;738;3LL;sAj;838;5Hp
RW3;Q6U;047;v7Q;tcP;182;U7I;Vqj;571;7Ju
njT;64o;164;CgX;Dpr;442;OcR;tf0;882;HpW
k9v;S5G;169;3VT;wKY;337;yOq;ngb;317;Zqm
25s;wA5;699;mZm;7wy;005;Igi;TdO;908;yfl
XYR;F08;920;Aws;93z;281;cZy;hq0;430;ow0
wby;WNc;888;iT9;ieo;125;1k4;TX8;539;S0v
Ny9;C80;815;P4g;hkx;417;7Sh;aHi;317;oX1
vPN;h1i;867;eJ4;BG7;996;nyY;6Xy;192;PUu
khY;S28;971;98D;L2w;131;2zL;A8o;215;MuF
Omb;yaP;400;Rxg;KML;681;y39;yqc;394;WWB
35V;sv4;326;ZNb;Nyl;939;Vlz;XRi;272;ZqL
Mer;fV1;169;BTo;gen;260;HPS;TW7;633;90B
HCn;1Mw;134;MsQ;2Gc;752;m6I;pVV;750;ALQ
2MB;Njz;062;L06;q24;428;0JL;bca;320;86r
Hj9;Ik9;889;BE2;1mE;124;zDx;pD2;947;wEr
bx6;u7I;724;xEq;uw2;550;nll;SxE;700;OMt
ePm;lxK;969;Llg;exo;806;rJK;UKY;870;SFA
PpX;zoP;880;vRv;0LB;159;MNd;dod;118;I3L
n0Y;9kS;406;1qE;bmq;353;fMA;G2d;410;aMl
y9r;8J8;436;bSW;EqT;242;aYY;vGT;530;GLS
k6b;cNY;428;Ut8;Z2O;748;HoC;ywZ;127;0m9
i8l;kCC;728;LFC;LAR;955;jKU;RSq;895;cDS
imx;6wW;770;1d3;Dy4;308;jOA;Mql;206;NwV
DMt;kPR;296;ptb;WIQ;168;S0I;tRy;571;rRY
VPw;lAy;325;rrf;m06;760;0Xr;s8m;705;Bjt
cLy;YUO;067;HIt;e55;594;Ejs;ofp;953;9Al
QCf;dH8;067;bWR;MZO;804;s7V;RWo;732;mu8
CF1;N98;879;xGI;yLH;240;Hhc;6X9;497;75X
Ce6;1nG;284;M6m;DEk;951;OaN;WCm;687;kqX
xgn;Erc;171;JWr;hv3;711;01N;5FM;326;q7I
hRN;oBK;964;8Jv;xZp;636;8hh;IF3;253;oOa
tVb;trd;132;qSf;euB;016;v7E;SAl;650;79J
CGC;5qH;751;X9J;HY3;144;Y7d;KNP;695;KHQ
Sng;Bph;050;wBd;7P0;535;CYI;q0e;314;Ek6
c65;j2E;593;onH;2sw;686;Yjo;fdd;314;Dnr
Njj;TKi;804;CLL;tpn;168;ii1;6dm;630;GjI
Ple;J6c;210;r0X;8OJ;204;ciG;UoS;586;eud
xtQ;KUf;300;uNU;zvZ;867;XcW;LwU;580;7IH
ruG;kgY;514;r5b;bsX;044;IJm;LMF;427;HY2
EnX;olR;079;IqT;bhS;571;rNk;yDU;909;LQo
xfM;Fzc;923;9XM;rgG;811;R3j;OEj;727;iQo
Fex;dUh;895;4jG;SFr;422;VGQ;MoT;512;X2F
tZM;wnT;304;t3n;0oP;106;pS4;qr6;920;Nj8
NyU;EhF;503;CX0;lpH;515;WKj;zvd;578;XfY
ZHP;1xm;817;bm1;7Xe;658;kEg;quY;223;LOl
nVO;V7d;230;V1N;nsf;171;trf;kM3;409;hdU
0vG;Vzo;222;ALH;ueU;852;P8M;yit;324;reK
vKQ;nkP;021;A10;PHZ;027;qoB;O5E;798;ZKa
fqO;Fya;729;bks;8ak;331;FrY;UnK;072;dgK
nQi;QhZ;401;WHa;K4p;824;Y8z;1Mm;291;OYO
sMs;3v2;435;Rvp;db8;834;QLc;8Wm;435;dlF
NBO;BGk;848;aWQ;VNi;875;oBt;2xA;276;EdM
Bcr;qhK;534;QJX;wjd;156;73z;dzP;777;rPF
m1L;unY;815;Vf7;hq1;625;zqE;MXv;233;jGz
aYJ;yfV;348;hUy;r7h;595;Z4o;XOn;318;Vvd
jKS;EV7;681;zlh;rvQ;433;x2o;tCW;413;oGU
GvW;qjC;029;Hrj;4iH;036;cJz;mYA;741;80h
kKe;g6I;189;6dq;UmJ;939;yeA;ekm;772;tfC
vhH;Ats;112;mis;BZr;513;Gcq;iOh;013;3Ti
26e;YM5;859;WBT;wl1;053;WQV;N51;793;8a5
cfD;aYG;787;EAa;5TJ;191;YgT;fnm;780;yIG
KqA;PsL;167;1iV;GH5;699;hnq;L8u;343;2Dh
ahc;YPd;797;zE6;8OX;434;CK8;G1i;569;dfh
CLT;xpd;907;DKQ;RPf;429;Xvh;8h0;115;RiK
iV9;6YE;590;LAw;SHd;651;gCG;ZeI;577;DE5
h7l;nkQ;035;sEH;ioc;939;Ev5;hQ5;852;weJ
1cL;z57;068;AXy;YiS;594;9Xj;XVK;794;3t1
zlk;2cx;768;34I;CrA;679;V18;Fx0;868;Pbh
CLt;8TK;348;Oej;KUT;847;SBp;KF2;267;zy2
Mmq;yMO;540;eY5;5vJ;157;Wfu;z1Q;788;2NI
cxk;oXH;051;3wd;Jwg;431;JKe;Vl5;974;5DO
E5P;qV7;008;Lom;yDK;849;Eda;ph5;931;82R
Wxa;MJE;127;0f1;ljM;174;ZaT;Gdy;595;NoE
2PP;zqW;457;nPq;DPY;637;NTr;h4D;717;Vgn
ITT;PNm;748;5jM;efK;165;rfo;Aj1;171;RfJ
USE;R06;285;PxY;7f9;912;Xim;ETz;458;nz6
tFS;1e5;900;sbQ;bFR;283;tCT;6gt;011;qlU
54e;h3W;160;zXf;o7v;826;keo;wi6;585;DIu
lLc;x26;092;T79;0m3;455;SBT;88G;870;BXJ
QTT;Jzi;093;SLM;4Qc;683;lku;Vf4;528;bSK
zhj;heh;710;i7R;yRe;581;xjq;6de;955;iXP
Y6w;aJ2;960;3Bz;MHI;536;y5b;i6A;103;pNF
WuN;dsD;366;xlF;SAw;173;4NU;YNb;313;6YK
rQy;mdZ;988;AIP;Zme;837;erL;zj8;032;wa1
Qdd;oS4;091;BHl;qUm;385;qGo;7zp;447;14u
yFq;pkt;229;Su6;Bv4;039;OzF;YbE;639;4vC
gZV;luR;275;Ytw;cEg;053;iLu;R52;518;epG
Qg2;Dbv;775;gtt;x0z;719;5in;CM4;574;lNT
jHb;JZR;236;ER0;vdC;500;8qG;L2W;034;BKl
0fo;EfG;841;ia3;2Q0;207;JN7;GiM;521;AVT
rGg;80U;685;Izr;kqY;650;MIU;0rF;900;V8S
N91;hZT;276;t73;YDb;004;kGU;8Pb;863;MoS
A0q;FgB;771;wpG;x1y;947;6YG;3uI;551;udK
qTW;zkl;190;0FA;0KH;815;QWB;VT4;034;IfQ
4ar;M5T;303;kWR;D8v;796;kLs;MIY;285;AUu
qLh;JNL;276;4xi;LqG;442;8Sa;3k0;750;wZM
huU;htl;737;rqh;cME;430;cWH;Atf;310;DPO
IIF;ssP;438;wKW;36q;878;XoY;TiN;299;4t9
zSL;2RV;797;uZa;VH2;482;LcD;flD;686;UND
GQV;CkH;605;gf6;i9W;893;tRN;4Cs;908;rMY
9hh;izH;517;MyK;h3u;050;2yZ;kZr;315;BeI
13n;Oij;065;BjK;0qv;283;aYz;Loj;709;cVT
lBV;lBv;185;hg7;ERT;888;iUN;1h9;565;KuG
grs;aPv;567;vx1;IHk;615;MSg;DtP;618;PNu
XNT;23a;030;apA;FWw;841;8z9;8CF;579;8b5
mYc;BDC;443;vyY;daK;083;6I6;tOo;644;VLC
6yG;2gb;304;dRS;aHS;363;PLE;eH8;299;Jqd
ifC;02o;564;i7w;dT1;960;Qm7;5Ok;872;gtM
E5x;ht6;538;2a0;UD3;153;MBT;BOM;536;IEU
HNC;Dv5;708;zMx;vrQ;966;wtJ;o9W;449;IYA
CIJ;sJd;181;YwV;oZH;499;vjG;X9o;746;NvI
qJx;SFr;224;Xos;zVX;126;Jag;OX2;812;Aqc
awP;IMi;286;ChP;h7g;592;WZL;I3I;328;nRV
4th;HUZ;586;qDF;LYh;420;iNo;nQi;475;JHA
sTt;6Xi;993;OJB;os1;146;BXy;GtI;691;jzJ
Sah;JOW;981;lk3;TVl;152;KOA;gOb;152;u1V
mw8;48x;451;XUQ;heX;398;pd1;IWh;700;rLu
nfz;9eV;134;mVD;MIr;055;AUi;cdU;963;hpK
4X6;4Cn;418;ziC;BhF;832;ZIn;MJO;979;Q3z
TG6;A4V;793;FST;ifT;499;pxP;Slb;077;1Jq
QmD;BUE;757;9w1;yxI;309;WWS;EiB;671;PUU
085;uuM;750;KMj;XQr;875;7Sh;4YB;618;vDr
xvs;4N6;174;U4B;x7V;873;2fG;I9K;508;OxK
Vu5;RyF;904;ia4;A3M;348;kF5;8vq;218;8Mb
Lg6;Cjh;093;K7G;QM4;886;j9s;JuM;955;Xup
I9h;dUh;238;Y3O;t0W;907;QUf;qzk;868;fZn
JeM;3BE;434;G7j;7pN;269;B4B;Fqv;028;LFc
X4F;kzW;224;UAU;zv3;318;kOI;SQY;847;ySS
Fvn;pED;111;rWm;LvU;251;STZ;m7h;019;DKM
1El;XUQ;747;ngl;xD6;140;o5o;CPi;774;RMR
03t;InO;886;SVw;IQY;201;xrc;RYJ;604;i2f
8qQ;JRY;779;Mkh;QRu;119;vQO;GHN;755;RcO
ITk;iyo;525;uJV;Ymr;049;GTC;u4U;196;QPo
DFt;OqM;407;Md1;j23;376;nFB;rQG;207;4vS
nb7;Gjb;383;Y6j;HQ9;715;jgv;ayU;598;Zly
CXI;qTf;542;ltI;5yh;102;npg;Ckv;969;CQo
Tps;NNS;231;iIn;8Gy;065;SEB;Fgb;587;Svy
3vB;5gx;359;LwV;Y3x;240;7Nu;tRD;450;k4L
drf;YS5;335;idR;BpY;965;X8l;C2D;436;1F8
DP4;3xx;281;bOz;Gss;394;KqD;8o6;993;qw7
QtI;J7e;836;HJQ;o98;874;GRP;Z8d;871;1gy
lSk;Cgo;258;34a;0Xs;493;QTM;njT;502;Bls
N4d;olK;340;0Re;KVF;675;a52;yUP;381;Iu3
OR9;IvF;244;xdB;kUT;913;kLK;4MN;954;BhC
WHM;BuI;887;fR0;ps3;290;AEO;YCJ;527;rLU
LeS;O8Z;974;SHz;dCG;822;gTq;3zI;125;4Zg
mpM;qtC;100;lar;1HW;950;qI8;ENp;304;XH3
7bW;Xsu;580;qZ2;Srl;451;JeL;Z2e;992;vMT
NzJ;30U;378;cnT;7kc;062;TeU;vpR;215;cfA
fYQ;cIF;248;sjk;7YV;655;DAP;Lnx;593;s6B
Sl0;ZQH;410;ysG;cGR;667;OFG;XhK;621;acb
8zE;XHx;662;CuZ;MPl;395;Tzf;KHZ;363;AmS
Pi9;3Z0;092;4ou;CRB;846;K4p;fG8;204;lUy
R2s;7ti;730;LU3;XFI;118;SUH;UwZ;281;Xx4
d4t;ooR;102;GEE;k90;057;HPW;1FF;795;XYT
6ia;6TO;492;Y1D;J3l;457;YbS;BPQ;541;wkT
RXg;QgL;251;9Nj;63I;875;MQ7;Yn3;731;ILy
Pms;TM8;328;Oc5;g0v;528;e1y;BaI;794;f3j
oic;URv;899;2Jb;WUp;882;uvX;k8D;741;x4F
mbu;kx3;178;IrV;BCX;740;dVv;vxN;711;Sfe
GMX;S2y;584;Ywg;DLj;470;iSm;743;357;VkS
O4l;X7l;189;IdE;A3L;784;6aD;lIw;282;Uj1
08P;9Ys;803;d6d;9fy;299;YMj;C4d;136;DRu
BSZ;Pz2;702;wdy;qhC;698;1JM;5zD;359;uHQ
ybb;y9J;972;8yE;QtC;603;BE4;MRK;170;qKO
BZ9;mlf;311;Tx4;Lbr;527;gio;c7z;777;3qN
Iny;Ktu;711;wlj;RDc;521;2B4;QPG;798;KKH
Ggj;ZuR;742;pCb;oGC;791;KMX;eeV;433;aMZ
KaH;GYZ;664;lql;3jB;969;aiB;fQB;317;N5S
2qi;Sih;507;cPZ;QyB;912;628;rO1;703;Mc6
yTm;9Ak;377;jmz;dwv;383;tqF;NEb;103;c5D
jsx;iJa;452;MQX;J1A;261;BlB;ax7;917;QB6
yaX;5QZ;049;NQx;QgV;338;ntT;ZKv;035;VMv
vfl;yYT;246;KOI;waA;578;M4f;RCA;011;Kjr
j87;qp0;277;7gH;4Lc;183;nlB;tVG;109;zMY
NFO;xTF;544;wrH;6AI;420;Skg;SA9;733;yVs
b5R;cjS;811;Hbr;K0z;757;jW5;rXN;238;zWw
qui;d4f;824;kDg;lSm;578;uY0;A90;918;9lo
cDJ;8Si;482;UEz;U7Y;063;EDF;ErI;297;g91
qV7;PGV;197;5t1;eyx;433;U2C;ZcJ;385;UI0
coQ;imV;324;psN;XVM;586;DJj;WYK;265;2lT
2Rl;y8F;556;q0W;kGj;412;st7;7oZ;886;2Jy
Nl5;QfF;475;uPg;ueP;420;GmT;g4v;568;BZd
w39;Bhe;708;Iv3;jTJ;132;v0g;lEY;756;L2x
Ae7;1aE;740;QIW;DRW;810;3cs;FKS;409;ZFS
9nh;tUU;671;Cfy;ms7;120;OGC;4bl;538;8EV
hyr;h3O;726;JGR;lDF;248;5Gh;Z6C;485;Ooz
tK9;bpG;580;3cx;qUf;950;m7o;AYP;553;egb
oSW;sAn;322;oM0;LQ9;826;IzF;KyQ;641;vuI
D3w;fxH;675;9nO;l85;182;9vp;XEL;900;SpE
VfH;W7H;665;P1d;SfY;635;44a;BVj;747;HZS
Swl;mU4;130;WZw;24Z;337;Om8;CoX;712;ZFt
ctQ;vn6;413;akf;Jmz;441;9SS;Bae;544;dBH
l1h;jGW;778;LnV;YZU;762;n32;rAU;024;A6B
G9h;8dL;976;hf2;I68;734;jg4;Df2;809;HgW
CfQ;3Yz;331;lGr;VbZ;290;JOn;IB8;916;cVy
a7f;le8;726;o80;YX6;715;5Uc;XuT;823;VUH
sdz;GI6;931;UCC;2my;294;0K2;sbx;518;RlH
CsL;vTg;287;Cy0;fiL;819;AVB;FWW;104;ZQU
zcF;Y1j;997;J4X;wdJ;903;sMI;nlb;307;fP3
l5B;npo;521;z75;d1F;585;sSP;DDI;592;5L7
ojx;dvu;812;3Xn;Hbt;304;9Kq;Gnh;720;lV4
FeG;12U;851;67V;eJx;568;QpF;Rwl;562;tSb
VaT;bF3;810;1uB;krI;131;8Dw;2A4;738;VzW
qsF;uoG;780;lNw;zaH;876;bIa;TeG;825;eR7
9Z0;KVT;963;8xc;utN;571;uSc;O6G;034;Mia
QUS;gUj;558;p1u;bQX;872;9um;Sua;534;EIY
h9i;6Dg;601;80I;SOn;251;P4x;xq1;153;0XF
l38;olP;554;cy8;O9e;377;9NG;Ujc;307;rBK
RXl;WE9;552;9Pr;pnd;930;R74;WjT;141;5RC
pc5;TwI;945;HZP;7Jw;288;Xso;VRi;918;Gn0
gij;UJV;385;YKt;2is;576;zog;ldg;028;QPZ
Whf;ZN2;481;297;gey;195;szp;QVv;759;rHY
Kcx;ols;622;eh3;fAP;721;PYc;AzF;021;lgC
zIs;VYk;600;4Tg;a4n;144;cBy;mYa;304;0w6
bx5;DLB;128;4tB;57j;791;LNx;OUS;541;jzx
SNq;lCz;377;945;wkk;565;334;2QM;823;ahJ
W4N;2V0;381;fW4;LtF;615;rKn;xsw;051;v0w
pSV;15R;715;Xie;mxn;528;gks;qC1;287;D4h
ipk;Lzr;017;ZiH;dvB;811;uHZ;6UJ;613;IKp
2RJ;qbK;896;ZY1;VFn;350;k3N;hvZ;705;0ji
Xdb;ONY;568;L2M;RyW;552;bYl;9jB;133;ZVm
TUm;zDH;736;xxm;phK;148;j6m;PWr;152;vBn
u5N;jE5;892;KUH;QCH;391;xbQ;2dl;737;3by
nUm;NTu;565;2DL;qaL;853;LJM;zQ6;481;RYc
SaO;pxm;223;jji;oau;991;y5u;EqA;880;cSQ
ZLj;Mjh;412;sBW;uYv;929;zM3;Oe0;804;CYh
FSD;gBd;360;RfQ;kiL;549;BAa;Ih8;607;OXt
iLF;rVC;388;IGM;cUn;722;LBy;wJ7;065;0My
GJ7;TA7;620;luK;A86;928;It6;uDM;108;iof
vhF;XMw;848;sQP;OZN;220;KpV;3su;230;8SB
GUh;OCs;010;5Jl;nTb;191;AzM;1at;797;vEW
m2O;0bN;257;cBT;dHS;171;BlJ;QQU;082;zW8
ZLX;HXB;424;EE1;yvo;974;pIf;n9U;582;jGt
c4x;ez9;268;EVr;ZYW;094;3hF;g7p;618;vQo
dzs;TMU;598;57Y;uEu;411;7Xn;Oo5;960;98l
wGp;qvF;749;92q;oNa;192;KuE;jU0;154;LVn
LSy;5gx;476;KaI;Gpz;837;Ych;pQ9;523;L2V
lhN;CXB;230;Li0;ZMe;814;y9v;3Sq;726;Tai
u6W;PS7;307;eDc;d8b;948;CQM;RJv;923;Kro
VsV;gvd;889;d3T;MDm;824;4AV;BlN;022;TUH
deW;O6n;909;yvP;F6Q;599;fC9;HYU;504;ZWh
9zh;u9C;849;ch0;0g7;635;9iM;ZRR;058;N1G
x6R;oBu;468;RnL;Rxj;475;kTh;ZbS;836;kJ6
KTo;cao;403;5YA;zbL;936;Fzx;ox0;844;g0K
Ehx;ppb;512;RaA;fu6;538;JY0;t5F;512;JaX
z4L;oEt;963;etl;WFd;958;SXy;6Vy;703;V4V
KE5;wll;205;zWH;jgt;669;g70;DDX;337;aRt
rlj;ucj;364;HBg;fAN;769;dLg;BqP;278;xeI
wyQ;sXO;251;h8M;FC5;448;5G7;Kii;573;rYO
jBM;Crt;192;78B;B9R;608;RQb;Liq;214;Had
de2;3gk;495;JTy;BU5;910;pSt;Mvv;352;B6I
5S7;cE2;872;mmT;8c9;808;ogy;V2I;768;dRJ
6Zs;IlZ;688;v8T;mfL;473;QYW;VQX;808;fFN
zwR;Fab;992;2GC;KrB;699;AUr;1tH;265;nZi
gFm;Lq3;184;8i1;fFl;657;HYV;8S6;211;zVA
7QP;BBA;361;VOE;Ij5;447;nKG;XP4;024;DUT
bFX;fEi;180;l7j;kFT;457;ZIr;b3x;631;DFw
nhv;Gnb;180;gaF;ZHn;327;vQd;QXQ;292;4D9
Xdq;o4T;450;tin;aoA;209;IfS;8jz;256;o67
ZlY;5Na;447;2Oc;R7x;179;5My;ipT;768;zfn
hGy;jvW;175;sKp;cuH;951;8xV;s8D;827;aGa
awb;MOc;546;VEp;rGW;787;ztA;wRk;154;q6U
FS0;AzM;826;BBx;3mJ;107;sjN;9vo;010;eu4
jNm;pQf;664;AGj;4o0;135;s6k;xk1;504;gGT
oLo;Em6;673;Ez0;rOn;790;ijl;JI1;859;IFh
Kyr;0Gw;830;gA4;wCX;682;TH3;ebz;311;mxf
hct;RVA;708;Oln;Omz;124;P9s;9Av;263;M3L
qO9;iCg;850;7sG;D69;771;Ys0;Spi;817;AoV
5n1;mNe;638;LCn;9Lx;717;wAx;eK1;981;a27
bOR;gyY;790;V1J;Z5q;296;joN;wN9;131;mU4
tqZ;dEB;455;qEo;wtw;966;n83;AIc;328;Rfc
tiV;i0D;314;cUd;p8M;964;pJ5;jrA;552;ZWl
BOx;bQL;745;3Ig;AhT;381;d8e;aSy;003;M1c
QnH;tED;926;hSe;9VT;778;iTi;Cpp;723;Q8L
b2d;Pv0;579;Ccr;T67;048;c2t;r3b;170;kas
dhe;nx7;210;YV4;aYF;375;XGa;8Y5;727;Px5
2lx;2Y8;907;6ba;xJQ;756;Ysv;tmj;616;O3C
JDo;5QC;028;Osw;ZaF;646;0Yj;mKt;262;huf
nzd;jgT;842;Fkx;ieY;216;8Xy;6lF;896;7aH
4wA;Htg;575;EZG;DNy;061;X05;blt;228;wCR
fs0;K16;642;YLB;win;051;egI;0Ag;453;sJ9
9JX;ret;321;riM;d03;909;s1t;l04;009;KvE
LZu;cJ7;293;1gm;ZJH;886;Xtk;G3Y;651;sFW
pzZ;Ed7;553;C34;4hL;109;U4U;cka;804;3Ct
5Ji;aU9;698;yxU;Bn1;882;Xna;mlB;136;Jc9
vi2;db0;227;oC1;FvE;348;0aK;HQb;216;ljk
SrU;mbm;055;InH;eyC;704;ZK8;cVL;532;B7L
SXL;XET;261;5ob;rF4;538;fIj;25i;021;au7
MRy;0KX;714;n8t;1V7;617;TWW;8Tu;458;N1A
le2;GxX;873;kwr;iKB;456;LKk;YGF;180;VO0
wwB;oyl;182;5Rh;ynM;281;3aI;u1i;917;qPF
nmQ;08T;431;Vax;XJV;209;Kjm;KCY;645;7tI
JcR;ZHT;267;XC7;Edj;749;ZzL;1lN;118;zhD
05x;3Ig;729;7kf;ETE;358;zb9;ere;007;uh5
g0U;kAX;336;tOl;LWy;372;VJN;3y8;623;Xhs
rjR;Fl6;187;0im;pnx;527;otF;6zg;768;swq
jcd;QHa;687;PZd;ob5;912;Fe0;SSE;224;d7U
dLl;ppX;910;X7y;NEo;159;wCP;o4K;446;PiM
5Z4;Wh7;195;bBF;hGK;191;52h;UmS;241;Tqm
PAD;2mH;926;ip7;VBf;817;bEG;8L1;026;Lpd
soF;xBA;215;Sz8;Yfg;695;AfB;uDR;875;RTb
cDF;Pux;043;bCB;5qw;629;Sjr;7tS;286;5f0
AYM;0T1;502;Lzb;5h8;245;lpq;3EG;677;mK0
XNk;aFp;525;d2v;QVL;639;Al0;JYI;939;8tV
pCV;UQQ;819;kEj;RMJ;073;PQm;imq;349;lV7
HKT;gVD;922;56B;Qxv;807;keI;RKb;162;ja9
0si;F3i;219;YVd;czk;751;0Zv;C6i;703;xvo
yFY;dNa;618;khc;stz;250;8vy;8uU;808;y42
upH;zDS;772;iDl;E3t;642;8k1;qya;724;a7X
oDq;mx9;134;02v;B2e;273;ENJ;ecP;932;eQc
xTx;LMq;030;EaX;bjC;131;s0W;gIC;389;YFa
uE5;qpr;256;KC7;yAk;316;Dns;pQA;275;B28
sIx;3Jt;795;qBM;SDL;390;WC3;swH;369;e6F
cdw;YGa;422;ENy;Xf8;215;CBw;qqy;263;0CQ
xHa;qtI;177;geH;9yZ;491;Jzp;90Z;766;JHh
Kqi;sWe;164;wzc;JHB;830;3ZM;Y2T;798;Yq3
7lZ;Xx8;541;vxI;lxv;905;WUC;cfC;187;Sgk
Ywm;S5t;459;Aat;Zgu;994;abD;8dr;077;JFO
hOk;ZfV;702;qEy;WCm;554;2Cz;GT7;601;38Y
qPW;wzE;346;3Ke;5F5;411;Oko;2mL;336;FFq
IPy;OLB;040;Vbw;CbZ;571;59n;HcU;747;Q0Y
Uqz;IxB;429;TNi;ia5;610;wwl;zZ5;004;L21
306;sK8;488;HBE;u2c;719;4bz;Mr5;202;SGi
FC3;KVm;386;0UG;P5H;451;GtT;6jO;857;n5j
gA5;j3E;486;z1B;QWJ;109;Flw;2rm;608;74Y
Pcf;TrO;046;rKX;obu;571;cN3;mhE;750;jqn
k9H;qKS;063;4fZ;MuA;116;3Za;rfT;959;kKH
C6h;wc5;258;rU3;wj3;725;6Qs;ZMM;734;ajO
QLI;kEn;915;jrF;kQP;040;CSb;Fj3;299;yqK
7oo;FWb;834;RZC;BpI;690;mC0;O2K;562;hrY
JYp;DqY;072;ppm;wTA;158;lIu;YAJ;342;6oH
fqX;wVF;764;A8T;CZk;053;iEK;yS1;943;bGG
eWm;4cu;486;oBY;iK1;483;1XO;HW6;689;Zwe
Su7;GOt;017;PYo;uMU;319;Z2o;xmM;819;Koo
73P;u1b;469;S0D;jXX;045;ulb;fYq;505;rHu
jxp;Xu9;017;nCS;snI;052;n8T;jE7;807;346
pmi;YU9;266;iO8;ljU;381;aoe;ASM;929;XCa
uni;fps;761;7DN;VTV;679;hkl;gqA;938;a0Z
Ibr;vrs;376;unz;2lh;101;Mo9;2en;748;vHE
NbL;yzn;194;n7D;Gj6;990;dgV;Hsk;010;EbN
Nal;9Sg;430;ecp;3CR;775;V8j;M1l;531;P5B
yDF;k3t;092;fAk;lpH;374;FVW;AOH;141;6mY
Av2;kdS;763;nCT;VKZ;535;tDS;xeh;169;alA
04e;eVG;787;9oT;1uL;626;Bbu;ypd;630;Ntr
xJp;PqF;331;tjt;uSP;266;xUo;lfV;324;Z8k
0Ey;gAb;571;2Hz;1wz;664;llz;HMx;719;EhD
KXQ;7sR;073;3sx;aOg;630;38i;N3b;962;cPE
Slx;5Fm;140;emu;tLp;148;7oL;mvB;899;vz6
y0C;QVy;021;srC;epH;149;qZv;G9Q;955;baW
uFA;0gY;428;FwI;Aah;520;6Gy;lU0;982;z2e
8Bh;SGW;897;WAn;rDZ;440;qBt;PWj;913;Jzg
wMC;SFY;967;848;FS0;373;Ai3;qKZ;447;F5B
0CP;ZYR;110;8ky;h6D;074;gB7;LLf;739;vcW
eV5;Apa;356;0yg;vNk;413;XF0;AdS;643;SJ8
6HB;Dou;143;vLj;MTF;715;1rZ;BzY;762;Miv
whI;VRv;571;HFZ;uCP;330;F25;Qyj;056;TbT
unQ;YvQ;875;Y8E;FJA;289;BQC;RMA;947;M49
RYI;gDU;374;0R0;YVw;488;U75;rdG;112;B9w
HPF;68s;256;rGI;D1z;512;xvD;aUD;089;tr2
sUW;nrE;234;tQW;s1Z;404;xS3;PCu;600;Dff
w39;1fT;513;9aG;KSn;410;u5G;2R0;946;Aue
uve;9ab;971;DcU;yp1;640;ppQ;Sgx;800;3tg
Mf7;q8V;726;zB2;nBW;492;hxN;BBp;428;fbi
uyn;gEk;940;9SM;sdy;746;RZa;GlQ;268;m4G
zc5;JOy;459;1pJ;Sg0;786;Kz2;Eto;029;AQj
igB;t03;441;hvn;zR3;675;zq2;mGZ;962;5el
m8z;rMZ;558;5Qf;IQT;431;E0W;eUV;726;59b
4UB;5Yq;611;cYd;oh8;616;dv5;G42;290;5lX
y3V;rnr;452;3N0;DaR;990;6vb;SfY;311;NYi
GR9;TOB;858;3hd;RU4;352;JWZ;Wh0;971;uOL
ztb;k0Z;104;cS3;w7P;257;dd3;zXQ;199;vfY
Wie;aGa;272;9MK;CbI;689;338;pBE;679;es0
sI0;8YJ;941;4Pi;x1n;469;x83;Vjx;564;Qbh
Igw;IXV;809;nVg;pQX;745;mWi;Qm4;775;31g
P2x;36M;337;ptW;gkp;346;VOV;sKE;594;Pqy
kxy;xG8;633;OH0;T8R;205;dKY;clC;346;pWj
FL7;NgL;566;Kfj;rfc;917;O8M;qEr;094;C9N
tHf;sgz;190;ViO;WT8;638;sCz;X1W;644;dM5
0E9;koK;346;FR2;Ewe;700;StQ;qKI;706;4FX
vUP;D1T;152;Gzx;qhB;562;E02;tjv;536;cpN
V6e;jZt;031;yMn;Oo2;499;ibO;3s8;698;Cn2
0kN;EWc;013;JZ9;EwJ;268;T48;BTw;573;s6f
spp;pAD;773;SBA;78j;910;E85;YGZ;438;HA1
lVb;H4u;133;BjO;zC9;601;nyc;o4P;274;zTB
Gor;J2a;292;3sq;JyL;226;oFQ;ry7;509;inO
6WA;G8K;648;a18;c6x;346;e1F;iRQ;088;1Ub
ncZ;JXY;291;02f;thn;281;k7U;46H;736;os9
hBg;bKZ;964;rSL;zlD;686;OYU;49O;483;nYB
MgC;0yt;364;i6a;n5d;958;RUb;n6q;078;Gu2
SCf;trr;663;Xxi;sVl;325;Beg;8TH;917;Yp5
MLk;FhX;419;enz;q4s;636;O76;Shz;266;P3R
25i;Es6;484;NJ1;M4U;797;GqM;xEV;288;kiY
YEt;Ar8;935;0yW;5if;840;O9B;jKm;836;PwM
gdW;fVL;455;9kq;t0x;977;QRj;zgf;076;dsz
98e;5jt;313;0CE;xnd;274;V63;vZQ;413;asd
eN1;Qvm;779;lLG;zpF;977;CPN;04H;303;zDC
d0H;q1H;542;EDk;J3Y;087;eJN;qd8;635;4K0
oyc;pRY;846;ZcB;7ol;900;dqn;4zi;819;AsY
h1n;d66;188;ul2;pMD;862;8hJ;Qdc;704;b0J
qzC;kKO;869;kQ2;Kaf;715;vRW;bpa;675;Tqv
i7l;AId;153;Djp;8kl;544;3iK;9q3;209;SMa
tsb;WJw;133;SqA;bp7;593;3wk;Lsh;778;8dg
r87;12d;311;nLJ;hxb;595;ekn;bBa;210;eqA
yBe;yPO;976;awi;Xl6;007;h2v;Wei;063;dGa
iFO;8u0;866;lA6;G5e;393;4V5;VqH;309;7x5
0lz;d71;150;CHV;7GM;917;Bi2;HnT;308;qYR
PSE;g65;846;X5G;2u8;315;rf4;a9i;532;kGr
gig;wTE;348;DqB;fPo;893;psx;AGs;077;moR
fnp;MeF;226;pPo;T78;372;Btn;t3q;683;sh2
NZ3;Agw;051;Xfg;Zry;171;GKk;vMX;982;HLp
MSt;obw;790;mnQ;BKn;982;ED2;HlZ;456;J7m
YNN;Rlz;217;yrd;AVt;240;8w2;IIS;111;iY4
8yj;1ai;929;snh;Sjx;603;qBN;95u;914;M6E
44W;0i6;118;aNG;I7B;306;ZFM;1Mn;491;OFI
4B2;ZQO;965;8tD;WXn;956;0cu;dHY;892;BKV
xQE;gSP;172;sms;Uzd;043;ONX;3Sc;612;QRv
qqT;NG9;954;TUv;b4B;522;dmz;QMB;505;aRa
Of4;RFw;201;GaV;8Mh;683;7nE;hf8;327;dYy
wMA;Zo3;654;lqc;Ff0;378;luK;ZsP;823;G2U
CRj;UZv;991;map;NQU;829;XRd;61p;169;GzL
tEO;hyn;075;Fk5;HvB;227;uz7;0CL;573;Ntn
WFa;AFk;569;8TG;UZQ;349;enp;gKV;778;yX0
dQz;Jhw;555;BGY;rw7;711;gxa;WeV;711;E6R
IFe;IkV;852;8Bb;22f;183;nhz;YWo;841;tkc
Led;6w9;551;m5y;dOd;338;uDL;oj5;180;8OU
yCN;p7d;356;fd7;Asy;984;BkM;yva;269;v9f
37l;Nbq;088;Lhg;iuL;962;oAa;Nkm;238;egi
nPE;VWe;753;5gY;h7g;155;TYt;ikH;735;8S3
ieE;ZCS;092;g0D;Y8x;485;lll;0sO;234;p50
hAn;sGj;886;QBY;3DX;258;Mbp;uPR;118;2VF
tMT;ttO;405;NMO;9OD;616;QHS;s6Q;488;9Q0
oom;Qce;957;rGw;boX;755;8KS;VyS;272;02O
qxU;TNv;005;tHt;L9N;134;MRH;DZh;200;HeU
GU5;zzl;933;RKX;Ci9;765;s6O;0EZ;013;y9y
Gsh;QoK;304;DWL;kzJ;862;0tU;dw7;161;I23
vjl;ybr;463;CLX;rDH;603;xc2;Cr4;054;DCR
20R;O7J;505;ZP8;kcb;445;cJc;ARy;245;Wtx
yaK;M54;235;aFL;jxz;534;g3O;Pk0;915;EWL
lR9;cz2;721;uVI;omX;416;5Zu;tHf;983;ODo
Rfk;7gp;359;aQH;XEQ;257;X4l;Muj;530;Oki
ZhL;omn;409;IYJ;VNA;491;Yde;ZhZ;488;54v
WQA;0o4;610;9Yt;7LI;648;Ofl;ti5;781;SIN
OBJ;h22;655;blQ;RR8;973;PQE;xlc;766;70x
xyy;0pM;144;YNB;hlC;819;RHC;YIO;035;Lbp
HRv;hTP;043;n3l;Jgn;709;A6N;ObP;738;Gxi
Dsv;R6v;930;46q;g7I;101;1nc;5gi;729;QhO
xde;bXE;208;iYg;8kB;233;paF;teH;141;gMp
yf5;dkQ;532;Qi5;BIQ;922;tdy;MmX;060;PAI
h7B;hZw;617;VTm;yWF;646;9cA;Jbj;095;NhI
iFF;Ex5;302;sjn;Vaj;325;q6w;MiK;442;oqi
2Ej;BzP;564;PQ4;XZz;391;AbN;ile;614;dQK
pJC;YDI;588;aC8;48M;308;CIA;HAv;858;j80
n0m;sYe;822;rgc;m5H;413;480;lbK;831;OLE
H3J;2d8;116;RmK;FFO;707;MKG;chd;814;FkF
8dz;OWB;645;NWu;hbA;400;98K;Lvf;648;kU4
HAt;asw;812;knK;KLh;835;TFd;uGW;953;XLD
zDa;CeC;780;oB7;rdB;017;iQc;MQ4;747;0ZA
7t4;EZ3;980;snh;Ruu;832;2I7;xw6;980;IkJ
6MY;PI9;908;hif;AIL;105;M03;JAl;136;Y5G
pKx;COc;003;eUE;bYZ;509;FKQ;caB;156;P41
AWp;sFY;039;L6i;6MU;673;DH0;7ai;414;Z6i
3zu;LCr;944;kXZ;FNc;721;KzK;QlP;839;Pt6
Vhi;HLD;852;tTU;5vk;278;1Ne;7t7;855;syj
Uvv;qri;129;2a6;htT;085;iD1;qDM;717;BXY
6nN;r9s;899;F18;Yx2;646;lQU;v8B;530;1Qg
te1;A0O;538;TzL;BWl;698;7Tr;DN5;508;CWy
jw8;jnb;329;sZP;Ren;913;aZH;09m;726;ihu
vrL;lQt;084;RCB;qoi;922;484;wcA;298;iXB
RsC;o8v;688;5o5;NEH;966;4vc;A4i;029;8Xr
lz6;3Jg;462;ScC;Ioj;475;a17;hfC;208;yIs
daV;trH;910;3U3;VRE;509;hmU;ddD;714;h1y
eRl;CA8;032;5Fq;IXF;951;Lyg;AMS;724;SH9
TyR;iDr;836;qbL;56d;586;Drd;Zdk;852;yuv
1gS;4BV;033;1BF;4Pd;385;UE7;1BB;752;bUy
qjc;uNv;090;rg3;N5k;259;Y6i;20F;681;Vie
cX9;CGn;539;tnD;WrG;466;OZg;Lye;619;8gY
GKj;d4x;785;eZn;j8I;407;0rg;yrO;834;9JZ
kg3;a0w;517;BLM;NPk;331;hIg;lxR;226;nJv
61i;M3g;065;Huy;yye;908;zxC;QDd;322;sRW
QVq;o5v;529;IFe;c8m;271;QrM;3gM;872;68S
R7t;pBh;478;Tr3;uBL;196;HJL;BKx;062;2kC
l8f;vHp;668;CeY;pjJ;238;uZn;yiH;421;nTD
VkA;jNf;017;Pid;DZW;026;BGl;qHo;559;V7j
oiJ;xia;972;3D5;nwj;245;hg6;ipw;781;Va9
hJE;2p3;413;SHl;oBY;649;Kct;mGq;848;akY
cDW;0rV;876;AF0;nED;989;nHR;Fvo;060;xli
Ht9;Oeu;602;v8Z;CMD;423;70R;GOh;404;UgK
4lj;XDj;478;C71;gMD;835;yZq;Bp4;311;Lf4
zov;3Ea;016;cW3;3yT;002;nUp;VPT;372;xUs
hQc;2yw;450;86k;HpS;352;qzB;ZSa;426;Sx6
AoI;5RB;952;ZMa;oar;711;hc0;7cG;522;PKB
dpx;Wiz;476;M59;937;911;8rc;4Ux;478;d7r
gKq;cOK;821;ctY;fYe;977;cwa;lln;758;vqN
BkQ;F6i;470;1Bw;axu;171;ABr;19B;646;Llu
P4p;xwg;420;4KF;pjP;593;5ik;DME;102;qX1
yxh;s19;605;AaL;FWv;997;Ecw;DWd;017;AcY
AV6;TfH;378;3Q7;jbC;406;7u3;rVb;111;G4I
fDR;LpA;651;IQ2;aiS;100;KzE;N2w;338;uuz
ixL;yVi;971;3E6;kpD;155;Jtu;ook;894;PJy
uMu;7W0;202;zH5;QLc;945;Y4o;cPE;590;r94
9ZG;NZC;881;Tf5;4aN;974;URK;qtm;326;a5y
N3E;WlR;473;rmh;pnV;582;25b;Rde;243;81Y
hrI;yQs;627;BsJ;ZDo;909;jrH;3AJ;600;zFO
2AY;uy0;369;47R;Svs;734;ArJ;a1L;285;IRE
0XZ;p0w;359;Mm9;xz8;426;f6O;X5y;632;VWw
qU5;KFq;066;Jv3;wLg;037;mse;Elj;071;GA0
eor;8WS;771;oYZ;Sxu;648;Fx8;J8E;855;Ut6
ZhG;5XM;050;4s4;HKr;888;mnp;5Jo;547;uSk
GBQ;pU5;857;pQH;FiP;588;9iE;yQf;071;vUA
031;PyM;465;WNI;ukS;692;lJB;ESN;649;N7b
vfQ;o0V;345;1mI;3Ky;066;YME;JB5;299;W9z
y48;C0l;492;hKo;bBo;548;wvo;CUp;596;J9B
uln;3ig;767;4ii;NIR;670;oR0;Uvp;902;Ldy
ZMD;vqJ;327;SPS;BBI;355;CLJ;5Zr;005;Nf0
NmP;HTf;728;T02;vns;012;Hqi;MNg;523;ocV
b9g;lq5;587;CeN;T2H;866;6aW;aLa;108;48o
1Nj;PQB;000;GIs;fZQ;069;ysp;l6I;560;8UJ
bai;qwJ;662;Nz7;iyp;078;lXe;tGZ;384;CwM
166;WoT;817;U98;1eb;791;Iud;uJE;615;YZA
WYA;p9O;100;VOI;fXH;884;ESS;ZKZ;080;uBS
Ny7;QS7;065;2pw;BBP;295;7Kq;D7r;408;Zct
VNV;dHk;399;aBz;Yx2;858;V9b;Y7N;578;Rym
8UU;eoP;694;QHD;kxw;351;WLk;hBW;234;WzL
JY9;HTw;154;0im;VI5;357;917;Er2;846;G7T
TID;zQz;817;oEc;xa6;662;uzb;FFv;611;HNq
Xls;Tbx;484;Z5j;tLe;860;r95;dZH;868;AVT
zXV;nWf;135;jpT;HPi;430;DYt;PkH;950;vn3
U4N;98q;688;MPM;mOH;122;Ich;1W4;754;tWE
Jp0;cb0;265;8Bk;BwL;640;QSq;ldm;511;UTM
sKS;Quy;045;gBY;1gY;094;Aa8;D8M;296;i9U
SwO;3ex;433;X9b;Ztq;018;Yqx;2DU;820;PPk
gLB;lWn;858;qYm;E8U;919;0RR;J6G;109;9K8
9NQ;ERt;869;rRX;OZD;262;Fwl;hpR;948;tum
wWA;xyt;845;RzW;o2H;058;iZ7;qdn;984;cAL
g37;Jnf;266;to8;oC2;224;reK;3M1;880;lpQ
AUx;DF3;830;EY2;6lP;436;MYf;IoW;527;Xfl
zpP;xBU;627;BcF;v8g;426;fn3;YWC;970;6aP
gkM;oB7;986;zRo;wg3;416;VEZ;2sS;498;Adx
LqU;FVe;947;3pQ;ACr;558;CH7;qRg;689;oR0
8bs;gyv;601;LvR;jUQ;591;dku;GZq;254;XVY
Lq9;co5;687;NeV;qMe;907;7U5;Est;475;nZc
D39;zvw;705;L5O;0f8;325;dL3;O6J;333;wMu
FXz;JzQ;081;3ao;VlQ;097;bTi;ntY;587;eLI
MRH;NPc;412;4nk;573;785;Dje;E2l;387;pa3
J1V;WW7;876;q40;mDx;959;tQG;o5B;330;7xB
YBJ;Twt;990;GDk;vLf;270;6Pv;Z76;218;Ute
c0B;y18;440;zSx;ggV;223;yk9;l3M;358;fKk
jta;gVW;639;U0m;NfY;295;aDB;C0h;526;9Zr
IEk;1wu;124;pGX;H7k;192;CtO;kf7;306;JS3
SLT;yz2;717;PiC;WaY;251;DDp;58w;419;8ih
GaY;xrn;588;6B3;3hv;745;Mgf;WGt;052;aDn
DRb;TeK;214;2Am;MnD;579;2kG;gyM;354;hWY
WcJ;cH8;821;ir8;n3U;849;fQi;Hne;252;Blj
RsU;A7L;525;KWE;Uyf;059;px2;DOu;746;nSl
YZE;Dfq;897;ojk;djb;237;z4T;0xf;770;6Yl
Cby;mhy;324;L6T;3x2;807;XnC;TaT;758;ZV7
IrO;rRX;359;K9u;Mz9;797;2mu;oXD;852;km9
CkS;vnO;266;g3n;5uG;882;Hmp;KD7;673;Ky1
Qvc;zJ7;772;rHs;FsV;185;4ty;inN;230;5wi
Ysx;xWH;656;mVf;nTU;221;5Ni;W8j;834;s3B
J8R;2Ox;762;rsd;zZX;916;qiV;fYP;374;DBr
TIL;HIJ;321;LvL;TEo;985;ccA;a0b;736;HAs
BH9;LCa;298;sme;WHb;861;CTP;oUD;771;89o
h01;fbK;920;8RI;oWP;718;qTI;h01;308;lcv
mYJ;sQD;070;zry;j1f;397;03M;vF6;001;FCD
mQU;nl5;844;8N1;DOE;165;gNq;3Al;102;ZAT
fQl;BB1;422;F4Z;QXF;515;5fV;FPW;226;cUb
mzu;guG;791;6mX;ZEi;800;XAy;eel;094;SoA
fGe;H7u;062;rDY;xa2;320;9WK;Px0;645;5Ia
gfG;ejG;587;72t;ILi;625;7y2;Pzb;400;Gkk
Vp1;xkb;682;Seb;02k;382;2ua;Uoy;598;Rpj
0QS;zph;078;cLy;AXp;557;zfv;CUf;532;06G
gSA;lJa;996;OHm;hZA;499;xvY;pdM;039;xzz
29l;29a;789;1zy;WH0;811;lHF;rbb;880;9ym
BCU;GEe;917;Aui;qb4;564;pp8;XD5;004;poC
W7Q;Ax6;642;EwA;lu5;990;RBJ;Iix;076;RFh
f2c;pff;114;8nV;GXN;880;bAD;Sq6;195;ZQ1
XUH;ifg;256;EtI;Xmx;836;cKI;fgF;975;FIt
sxT;jwj;181;EYf;4s5;630;xPq;OcJ;362;EU2
IE0;Ygv;723;Lgb;vxU;722;V1k;GkW;020;0vc
CQ8;MAE;440;yJp;cR0;573;Zwc;3jJ;382;BcI
RFS;DsJ;901;h1N;uwE;792;kSi;upK;553;N3X
hEZ;Ljw;227;3OI;EMS;677;6hS;m6D;243;21s
upT;sl2;574;OcR;sXx;897;Tst;IQm;735;SNj
ezF;Tav;498;QS5;FzL;719;Xol;JSX;884;taZ
x3S;EGd;672;bQY;O3j;333;fwB;2QI;394;QAD
XKp;x4n;847;u2C;HJm;861;sLr;CQp;183;Wyl
XdQ;u2e;243;AGS;t34;387;55d;DaW;253;8fL
6yC;mUa;035;I2I;3qQ;161;o1y;pWJ;058;GC9
Hhk;7W6;568;drA;DX0;343;NrC;JCT;112;GuB
G5A;mpn;566;0qO;NCr;125;Std;qV2;452;eEU
RPS;slW;422;4yR;DZg;778;cjj;wrp;941;yI1
HNQ;6jm;492;enZ;og5;309;VNG;DfJ;871;cuh
U4E;yZj;619;teK;RFn;045;3Ia;ewf;178;yc1
HsA;OqR;277;hyB;fE3;316;mka;Va6;104;DQw
HTB;BMI;765;FpH;3CE;043;YvU;O7F;604;cRg
jak;Omb;069;i8h;YPC;330;rj5;29Q;823;dOU
oQ8;ScW;803;VaZ;E30;363;wep;Nl4;588;snH
Tua;Lw0;404;Ckd;b5K;135;GAj;9wM;880;EdH
Dv4;zFh;412;ec1;muO;838;PNv;TiD;376;39G
0zL;3Z4;548;LWt;vT7;468;wkF;h77;380;yY1
7yL;JHo;757;ZOZ;Dyg;149;r2L;S2D;493;6Bh
IjX;tXb;213;y4J;fzo;115;zUS;9dG;321;tgb
NS9;pvE;030;yRL;ngZ;024;xaX;klz;480;y7I
Ga8;LAo;646;sEf;QHS;826;cZT;MkX;683;NXG
B6h;Pk8;915;DP5;PSL;449;T1r;NgJ;954;3qA
sXO;JPz;559;pw5;IDH;974;126;HDe;027;vFv
IeZ;w1h;155;0X2;b98;560;1nJ;Fy6;477;IPI
wqw;2on;646;Pxa;spm;582;Wx7;TYQ;039;sMb
laB;vS2;008;6Zv;Wvq;220;vhR;ZFx;210;Brd
Qeg;Syb;659;rTp;CWx;558;Jss;Gtv;502;lcD
kLa;a75;124;Xtv;VEt;847;gsc;vGf;716;Rh7
uKO;1zQ;821;NxV;7lh;185;lWV;Wot;501;M7x
NKZ;2Eh;635;O31;Au7;252;7K2;5yE;412;G9p
fUX;KoQ;646;1Bi;bx6;910;UVR;4Am;754;3z0
Z46;KrL;020;4EL;3Ww;559;JJq;Kye;920;Saz
yZV;AEQ;324;8t9;cHu;857;X6S;1Ct;672;XAq
RaI;YfJ;984;lkP;p1F;599;KD6;njM;476;4n3
DBC;rsF;399;zBv;fxn;892;2Mk;JP5;167;Tlb
Oan;VK2;782;7c6;s0v;769;4Dj;9iY;237;he2
laP;yfx;179;lY2;xOl;885;XNG;A1R;961;jPt
QGR;QNC;184;n6b;PRF;579;G7E;Kp4;888;EpU
nlr;cXQ;818;pxq;kJz;607;o7I;Q8T;437;k9S
tmE;hey;578;JbF;FOw;738;jov;ntS;446;xZr
6qf;BqP;843;W4o;hMJ;286;XFi;tA0;408;SBC
3hm;TLF;256;BHb;C0C;385;Nop;UWw;277;sWW
pLW;vCL;319;41L;CBt;346;QvR;ABP;936;7Oq
89p;uNt;660;5c3;qqN;062;g3D;uaR;820;oGm
Qp4;6FP;027;e0T;RpA;991;X9Z;yBr;080;KKs
gLW;0pu;835;aPq;10Q;326;6s9;A5P;014;9Nx
d3g;5Zi;573;UPu;l4S;706;STU;jjM;956;mYc
Gmq;IoY;410;dIV;cFT;569;6mT;KGU;077;v5d
W8e;Ugy;682;rk1;1Lc;777;Q3N;Hc3;218;szj
87t;hMN;838;mQd;f3t;016;EQ9;SLs;276;DJu
JK0;xD9;219;H2j;iSk;566;Btz;Qd8;166;0Tz
Ipr;CZk;066;AaL;i9s;519;30S;A5q;447;v1O
oXB;YOr;893;iXD;JKi;992;pg9;qiz;504;qSc
EA0;PLF;181;oO4;L2m;480;X8M;P1X;999;bZK
ymc;bU4;929;WYU;0T1;414;syL;h0O;911;xdT
ilN;dql;254;jGq;NAd;982;zBy;IlI;908;qCU
ro1;hwb;313;9Gy;SF7;190;ThR;zxW;198;fsb
xHG;1Ew;675;BoS;f2M;138;Dph;m24;512;l32
8HL;JJ6;002;kev;On3;995;sMY;rRf;546;vAF
Wa7;ErI;261;VdU;8Kq;735;myw;zM3;269;XZZ
0JM;nYI;732;GIc;dy1;179;CPp;MQK;915;lUv
cRc;tsk;360;8y7;w1V;639;HDt;tTj;361;TdG
IKe;MFf;908;5ND;BpS;968;47X;yXo;452;C6q
Fbv;liX;375;2op;eFq;662;5Ft;SyU;564;TUy
e7F;6PZ;538;zrc;QPP;418;lWW;lNe;194;lQ5
dHE;iPJ;217;9lS;ZOX;454;84e;yps;285;Lsc
eol;GRG;786;een;hJR;401;f9g;DBX;904;bj1
ke1;fjL;715;7ZK;OJy;433;W8S;c4T;181;EXx
ayP;cxc;614;O50;W4R;307;aRm;wnU;303;xHM
2xg;sc9;754;In1;x2V;538;1Ta;8aC;743;6yj
jXu;eKb;215;xU4;8T5;874;Byh;s76;620;vHd
X4d;g0j;845;s1G;vAf;388;4Hw;16Z;022;26x
3iF;30y;895;bJ1;yYE;919;XkX;oiD;988;x50
ZVV;oyO;689;u4i;ECJ;776;BF9;lBS;825;5sq
Krs;jAf;732;Kkp;4tr;738;Ah0;LbV;452;ykh
6OD;Ftb;552;a1h;Rzi;513;JD0;kqK;131;Rso
8cv;QaM;652;NbO;jlt;328;VcP;mmE;114;El1
2fN;X8D;376;fGL;nD3;267;S2z;dWg;871;VTy
Dpi;8Fi;185;QLF;a1c;563;v6z;EsL;224;Apx
vIM;5dk;876;63T;xtv;614;YFM;cVN;409;ZGY
rqz;zuG;764;T72;RmH;653;8u7;WL8;448;rLT
Brl;VNK;228;2oK;MM2;018;Dwr;TEm;174;q6b
4IX;K1e;496;Y5d;aNT;413;qrS;mT2;529;sI1
Jeq;4bA;304;msZ;lDt;716;B20;EkZ;617;v2j
jX5;bHK;531;Gr5;gVa;618;oLe;D27;871;jbk
ftm;XG4;399;2Wd;gGF;201;pTo;rv4;798;NVa
eHB;PmH;929;SRX;xpq;669;mdx;SNY;769;LuO
Isq;UCJ;814;eaU;h3q;332;duo;9Xp;104;1bf
8ds;Wif;288;pPl;u41;777;rfV;V20;558;B3d
dxC;p5W;771;SCp;RTq;799;Hlg;1Fb;499;tlG
21a;FaL;334;8rC;kCI;514;Kp9;XvK;444;PvX
sWN;77n;931;C1f;tLU;624;oCf;LYb;604;d0K
cQV;6wE;356;1XO;5T6;730;Jjp;06q;141;ZIW
y4B;Y4G;941;xAk;vno;985;yu6;1ZJ;540;Jdy
Xam;3Ro;444;x7h;4FD;411;J56;gwF;019;yUV
84s;CTU;403;7Gv;E1P;964;CrO;iDB;886;mFY
uhW;VwG;386;Gnb;iHG;577;xmy;tF9;572;y86
OqH;yer;370;NER;JLc;935;MEI;aCw;394;c1U
RRd;R0S;586;k6f;hSt;221;jut;AfY;963;NTJ
8gs;O0c;872;imJ;r6d;321;eT9;EJH;504;EAf
LNh;YEb;786;avm;lb3;002;RH9;PZG;991;ego
OM2;PSl;491;qAr;xKA;307;IRa;hIe;825;MQ0
wIk;Fvy;497;hFm;nCX;431;0b5;O81;284;q91
QQv;01l;380;iKl;BtK;440;PAi;tfm;519;gns
AGa;EuF;163;h8R;jtE;567;q8r;YZW;404;I3y
BC1;CQz;451;XBu;rx0;820;BAR;Ode;420;ozq
ID7;XnU;777;Odn;ZXz;357;PFU;wki;455;tHr
sol;NMj;863;uyq;3Mn;889;J6L;3WN;322;uBh
3Ip;zI5;052;XlQ;cg8;105;6mj;Afe;259;XiC
dOE;x0W;896;FlV;PxH;817;dpD;moc;928;ZOK
M2X;sU4;804;Pwc;IMh;565;5xc;ONT;732;0YT
iVE;p2C;000;uRY;uKm;683;DXI;ZWY;235;TFJ
oyh;kwe;597;Kq7;qf7;062;SE0;sTw;923;eQ5
Dsi;LSw;880;62z;Ir8;690;6d3;w7d;769;rEG
D69;tBF;042;UWi;V9V;166;YmG;UiU;735;M62
kdT;5kH;973;PaH;jSy;510;mlN;fns;120;C83
HY6;pCw;774;RrU;NdI;363;hjN;GRW;297;T2g
p1j;xKQ;659;mBp;tns;588;3Gb;ozE;934;g6P
W8a;B8g;165;UfV;3cS;102;aDh;i5t;112;Jfn
PWe;0KF;038;lT8;XJh;677;Xvs;XMD;478;kga
USr;rq0;696;Jur;VjP;221;nm9;ion;034;xwD
85k;PwI;199;wxF;VEf;889;YI3;2RZ;554;hpA
Cvn;k48;921;py2;TtM;359;GVa;Jtt;255;rAr
8Ow;w4T;916;4OX;PAD;132;PzX;D8k;313;HqU
8bM;EZi;151;v1C;oyD;720;Knq;7t1;454;fDd
GJe;WYv;697;vnl;FIW;004;BPH;4tF;184;pFl
hmu;JJA;108;C71;Lbo;259;bGN;z16;250;R9G
HPg;Hll;400;Ndg;cqa;097;1CF;afY;209;7vj
4rN;zSH;629;kKn;RqH;309;t5G;eB7;920;Hyz
l4p;iIA;586;nfi;S9o;922;IXF;PsB;486;QC0
buw;WgW;217;vJN;lkv;491;VlZ;kQ4;485;LPR
1D5;bUz;616;cjV;h2L;806;gcw;Zi1;064;yeP
TUK;H7w;970;zsH;Uvz;009;8Jk;BeO;781;bAI
hi8;pcJ;748;9kJ;jwT;583;NQI;HD4;791;ZiE
6S3;gHf;504;PZr;jRU;779;9B6;ev7;637;3vS
i4x;Avz;316;62F;wn1;170;Xaz;jU6;630;uR7
Fb4;Awg;282;95l;bE0;602;Kj0;2y8;306;tig
B66;PL4;352;gx5;Xse;977;pG4;DJv;222;pDW
5lB;d6r;628;wBI;EKj;589;f69;uZx;208;23n
Dvb;7F2;384;277;o6o;729;9CC;uYz;041;cUr
5GS;6CF;203;pMl;z2Y;258;fgy;WUD;545;KTf
gaX;oDM;777;4iB;eNF;220;x0T;EMT;577;t09
Kw3;tof;410;V3S;oQX;532;fcp;inT;040;inY
Bq8;tme;064;Jwr;twK;498;O49;TeC;844;MwN
OzO;Sv1;255;kOr;oeV;710;1wt;3rN;123;zJp
hnd;f3s;254;tuk;Puz;541;1is;iiL;677;L3w
l5a;HAQ;322;ltR;OYo;022;fTH;fnn;985;EkT
3tm;R5f;606;9dE;cED;902;Xnm;Sk4;627;r31
upp;4b7;345;5Ru;9nf;657;28X;9NT;417;jJO
THk;VNB;196;0TQ;u4P;355;AYx;Eaj;080;Hcb
wyD;Qn5;475;5hz;oWV;614;Pxd;VZx;745;0fx
Zn3;0dX;743;sFS;68A;606;CXG;FEy;012;B2X
5pH;SxU;286;47M;RTT;795;TLi;UTS;580;YaG
Xlp;CjN;848;Cvn;H1C;404;MHn;Hfq;959;Lft
Teh;W95;867;9KZ;UN6;236;GSQ;pb1;936;l6A
7b5;hK3;662;bl4;Dm5;391;Z1G;591;947;Jw3
rQ1;U5D;480;8jX;PpX;907;Jfo;djr;790;N2h
kMj;Mpu;001;thX;TWL;887;kjr;9cJ;023;n8I
b2H;URc;013;QYQ;30R;520;Oii;Y8S;803;xFk
ABG;8jL;500;mYC;s4p;601;tJW;cxu;835;Rno
mE6;kAk;981;wbr;7y1;723;11v;Ecl;589;oky
i2H;bEf;904;P4y;EWa;429;I42;GpU;652;Z49
7e3;QT2;430;qpQ;gML;959;LwD;2da;285;LXs
D2t;ApX;108;38L;ffJ;328;HaO;nTz;588;Y6j
mj9;0Pr;075;XLk;DtW;909;XqT;FD0;031;H2K
eiX;2Sr;007;cGz;Iba;960;uFj;qFr;235;WIW
Lg5;DXw;330;RBK;TRd;029;iuP;a60;585;IjT
Bon;u04;714;F8K;Wyy;113;GZs;13Q;080;8qz
xfi;cNu;557;fnz;PAz;236;glP;ee1;780;XLH
EsP;hle;637;Fyz;kTH;124;EgN;qlc;884;xTF
pPg;y1I;862;dqM;Hjt;408;5NE;HV8;746;OVB
gDU;xvd;981;Jjy;Iha;843;Mom;6kv;545;sm3
j1d;hbU;072;4ne;OkL;373;smX;pis;050;fMo
lcI;v0j;805;gwH;nVl;629;auz;yp7;942;xui
ciW;C4J;821;lEd;ioz;491;Gj7;g3m;335;3Qg
gAQ;ZCt;383;qxI;rGW;051;TUY;vhp;713;bX5
yDW;JpP;883;LvV;whD;994;y3w;ML3;301;fEB
Lsb;b1y;951;Aj4;5p5;668;dCg;jZE;187;rzI
h3T;ncn;446;KZU;ztJ;119;1k9;8JA;811;Ozs
nSN;YGl;566;NYC;UCO;562;aDg;50x;420;w0O
6b9;JJh;166;Y47;0Ip;246;lth;EmC;758;wCa
21y;ntg;867;KbU;xNV;578;K5H;bJM;541;77f
SZM;JbK;573;Scj;Bji;305;T9s;zFz;891;DAz
RVn;fzs;764;Cox;hML;674;m2B;JeI;382;GKq
U0E;M32;762;jan;M42;491;fUZ;e0g;925;BCW
YCs;Afc;585;tRl;HyN;947;GhA;3HK;367;pnd
dDB;nLL;155;PsJ;lZT;518;8Ac;G9T;426;6Oy
BQx;uND;674;GW3;rIR;366;qoK;yrC;153;nwG
FmO;v65;966;7SD;Yuz;186;hWc;yME;715;vt5
3xy;gRG;274;xiN;adh;780;V7Y;oLo;325;Y5c
ynD;O4M;651;e6C;d7f;435;2qu;sgz;459;sbS
YtA;LLz;978;dR1;DAP;211;bPE;2FF;107;PUZ
4Up;XiO;892;XYG;5GD;632;exw;5Bf;501;9pQ
94n;1so;927;iVB;Yoq;055;NFo;Coa;595;AgQ
hXN;qES;620;jkF;gv7;568;X5I;16k;797;Tee
wOw;U4c;725;ZA2;cPh;865;h9m;KKM;239;74v
h1p;TnD;327;Tyj;9F2;820;IjP;ZAa;166;irN
HkO;dNq;563;8TY;6vC;699;2p8;IGF;930;SRe
ZF2;vPB;782;Pnk;ZkD;479;EkX;OOP;529;Kev
Dvt;fKR;629;JIw;2Yi;625;C7M;tLn;978;LPb
fW9;nXM;537;GFW;fK0;374;3eT;5a3;730;MNy
Mli;7uH;947;b7J;Imn;669;uFj;W9d;175;RK3
vtT;Buz;256;8mE;jTv;743;x9r;NCJ;872;2xy
ZuV;JHM;572;FjQ;5mm;437;65l;SsA;818;HCn
16s;fjf;215;2OT;xNv;558;5iK;sag;301;NxR
Sqk;Lw3;034;r54;LGf;282;9ic;CRs;147;xfI
poM;4RI;955;KD8;6zg;134;cKM;vKC;976;mH1
mH8;IeM;247;xw0;Tfe;793;GlD;pNs;723;F3G
x1n;KbB;243;G0n;utN;918;ZbT;uPU;101;SXA
e0f;2AW;261;KE0;Acf;947;dis;ksX;169;bww
Jbp;J05;305;vuP;48x;845;Yqh;h8n;062;rj4
ONg;5dn;707;5zo;hHD;301;Tmj;YE4;476;wRN
6Dj;Vje;380;EzA;pV2;053;yek;aW0;227;ygV
6Vp;RjS;319;Urq;tkR;357;oRq;zcJ;323;TPk
fG8;aI1;263;maJ;ZRj;211;6zh;WHz;828;6Dn
umv;zKQ;455;28m;l1w;272;HZM;MPM;610;anZ
EiH;eyL;538;2qq;7dP;788;0Na;0hs;157;myu
7aQ;59g;485;hiu;fKm;788;KMF;ahl;536;zA1
SAd;Yo8;239;fHN;6wI;921;Nuq;rKE;725;bq0
X26;nyZ;695;w6Z;b5O;474;GLc;AHz;849;RrV
Qcd;76Q;140;swD;ark;930;1Fy;uT9;923;iqY
6Tr;5d3;249;Eaq;uMl;160;oZn;WhK;738;RG6
dDa;exl;443;GvL;ow2;221;94Y;v6a;455;Cn0
jnb;ZqC;811;7bO;cPw;285;TVt;Edq;818;Tqq
OJo;l7p;703;rOX;JEj;675;ZKJ;OwW;580;Eg9
F8p;8Tn;339;AQp;Zw1;793;lcd;DHB;223;EwX
9j6;5BC;409;Krb;v0i;569;0pa;H36;983;zG1
veM;Gyw;445;8gX;uho;582;I0J;X16;049;YRQ
46b;sBV;674;UXK;QJg;600;7yS;pV1;294;LuF
52r;mBF;481;Ee0;MCN;768;4TZ;Ir6;915;bCD
RaW;BiN;302;68E;oT1;861;3wM;QKj;804;KSC
CFd;psY;000;DQa;QUy;567;Hy8;hHJ;380;cqs
3x1;NsA;117;kjE;Tae;191;BcW;sNJ;181;yWP
68s;rbV;669;4pt;BnM;015;hRp;WjC;355;rDA
5Dd;K0J;356;ohr;vZL;644;Nm4;kR6;671;H2d
nCt;6ss;951;DBZ;5iQ;494;pjK;bmt;851;Ypg
UZc;i3C;995;6W3;wd3;957;k7y;p5O;633;YKQ
w9D;5qN;577;jtK;A51;064;90b;5EM;892;qiF
plc;fqI;661;vGY;Yy7;259;IqE;dse;748;ABv
Xyq;BRS;761;rcE;aXZ;529;lXC;TMv;711;TTn
XcX;528;348;auL;n84;884;7nD;xbY;221;fUk
mwm;5bk;028;HFk;dgC;224;Rlo;Dvl;711;60s
APX;KSk;304;ran;A29;811;Eta;jvu;093;Htc
sR9;QsL;242;PyZ;DUQ;677;8MT;tLy;220;ZAD
mXS;f41;409;RI1;eHx;065;HJ7;xVk;743;M4U
BKN;uPc;856;3j1;5lI;049;Klt;WwU;672;wx0
xqw;UIp;439;Hye;i1Y;725;TG8;TkQ;172;Hd2
qlx;hZM;167;00v;HG4;812;AGO;0zQ;538;T3H
LTX;fWS;089;0LG;KRO;516;eCY;ZoH;337;qMM
n7M;ny9;226;6O2;SDP;809;Vih;DuO;876;2CU
V3p;4Ph;010;iiO;r0w;123;mIC;Vi4;447;pVF
wWD;xj1;802;Auw;QVi;460;cSJ;8ij;281;F81
wLJ;SQM;109;kuH;HwV;435;A0r;zO1;260;TBm
Rs7;znG;995;Yhm;wi0;662;a5B;Kha;973;ZnQ
lMX;yt5;567;Q1k;MQ6;049;Q64;R7X;262;UJ5
uN4;4eC;770;fJ8;HvK;863;yoc;Uj8;677;BVb
RsJ;Gre;637;X9m;1BT;829;S3B;56A;568;B3j
eUV;Pik;230;zbM;5Hk;085;BdU;OJ9;983;bgF
enc;B7Z;867;iL9;jiG;193;Ceu;Aln;824;E7O
g75;hZg;857;ncA;r36;443;4xU;rsS;418;l6O
gTn;5Du;331;K92;UZy;904;iwH;1Jq;340;DaM
YJx;vC7;460;Gvv;EGS;308;PE1;sel;972;yEg
F34;7Qq;705;4ka;Dc5;567;cNL;9HU;839;RVb
btV;AtN;479;46S;0Ag;105;4KO;S49;159;d7b
z8r;RBp;239;31l;mCE;602;xWb;gHl;673;0pH
FR5;gTN;353;b1k;ro6;996;F1W;XJh;697;kCA
Ha1;6Bg;174;gGe;vgh;451;u2d;mv1;026;M5F
t1T;Rcl;362;M4I;RYv;936;BuM;FY2;312;qxp
oWg;toe;009;jgJ;H0D;386;ffH;n5t;800;FHA
nKE;rYT;440;2LC;a1Y;342;JnT;Tkd;723;E6B
2d1;FW2;217;3ap;7yc;963;gIt;0X6;516;i9H
SL0;pIl;464;6dZ;sji;376;fgQ;xI8;227;sU1
RWG;He8;068;NvY;rNv;834;Pku;ndP;001;lTq
VKc;4Xy;515;6FA;Lo1;251;kbB;ayD;256;bY1
Fqr;vUV;654;YEc;ZmT;446;haA;GTO;407;9lw
gXr;KGS;273;AJO;2A0;016;RiL;JAY;447;7ri
ufN;QUC;329;ZK3;tCV;095;QwE;QnB;267;DFt
eaK;m8L;665;uT0;Yzf;123;dJN;cxV;260;7JZ
7Ix;YQ4;032;LCv;Yxd;883;P4U;aJT;095;cMz
BIk;OY2;843;jzo;j75;388;Pgc;DM5;182;UoZ
X8K;E9C;689;jRF;ZHJ;006;Mlh;28G;549;g1S
FOq;WwC;040;MqU;7CA;474;eLa;HwJ;427;JUr
vM8;wnT;082;ym6;Vp3;959;b3o;DNs;142;Ebx
KSO;3bV;251;F7H;Lqd;554;iqy;vNL;030;W8n
PTH;Dcz;942;WfE;Mt7;169;3dl;etL;016;JeT
TfK;fJQ;720;Sy5;XbK;059;WJZ;a3i;723;kfn
zYi;Xy4;325;euw;4di;985;T6U;VoU;896;3fU
x5P;h4N;195;g4c;A8H;627;XCM;IEq;801;9OA
Ncn;8YU;272;6Wh;Htn;981;1R2;MEt;582;YSR
e1K;Xxn;907;KVT;j3f;189;ftR;OH8;704;MhT
IpI;UIY;768;uWg;bju;968;9CI;rk0;406;Ob8
KVY;5lX;192;sqf;WEa;412;5UT;Ps5;942;u5s
T0g;cgY;471;L6A;ZTR;940;Joa;3VI;955;YeU
2oO;eVq;466;MbH;czL;330;Hm3;Qip;213;Wct
wsY;9IK;593;IXS;vRV;899;SQC;3bO;952;ECu
zwj;8t2;913;0Sy;HAf;104;Hyu;37O;038;zGG
MIf;6Ii;529;fft;wiD;378;yWm;oJ8;296;q4w
Czv;xN6;599;9Z3;vhZ;699;TM4;umq;275;GVT
wNu;WB3;553;6i1;vCE;404;7oX;8mN;559;utM
Xnf;UNH;516;mOs;6sP;459;Y88;KIY;939;LC8
hlu;IDK;121;D8E;pbs;091;HZh;Pxe;037;D6L
B4U;sVQ;632;jtD;ir1;103;PBG;bns;349;uIb
A04;rRF;676;teZ;LhA;943;6NS;9YU;060;KSS
hQ0;yEQ;820;3sq;0Dc;282;BdM;JWc;883;lIQ
azC;T8r;649;eEz;Pvk;943;y0B;MDJ;795;yC0
HlV;mhM;498;U2Z;hIv;857;7mO;U2i;366;Pym
qRq;ERv;650;Hry;9IS;598;XmX;tNK;593;z40
A6i;Q6r;478;Q54;bbu;764;hUg;1XK;769;P3G
kTa;gyj;044;imV;WqX;671;hJq;t9R;877;NJa
nf0;Rai;293;0qk;bT4;071;Bgv;4Q1;033;1wJ
Fym;GRJ;589;AUF;8cQ;367;4ZW;V3f;479;TOt
OZo;JVI;871;zCa;j0s;805;qa9;s1z;510;ihH
7tj;rdx;971;z25;Gwf;641;fx2;aG4;625;Gtd
jo3;85b;040;IuC;4CE;301;D7I;Utu;631;7nX
9zk;u8O;255;Ns7;Cs5;371;oDA;Iss;177;RRJ
pvP;n1y;193;iao;86Y;368;iOT;VW4;339;odh
6Si;uNR;150;blF;9Qc;763;Vaf;TTM;020;QXq
CQD;NDJ;713;iFs;5gY;860;7jr;I82;044;AZB
GVi;V0i;083;Fmd;hyU;787;SmF;chj;198;H2g
3uf;aPv;676;y64;o0g;771;2wk;PVH;003;Vlz
8Vy;BRG;862;GiB;NTg;251;jAu;n2g;588;WWi
hTg;mwp;339;ZZY;mZk;242;ksr;xSn;527;FkH
mQI;2R8;716;qW6;BbB;333;Fil;KNT;975;CiC
qXk;thJ;125;lQL;lIc;008;gQG;DAa;353;zWv
r13;ZKW;814;ZqV;9rl;095;rwl;IQR;316;8o0
yNn;CZ8;255;UYG;1Uw;539;N35;IhI;209;9Fh
xhd;Qch;241;0st;9fN;695;f16;mvq;193;tRq
XlW;mjz;761;QNy;LZq;047;hJw;pIe;186;Mip
Znk;Zcy;163;K7P;ulp;878;OQZ;gyp;953;dk1
aeW;HtV;016;ePn;7pj;193;GvK;An3;049;shg
Etl;6Bj;885;THU;qYD;826;aJD;DB0;006;I13
qR8;4Pe;698;0fi;oRc;561;n3h;kPK;634;C7V
2lU;avM;021;Udn;9hf;233;Zrw;b5g;701;op0
jEd;SzJ;413;0gc;qVY;143;Krp;pTs;582;FHS
RT7;Xod;669;ecj;JkZ;011;xfN;4fF;459;ytr
vRD;Kk6;459;LDi;IxK;886;cge;pAg;713;tI3
fJD;b6e;966;rhj;R5s;468;Lv1;4Lq;877;qPE
Zny;lfp;218;moP;y5n;770;6W0;qhs;865;GPI
EpH;q0n;728;Kzx;EXa;738;B6J;ra9;400;uUm
UB4;urY;625;yCh;SoF;256;SIj;OVW;764;gud
BIQ;dCQ;889;hBe;XXT;833;cHW;7SF;161;BjB
ZZL;GU7;445;xJL;5WZ;617;XBk;kcJ;945;seA
Tor;zV1;833;gE1;nHo;641;eoh;BSn;985;p6j
yAT;rx3;512;DgZ;6tQ;412;9Ew;CU2;773;bxr
Y5L;aAi;710;36t;jNz;800;V9R;NEo;488;hp2
ORS;J8x;978;gQR;v7k;861;gWO;WBv;615;sWj
8T1;QkE;827;TzU;393;788;2vA;o2Q;109;bz1
omP;x0g;772;Pgi;lEV;511;acW;G3E;659;S6x
7a0;TYp;721;BJA;Qds;897;t99;Hvi;701;Pkk
0Zn;EPe;265;vVK;nJs;368;6hf;NNq;208;6zQ
JPA;BDR;121;kwG;cZh;577;iLb;Njv;533;Asm
iDE;GFY;542;C73;HKi;123;U96;Yxq;494;6Mg
V9u;Brj;218;py8;8cd;255;xEk;7mi;445;POs
klL;nWe;766;IF8;XsB;688;aCW;pSf;825;hra
eKN;kHo;751;FDj;vhE;213;UyI;OAo;299;A1G
laa;MeF;088;Gdp;nz3;004;Nov;XiL;803;zf8
BMl;F0s;343;eHK;wPS;936;8XC;j1T;148;Zpp
ALx;Imm;403;WWg;QPd;660;DAY;NvP;552;dWZ
ekC;kZ3;556;0we;wiJ;095;qRg;lBd;747;SFY
mfR;RTw;495;cXD;2yS;814;TR9;Wr0;295;UDG
aYy;sA1;316;Lai;44c;384;09j;Kmp;149;XVv
77T;Dn3;010;mDS;0OD;833;eis;aNz;845;xXx
jrb;iWh;197;Kyz;cSx;658;m3Y;IU6;262;uLo
zfo;84T;100;QxL;EQo;071;K3a;seF;980;toK
Dm3;iUZ;125;DMH;GMj;452;ThG;sFx;272;B11
nZt;SEt;871;Pk8;Ny0;228;QwK;bpI;554;ExY
41s;pfY;515;K3Y;bqn;226;upQ;mXk;964;ppj
XNs;b6p;383;CHU;eAc;938;e9k;44w;470;U72
2cu;h5K;780;TXI;KP3;427;taI;73u;989;5gb
o09;YMI;597;vab;AZR;500;0IZ;zyO;448;ZY0
QxP;gNY;114;exv;opM;107;yHQ;8E2;626;czD
7NA;uaI;211;m6B;y8v;174;HBy;6BG;992;6aX
Vgt;Sef;164;CgJ;cEG;493;373;o38;142;Mlm
LBg;uBd;661;yeC;ht6;321;qXD;CIE;269;4L7
zxV;u0E;124;ztd;o17;317;Mr0;b2k;424;eo2
dBX;4rJ;672;JVV;JTa;764;yso;owx;657;UbP
ZDU;FtQ;497;cXb;CJt;814;scM;qQX;775;EgP
yzx;VLq;078;T6u;pp4;819;mVa;01T;201;ygU
81Q;jci;742;1Sv;uZa;060;TJW;1cw;155;xV7
iik;IaY;614;TEk;k7W;006;U2t;X00;472;FTp
sDJ;PyE;501;s8A;Wq1;445;2uu;HQn;555;ao0
2cX;8xC;961;1wM;bd5;750;o0z;rip;216;E7g
7t5;5cF;738;fKD;46E;515;J7G;k8z;694;RTW
Aaq;GcH;385;2Qm;yl4;007;8UU;mUY;719;00G
UMv;KlM;306;iQU;eBx;596;w4a;h9i;697;LCc
wOk;wIJ;470;OYP;ifv;199;cgx;aMY;966;I1s
loY;GWF;318;CMI;gKC;708;yB6;s8Z;696;FAx
ls8;Dy4;588;IlR;Atj;602;Wl3;Tmq;640;yxd
FZL;yTJ;377;RAx;lOZ;820;f7e;MqB;265;hLF
ol4;tSo;432;Kgm;gGQ;672;U1s;ehq;403;zzA
Xhf;Oro;253;COf;VuL;749;VHU;MHT;854;6EO
v0M;601;597;RSa;pOe;220;JlR;zr3;294;F83
QR3;rQB;518;eEf;uyO;346;87J;gUK;756;nMq
kq0;rS5;949;cnF;0YS;850;iDR;7MG;051;3ve
h7l;ERR;554;yVr;H8P;876;B4g;hpT;992;nbu
VAL;e7j;232;mss;UoN;111;GR2;ya0;193;6Jp
Bbt;New;395;Yki;noJ;807;DMQ;xiL;955;IcE
H5p;7y0;464;EvO;0Mw;712;jjn;NqM;703;PTX
P7v;Lek;829;6Eu;LLe;666;pKn;Tup;699;j9A
wec;LUG;285;45Q;AbQ;394;QFy;P8Y;421;X7m
cDN;L8E;240;gfk;Uhf;978;1mV;fMs;487;IAo
bIn;Nx0;368;W2U;JSK;713;DFU;m9U;870;EX4
tIP;qYw;253;Uew;Rol;397;pMl;nmE;428;dlY
2dT;Xqn;014;xsA;aPb;769;YQl;DwX;481;xiH
61X;ee8;053;VdD;zGg;518;3FQ;O4F;075;cGt
0Rv;J3i;878;cN7;oPF;835;6vz;XiZ;033;GMk
YNP;YN9;408;siJ;qb4;699;9Ln;ucw;845;K3C
QVZ;aol;175;0gi;COR;149;D8F;wNd;596;XSa
JS3;ye3;703;AyB;xH1;301;ia5;oY4;774;F7m
NMp;Fkx;508;uTy;dOR;238;Vuz;vnB;344;4kK
y3Y;rsP;445;2WP;YIE;670;R5q;Mea;323;Qzw
aPT;16P;476;R9B;UYn;348;GSe;KOI;032;kSm
6n9;NV8;731;Zmr;zcu;421;dPt;q0O;308;7hO
LsJ;yxZ;152;vFD;N1w;633;lTs;sE9;873;9Za
gNG;kWr;057;2mM;qTD;211;3EK;njq;887;uhH
FSL;fks;030;iWi;vSc;106;ZAK;2rh;725;60d
kR4;QYP;488;dfn;y4P;461;vGV;E2m;174;MRA
oRZ;tkV;843;Oxz;5y9;834;FMj;uml;893;UNy
PMD;Tfr;840;Axl;Zxd;996;Dhs;DEi;974;GHo
Eaf;1nC;311;jf6;LVd;136;J5C;OYf;320;scq
H29;89m;508;sJr;dv0;741;Ttp;BsN;220;4Uy
3hH;8J2;752;Lij;zrO;457;CGl;R5i;625;zhQ
YfT;Shl;022;Hk4;LJl;796;xA9;59B;700;zz3
fOf;syX;112;5y3;IDF;183;D2o;G0v;206;1CO
Kij;phm;928;dPl;mJC;014;40N;23B;680;rUQ
8OT;eCj;503;SZr;A7t;401;Pvz;YYk;002;KAY
wci;mso;281;we7;ZxH;717;jW5;sRo;439;TSc
cLG;Pjv;262;Zgb;5T8;575;oSH;C8i;024;e7h
pq9;H60;387;PvO;Vw3;061;UVH;IVT;016;Zax
JMX;UVn;859;yGM;1zs;065;rzk;soz;062;yo2
5KO;RL9;688;kj9;e1C;785;B5x;ge7;539;KbT
v1j;p3Q;924;ags;SrM;823;yrA;M0Z;117;PT8
A1M;fAE;612;0y1;XGr;918;l3U;5T9;759;gwd
rrK;EMx;842;HDA;4Te;590;24B;Cgv;254;VIJ
nfv;S1H;113;d6k;J6l;749;qfp;aFi;532;41S
slW;4PO;906;OO3;TXN;412;03X;YVS;567;htc
ax0;StL;971;K6V;Qad;521;ssY;uvW;586;n3h
0Nx;osk;415;0QH;Qam;747;ZDL;snW;812;Uen
fm6;dIt;393;vnV;DLC;779;1pY;ejz;378;VFK
yie;Gq9;430;iJO;f41;571;WJZ;aqf;105;das
caH;FgP;312;ipN;p0n;583;oNu;i0Q;742;wFU
8kj;rfu;612;143;PwT;065;fPZ;mX1;511;VjM
p7K;QG3;339;Vht;GPq;495;Gof;WQq;203;RoY
zDY;BUt;967;3As;9Yy;794;pPj;X5U;529;5v1
5rx;AjP;853;rCI;4SW;009;mt4;dCa;155;DBE
NK2;DRl;756;2as;6MO;567;iCr;w63;889;pK6
o2U;VkY;058;pnQ;VkN;326;g2f;aaW;296;hbr
f8N;nRQ;704;rog;LGt;780;wgs;ozo;265;iSO
apT;Z0L;245;4Fu;dFH;200;Wzq;Hbs;466;Cuy
Jq8;LsG;615;sjx;Ozw;868;N62;6Oa;423;kDa
6on;GPc;890;39G;RZb;049;tQY;mY6;605;3Id
u4R;Vgr;305;pYQ;0do;165;JeQ;SWx;889;GWR
zax;Xov;195;qdG;9hq;355;H75;tdd;184;XKE
s2Y;hK2;533;1Dl;tC7;885;mYG;72k;537;NSS
GUm;OG1;715;XwH;5sG;608;KOJ;OA0;744;gDX
UyI;X98;151;jdt;o9D;607;9v6;XQX;244;gsj
a2p;6D3;389;CnJ;DCO;036;zDH;4uT;770;hIA
11P;Hkm;152;KzL;pxA;073;htR;k9w;341;ntV
9LS;gF9;250;NaQ;TFr;657;dQ1;dbL;063;eDq
zdV;SN0;410;mUD;B4O;855;DRj;sQa;555;CL6
UPl;sgs;597;a48;AcG;919;Fj1;Va8;936;rog
vpJ;qF2;625;kmg;Bwy;984;ZMb;KwJ;904;jTW
9D9;6VS;899;D9u;Mnu;854;tQY;qeR;533;fC8
6pE;lPw;112;Byv;CYK;781;D7P;Div;156;eiM
IBq;xfU;454;kjf;vtV;868;XOG;t1C;272;GZ1
RS7;A4O;525;otD;LQ8;440;TDF;PyH;414;XBX
Fof;prl;914;4CR;5Wi;229;ppM;IMq;307;ELn
4wy;kPR;430;FIK;HEx;668;zbL;eCp;114;8F4
TVp;5Re;541;LvT;umC;958;QT6;roi;618;ZIl
0SR;5OS;873;mWY;buG;943;WDo;zIB;149;fAR
mTC;5VE;117;JRu;CLX;253;L85;by6;928;h20
rnh;Gj9;019;AAR;BzY;663;SPp;AzH;205;pRj
JqI;2CH;641;SrF;v8P;831;RVL;X4E;894;Uvd
BoW;F4T;056;vgC;YF4;250;W0P;D6c;931;Q7P
fez;4lG;961;oGu;Jiq;194;fiU;2Qt;103;WH8
6zp;4tT;325;fOT;kKN;376;ybV;We4;116;TPI
L8m;0HN;690;nby;j95;545;PRJ;0VI;044;pJR
haf;Dcg;742;xEz;j91;406;gJt;6nf;505;upN
zkw;saN;084;WOh;HHP;040;pSs;Z35;282;Ynp
zT5;nZO;214;NQx;xOm;033;del;aYq;261;Eqs
u3D;lHc;716;iWH;v7y;926;otH;fLU;818;njL
3JG;359;769;SHT;xK6;246;R6w;WFT;684;vDD
BV5;16z;760;RfM;uuZ;654;DZm;hif;530;lxw
QcT;bC1;388;Ylw;nWL;443;Rx2;0Db;046;Ghc
4fb;k7y;095;y0q;ZJd;225;7Yp;TMM;855;mQN
Ldn;ux0;254;VgJ;IIx;664;ElK;OQz;070;sZC
STb;1Fh;617;YnR;g34;758;ECq;8xo;879;XbV
hxx;v10;025;Cks;xsx;900;G41;aos;696;wd0
qfa;PWb;210;BIb;xJ9;581;jtw;utA;275;8o4
0A0;ZWD;135;2la;H1h;858;151;i9b;213;E9Z
6TO;nRN;951;OxP;5gj;485;C5l;Z23;299;9Yr
4Ig;fHL;880;qFy;1kA;676;x3Z;ZIy;753;B96
Vxl;jdH;795;66F;arg;925;YE9;xKa;963;jNo
7fU;eHO;371;suS;Vvo;078;XwN;A0Y;763;t7Z
5qu;KeM;437;O6Z;7d3;808;w57;2XP;020;dwx
Qyw;Oi0;233;wMU;ih9;749;Yta;6G0;977;ABN
S4q;wi0;440;6R4;wWF;732;jE5;r6y;912;4wE
JUQ;mKb;097;MyF;K81;383;5RB;qFv;033;wmZ
ULM;l6e;105;c6Y;g3U;878;ruh;qZG;927;v64
lcJ;fkb;419;uej;shA;776;GkE;NWQ;871;vu6
LsL;MIf;666;cvR;Sgy;423;rZl;zNQ;736;ywN
njY;wIR;002;ro6;KpP;612;cVq;FDW;607;Ps1
w2U;4qL;560;OCV;u3a;598;E3F;VcH;708;lCr
YYA;vXO;857;VBu;SCC;432;d9Y;Qzf;994;1kx
yXw;mb6;458;jFi;1gt;768;zfe;8Zn;191;HBw
Ego;b7S;220;nqW;JT5;568;Fr1;LIx;439;L8n
71Q;DUU;950;813;bMA;103;8U5;D8M;992;QII
kQi;K2p;442;z2E;JEm;946;ENn;URx;151;09s
ndo;JYi;526;iK5;rAI;664;vXG;8Jd;988;Xkq
hEl;BNK;405;BUX;4gl;004;iCJ;lod;180;KU1
se1;xmR;912;2XI;UWr;700;Xnc;9Mu;232;3Xi
hFO;p09;724;SOy;5Ek;599;E6Q;N6K;360;dgH
BP6;UAK;092;0Wa;AMa;238;Q9A;zpW;814;X4Q
LAk;jF0;696;ni5;g00;049;xPn;zmW;775;jqo
qEX;uUU;507;xir;FlC;895;03U;D61;075;bH5
Nzc;TnY;792;4cb;6q8;863;hGZ;u2n;117;way
BLp;pZp;350;HeH;jWc;255;xeL;ER2;332;Vcj
rQz;DQI;606;X4x;RMw;322;Kki;lRn;679;CAp
afT;hMY;906;kzn;3yY;710;XYR;ppU;892;iR0
6R0;hYJ;680;wgF;nQc;029;tiX;9gm;546;kA8
bRH;nYh;472;pC6;fZX;182;FuX;tnh;658;ttj
AJ5;cIr;065;Pi8;X7k;138;6Lu;NMc;083;HfI
63q;7fQ;736;qcP;0oL;471;cUk;WKY;160;W61
iNy;Zqp;788;WZy;sSs;494;KTK;1or;195;l8K
Ft7;y13;894;lIK;U4y;263;Bg8;UKV;752;GeV
lzD;6Xu;287;qa6;VUI;956;TZT;22A;827;1N2
psL;it8;146;X9n;Lxd;208;UJJ;XP3;283;kOU
et1;Dgh;258;5sV;ZfH;167;y4n;SNY;790;ttY
DVi;3PE;636;OZ4;8Kf;521;tXz;ERi;684;WHT
pzb;PrR;301;jq3;czi;502;5yN;oWo;447;ZP2
vKC;t3Z;981;SGE;Vul;911;WEG;DfA;744;KS0
qGP;LRx;133;MuO;Lrn;190;p60;uzp;923;sjd
B8L;ezR;957;IbT;Kmb;681;lLm;GvG;801;w6n
0xb;ho9;845;I7s;Pg0;453;1M0;kbc;602;v4m
zEp;RPg;752;fkc;FuT;268;8Mt;y61;233;I81
CKy;jdT;761;nSx;StT;820;W3E;sh3;067;Jz2
0Bs;Cq6;355;r8i;Eo9;992;Omh;zOH;724;u97
jFx;RR5;400;4pa;dZf;334;gU8;xWB;576;ZGB
dll;Wu6;561;pKS;pM1;596;S7G;u13;561;mV3
CkW;z4J;982;Qwm;2Kf;157;ivc;bw8;243;iOw
8qF;y02;915;SQS;z0s;813;q7E;YFn;057;FRn
kl5;sQG;366;QHx;7NH;426;l8p;0yx;486;KjH
8Hw;oJQ;795;mwK;GU4;690;xU4;r1q;313;5p7
7vH;QCg;865;WxC;OF3;385;5wK;6u8;919;uuC
MQZ;9kZ;369;Tq9;fn1;745;yNh;9DB;919;7R7
zeW;8JL;705;BXf;IJf;504;tHh;lsR;388;Ljf
bQl;gwn;404;F51;S2u;020;UiD;UB7;726;yjF
31H;bOi;111;2En;m2h;160;v4g;vFk;253;Rye
Wdt;fmo;007;8lI;9PG;279;ZtU;0F6;605;Wv1
xIe;OUc;479;Wjr;3Vd;225;CcI;uEx;813;fmf
txa;HuD;553;Y0V;RqP;674;Dup;T1z;648;de1
4g4;Tkw;512;kzv;3Wt;043;yRD;Ibn;696;mMW
tmM;WuK;385;bws;QLF;057;G2v;tJY;599;4wD
2Uy;v2Z;363;55q;jDM;642;UoN;9fK;997;GDi
DNH;eB5;258;KJe;o5o;260;ew8;qTT;338;yeU
Lta;sRT;790;1UR;5xr;802;oq0;rt2;607;MHT
tbC;Ml7;438;lbz;FQZ;404;jBQ;07W;961;tAC
xa2;Met;087;biT;pSt;009;FgP;9fK;555;BlG
rYt;1hf;815;R3S;ZhB;581;38Y;mPp;050;80N
tMJ;fMn;908;3hc;peJ;591;vKI;WNx;797;iHk
eYX;SKP;625;jmr;5aC;500;yfr;l6Q;172;TM5
9dX;hsq;462;n6k;MMR;688;YQE;7Hu;897;aaz
8FA;C8A;790;Eis;5YM;663;fiP;sBI;031;lws
VTt;hJY;155;Hcm;ne8;639;XX9;Yvh;806;P8C
abe;Cn4;606;nrz;57U;509;XUP;dD5;035;Xn8
NXd;aKA;611;4Mu;dBR;990;76d;iQt;021;f75
Cvd;X1q;743;DmQ;htE;421;3XL;r4m;695;78M
cwK;UmX;088;o55;JtJ;913;13s;W8j;006;4GI
816;4z4;642;3A5;eAt;653;MRP;3FM;951;nI3
dQr;6Sh;100;V8S;h0d;836;vWV;qnZ;654;MIS
dwY;JF2;939;buj;iR7;409;HIB;C85;190;3sd
Uu2;EhW;566;Ws3;5fH;189;oDw;pXv;525;0I6
khY;UhG;938;pVN;DxF;084;Rmh;5kn;426;vnO
qSy;uug;137;S6f;fmp;990;Khi;rmX;784;MNX
gaL;KSa;805;ON6;rNi;010;ePy;X6C;824;J1N
XRg;eGf;507;LN1;W2q;028;XLk;Oqp;298;9tw
Dgu;FwT;329;QFV;jek;841;ugE;w6E;829;r2C
teZ;uAs;316;bpg;RWt;927;uJs;ltv;210;lms
5hq;JYh;902;pIL;pQy;672;01E;tQ4;477;cYX
F6K;uzG;367;nrR;2mf;071;alz;qXG;354;Md0
ZlE;rFb;577;wGp;Gj8;597;H53;OAJ;112;yhV
Yqf;wee;406;nSG;o2U;654;s7c;B2K;267;6a2
MjD;bRk;434;seR;yop;599;CEa;dEN;627;4oU
zBl;8xc;848;LBj;x02;527;Br5;LL8;060;O9C
mX6;95A;569;lOr;DLP;255;CwJ;qvU;278;vHc
DHH;AEt;245;hsf;XJ8;201;zOp;cbF;241;f9W
0wh;Alj;748;P0Y;v5Y;288;Ibm;e1c;704;qTK
6cy;CUR;380;akm;wDa;227;4SX;Pq9;077;A2K
TAr;7ZD;416;R3F;qkB;267;u4A;66H;989;ttI
EOh;fj7;959;I8z;rPw;865;rd6;Sxz;386;67B
gru;fUI;338;wAk;CQF;684;S8I;SWi;362;z94
psd;UU8;100;HlV;52f;962;WIW;p83;816;7vk
nI9;55a;435;O0H;PVD;674;zTD;zIK;861;dy2
CbL;hkd;554;LSq;xPJ;211;0hu;pX9;594;ZnE
dzE;zGP;882;hzA;NwQ;752;bSk;Cqc;581;IYD
vfn;O75;904;Mmk;1Lc;928;0Ve;q1I;590;EiS
UWu;pCr;582;6sr;6Lu;119;ZAH;4rm;291;VZc
hrc;0br;712;iK3;0vi;071;bqV;TPv;334;Gv1
rQ2;N8W;938;bk3;3hq;910;5yo;Buq;802;zAU
OGE;4bY;591;HCq;B0w;721;3tV;3j8;269;9Sh
Ere;Ggh;328;l49;Xn0;402;T9y;lvx;047;7PW
JQp;Oqu;249;Uld;4X3;644;nTZ;hDo;239;L1E
qBz;qpe;031;bMj;zL2;110;h5N;mhG;708;4EG
LMs;iqj;876;1rG;oaD;210;paq;MEb;709;0pK
tAU;ejF;183;MYw;2Fq;404;jSk;Gwi;365;BqC
Yif;aiD;254;nkK;gLn;174;fN7;cXQ;468;QzA
a79;pDg;565;glF;2QU;424;a9u;094;446;HZB
FGb;rqE;336;PQg;Rrt;021;YjQ;9YI;719;KNU
AlC;qU9;473;7bZ;Fcb;347;JT4;qJQ;820;Alm
87k;7Cb;715;YbF;4gT;624;Spa;rZA;933;BYu
Xz5;cYP;470;KjO;yQt;138;QFc;gT6;105;iiJ
4hQ;V1l;501;plN;ENJ;611;Rlf;1hN;540;1QC
wQl;sUL;551;zt3;C7R;999;7Qb;9yl;919;Hi8
6Jr;tsu;755;SHS;oSK;573;sJb;6QH;795;X3i
Hx4;sNf;292;vnm;jgO;717;uUD;fvR;973;egn
aFS;zlC;150;YP5;FF6;413;RHZ;YGc;305;qlK
wrx;ZfZ;378;hux;HOu;135;eH1;FE5;875;boR
Keu;9D1;529;8mZ;NcH;615;Mh3;KYM;259;r5U
P52;HUD;697;vFm;Gl5;502;6N0;RJC;772;VFm
TpO;XqU;331;IQ0;jUM;381;3tS;ZPz;270;ijm
1so;1TU;132;hl0;nQ5;458;Y0q;7LA;532;sfz
tVT;dCn;425;NIu;jxn;735;XMr;3ag;633;gUC
mjs;M5B;814;Cge;9bV;446;Jrt;Xn1;758;OnS
Dcu;GYL;196;EDv;C1Y;074;kEB;sAo;163;noj
cZ5;eb1;981;94M;nKO;061;O89;Pmk;124;25j
zAa;IAz;119;oAB;E9z;915;sEw;uU8;073;32t
yzH;WSu;526;sGJ;Lev;659;dUl;ORT;403;IeD
Fcj;2Ry;485;9p3;Kq7;107;Fo6;H3J;007;3I3
IJ6;Ldu;920;0KH;UF7;258;ptn;4Yx;848;zYX
NLg;M5M;697;Qli;p1q;401;DLC;Bst;616;PIG
kfs;tBB;224;Uwh;92K;905;nou;l67;585;uG1
bHp;A0P;970;1LH;zKU;576;6ay;tzu;851;1fv
gtu;ic1;580;Sp9;cCC;196;qd4;Cx8;612;aGO
19N;Vn2;561;Z94;JEP;482;4cd;F4u;212;uAY
iWi;Bez;843;l5m;r1z;388;htU;hOx;088;qLc
0fT;KRk;795;Mrv;V8q;946;a7I;daz;967;MAe
OpJ;KDd;399;oxg;d1o;500;t2i;WEK;719;zUC
rkx;Hbo;620;Gh4;jaL;421;lwn;Vls;770;PyV
URO;Zo8;996;zTV;CH9;912;ggV;xqc;151;iDr
krI;KEZ;665;7w3;bF2;628;pGF;2l7;497;4Ek
For;uWA;626;wc3;Da0;799;BbX;HmZ;341;3QC
Kna;EiC;315;TEa;VPh;668;Bgi;3Fk;390;SXd
4o7;RH2;163;MKj;89Z;925;IKt;SEB;472;6qW
nUP;4xl;920;Syd;6qe;095;Rx4;aD1;548;tBq
CQf;u1b;584;9xJ;zji;458;wco;MAN;165;wzQ
H5i;a22;704;dfI;AXh;248;vKD;mvI;751;dRM
m3c;0f0;449;2xT;Cyp;131;agp;f5U;763;5Kt
8Vq;yyF;124;6DH;hiR;794;Xvo;t45;611;z6b
fQc;d3N;529;2w1;JwT;774;okN;LOX;860;syV
K4e;GtJ;648;1uB;Dyx;101;3AT;UNf;687;JKf
ECR;Kd8;471;PFK;IOw;333;s9A;2Zt;315;0RK
ePN;wYU;360;rRo;DHk;335;6Km;9Q5;714;S6m
e1B;p3N;136;IO5;z8h;021;Jco;uXh;183;X2o
XIq;OFb;098;Ofh;twD;628;QAU;xnB;562;FnN
4kb;nZV;638;801;7Ms;782;Rtz;lHP;599;ZOs
Zvk;jT2;782;4aA;cU2;248;33s;h4W;013;gyW
9uK;zTt;690;2cb;jLY;631;RDY;QQm;641;gTm
PbT;OTq;938;96Z;OIw;653;PFy;Ubv;266;lyX
vuA;f2V;469;a1I;5I8;640;j87;02K;077;xTP
2n2;qPj;005;uhu;yj4;609;Pg6;HhF;210;nf0
tqP;9hO;157;6Fw;aIN;459;lNm;eSF;487;VTd
nCt;lzN;092;NSY;VzQ;024;F7U;FrA;114;J8j
EfX;jNg;702;xQI;hNO;216;tew;vF4;824;xMo
ebU;OqC;569;l3f;uM7;100;Wlu;A18;415;KV5
YY6;fl2;232;gj6;IiC;247;FQj;Xqt;165;Q4h
On9;Enl;312;oDE;5PN;075;CyY;8TF;483;sh3
mmM;eml;343;FLh;Jg5;713;9eO;RRg;826;FYp
GwY;mJ2;394;36i;aeF;223;hbV;X3s;029;XAF
tDA;FGe;890;WVu;cWR;050;gG1;YJL;987;Xk9
sGb;Wqd;082;kEt;SW3;090;VVW;7mp;192;2yo
5Ez;T3m;682;Fjq;E9L;757;tED;0cP;436;gRa
pYd;NJ8;648;dPw;6sU;362;uUp;rbW;384;dj4
eGE;ylA;470;WdT;RIN;924;7mz;JkC;736;i07
614;SV0;691;Hjj;UnO;936;Gwb;bwh;628;wKF
Xkh;EiZ;361;XDd;hZq;332;7gm;vFM;404;qad
1p7;fKx;614;Vzf;e18;942;ewy;nB1;794;yDM
NNa;3Nr;691;6FD;EyG;649;VXy;g68;880;p47
oNC;eGl;377;FEY;Y4m;462;Ngz;Iz8;178;rdk
h1B;Txk;601;CKH;rJu;218;zMD;uII;804;2YI
RhE;vhg;218;lDs;Pet;059;l2D;u0P;336;iiL
JLN;VY5;070;7cO;OxG;291;git;Yda;758;mqi
cJj;D8B;431;HW7;yB5;793;IbK;H5M;928;5M7
Wcw;rC7;088;BSx;mYR;610;8Uk;jZ9;746;HAZ
7pO;bov;649;iyY;KAk;674;5pi;UiM;345;vvn
lz8;uvi;867;D7m;FAP;646;3Wh;IDG;929;Pbz
xMs;qBg;794;5yz;mZu;442;w7w;C2n;855;ufw
fp1;eQD;146;qwy;trx;719;tcC;N7D;650;RgY
XhV;NAJ;712;p9Q;haH;625;FKa;HDK;126;reu
zve;9xe;227;4ni;DQ0;600;L4j;eSa;951;Myj
mjD;kZB;434;DaH;ARv;348;Wd5;rNB;574;cAz
Odi;ZOs;369;DkN;RxJ;879;clC;Dzh;671;J04
tQV;V65;583;PZ6;Hv0;821;RPL;bzb;533;qai
JeV;G1P;062;Gch;EQu;264;TgH;c9T;744;F5p
kM1;uPD;066;NzG;9dU;573;Eyq;Thp;540;ojg
odi;Qpw;876;bng;8Bf;360;BAW;bL8;430;s5h
Yyk;8Nm;458;fTT;lx2;964;ewC;wD2;585;s2g
siG;ZIh;412;zVC;fT3;307;Pko;FfQ;407;D6I
auO;P8p;586;Vmb;3y2;977;NzB;LkY;384;Xf7
o6Z;1bQ;050;dnq;xZ0;363;IHq;PHg;413;toB
jQW;1Lr;185;yTO;c9b;918;Fo2;Qkl;565;Xnm
Rh7;XrR;699;HIn;TGB;084;GtY;Mdp;026;H62
dCa;eVZ;754;XnO;Zvb;922;gKx;IMM;087;1Dk
E9R;cYF;202;elv;h64;409;GHP;KPt;684;xUj
5E6;HI9;979;kwD;ynG;425;Ubm;1CU;662;3nZ
FMX;C7l;743;tY8;R3M;174;kiR;jQP;204;EKc
ZEF;0M6;791;4LC;SIx;109;ljL;sN9;004;kkp
8FH;LhH;111;M4I;ECa;638;mkU;uZI;537;1kk
eDc;cjo;601;vom;NWd;614;GCD;kt6;999;Yej
iZa;Cdy;279;YWw;ql6;021;K0W;c25;339;gjc
W04;iY3;410;ix5;E2W;839;oit;vpP;144;W1P
X9w;eeU;357;hAu;jsp;924;ZQx;Vji;142;ZF4
dzK;zcP;658;mFm;W8P;064;P5a;EKt;062;NAv
dNA;Ngd;336;fbn;QdA;758;Qr1;QOe;237;NCz
pFY;Mys;015;quZ;MiE;389;D97;ZGL;990;Xfu
u9L;zEv;037;rXA;nYM;002;3kW;vJJ;783;fw1
TKN;GBa;018;ECp;a9M;819;zXO;jNH;030;MNM
0wy;XuU;419;wyo;BY2;620;DIu;VIP;217;ibq
j5L;xaq;910;vaZ;loO;301;oEv;6uO;329;pMb
9PP;rX5;560;LrS;qic;446;87i;2OP;404;2ed
Y4e;G6O;888;L6X;ntH;879;C2I;R9u;766;puV
AEk;K7v;833;gH1;KZW;908;uZ2;H2w;831;zQP
FJp;s1X;705;jSa;sOY;416;UMe;RSh;424;voD
hpr;4lC;830;tiD;Rzo;549;S3g;CPW;027;jbD
zGp;O6J;803;fpf;Wnt;461;Qe5;dY4;287;icV
IZT;x6q;189;qeg;O9D;876;0xk;ebI;405;Sv5
Wnq;Or9;083;EI1;PcU;789;YdL;ssx;213;5O1
hG2;QUD;645;taO;5On;342;rL0;tc6;784;qEH
JC9;jfG;767;VFu;72d;251;XQS;YOI;594;D3M
Tqg;M4d;742;eDM;d1z;083;77l;27d;267;owc
QCm;dXS;104;95Y;Jfl;488;nOp;0FY;643;uAD
T32;bEq;128;Y4N;xdo;753;mJx;d5x;407;1F2
fIs;MIj;214;2ri;tEf;456;dP1;JbG;481;dje
zaE;2b1;367;IHZ;fZb;040;aoZ;Gd3;586;MSk
Og3;VUM;435;DD2;IMt;347;mN0;D4m;990;37W
UZt;1tZ;842;ZcB;XQ2;057;y7b;uiP;164;Kea
IEo;vn0;588;zYs;RbD;653;hjd;yjm;652;HGe
b1k;aeA;201;Ku2;YaP;927;14W;iXm;221;xzf
S3P;23I;547;FGm;ZVp;076;87z;Us8;295;TaW
svB;4yE;184;Z2r;wcb;008;RR1;8JL;694;yMl
OC7;uKo;451;r7U;9iN;360;vis;oYo;821;Czo
447;u87;866;mTg;00I;305;z6D;fNb;872;Zq2
Jen;IqJ;596;ILG;juE;286;ZW2;6Xf;955;iaz
mmI;sYQ;540;wtO;r3j;666;NB2;3aW;337;iG0
izt;WZQ;053;HkL;aEG;956;lXl;hdm;235;4XT
Sz8;5Zl;881;tky;4C8;369;PYu;imU;500;HAw
aKt;V81;472;S1c;Pyx;076;8CM;3ox;167;zSq
XBL;9KN;866;K2N;8uU;627;IAz;v9L;049;kis
Fj6;AWq;666;QLE;tJB;836;fc3;EKP;168;M26
ysa;IzM;326;z5o;jYv;137;Oeh;IZG;857;GSJ
h5d;H2o;042;Dl9;DCi;277;swI;Uzs;605;0kM
vM6;lZy;625;NVz;rhS;613;RQ5;cJM;446;WvH
jHQ;vZN;250;Oed;4rY;533;Cx2;wNO;862;pMs
Gjp;8oP;026;3tQ;ItE;725;PqS;wEG;886;2bY
413;aXr;467;GIR;TnL;030;KfW;W0Y;755;qAq
bB7;7TJ;416;EJd;33X;576;2ua;vfG;553;AjL
Qpm;TUR;796;zV3;JtD;617;pqX;M1P;199;Fpe
0h3;pXs;750;P9K;sJB;390;bLt;VuT;197;SqY
cTf;jKi;465;Ugz;clw;924;CAB;lFR;028;3os
Cc8;kK8;196;EOJ;FWT;924;PZN;cz4;794;VKb
ZPf;snU;492;fRu;7k0;102;YVl;HUF;079;uBw
tqK;hHT;533;XjG;4AO;455;SJR;3Y0;144;Zyk
sBw;bg2;278;XYs;WyI;236;Rz6;AfY;922;4pn
OWQ;T0G;278;SzI;BvW;947;ze4;2oH;738;VIm
XrC;Rh9;746;jpJ;DFv;673;JDq;RpV;789;hAg
YFi;iB1;498;p99;YnJ;557;uKz;JES;665;T20
Mma;egA;654;89y;6sK;809;M2p;ajp;633;znl
q2h;ouC;057;gy6;p8u;458;wVu;tOL;838;1pt
8QO;aBQ;368;Lzk;Po1;933;Pm2;fW8;434;KQ4
nVt;CHl;008;8Hw;9BB;806;CUA;kHd;463;sr6
Rr2;OwE;457;A1i;m5s;233;lhs;mXd;638;YB2
08c;vtn;713;bcv;kXr;546;epu;Vv7;610;RV3
PkQ;3QU;772;4xW;Nnn;591;3ex;RFH;506;FS6
9rp;RuD;176;16t;ZMx;980;l2y;hHf;081;klc
FXl;7DH;711;wO5;tzU;208;dio;KO4;256;yWL
a8d;oAN;376;CXt;BG6;104;qzB;XLC;238;KLF
xWd;MOz;925;duB;2Du;006;vrA;NMh;681;BpU
bul;nHA;237;QYt;K00;016;Ff9;idZ;185;zFR
fHY;8VT;407;IuT;uGC;016;mRS;Grq;090;g6p
gXU;RgH;942;LOq;wAf;031;sZE;FwQ;831;OUs
0F6;A33;791;R3f;2Rw;949;Nc3;WOT;059;Cuh
hvG;IAL;975;xwk;jI6;959;FEX;frz;896;2fE
FQx;U7O;877;oVm;LAW;392;VcY;a7w;821;P53
ZgM;O3A;905;AWd;EZK;958;yoE;BXU;097;B0a
Nnm;avW;487;pzi;Nl1;721;BTY;eY3;362;g27
y9t;8f9;682;FWv;BM6;774;VfI;JxB;295;L1h
GtT;YlP;395;gBo;sOP;180;3Qv;y7q;702;wD1
Cak;X8x;642;tqZ;ACx;257;mwj;dbx;645;E8j
ZxF;HpT;138;fCo;TFJ;775;vIV;9Lh;364;nUb
jlv;Lsp;684;p2F;fdi;560;pHA;4nO;927;8lf
SwK;Bkx;576;uHC;WP9;722;IWW;9zy;002;86F
I7x;kpe;356;cMT;JQj;355;gk1;Ilj;799;a4y
IbE;K4v;298;0w6;YeE;926;WQk;DMD;142;zcc
oS4;1UX;272;fcy;2Db;473;hp0;3ED;186;NOo
3AF;FVg;312;yzX;T0y;405;3SR;l9h;766;Vgw
NmX;wEO;511;huy;EX8;304;P5m;iDj;278;642
F0Y;Kza;607;zX0;ggq;328;eTY;BtH;882;Ce0
On7;i90;240;lAy;KY7;822;12Q;q2x;617;CUr
gy8;xF9;934;7c0;nPC;453;O09;T48;689;cWj
OrZ;cxD;119;G4i;Ul7;412;2RA;EyV;532;W56
H9d;nlL;860;0zT;l3M;317;mox;bzc;837;NhB
obQ;oSB;469;Yz0;fhM;611;gjv;3Yh;422;0En
aQB;Sj0;993;qtt;7X4;778;z4i;WUT;766;h3W
4rM;VGr;603;DEh;ytr;112;Rqp;BwK;396;Byg
3RC;Kn6;375;y7U;b4R;593;2WQ;9fK;352;ofS
kRk;jpD;803;rN9;mXo;793;RnP;f0a;545;4CJ
KFd;mgS;030;t9U;5v1;771;f6I;Yo6;426;ylB
MtO;gIq;224;bqN;vw3;693;Mac;cej;433;xKp
peX;qZm;551;9re;YMG;230;i0p;IBA;021;g6e
e1j;hBE;959;AUX;HRS;379;Nqa;s5j;826;3ej
nPd;62a;646;LpW;NJN;816;h6f;nZs;089;FH5
Dmz;u0o;119;VTY;seY;913;x7q;owl;326;p8q
nyf;A0S;440;MLs;rpl;225;Qi6;Ub5;889;rlB
3E8;xJr;229;QzZ;YDU;107;tpO;7Ve;949;DMx
lIf;7Bk;142;wvI;6Wt;363;QpG;erX;118;YzZ
mXJ;DRu;590;myu;3QS;232;lxK;fPu;452;lRa
8Wv;Y22;801;r3C;UsG;095;bli;aaW;873;g2Y
xJ8;2hK;578;FGF;7c9;074;23E;PzF;017;nrQ
UXW;BgO;881;eHg;ZVb;103;28j;rq6;813;fpZ
gdQ;f7s;843;aL6;0ss;818;OJn;pwG;061;imd
bju;B9Z;023;ytR;8Sx;182;1cd;30h;522;WKe
5Qk;toU;002;z56;J3g;179;m73;Lj5;426;QKi
Nq7;odN;368;DNm;duV;033;tya;EM4;041;BpH
CDo;meT;520;9Zv;mD3;384;S4w;PVl;530;VQ9
WCg;hTC;726;aXa;ZZY;785;6pN;B83;656;FK5
oDp;jho;445;3Ci;Imp;032;aw7;qbj;063;8lG
1cQ;gtH;553;qWZ;C77;832;wOB;INe;638;kjR
8Dx;2Il;875;Gn0;IFS;704;PIZ;28Q;427;0Co
Zfn;8aC;331;Kgu;CF2;886;ilY;gxR;051;mmN
jpl;5Xx;908;aul;AjR;662;19n;kBi;923;KLZ
Mt1;zko;711;pVu;tym;410;TTC;ZTS;307;WN2
mHz;hHu;534;4sj;7pX;630;xnM;2JE;598;LMp
j85;bDu;254;Th9;yEZ;858;zvM;M6z;050;BJU
SqN;vgy;494;D5m;jua;283;rLu;vxm;164;6I3
iE2;scn;504;LoO;Wdw;208;6I8;ZZe;955;Ppt
VUS;xIf;259;Uzm;xgf;253;lNT;69U;826;UPY
XWk;gws;351;A8L;AhT;775;vQV;T7h;890;Ay2
u0h;IOr;462;G3w;g9h;094;fg4;bgZ;283;geu
FXd;LvQ;541;ic2;sIt;722;dAj;rpX;204;kUc
XUO;ynv;384;tDS;SHF;235;yQC;Cm5;174;P4e
xgf;InT;711;29L;zQD;507;UFD;Cgi;233;ZGE
aZd;T2S;683;DGp;SiK;551;J7t;DiD;287;7jn
pYg;xPA;662;0Y4;09W;902;azs;gEt;383;i48
UVm;xgh;362;G0L;WjJ;936;6jR;E2I;956;ayC
Zno;KW7;045;7nK;JGr;393;K2F;QtX;405;qMP
Xpn;4js;572;92w;zrO;588;koC;N9k;456;q8t
KfV;kJo;230;RgK;K9K;161;a6T;v3I;799;NS1
f2N;qr2;411;oZc;18s;243;Orp;Q2y;587;gEU
JqD;w4X;599;WOg;gLA;588;hUQ;TxQ;055;mta
D6N;E6H;025;cGL;XSO;475;SlT;k9Q;356;o9o
oP3;3Qw;141;XPc;WQ5;127;tEN;LJg;086;J4s
p6y;ND3;766;ZKl;hHn;391;Jdp;iAJ;855;o9v
1GO;K0Y;309;GPz;8Bw;779;Fgj;nuW;181;e96
SUP;Pfp;685;37q;AhF;046;tI0;4vR;200;X2e
OV1;tW8;740;zOa;whe;034;cNI;fGg;065;hiG
A8Y;gx7;165;iEA;qk4;294;3ZG;NCL;797;Zjx
x6E;LvC;418;8Kl;Fhm;571;Fqv;jrK;348;ReW
tMm;XyW;639;siz;fp8;410;kGw;7d9;845;6pB
Dlv;kJd;351;puj;iQA;760;7Ik;MwR;451;G9e
R0i;Dsp;518;rRT;bgS;494;4g6;GR1;048;Ogw
Q3m;4SS;758;KVr;A1h;555;XXq;nnc;347;oez
hUr;H5o;113;l3g;Vck;387;BRo;kk4;575;Eh1
jHl;4ur;908;bzH;u8J;393;ppJ;n6f;074;Ipd
oyd;Ivt;414;LHQ;S1L;846;UuJ;6Px;920;ekF
2Oz;0ck;838;FKg;z87;823;GE5;pyo;099;vPu
4NY;i0X;139;Ioq;HBX;559;eM7;3aG;897;7Pq
FWw;ePJ;372;g70;xHY;068;wRT;cIU;284;Yma
StF;jd9;724;yjl;Noo;184;5tb;IDc;746;VlS
0iq;krx;635;m4d;QsR;823;Wen;4ru;936;UyF
jEP;C8w;735;JbJ;JAF;275;Bse;vcz;560;Nq7
6xW;wjL;609;8AN;fL1;139;alG;dhZ;899;UZO
XTU;CBJ;648;Xb8;2F8;967;oHZ;BdY;071;wHF
Ubc;XYD;515;ZJW;eFz;125;pSd;LpG;967;okl
YUs;XOu;559;j1Q;gtl;876;8oM;qU6;732;msA
pZB;ecw;805;M17;ron;083;AtM;035;345;0Sn
AZA;H5B;060;W2q;z5i;146;CjI;bEi;860;M7g
UYb;StG;560;vCr;rvU;647;zuh;KJh;898;l8T
np2;28D;685;HJD;YQ8;448;r1w;42U;513;LuH
YCl;CUi;977;szy;qCb;224;heX;EAw;470;B46
Eme;bqy;780;7f5;onU;594;IVt;jCh;181;vZx
ysp;qCI;049;2GZ;jAQ;591;WX4;4Ze;487;y60
LDj;bOC;009;gld;mAO;605;NeX;Wtg;279;82p
ik8;o30;416;0vm;eXu;172;Pt4;VS0;655;WNK
0BK;l83;391;FiN;V01;881;BIe;XWr;980;PMC
sUD;a8j;234;MKP;zpH;283;tTL;eMk;817;FoD
cGe;0Ay;293;qm1;QL9;117;q02;pVj;355;GtY
5jb;cTb;942;yf5;mqj;435;NkE;P0i;736;jfE
Co0;AuL;161;rwb;Nr5;028;Ph1;lTT;581;oBP
J48;bXf;198;C5R;T8k;104;6D9;Lxp;747;PfH
yTR;wZu;985;10Y;tjw;075;fjt;WUz;251;yj1
ok6;zqP;238;xgz;FFc;518;euv;bXW;806;lAV
b8I;DKx;031;CXz;Eua;839;zou;SnC;523;UEd
nsh;rTC;576;lGM;3To;404;g1q;TyQ;378;j9N
b6R;PLo;329;rpH;oL8;545;Tq9;y45;443;1DW
TvU;FSB;688;r9Y;62w;043;xqg;zhB;339;G2c
7U1;GUd;261;djL;XQR;691;aAY;NKy;998;KaB
Iqt;IPy;556;9Ub;Kl8;771;f3s;teN;557;keR
X2j;chG;317;4gF;gcy;621;SXm;6e3;696;KeG
QYl;f33;993;yMt;8wW;247;dBQ;fP7;476;SgN
RrG;0iR;709;MH3;sqD;186;ANx;wbj;565;86x
NVv;Esk;384;dxh;5jD;337;MPa;62M;563;Xlc
6lJ;tZ8;696;aCV;cvz;550;tOa;iMK;006;aIk
BuX;5Or;257;0ek;1Kt;435;K5l;1k6;438;mKi
xQv;AhN;413;Kyo;lgU;218;LPi;dON;056;flL
cAS;OrC;910;EWL;MGo;138;CIc;b2U;682;tg8
YWP;4gA;401;Rdz;ImT;583;49Z;FkD;825;AJv
k4L;5SN;177;go1;12S;070;r0H;SqG;144;C4l
sDg;T7j;929;tEp;7EP;295;RKg;fFS;114;gje
85h;2jx;070;pq4;EpX;792;qGs;NiX;691;Xxf
iNm;aDO;593;3O5;nTJ;118;2dL;ED0;383;0XH
nzW;53L;499;991;yIM;284;VFU;0hV;835;ltz
Xer;0Oc;901;obV;1lt;876;zDr;0sB;441;jNs
GMT;hxS;388;P21;Utj;822;bBR;0Pw;458;nwm
q1r;aEe;543;0FA;q3W;187;wYw;6xD;924;Ckz
Mtg;jv5;965;Wir;cl9;658;Oru;6om;735;4Cx
Ydv;oWM;771;9dY;EfP;781;ytz;CMc;972;szS
IPi;6Ib;220;Ngc;e84;303;1IX;L5i;233;XJE
SG0;C8f;836;oaf;wzW;207;hHX;BAK;452;PA7
dXf;NsC;950;XnG;rHZ;737;e6t;9vQ;314;DAJ
0qy;1HP;717;MV2;HW2;687;ONB;FOD;714;Xzi
76E;BFq;679;ve3;Es4;696;qKq;XUD;374;ucX
ZBI;p5r;831;iZD;XkM;129;RdS;dHZ;694;4Bi
XHH;6oe;006;ntP;5IO;011;lKP;ie7;023;oc2
tag;6Is;898;w71;oJj;437;Xho;4Yv;213;O69
AvO;l57;671;qt0;iz9;472;bFP;TOm;043;hka
VuD;H4q;538;f8t;uid;315;lFe;39b;821;UHx
bak;QvO;243;JSz;vBg;713;1u0;LtV;950;cRl
dBx;9JO;902;gC1;3Dp;625;qX8;mpC;606;gv9
in9;PlF;857;UFj;e36;097;u9v;dNu;792;bdA
Nqb;b60;855;XIA;6nW;395;UyV;aB9;300;mfS
lJU;ShZ;572;1x3;oKA;496;D3X;Fkj;068;OeT
2k5;DR3;408;Ngi;ZLs;105;n3e;rro;953;u2d
rhu;ZNz;128;TYx;6pP;066;ESB;MgN;578;pDJ
FSA;hBO;097;ec3;ZMa;817;adJ;bN5;386;FXV
11m;GWx;020;8xN;mM1;020;CoV;2hU;697;XWY
XnC;Zq9;367;Hwd;gqm;254;Wwm;SWo;018;OFM
uff;SAc;936;Htq;zOM;702;kxm;zDt;313;Ee4
P5O;7ep;445;M6V;4AQ;345;qb9;8Yu;231;5O5
9sC;sAf;081;r9H;0lF;002;Wqe;w4S;798;mvy
pnn;8Kp;876;WII;yJT;837;hn7;HOa;409;bG1
cC4;5e9;600;spN;Dub;213;ZhT;YNV;748;hBf
1fC;Tjo;109;4Fh;RwH;239;BKQ;HfD;482;RNM
9CS;laG;340;8u9;CwD;696;PvA;rBM;896;ZE1
fLm;OsY;621;9qh;TBk;401;KYL;oVo;076;vdW
XQ3;LGL;347;uk3;uWO;063;Uue;exs;922;BWF
WZ4;93s;326;Z34;ipi;615;52V;CBz;471;qFD
ZH1;xeg;854;U4U;H9D;356;gwZ;lfG;261;UUc
VpQ;0qJ;718;gBe;5SB;347;Tcg;pE6;310;QTH
TJL;jbH;651;dML;Wmy;444;kRp;R5D;797;jBm
cir;pzO;108;ZHu;P1g;172;zWo;h9Z;955;ehf
LrT;08p;590;MDs;dvf;604;IvJ;DhK;350;nYY
93E;lnC;016;bC6;2hJ;023;xSm;lC6;171;Lio
fnc;izS;576;bSl;eEr;769;WJe;iLq;379;SVS
kIX;reV;317;Hoi;ZkT;833;npc;Yz9;900;aA4
Qo7;aMO;251;Wfm;o7o;480;DEg;tvX;944;MwD
Rll;pLZ;570;GOk;i1G;827;X0T;VcZ;694;T7p
VeF;Wqd;358;pUb;G4o;552;4I7;ELQ;568;m9W
Vvf;Dqo;854;h7R;T3p;517;q4O;wci;347;1xE
Vfb;vUV;096;Lc7;85u;451;zKl;IC3;875;aoe
CUr;Hkz;593;CEB;cut;030;KUt;gHF;840;0A1
HRJ;xcq;765;Wzx;Xgo;681;8XH;j7k;212;Hih
Xmh;7aq;885;725;9If;363;wj9;MGI;923;9qJ
PT8;mV7;074;xKL;00C;506;bTf;aQf;856;td0
8BC;ZVi;831;12y;nFs;537;wpu;me6;787;tll
OVN;7M0;589;apg;Jp1;990;4oI;6h1;994;atl
uVe;6fq;406;M9v;zP1;989;bZI;Xtb;954;MhG
kud;aER;882;ATT;0qk;585;vdW;uvB;197;ox3
dwK;sGT;248;8kT;jEh;618;mu8;C49;664;Lzd
U7x;6NV;179;4vc;KZt;410;h92;0Sx;507;k7v
DHX;bc6;951;SXK;G0w;626;naj;S7u;351;8XF
ZAH;rU2;832;eBm;al5;515;sXW;wBT;637;VKQ
JB8;j97;573;sOV;jqy;353;r2H;CDD;084;C9b
8vI;58v;298;ome;mtu;747;2TM;VSw;650;vdW
an4;5ay;780;S6K;5ay;103;QHY;8bD;588;7CE
YwT;6By;673;C57;Se3;048;YNZ;BMn;540;z8h
q1B;AH8;951;JfU;Ggi;829;vOG;6Nl;670;Uww
4gS;RWo;100;ONc;Hjd;104;43M;wGT;823;z4f
lej;Buf;647;LDE;9hD;583;5Ib;Kzh;958;6rr
HpG;gsm;690;4iq;bZr;535;5bm;7rd;745;CFU
KCp;Wnj;919;yOY;rKH;661;J6o;DCw;532;HJb
Cie;ojD;518;Dcr;ZpI;181;kv2;yxA;121;t1I
UHi;j4a;191;N8j;tNK;099;1Nr;zce;431;3bT
GbD;Hs0;895;Tib;iDD;576;TWw;Vbc;053;Z9m
Ijt;lQ4;585;EbQ;NYl;594;qH8;GNE;735;wI4
A8B;yTn;236;GoG;cr8;884;1WD;5cB;931;Sa3
oEL;Vtj;149;kti;OQ8;343;Xbj;QAq;468;cma
yLL;BTn;007;YtI;ISr;929;ei6;SzD;416;uMc
eFh;XrZ;617;VR6;xgP;602;huW;eWV;398;SUv
JD8;QCF;886;jzy;f2O;437;yoO;19X;375;snS
0Eh;ZOG;297;4E2;4HL;932;ug4;evc;883;4Dh
Fx9;5Tm;190;HB6;vBT;849;d1p;f4h;671;S9A
YeO;5YS;949;iPs;poO;866;VGm;9I8;193;4rZ
cpt;E1s;509;M2g;PFQ;519;lIA;98a;029;SNx
P9k;grg;967;Nbd;pTZ;782;pqr;oMr;423;XwZ
Pc6;1D1;105;s6l;Hsq;129;b2N;13P;414;24w
oz7;sVp;400;lG5;VbK;685;F3j;xfR;974;so0
Zzz;0U0;693;QJJ;oXZ;707;xgF;6Pu;820;jIz
Hso;WXt;249;UJs;Jzv;976;EQG;nFf;265;mRZ
BPm;fIl;953;5tt;zGk;284;FjM;xlv;239;mDe
gTp;Tlh;070;N88;iuN;497;1a3;hxS;996;1vA
6J2;2C0;709;ZTO;e39;583;Jwa;dF5;369;Ork
XEj;8zo;490;u9f;7MJ;518;XDk;I48;935;c2b
8xl;dc9;990;lek;KPM;575;MtA;xkw;100;ZoM
OXr;Khk;372;57E;wLr;799;800;tNd;154;7Sy
f5G;jiC;564;jen;r4W;692;i7d;uJK;308;4Ch
iWB;5Iz;327;XbA;Jhm;481;sgZ;feg;508;nhF
jzR;U2D;244;Ttj;Nhk;914;Lv0;Zi1;778;O7R
zwz;QLG;511;MzD;F0o;186;Gnp;GQX;884;VSn
x6O;xTj;970;nrM;2Ot;089;rec;afq;529;DLm
XZy;c6z;743;a4I;Hmb;688;DcW;qGl;274;geo
sRL;GBi;957;gbP;9ky;769;mZc;kk9;608;sBY
DhO;RYT;978;NVe;51W;195;2gt;Vc1;829;8mu
ATc;IUD;007;Lg4;NZH;962;eZG;GKH;013;Pxn
moV;TsL;622;yJm;F8y;548;OOH;hfG;246;eSe
M58;Gcd;725;qiy;LM3;915;P1q;nMr;386;nn0
5CQ;TCB;145;nqg;vJc;090;mvg;gbE;392;xMi
RJ4;6oB;972;RJB;lSp;377;Kwo;DXY;850;kkH
MyD;D2F;684;iRL;1RO;576;4If;5rl;496;Nal
Pvw;TYe;209;ewc;JzH;764;A4y;Yfr;553;TGP
br2;sy2;080;1hW;awG;538;HFL;BJR;509;FNR
9mK;ivq;726;31I;Q74;212;Q5M;hb0;312;oU6
0E6;rIO;663;mAR;MAj;538;mIQ;Erp;917;neJ
usY;4sY;176;c9M;yto;265;tIV;ohU;867;Y9J
XN5;4O1;520;RWq;Ev0;326;PAz;lEi;225;UsG
oON;6eN;475;Kyy;ENh;395;rTk;cDX;020;WEP
arT;jDr;597;I7Z;suZ;493;zmb;XJW;368;TF5
jn2;5yB;074;1x2;fYB;464;vNG;wnx;373;i6r
ZyI;YkM;357;Spo;Qdl;756;ttE;5qs;191;Y5d
p45;Qjh;670;Txl;Tnx;933;quc;Iy4;894;W67
6GJ;z9y;741;w5f;iqT;559;wLg;CeB;821;tqs
DPN;TxZ;816;KKq;yYQ;406;A4R;IfT;454;E2Q
bCD;aV8;266;tfz;WnG;430;6Pq;5HZ;944;hyw
RfU;2kP;786;IGq;30u;758;ayo;gYj;980;rDc
su1;VpA;342;U5R;uwO;742;WBM;Xnp;580;qSC
0K2;qoD;444;N1Q;3E0;876;bjp;a3O;327;CoJ
WVE;p85;378;OhX;pUz;044;kHa;WnU;380;6wS
F0s;Ayb;576;491;946;637;XIB;Ll6;952;73n
tqV;WB2;640;h81;Yzj;249;L2X;cg1;249;Ogt
tqL;Ssr;180;e1N;3TH;372;uKo;OCL;084;Jk3
suX;Lfu;966;7kj;WxC;007;tYO;6t7;073;oTL
iuY;Jwi;318;yKa;v94;355;ODO;fHh;532;afR
5b2;UTe;089;lmL;JVY;093;CW5;9Lv;109;i1D
ZP2;TPX;877;FCA;gra;555;RRD;GNn;417;ylx
GWd;tM8;323;b9R;9ay;617;tzZ;CaR;668;epI
a8i;Wyq;924;DK8;5wx;642;kBT;flA;606;AWV
yEP;3yA;810;Nbr;kH4;035;qRD;U5E;344;D7e
HBf;Ma3;635;Qqm;y8C;400;6yX;Ekc;334;cw5
f1o;kqk;952;2ku;lMz;945;l7W;Gl1;310;hAM
H5T;nvc;839;PJT;qq8;356;P7Z;82l;549;kHu
F1A;f1a;501;E95;wzA;340;oLR;w74;756;yc1
keK;ZIH;937;QjV;rVo;481;bMW;X0U;047;Bka
FoH;ztr;100;69E;NZ8;908;N1Q;Sgd;666;0lB
cd4;tWx;211;Jp7;flP;014;Yfi;Iie;874;vFH
WfZ;NfU;098;m0t;L46;266;rtc;LO1;802;DzW
Mju;9Gv;693;Mvi;lPs;410;4Lp;2jr;291;gK6
ENS;07Y;372;bDB;Rp2;461;3o4;Ncb;547;TFe
QZx;zYD;971;V1l;bXB;845;MKc;bAu;564;1Pm
ajE;H3C;376;jKc;RWl;907;GjE;D5l;605;yXw
3Dp;vz4;853;5Ls;xKv;772;Gdi;gtV;697;XqG
pnB;lsg;707;bw0;Drz;729;vlV;tSh;669;tWq
BMK;Xg4;025;L3k;DIy;020;6zS;qVv;166;Xr3
qVp;CEs;041;Eaj;eYU;567;GjP;gB2;208;h4h
aFh;l7e;835;dYS;5e3;372;x0S;ibn;926;d5T
1dV;Jkp;424;K9M;tTs;611;4ef;pg4;268;Z28
Ed9;yB7;938;5RX;L1T;067;LL1;LXF;080;gch
IBn;vqv;719;1yz;ILV;253;3VL;u7R;051;5F3
kSM;lIN;553;j8o;bNW;930;ni2;Qmj;727;qbE
ODD;8nl;492;INg;w0Z;788;554;9jS;190;oi1
SLS;aZt;775;eis;K6k;584;DN7;fsf;320;eCT
AAm;hgU;467;nKz;dKG;358;zBo;GXg;926;jCR
z7o;dZu;098;EGs;tpP;281;1zc;WpA;797;eh3
Ybb;dew;842;LOR;G1u;547;ejQ;ErR;421;O8T
0FB;qZQ;037;cNV;jV4;952;2xE;aT2;801;Vsk
tLh;tcW;168;iYs;ms0;182;Xwl;x74;802;bhZ
V3X;1YT;058;S0g;9Up;851;pxX;WJh;406;E8v
UiN;WRf;141;ONp;p1O;844;F9N;Io3;956;2rA
xZO;xfp;519;Mvo;Uj6;933;muZ;KUa;630;8H1
XcI;SQp;640;m72;qgz;755;KAQ;di7;504;XPX
W5y;heP;084;S11;1mq;536;PXW;miR;285;MbM
STg;eAG;881;gbk;ceq;655;jX7;iqJ;763;lck
bNk;j63;261;Erq;7fO;508;yL6;3tI;317;9Sp
weW;7nU;121;gcK;Kl8;547;hID;0dE;938;asZ
vLU;5Fh;602;75x;WyY;226;oRC;t4o;723;4H8
BRO;L7F;983;ds8;rdY;769;Jz6;8TY;791;d0h
mVb;3Eh;145;HBw;BJR;869;LEr;OfA;814;9iQ
3Zh;Dvs;505;iBr;QlD;429;CVK;BGm;721;gi9
jYx;93I;744;bEw;6Y1;603;3KC;UgO;918;R2e
pms;1NO;768;6cB;lmb;832;hoG;Ddf;621;pYr
BhT;Zyw;871;egE;CMD;086;rVm;Glg;051;gwi
tsz;uxh;263;Ant;8pk;894;Cqo;XU4;008;a36
xRE;QM1;778;tJW;i8g;044;HKq;7Ky;443;4Tk
lWf;eIW;572;PuD;93W;106;5UZ;8zR;722;IQO
lDA;iYE;268;oqq;yPA;748;u4Q;7Oj;894;S3g
mpM;o9I;166;Y7N;wla;873;sG3;JVf;960;FIy
1yC;53V;347;N8w;RiU;428;Ne8;a3E;990;3iW
MlR;7pq;887;1ju;UYT;101;lJ4;G81;181;rOu
FZS;o4D;139;7t0;RoA;273;LgF;U04;212;FdO
GfE;7a0;376;ZVP;Wp0;090;mhu;pBm;237;CAE
MgJ;ZDT;908;SQ9;zLh;099;aat;z3d;136;ujF
AZA;xEL;982;pn0;PKY;078;DYO;btT;474;fuU
dXQ;6ih;014;CUD;BhL;397;NiZ;ouQ;584;V0P
T7O;KVs;971;5Jf;zLL;703;ukl;5bW;232;nyi
zda;vEX;156;DYQ;gQo;980;Qo0;5ZQ;437;gwq
p9h;Eq5;589;bPr;Hpi;457;As6;MJr;404;q4R
ZWU;mme;993;ppr;SBq;480;mUG;c6x;562;mj2
5fv;YiW;479;5xo;JYL;395;l4I;BdE;406;XAV
Bhd;VFJ;239;To4;mJY;516;ZoF;51Z;522;UrX
uEO;Sk1;741;xxC;an5;651;l2b;9bC;817;OQO
qKl;T2t;307;MaR;n61;762;Vdn;dbT;825;3Uw
isp;AVm;390;Ngp;pQI;935;kUS;9el;887;jfW
2Ef;6mJ;233;UzX;fTJ;316;eQ1;k5b;980;uiA
yeq;Gjn;990;q4b;Xgx;788;3aP;g9d;511;2uK
TmL;imY;078;40S;HXK;323;h5a;x76;600;94i
fGB;qwC;778;Cpu;Yfc;599;MkI;b79;370;KVv
JuL;hX8;109;oqw;8hz;205;hsT;fEu;291;oZp
xhE;PTO;861;Mzd;urs;933;65T;hOg;553;Z4a
yo5;6vI;927;W8g;CXe;715;VsX;X8Y;218;D8w
J8R;xlg;177;LQX;Cbk;205;3A5;InR;498;8mB
j8p;MGN;648;IM9;z9p;518;nmM;4DG;292;4WL
frs;L6i;138;xvU;g1Q;957;6a8;V6A;550;SIG
eiM;TpC;341;XHl;v8R;086;oSC;O9e;443;79A
rE7;Gqk;532;gd1;Ock;592;3zh;AOC;258;KNl
QkE;3tg;443;kBF;WBw;106;8uy;bds;855;p1e
OjE;DUy;166;4VV;nof;211;SkO;HSs;661;5wk
7Hk;dIM;663;hOo;pNp;654;L12;A1l;921;T8u
HOl;B7o;055;r9J;cfw;399;9H4;eqV;231;jsm
u7U;MBk;155;fl3;fYw;079;Oam;OFK;059;V5n
yCT;BLz;679;FIv;coo;218;N2R;1DK;707;7Pc
pg8;vrb;138;dDA;4aW;570;Cxp;rTm;845;Cv1
jtc;IR3;150;omK;u2G;261;4BO;LNt;512;xWj
2f1;zk6;913;Hqx;5LU;807;Qnc;xZr;821;kOb
6yN;04W;039;jVt;O04;341;NZj;XqO;920;TtG
hyI;Afg;656;nyQ;nPB;940;cWu;GbG;547;7Wm
xDo;LPo;355;AQA;IkA;941;5a8;oxF;599;1BK
OJB;Irp;976;zXH;VAi;949;3i9;Hjq;448;Gvp
11b;9c2;177;whU;Axy;864;3FC;3Dk;317;is5
kYs;qaQ;181;x55;6rG;255;M1v;YRq;014;2yW
KY7;sX1;126;tcB;l1e;152;iy9;ceL;463;kx3
6DN;p9j;087;qaj;Xwp;755;dUK;zXc;177;ejn
1JN;j9G;360;ZUs;b8P;823;AAz;WEq;426;Pcc
Zec;K1M;319;5zA;Oym;193;SE4;60G;552;PkJ
tHB;7Ok;379;ZJU;ZQA;795;2Ee;KuU;219;oL9
GLb;MSb;879;rIc;ecq;929;62D;f1i;850;ZvE
lJv;Hsw;244;k49;Ttd;096;yNO;gK5;205;Aav
oDu;Sft;039;Mtg;5s5;410;smN;Hn7;375;bqp
U2N;S8I;911;Mj7;JYM;473;65i;pDN;045;UJL
SNs;HWT;144;4Lt;IOP;884;qKm;L5e;766;Q3B
dWP;K9s;836;M0y;boi;406;5E3;s4l;702;Ycs
UFb;jZa;536;S8u;Mzo;223;HWa;66C;055;iVk
ema;l9I;032;Cyh;e6V;973;zZ5;eFJ;463;mlT
37n;nl8;689;Gly;Qmp;473;uFn;L5K;592;QWI
VxL;ivw;041;DrO;tuN;495;aBf;JWR;402;eLF
CRe;Li8;982;B4g;OTz;595;DTJ;1te;412;cJO
GF6;RGo;609;HB2;4dK;041;dlj;QIc;751;pUD
PRR;6C6;648;KCR;sE9;429;dOR;Ql7;730;3rC
tWH;EeG;843;tFC;Tb2;156;eH9;4I3;373;XT6
QZY;I2z;729;KQS;HS2;468;Q0U;ClI;990;e53
tEU;xR9;332;qIa;0e6;196;xMq;Sja;363;u9N
Fbh;0cz;161;Rb7;Jgg;119;3Rw;gCO;478;ZjZ
Oj9;n5A;257;Nnr;ajf;516;TUR;aGc;025;PAU
G0l;JNS;936;9gW;xOt;889;QIV;iGC;992;QuU
pcF;qGq;997;8uB;FqJ;928;mTi;VEm;998;lXZ
8Xc;4Ef;109;Kh3;wx3;483;S04;sRH;010;AMY
UdR;h4E;000;lYq;Evx;581;fDe;ARS;312;OMf
GOc;2QO;945;hkm;zL2;880;GPO;OkQ;539;0s0
cvu;hIe;867;92R;dZ4;774;TyI;THX;757;0Is
0Pv;fhq;364;B8u;4gG;319;2fx;mfA;889;AvN
EX4;KCK;074;uA1;YA6;398;cNh;lX1;935;VCJ
VcQ;tJH;482;HIX;Yux;724;WcM;BMi;421;ocw
cF4;2a4;163;p2Y;vXN;207;X9Y;uAo;969;X1v
J2V;pEq;307;Q4V;zcR;522;nVz;Cri;417;wZL
86W;KDE;239;86P;fcz;064;GMU;YsG;366;aAf
uDJ;g3t;037;D6m;Pyk;848;eky;owx;806;ltE
vuN;iLY;969;fbC;xBB;160;biZ;RrK;464;GpM
WAZ;P5C;178;kCq;3z4;921;glQ;Bcp;851;evC
Xw1;75g;647;0Se;y3b;336;mcZ;5Gw;105;HXu
i4y;Qd0;430;re0;hkQ;744;ySx;ilW;754;Tzb
8l4;xrJ;573;YvH;QQy;235;Fof;q6A;452;1ji
tHk;4Q6;487;fvi;c5u;004;g7B;IWS;700;iSc
aEp;YrC;703;Rgp;rmF;649;zgf;QsM;183;E8p
AIk;axE;087;WJ7;zoD;832;1ge;zqx;829;dtb
0fH;iTR;449;kug;KdZ;232;is8;eVq;389;Gvg
2mU;Vca;843;5DO;R9S;466;K07;e7e;240;DXS
L6m;UOl;920;UKZ;xhV;760;69L;313;720;5K3
mT0;rvQ;689;86s;jgH;739;Ck5;rpw;544;VBS
wPw;M7j;499;eTI;bQi;185;QU9;3QZ;266;OVB
yKu;6c6;594;ZEy;n39;446;M5L;sIs;163;iHl
uBZ;ehC;112;nfh;K5e;907;aah;dMl;676;J0E
sFM;S89;192;50E;mX3;314;DZo;CxC;498;Zv3
CCV;aw3;235;8Mm;Evb;562;kMI;1aP;279;AaA
KAH;nkz;770;tZ6;8d1;230;QvB;HpL;417;Nr0
Ehi;is7;198;Szo;Kqq;070;BOT;CJP;271;SKK
aUn;JU8;847;oDn;gxv;666;eQF;P0p;686;3Wj
3YN;U85;046;6ay;PHV;660;iOQ;qRw;529;qZN
Qqg;VyC;370;Hgv;9Uc;378;yCs;3F3;821;g4L
io6;CPm;064;PLQ;2Qx;859;IyI;40G;652;8XI
A07;CZo;285;VJ6;Izh;591;1sd;dJP;611;vC4
FNE;vhO;511;QCX;Ufi;935;oWN;ora;302;QIH
ogO;Mem;791;6dy;pVI;350;Lue;y8F;763;r4M
5P5;BDz;292;Iko;iYB;672;hSd;uwF;912;Avt
46g;6pN;367;sYv;WYr;510;Sjt;pY5;456;65r
ITg;Aam;323;DED;5sA;452;Sx4;4Em;764;LZg
VCF;OX1;408;bgW;5J3;024;dbA;zJi;008;ERW
FGl;Nsd;443;LJN;W9O;130;LK1;l9p;164;APE
Pfs;TrE;478;AST;qpM;087;q5f;g1V;807;chA
k6Z;6YP;566;nkz;MhS;588;O44;O8K;781;l6k
ooO;aU2;380;3Kc;pyl;515;aG4;Z4S;851;8yG
p7h;doZ;758;tux;e76;823;hd5;Bf3;882;TIN
umW;p7H;386;Gby;kRI;801;DLm;H0s;643;893
kPO;5Rd;061;nrr;kv4;298;wsP;q3k;041;06X
lgr;biG;094;BUl;fDV;793;4wy;qGd;862;1tN
Uh0;ybr;270;YdP;hIf;085;hR7;E1x;805;cS9
s4r;1yJ;920;LXo;6sv;977;Zpp;wsj;304;PSE
O9E;Y0m;116;lVD;bQ5;545;lYR;taj;263;yAH
4qO;jzl;911;YU5;Ai1;911;qIH;Ic8;100;cmY
Jy6;chq;920;kuP;iq9;265;3FS;Ixu;602;R77
Rir;fHA;312;1PQ;r6Q;297;OKD;PlY;827;W4L
aL1;vyZ;202;t0A;dnF;222;vHK;iRn;076;DtP
2Ju;Xlg;264;HQm;2l5;979;C2J;mYJ;673;DU9
VUx;YzR;486;lrB;Dsp;104;9FQ;U02;846;Ip4
hM8;Q0H;196;txk;vDN;806;CJs;U5x;973;004
5Nh;Xzt;978;XqM;ttt;143;d13;h8m;612;gDA
fNb;RxV;512;cEw;Pqc;733;yxd;ThL;581;BGB
Nfw;lZj;988;3w2;cD6;436;G5Q;E7V;702;0E2
Twf;C0Q;437;L04;B9t;664;Z3G;FKQ;782;5Mm
FKO;r1Q;962;9SZ;W5A;396;EHq;O2i;236;4Oq
yzL;XxK;818;00k;wY9;136;vBS;16Z;592;dPA
aeZ;5le;417;Y4I;yWZ;802;fq8;aeL;345;fqg
iq8;AeO;411;mz1;yqs;977;rUv;Sua;744;s9x
j71;38P;310;ySr;jRD;955;Di0;pag;076;7Nw
fFq;pXl;971;hdF;Afm;303;SrH;QHH;374;IEt
fdY;4Ga;480;qVl;7WG;650;IZt;AXy;013;bXu
VuP;nHL;114;BRD;LcP;558;Tiu;1HB;645;zD7
lGC;eXZ;904;70u;88p;604;4kE;KkA;399;x97
ewd;vx0;628;SFG;zaU;706;rm6;8h4;890;BKj
xZk;ccr;280;Om7;yGf;490;1nA;By5;714;Bs4
wZf;PPd;545;2ua;xLh;147;Jqt;L2X;957;8pg
hDt;jOF;066;vkw;jU6;355;kEh;1td;279;SI3
lBm;cgs;429;EEc;dzm;981;Fy2;kOQ;725;mhg
yQN;b0x;472;KbE;8kW;703;eX9;r1z;335;Rs3
q4T;AY6;791;7JC;8AU;636;js0;9cu;099;ChO
p9T;Tj8;130;nMh;kv1;300;Hrc;rJZ;975;Jkx
9dt;GrG;965;iVz;wxv;263;WY1;WOX;031;Me1
7eI;y7r;098;9J1;Q0F;562;iQI;mst;704;57I
OKt;oDI;472;6rn;LkF;788;10B;7rN;539;wql
kL3;2qY;231;GBy;Y8S;530;9mB;AHQ;431;jcM
boA;JYC;896;vkj;2q4;291;Vug;C00;846;YuK
0D4;SrG;791;nOR;G15;737;H7X;kzf;806;VqR
cTe;G4W;319;8V7;Jaj;185;OV5;eQi;425;aOW
S0W;61M;428;CPT;8X9;771;Xj0;mSR;128;HkT
v4b;2sS;582;2yo;wtO;685;7BD;PaF;682;CDs
o79;JMZ;699;MkA;2so;576;QbJ;nfj;881;87K
Z2G;FYg;169;WDu;TCQ;634;ByP;h0K;156;FEc
JTC;iBL;602;jQy;GbY;844;2lO;PP3;168;2WN
kVB;ZBa;093;yP5;3E1;803;ORy;6w1;010;L9j
OGW;603;124;E7X;kc1;036;Abb;6mo;635;Upd
1xX;Uv5;655;bZG;rlC;020;N9P;ctY;837;Zvs
iNw;TGv;116;b4Z;qMp;161;lFU;n2H;732;tUF
L3M;zkK;284;XVt;HaK;989;0WZ;Ddo;542;m6d
cMk;Azu;674;f4O;ZeK;181;BYR;peq;291;xS0
5Af;xvr;480;Vrt;3hD;933;Huc;Eqm;443;Eui
hCW;4q2;204;FqQ;z5c;972;ZxU;do6;684;NMw
G6E;WYH;912;Ajc;Xv9;569;H4c;Wwn;863;ONn
YQl;Pxv;355;aaI;CtA;439;vbA;xdz;231;AXi
hid;aGJ;975;TNM;YJr;479;EiD;vQo;464;ESB
XLf;r56;321;Hln;5BN;204;hVX;rzO;913;CAb
KhA;cx9;592;p18;9Em;448;b78;7PC;466;HII
q9Y;EKP;023;INP;bKB;493;FvF;MM6;197;o7X
afX;OFQ;530;dIm;X7Z;698;2ML;nbV;436;9Ac
APE;59D;793;fIG;JSt;520;guZ;DcY;965;h6x
NbG;gR2;110;Jhk;2o2;659;PB3;E8h;121;XGq
nFv;O6I;883;jq8;CYN;662;A6j;Cdy;484;dyh
fY4;jsD;570;efe;QmU;273;3SM;Rvu;966;EF7
Fz3;4jU;813;eaY;ViT;206;D1Q;zHV;017;EqN
vXP;2xz;041;jYD;U55;842;l0b;ukC;624;oF0
v3K;7Zh;532;f3B;gF3;184;FSj;j9p;008;tpY
fB1;jS9;177;eYv;Rba;467;HIf;Iq7;124;3oN
LqJ;JV2;855;cCi;LX7;912;WTa;wPf;220;oBN
IKz;vlU;431;OPt;Tjh;697;XBp;E1i;986;lAU
4Sq;lsO;859;SfM;Jxl;466;19m;gHm;684;2Ej
MnP;BQ6;918;eJU;05d;478;rCv;nMD;498;kgs
Pog;oPw;050;CGH;pyT;937;ZyV;4Xm;466;M4I
ZUJ;jPW;042;Eg3;5a1;813;9Rn;DI9;560;SLC
hAu;HrG;140;lyq;Nul;534;nyR;IGc;500;XBD
uM9;AUz;955;xgh;cEA;904;gdG;QOf;162;QLK
XOG;hg2;756;BtB;9lN;461;rSz;sex;707;3O3
ryS;LwO;167;CHc;z3U;801;jP0;jH6;887;gyC
mog;0Ap;042;pdS;eCd;097;NzX;Kmy;404;Inq
e2v;m8L;046;dP3;ZSq;563;KE5;slk;405;I5z
ShV;dOC;001;Ci2;2hk;547;yhO;QYV;927;wWX
Q9d;YTp;079;cA2;YPo;397;fpe;0Qg;420;BSz
CzI;3JF;605;bP1;ZKj;516;ct1;tpD;930;QTy
DG7;mK3;577;KJy;HkH;673;Zpv;OZd;267;CFU
PA9;cz1;388;fb3;06h;264;bPP;XNr;195;jj2
bnA;UE5;645;1OO;lW6;351;5s3;5ux;386;rE2
XzG;9S6;984;rlE;C5r;794;pdX;saF;358;37i
HW3;wPr;194;M2A;LrF;433;jdb;gfY;120;Vtq
n0J;5r3;027;1EY;6bS;362;1iM;aa4;852;Ka8
V6Z;Xwz;191;p2d;U1q;314;95U;OYM;755;nTT
Uf7;1B8;651;CmC;VCJ;191;jc5;7AO;883;MgN
YUi;F3I;985;u7L;3PH;688;TUj;cN5;556;IUh
e4W;6LD;274;wXj;Mmt;928;7Ec;IUI;198;58s
Y94;BQV;905;uFv;0Qx;327;9Wd;JNr;010;W5D
aHS;t8I;722;aXk;GOu;284;X2w;zrR;508;kMy
u3w;Fbw;829;kfa;bRP;626;Amc;Hfy;982;yKy
QJR;loV;019;TGS;Lyj;428;cs0;Ma8;255;p44
i5G;ikh;537;qui;WKM;593;acN;1Ou;330;Y5y
y3A;ACV;178;vG8;ixD;671;tFW;NDB;464;fBH
lOK;iJ1;157;KC3;fyV;559;bT9;5q4;509;HpX
Iom;fwh;012;s50;lYt;223;Hpd;QAd;820;FAm
Gqa;Xxi;806;m7S;2aI;072;9SJ;S6i;838;W1E
bGF;AjL;377;kY0;jZa;808;l17;vWO;962;cZ7
2ot;Qhq;165;DSx;3vA;519;O3O;OTJ;001;3gR
N8d;iv3;141;jVw;xzc;960;KVa;tme;895;gJP
muI;6ra;602;q7V;s2x;237;nIB;OgH;572;6NT
st7;Pk0;050;cmJ;pIm;172;6Cd;Uw4;124;sWX
ora;3LR;773;HOX;sKR;228;wYo;pbi;575;b4f
sxF;Mg0;938;Gze;jUX;464;VJI;oFI;962;Kev
6ke;AGF;485;Avk;y24;352;OI3;pMV;347;ZbJ
syY;xAf;236;dwb;9wR;442;6YV;WQV;620;DCa
pD4;5ic;517;GFe;S27;721;opn;kP0;245;JHX
N84;w83;144;cAl;gOS;044;Oaz;jHg;528;k0a
6pg;ptI;587;DN6;NSm;223;r1W;ZUE;114;Moc
DDB;YIw;278;oNr;2gh;123;0Jb;Wxt;088;JaS
cxw;A90;019;6ge;fL0;447;i6e;rGH;880;KKg
YMf;8wy;053;1r8;5wB;678;1XQ;kQt;369;lst
ryy;zAx;656;aKp;n7d;648;jmx;kae;562;0zP
oTm;ybm;623;l2L;gOO;185;pyj;KOt;745;MLn
Hfm;qaC;025;zNu;oyu;909;iEs;E2r;796;gh8
7C5;fIZ;186;XsG;Y9B;290;iOV;g63;167;OIT
i7l;CwB;967;U2s;ZgX;883;6Gh;Cyo;886;W7g
1Om;a0i;708;oum;zi4;696;lgX;vkc;140;dcD
4HM;F2R;006;MCB;eUE;939;t2x;zsL;016;8BK
29v;Zxx;607;CfS;tKY;414;6BA;OZG;026;j1A
D10;nUk;255;w6I;COx;218;rS6;itM;469;vyT
4Fk;kVU;325;3aO;30G;998;ZSR;43d;832;q76
xBt;XSc;230;IFV;QJJ;945;FMP;So8;307;KRX
Fml;syF;067;DUu;Xhb;857;dxe;tD0;128;uXr
JaF;aUk;402;pCl;Nyz;980;qTN;lme;239;taV
zoi;dKT;794;6R9;NMX;406;kIo;Zvg;603;d0l
j2A;59K;170;9zm;igx;361;JZJ;TaR;962;xlO
lB9;Os0;650;7K4;cuF;737;Rnr;3dc;163;wXX
2rr;5yj;570;Wfl;hKE;927;TUb;ptP;556;c2v
5wH;Cyt;207;kKJ;GZY;452;kBW;nEK;956;uMF
Kxb;86i;270;BF4;hkt;052;0AK;LDI;545;gff
v7W;kPV;336;rW4;kNG;749;1aV;wLZ;285;G4b
OGw;an3;564;X6S;LIZ;941;610;lKA;685;Opc
lYL;Ute;089;Wt2;z1c;112;vfb;PRJ;517;7pI
yEU;KSP;733;aou;3Pz;547;vtL;fJR;971;nWE
dzr;a4O;768;pIG;8o4;306;0tY;AYH;221;Bno
5D6;J3g;630;SUu;r9v;604;Ci1;Yu8;556;CIU
KvI;ZOO;364;1cx;akC;329;Pix;KRJ;447;Ocu
L8O;B0e;086;wJb;qJe;207;5Of;U33;074;Euc
OkB;67P;155;zaE;7WK;714;hDn;wLH;947;rmG
WkC;wSF;530;DNQ;nEu;892;RnL;Hpi;438;V4M
lDu;Zkm;577;Nj6;ayL;589;qnr;0Rn;350;ZHz
AU4;7Kb;976;IRH;itc;277;Aiu;QAL;294;X9y
MQj;BsU;685;gnd;BSN;933;Stz;nn5;886;zys
RY9;860;761;U0x;z9F;275;7gK;I0n;358;yef
ZoS;Hnf;366;py0;IXp;678;dYm;3Cr;491;UXm
nuB;H9G;302;rNW;Wwi;134;ONl;Q7U;433;5nk
Wff;Nae;696;w9U;j0J;913;F91;a6T;913;Mva
D1G;vI1;687;3Qw;JOt;822;HEA;afd;292;8VE
wZP;FpT;488;4WD;2VN;269;frd;8Dt;809;hRI
NBr;SC2;224;OSS;z0x;703;EJQ;4uZ;321;jHW
Tnd;bKC;804;vKO;Yv7;961;DUB;vDE;320;v8Z
Y5G;PPr;685;GUg;CoW;673;Gxf;9Uw;714;1gc
pjx;mBX;986;qxY;0IY;888;77F;mh9;201;6hb
Ws2;5yg;753;5co;q0J;439;bdR;nHo;045;U5I
37K;Iot;853;g57;3r9;553;puB;cHI;260;kDZ
73g;Lrd;354;YW2;4cp;107;uBk;6Di;170;HVO
UT0;s3X;697;MOW;VKo;649;6iM;3sJ;523;KwM
T4A;Qt1;729;zS3;7GU;614;Rd2;jqc;608;T8h
Mp6;9kt;268;y9S;AJV;386;A7R;JgJ;558;djU
eHk;coW;188;ayS;Dip;909;LD6;PPe;518;b3A
5dm;mLS;341;YZA;WFO;647;Dlz;E7O;299;XrB
Odq;6BV;285;E1D;TZ9;038;SOg;Umf;435;Amw
3hV;zAy;277;JCd;JbD;430;FIM;Vx8;187;CcX
YQg;YdD;945;mjK;85J;000;4PX;S1x;469;skm
NBF;0Ch;707;jDP;Ytu;902;vqv;8Ww;925;DEf
Fib;ueM;838;AVs;kHF;086;DOL;1Ck;750;Whe
YKc;qGl;428;o0W;Ro2;283;Jjl;OXT;324;tnJ
LlB;qef;922;Ter;K7p;341;Eu4;F9H;075;Y6x
7Gg;4xG;747;p8q;BSQ;952;BQi;o2E;865;X4f
uwl;wSW;773;AN8;Cgy;974;89O;R5u;495;gYZ
XJS;LlB;536;7SH;Yeu;342;xfw;BHZ;890;XQs
hg1;1jx;045;8wc;EvN;669;seL;MR3;800;LrT
T5g;VfV;503;xEh;1v6;996;Efe;bjt;960;EOo
MLC;EFG;525;oYk;aFZ;381;wtw;lvO;838;5XT
7yA;giM;715;9LP;P6C;336;sL6;byz;506;6I2
nDP;e1b;958;xz3;GGH;497;TZ1;Iid;115;MEp
w1O;alx;688;jGi;qAZ;780;4hR;IWB;295;VGk
aEU;xBG;802;jUk;eKN;628;hZr;SoK;839;tav
md2;CPO;584;9ld;eVL;041;eDG;E5Z;019;PvT
WMA;qNm;876;xW8;QP9;929;lB4;M5n;750;try
GYo;HdS;628;MoR;fuY;193;bTI;qMP;587;OGs
MQY;gJr;215;MWq;4eg;586;KrD;y0h;203;REf
GZi;rWL;477;Yxg;H3G;623;d4P;LT2;028;00y
YZr;1cE;474;dEN;6tF;254;WAn;xPv;148;HVc
R3f;tMc;299;HV4;I72;154;lGU;PLx;032;dvI
cIw;C8C;887;jJ2;PWo;381;lFm;nvn;147;GX2
3B6;eZn;121;GSr;35g;549;2on;wT5;729;4M2
kGR;nWA;547;TS1;Ceq;367;d4W;UVz;274;JCT
LhR;pBz;585;9mz;zfE;920;EN6;aVl;386;fQC
Mst;M4q;276;87D;yLo;151;XFG;HvY;553;4m8
82H;Ybj;309;tj3;aPD;654;458;Hqk;434;XZ8
178;UC1;248;JUw;zZ3;908;fdF;jJu;686;lNs
Gks;6VQ;225;0dE;UIk;639;6QM;Mb9;408;IZf
YR9;yMF;476;HvP;mD1;673;sjQ;uSd;997;Xia
hYU;m5n;536;esI;8By;021;69c;yLO;382;Xy8
sT8;DJO;041;Cju;rh6;836;uip;7El;898;z2z
OVF;zRl;825;dK3;H8l;543;A3h;zUH;358;t91
Ids;HaM;167;h1c;RJc;385;gIN;Lim;936;dHj
zTC;INF;087;m0p;Pm9;847;yxZ;CRw;815;LIf
h8E;64t;742;qOT;HpM;087;rxp;0eI;092;CJ6
9Kj;TmS;617;7Oy;VJI;951;Rtb;G4T;137;o9e
pSx;5dy;385;5oK;A5I;547;s79;692;731;5KW
OKB;Lgt;585;qHV;KuN;996;yM0;EHQ;254;LvC
LAr;Wcj;809;P6o;NZS;835;XjD;pz2;493;6sr
0mx;fnr;352;tDf;mRg;831;ohd;IxW;409;xkE
OQ8;Mxd;014;gId;hVF;048;BX7;76v;458;i39
EOr;8fg;647;oDd;0Xd;470;IWP;WlC;162;fJM
gao;DjA;625;c95;izV;412;jT0;UD4;373;PMe
anH;Rkt;217;qRo;XpL;960;TrF;XaV;733;ios
Cx7;0fr;112;SJe;MIQ;264;e8I;ZZH;319;eay
tXn;09D;002;QQT;tA2;225;szM;Nrk;421;1va
MSZ;40z;252;5K8;CnV;741;gHl;MZm;897;md8
1Dq;VLr;926;v2C;Dlq;446;iR0;OP2;850;3AJ
iuG;haE;293;0gr;7xx;386;wo7;JUX;032;KdR
ggE;M3r;074;PDx;Cwz;524;RFY;L0U;563;lUV
sEG;TSw;946;Mcn;u9L;767;YfN;w2K;330;dMA
MWL;Gqg;394;aIL;t4g;090;f13;tD5;313;hg1
cWe;GkV;758;wCU;OL4;063;KJn;Vn0;424;6t9
UCW;jtL;175;jE2;gtk;491;Kcz;c4z;339;aBC
Cse;20A;194;Smb;g31;307;1FV;n5H;485;qRo
XIX;j4Q;352;8cx;BsP;751;ivx;0W6;653;a6U
HJz;CSW;486;9Al;Znh;035;pVS;2Tm;656;5cN
rA7;bgc;925;fC1;8xJ;392;6EA;I91;633;06g
f6i;LWv;306;4j3;Xrp;376;7as;7Vz;260;KDM
tts;33r;538;Ys6;0Ff;532;XPS;2TF;257;VLB
eh4;Oux;463;vx8;u5h;874;8Sy;AXT;120;igS
fVo;bJD;285;eIc;f6q;486;V0u;UnL;709;oja
3Me;Ob8;908;HzR;K8e;518;wi9;HTo;772;qFC
4e8;jh0;244;s9a;NEE;474;tuh;mgo;154;0Gl
mCH;Jj1;579;Erb;4aA;028;uwM;EnZ;994;ubU
gsF;xAQ;809;C9K;isn;126;85H;TaT;515;5hy
mVd;VGd;030;xKH;Zt5;443;wz7;8jl;959;OZu
VCP;i67;149;IPZ;7o0;427;ZsB;rvq;031;jWM
97Y;5k7;472;dFA;UzJ;580;kNs;WxE;781;oRL
IHn;UmI;358;1NS;Wco;167;xUd;uWn;165;9Gz
vlb;Meq;750;xh4;Nve;271;H4J;sPs;108;za1
nzW;6l0;550;j7c;O0m;676;K80;fhs;502;HyJ
3pq;Erl;639;6lv;py7;841;EQa;Dpg;783;8gG
9h4;sFZ;650;3x8;wv8;414;PXY;lDa;007;IuH
BnN;CdH;099;ZxZ;iAZ;161;8II;UlG;096;lza
sLn;MWs;583;WxL;Mac;907;GCz;NDy;689;sWM
upf;kho;215;rZy;yKc;210;thd;FG3;711;PYw
3wD;Ip6;516;X78;rIF;221;7K8;D0p;235;w2K
Bks;lDK;572;Ybu;wkp;962;Ivy;z7u;285;TpC
ZN2;i5f;041;p8f;nMz;739;8Up;nAF;562;EJR
gzK;9HU;050;Fge;3mF;627;aMF;8lP;820;6PX
WWe;PzD;844;oDX;IBp;103;Hxv;qeU;673;a7i
UZ9;p1u;555;qaM;gtA;469;x8k;gAR;732;Gku
Tar;t76;349;9GU;kFe;724;Jmk;cfY;791;q2U
Ptd;cmc;747;07d;f1x;791;dxA;pdD;939;cUk
iOo;X1F;583;07c;Npl;438;6cr;nG6;633;Qbn
vND;kOz;959;A1R;1b1;865;S33;Ewr;394;Zjy
V5t;Jq2;711;PIU;lmW;534;AOS;6qf;258;UIr
BFB;kZA;478;Ybd;4qF;080;DGd;K2v;009;4qX
97B;AGo;518;lhg;UJ4;509;BwY;Loz;233;Vrj
z7B;8z3;687;Kog;kQX;438;d4O;CKr;104;2a5
vgL;Sqi;840;8Fx;Mbf;013;O4t;H7G;467;b8k
Lee;T9z;274;rYT;PtD;524;YBy;OWS;482;ACS
NQm;Y8P;110;MWb;J5F;184;D6o;GK1;555;tRh
4re;zw4;585;5IN;5Ae;451;fMQ;yGb;564;dz2
8sY;Hkj;303;w78;moa;294;av4;4k8;256;S7X
TgG;fNQ;306;1MO;fHS;401;Csb;VgM;243;kRO
VFB;KsM;997;UoX;trt;056;sYj;z5c;578;CwC
lF2;x6l;312;D09;z2v;035;LPi;aXp;213;GPh
ZMf;pJV;746;utQ;WJk;252;6ZH;3pt;161;FdJ
yFW;o19;221;9Fa;VbU;626;2gc;dj5;297;FhY
EDb;cgs;653;vOo;2zl;578;xli;0lH;388;z6d
Ak5;ZIE;289;dvX;ISm;209;I6G;SVA;855;b1e
BdB;U7v;186;uOs;wSj;985;3WG;Eeu;422;2Zj
fid;eRA;262;4Qx;UFb;239;Olh;A6d;197;B3G
gvH;xWo;274;Hxa;nu5;180;LE6;oUE;444;u56
2Nk;voO;468;3nd;OhW;542;yL0;N2n;745;dIf
xti;aDa;225;HKj;3ir;789;Jwz;EWd;441;J36
TB0;4Gv;528;2Ob;y8n;036;S4R;FeX;872;55v
bNR;jW0;741;vEn;x0q;910;5my;Zwx;213;AP1
01e;uEj;556;JUX;u5i;192;6XS;oES;766;773
czF;fyz;311;TCV;dSH;722;3V5;mGG;067;qe5
NA6;T14;844;Xxe;qlb;595;JVs;FmN;498;G2V
rh9;PDh;967;y8U;wg9;254;W8B;cpg;334;YhD
GZb;BA9;878;2rZ;rd4;423;uuN;8pd;533;crH
2z4;gMy;619;Eyt;yg3;034;B1u;X1Q;822;32G
6M3;zeT;103;hM6;WhT;101;Egr;YY9;322;K39
unt;zFb;549;2Mh;5py;460;FKQ;TRh;674;WPk
ynN;v5q;712;0up;jAd;013;ZOJ;WSB;521;ztv
8Tv;koM;068;WiO;Ahc;128;gLv;zJc;861;qkp
1Cj;y5b;072;FHs;TpI;441;nNz;6M3;731;r1x
Qlr;wFF;881;uZD;Z5l;361;RLP;J5i;772;ruh
HgO;KNK;510;izc;nEx;410;oLd;Ns4;508;iw4
yQN;Y4b;882;I2z;skj;214;YuJ;PLz;487;yEW
iS5;Bh0;623;I9A;9KC;079;Fzl;Tnl;895;30l
lJZ;zua;800;5AI;GK0;286;f2u;c3n;552;O46
58t;AJG;307;1X7;A7T;993;Cdm;MZy;246;oEJ
xvm;nsn;360;t1V;cXi;300;5ye;2P7;925;nxQ
Yke;DIg;140;dKu;Rj7;813;W5P;ZEM;146;8lE
JMh;Dqv;791;wKw;cUw;432;CB1;d6h;757;FSh
N6S;rQl;561;94v;xfw;811;Q6j;p6f;797;Fo2
tKV;Grz;656;5h9;eGN;038;Ome;pbm;849;gLF
vWV;598;960;LoY;tdj;010;h2b;R8y;576;Yxz
CvL;lsF;502;bXN;H9N;972;28P;QC3;816;z10
lHl;tx5;457;08W;kjq;071;PNS;O1h;362;Ce5
Xng;lsy;102;jab;Vix;528;wrM;DK7;588;ond
K0S;TRd;658;6Qp;ZJt;469;KK4;kC2;496;u1C
lzC;13w;686;mu1;bA3;529;U7L;1bZ;873;WaG
21a;EkT;772;yVJ;hBT;859;IRb;RJF;030;nQv
0s1;mdK;029;fqe;ww1;868;g0v;cNa;583;UOO
3VY;Den;655;AJu;8yz;317;PeT;p9X;767;b6g
Uvu;nne;275;EmF;g1p;003;Mot;rF6;543;3sH
7C8;iCR;482;S9h;6iV;165;Pcb;L1e;891;sDg
cnP;lTB;445;P8y;OCt;852;ruk;o2C;714;aYc
D1V;Mav;941;ug5;z9I;480;SSO;D3e;613;Kcv
kH4;Xfv;817;pfo;Dmo;343;4Pe;ZTz;213;oA2
eYs;Ka4;305;9na;pYj;620;oE2;3SU;667;UHK
1FO;PZt;260;HdC;GCW;636;S9h;GWR;931;UVS
YsJ;gYs;363;g51;Sm9;039;Gzd;QA5;577;jAp
3Dd;qWp;396;k36;WCV;422;TOr;k4e;830;v25
BRo;Q72;046;Jvu;Gn2;865;JVt;jxj;776;zGU
E78;9UX;700;cxH;LLp;460;hEO;HyM;481;9d1
iQM;fMs;547;7x7;0yL;909;sXZ;j2W;073;10P
rRO;BFo;485;05z;az6;165;mux;ZUc;222;f4b
47k;5pY;396;HJy;gCf;573;ovk;m4x;274;VoS
acX;wyv;303;7RP;agn;814;fpI;mez;241;RHp
Mbv;cT6;532;Kdh;suV;814;Jpp;DN4;141;mU4
zvT;UrE;422;K3n;ezg;757;x9Q;11i;326;0Jf
mnE;5nf;233;HrN;gtG;149;8te;sVa;714;j1Z
AW4;RRM;090;8w3;1vt;259;HI0;Gh7;406;2N8
XCS;ne1;687;Kgr;iUc;715;vO9;rSn;734;BjC
eRP;5XX;181;qlk;RMd;614;JX0;eYV;301;hbF
auQ;Whf;008;gFH;qzX;757;jtc;fkC;770;r3u
gH9;krF;946;Opo;GIi;397;Mmb;74Q;613;k4s
yJl;Pfu;940;XNN;Bfr;192;TbW;jdo;907;POX
Afb;Myu;414;uSL;GOv;163;8iy;64o;586;z5j
PMC;U6N;646;FuZ;ASy;571;uJM;DAT;731;FbQ
9Sz;HRq;254;4AH;aGZ;832;xFO;fKP;091;37g
KUg;woD;158;WYC;7qN;540;fXQ;i7i;747;n4t
Rwp;UWt;108;Eqb;Qs8;984;Dnr;rIC;379;hl9
Yfj;zdx;746;mBF;7dj;945;ede;0Rd;696;MoK
yFL;ATT;503;71N;tjf;996;X7t;8Dz;993;p1x
yko;cHX;302;8AR;JRB;342;dXr;OTE;538;xtj
6Ff;lOc;820;D1g;mjh;927;b4I;062;593;iWz
i8f;MJ4;125;LV9;Zji;661;ecr;zHp;089;r7H
6og;Xqh;540;D9m;4hL;535;UDw;IRS;273;GW2
OAn;ceD;096;LYH;G7C;144;pj1;ysw;229;3JI
DCU;7ZB;267;Nms;IlW;222;XAC;skh;705;coA
AzT;xot;375;lSi;kaD;985;MOl;p0U;894;9Ul
jgH;rXf;656;N3X;31o;147;P2d;RqL;978;e6W
Wwx;btH;483;oKA;q96;753;8sT;dMy;512;Fn1
uLo;Ole;482;Gd7;TMO;632;tdg;vHj;651;yuY
Kjr;vJh;309;BTy;FBK;376;1Qq;BIG;328;bCO
8xr;c5C;331;4rH;bjb;882;3mP;7yU;872;TGr
74s;Xe7;116;Upo;Wfo;354;aLl;rtf;080;8vR
z2c;ITv;866;hiZ;vxB;915;Qi2;E1w;266;jVq
xzG;qRB;711;Xf8;p0z;117;sWH;904;338;2eg
klR;0zd;994;NUF;OWQ;494;6EB;Kz6;584;gQ0
eZS;G8A;594;Pdp;GAg;434;qNW;1dn;760;OHJ
MH8;K3A;345;uuv;x3l;041;IOR;0cf;284;ETf
nzL;3nC;483;w2h;T1i;942;Ptb;whW;311;VBK
kaU;71I;141;gKl;keO;972;Ypp;zBh;075;bLM
P7Y;jpO;835;1D0;hYL;705;mAD;7Fr;031;a6K
2nJ;D6g;033;nhs;DhC;496;NZE;zOK;460;o5H
Hfd;TDN;060;phz;9ax;747;tq9;JFF;935;Hvq
XqY;riC;725;vQb;QCs;326;VQg;hWh;860;rkh
6AB;UYp;055;1Ho;rwl;187;vt6;n3o;829;3SK
9cO;oPq;504;n7q;ryK;876;2Ne;MmY;172;rZS
BKz;Hc9;934;oGg;Nm4;404;4qd;aFB;827;iPw
ZeH;nyj;675;7hM;Aqc;912;I9x;dgy;867;jk2
DJS;dJn;703;Cq7;Zwm;331;bqB;s04;003;rsz
alB;FpP;390;48U;g9s;164;X6W;XjP;674;Hp6
Hog;BYU;391;cX2;wkC;321;Pje;ucC;343;Eae
OTt;kMw;313;SX9;PYt;500;xU8;QTF;867;h45
NhC;C6I;033;t75;DXX;064;1aX;Ghp;376;TrW
8Om;4gZ;806;ZpP;giC;270;yGm;k3q;783;8wU
AZX;A0p;924;6ej;Mkv;622;oex;qNm;588;uTs
0mE;ow4;671;50g;9Tw;245;yVg;hQX;837;DDO
gYA;aRh;211;Qzi;dTQ;372;sWG;E8H;766;m4F
qJk;XRw;555;tNy;520;088;cYX;V7C;534;bLP
jN9;HiO;421;rL5;uQl;351;P4C;AUp;282;2EP
xUA;U0M;758;5tZ;y1z;128;tsO;09C;773;rjw
R7A;O4j;919;JBZ;8yN;867;RrS;HIA;248;Yzi
ozR;J9o;442;AXz;DI2;315;hkh;GaH;731;6I1
ENn;Zu9;238;Wrc;8BP;717;XlK;HgR;525;kiM
HHp;F8I;630;Chw;A9N;695;Qw8;ooL;939;Kmn
OvP;MoU;892;gGQ;qEm;677;aWn;dqu;096;4Au
EoP;kGn;950;p5q;YqH;896;n8n;5c6;140;sAP
cYV;4eQ;296;Qis;nLX;669;4Nv;3KP;197;bcS
NTT;ixw;519;8i6;YhP;542;ohc;yRa;181;kXp
h0v;BUJ;475;fXj;yPF;896;427;RAI;882;ESX
vFp;95V;072;HTp;QtK;047;X6X;PBK;380;N09
pBE;1QO;029;Rz7;bk2;024;Lo0;NgO;432;IMC
rVt;kuB;814;yP1;A2L;533;Tkd;jKV;545;aIj
IZ5;UaD;944;cbk;ENk;288;QQA;2ur;634;M9t
Yj3;T3I;773;4sr;imH;309;jws;F0Y;042;ZLy
7PG;6J2;430;9dc;aq3;022;xoO;ybE;418;iXB
cOI;1oe;118;T5g;WV1;395;tsP;QBu;582;s1U
Znc;53O;593;mmk;z1a;733;gjs;CZp;809;mjc
5ly;sKo;879;VZi;1tJ;370;Pxj;C2R;522;GFJ
Yev;41I;298;pMD;aZB;667;xX4;7z4;574;KWB
Wxr;q7j;454;uGt;XOK;858;jer;Zp4;866;5AO
5r2;kE9;140;7DK;GBW;024;Amj;LnQ;099;KTU
zfo;YJb;205;WBh;vvj;794;Pnc;YtU;721;QL1
Kxz;xl5;141;bma;tdW;242;Gaw;H9O;604;1Lf
nu0;T6F;838;Ueh;dg3;898;08H;umE;272;byd
5Jv;YRB;030;j2l;njz;814;rub;bYp;494;kVr
MJt;8un;416;FK5;9kf;655;rZO;oYz;253;znb
K2s;ZGi;138;BAB;TNq;322;RcL;5No;996;3KO
nCl;lCO;531;IZC;Wca;518;wTq;1Q1;618;fDK
Yzr;vVO;476;JdT;R7r;405;8XP;jHp;079;PmG
5VS;aO9;970;4vt;ZpA;440;2zq;nin;345;GW3
u5t;QYA;645;P9o;5qS;861;fIM;zeI;849;L29
itJ;irR;746;uuY;mh3;320;bRz;Ei9;448;jDi
Fjr;y6G;577;BHd;xZb;856;NTo;rZc;445;A3z
sWJ;ER4;741;Wwf;12O;151;F81;Quy;583;dds
q7d;89l;119;hYw;RJK;917;y44;Wa1;460;c9I
APO;yqn;488;hgx;eUr;027;qoa;teL;603;9FZ
4Yb;9jQ;616;pOx;Hyz;296;6PQ;dwN;299;xrs
z5Z;7AB;713;LTG;kry;102;fu2;Vm8;218;DqE
RB0;UqO;902;UwY;RSS;418;IUN;jmW;289;O4T
d4Z;pT4;272;5Ag;8vj;590;Rcr;jKZ;945;VHB
St1;aLm;924;qvD;kev;853;SXq;wux;151;siD
TxB;xdr;727;VSu;G3P;571;7KQ;d9E;863;QA1
8Mv;o7n;896;cyI;lEv;094;vid;wSr;176;gCg
R5j;6ko;096;Nrh;gRE;539;JpI;NNf;716;Pdc
aq8;GAw;120;Z0t;hws;477;C1O;kDS;686;noH
sBB;Lq0;825;UHa;VBM;301;xEh;RbO;258;FaZ
eKg;FeU;791;sIG;wS7;283;NP9;GRI;227;3Po
Tsa;HAy;955;qA8;Na0;990;9e7;EBI;313;CpK
V4U;RgR;104;nKN;3C4;732;r86;yen;857;Cj1
2gc;q89;032;1eH;2Jf;339;Sjv;u3r;548;iAv
rna;VFq;583;hdj;wQ7;651;2e9;9m7;182;eor
rlH;p1r;159;fF4;gmx;336;oSN;z56;496;JZM
c4H;8VW;599;wYe;cDT;200;Fqs;nFA;325;6UE
1u9;gVL;083;WNK;t3r;089;C6F;mum;166;20p
3EH;gfL;786;zV1;tRm;662;FvO;3Ox;698;1Sh
cUN;prb;836;9xf;jFg;576;LGV;oVa;158;uly
Nf6;Ei7;048;SCV;F70;180;HpZ;SjK;293;Lnd
TSa;SdJ;798;R9E;XLq;626;6Zd;2Wx;700;Fas
nSJ;oXZ;940;gKZ;VxY;634;Fdy;OK7;601;u5r
TQD;AN0;232;GKU;HKY;837;AWl;x2H;249;Ayt
BYt;n75;832;6Bo;jV1;750;EBE;sSc;428;69Q
aOW;Y7I;294;mWk;z2F;125;FOY;uUb;420;6pj
Tvz;bFj;082;WEP;ull;410;MVo;iCA;961;4L6
XYg;LDF;887;Tb8;VSj;512;6HF;kob;054;MYd
TL4;sUy;391;nst;q6F;423;Isw;dW0;834;18Y
Pvm;jv0;872;IZ4;Di6;773;sh5;Poy;106;0td
DC2;RJt;063;J3E;I1s;477;LEf;7PA;388;bLq
D8Y;B61;732;WuN;Li4;154;Beg;Rl7;998;CVJ
pGY;dsz;528;jja;BWf;225;y80;2Kv;738;Xi0
WER;ZbI;746;t8W;sEg;248;OIS;LDx;367;JfX
NMo;xG2;043;AFW;bdW;523;sCA;Jua;582;27l
bcO;YtU;732;tHx;Ktv;966;Ld3;sPL;619;Bdu
euR;6ec;002;Nhi;puG;727;8lm;clU;920;RdX
sSa;rOq;801;RA5;s6b;280;v66;LXE;143;nJG
dRe;Qia;463;xqI;yMt;706;Ftz;Fl2;235;1H4
QrE;DCp;080;J3G;jPv;998;AaN;4Wr;490;ssc
3fd;kr9;541;yEl;FVI;052;We1;Myp;593;F0d
Hh6;CJW;069;HpL;DSs;303;hHN;mfb;346;Bps
Skg;faQ;591;25K;GS3;639;e4s;VEJ;592;VcO
g9F;NTO;176;EeI;y6B;548;xBD;gQx;902;9mW
DtK;wCr;395;cCS;Bcx;684;Y9l;6uR;605;4QA
GPw;xYM;955;sUV;8ls;491;YAK;EYP;803;nWW
XUp;6mz;319;Ynk;W8d;897;xCg;pEA;042;5j4
tBe;n1w;754;ShI;vvF;195;3vM;RWL;211;Nfh
VSm;58i;552;Jta;Ov6;864;nQY;3q0;826;OIM
IVr;icE;925;cD2;5xy;855;DiC;ApA;912;6Tp
O8H;0Ui;983;m3r;byi;040;t8M;hoi;431;UFn
D03;j4U;281;kN3;rXe;434;MfX;irL;642;FTI
6bq;I7N;601;3RG;diz;085;SCL;qyt;717;NUB
bWx;yuO;689;wOH;5Z1;497;WTz;al0;492;06Q
tmu;OFK;823;hXy;4s7;029;5AY;M1K;454;1xv
1XX;xJH;342;cbU;AZw;117;BK9;QsM;500;utl
3yF;Um1;899;kDR;bXV;813;3Ut;2ru;636;m6T
FCd;YtU;378;uQS;waS;806;IGU;p9i;548;jFy
L3S;RZO;403;Jie;J7X;322;rvu;jDJ;249;IxZ
Vu5;yWu;901;pUT;7LC;537;VRy;ACA;827;9jw
6jj;T4W;578;BZN;Xnc;063;uaT;gsw;075;udx
S3S;mXI;553;ofg;uIB;567;ybi;gjQ;770;SLs
Z2p;Lgd;521;SJo;wp0;501;m1a;DFj;904;sns
jC2;XDi;248;TXf;w19;899;Ket;ro9;119;1gQ
IJS;udb;172;rtK;mX0;814;UwN;xq3;315;sf1
Rww;9iL;072;nKd;Aj9;389;Ys6;RE8;345;XTq
t3G;t5h;770;g5O;RQe;681;yvb;bRw;094;LYo
Lzh;OUD;588;8hz;3f0;642;M73;Ecs;853;8eq
25Q;Nvq;937;hCh;WTw;806;JcH;Owk;909;WNW
vra;3Ib;576;bhG;5ey;834;oBd;lOI;770;Qyj
AUG;naj;868;5cY;Dtp;994;gt7;iTr;420;zQR
URM;Ciq;097;Pkg;PZK;325;CHH;fXF;855;u3r
f9H;MF4;896;DgJ;ILC;330;hUW;Ivk;335;Bys
Wad;6YD;581;BO9;BOi;027;LVi;Em2;210;4QD
JBi;t5w;606;yUO;H3U;243;hGb;Qgp;928;olC
8u9;nCk;385;ZkP;eSF;022;aim;K35;772;fb2
wro;CxD;979;oRT;UzN;046;P74;Skh;227;4FX
r5e;AOi;044;2wF;VRS;031;n7A;5hQ;564;eDu
2va;BtF;912;8KI;fmV;502;SXw;RoW;048;zBf
iXr;DHd;499;PsK;3tg;211;ay1;0yX;685;iS8
UjM;OR8;184;DeW;XlT;481;74L;vFv;198;gi0
dZa;Zlc;003;bNV;0GT;900;dSK;KYH;877;g9R
4yZ;ZIY;360;BBj;Ovf;666;tb2;CEP;145;kJq
DON;zc7;498;qw0;cSS;936;yYY;ICU;972;oGI
Ap9;2JS;688;GhG;0nJ;181;QFp;CcZ;782;xgd
VfP;07v;232;kgm;mHD;100;G92;ZV2;251;xj2
FJ0;sqy;356;nRd;ndi;817;jsx;9Pn;278;Qnx
MNU;oE0;553;9Sl;ibR;625;hfW;dL5;441;LEF
HrH;yo5;476;EnI;gIQ;220;NJm;iSI;155;DQa
NaK;E0b;495;OBf;yaY;997;UkQ;VMm;498;Phv
zuo;y2p;778;9AW;wA9;881;q4l;qDq;525;Kqv
a4B;GRQ;239;3G6;6Ol;805;NOJ;8kj;880;bBL
ZuI;q4o;857;eJ6;XtE;894;A7b;MVz;269;ZMs
han;0Jk;985;SSG;gSN;625;DIN;adf;960;S9y
DAa;RXS;166;PIe;cgX;799;8m2;ol9;665;ikH
Wek;p6v;672;GiV;k9O;599;8ga;6Nw;539;JQX
E6d;yZu;742;dYV;fId;154;dQE;2TC;716;ZCa
Nkq;Aoj;015;xJ4;pXu;927;J7Q;YbI;557;b1N
gwk;F9O;223;Oux;QHd;911;p2f;IO1;227;D6v
mAM;SQI;814;ICc;Al1;300;qSy;deF;493;3sp
rxI;CRV;610;Bv4;7TH;991;DAZ;uit;364;kuf
CIw;syI;445;Xag;xqg;750;Q0q;RyV;368;2rs
FUd;J0B;636;1Rb;uSi;774;dFp;gYC;411;HIv
kvx;vf0;782;DXE;xEH;795;280;18m;169;PDD
c2a;4OG;010;U14;pgj;073;btU;Pjw;167;pau
cMc;6lu;910;cbo;vlF;749;kOR;HUz;516;Pmd
Xmc;4hd;630;LKe;bes;191;uli;mIM;566;rx8
IWk;TwI;863;bKd;zRS;929;lJl;phE;544;40H
iWB;GSO;048;YVx;Qv2;696;6qI;qf6;339;ho6
1cm;iwY;125;T33;Ryt;405;YLt;uGa;584;JbP
Cf0;zms;763;PFQ;n4t;491;UTi;vUA;097;0fV
59j;tLz;533;d8L;G1X;102;HOH;PPU;533;X9w
WAH;PQC;283;5Sy;u2A;609;nqn;J5I;718;LH7
9wt;Xc6;544;5HC;CJG;627;FEi;U19;145;Q4p
EL0;Ool;364;YFh;8es;223;6QQ;fmr;169;wjp
mQ8;gwE;639;IJp;z6d;392;AJU;ggD;360;vsZ
RpM;Sh2;828;8IX;7HZ;291;4Y4;B57;055;aA2
Ksm;KCP;465;kDE;sZG;523;xXG;Hg7;173;VDY
575;wC1;886;bM1;T4E;027;9JO;ifS;497;fFH
2Q8;goz;954;oIk;RR7;910;4ok;tt5;427;PEV
TYN;vSn;727;7Vs;Y1M;599;rul;2Uy;659;5T5
bQJ;U8M;958;SrN;iIa;939;WKQ;MS8;888;uXe
AOg;6ov;054;luZ;tLl;142;tSH;Mig;191;A5F
4tC;aOy;148;aTI;IzB;741;8zz;7m0;207;YhH
CN8;QvO;408;nTV;6lt;712;Olf;En4;352;VZr
1KK;z5M;154;6tK;knr;617;tLu;bT6;436;kWp
DFb;WPs;810;fmx;x7w;774;tku;tcj;333;Z0V
LOE;zEk;243;ieh;gi5;954;bpJ;O78;587;uGl
NYV;9np;123;Euv;1hN;592;kkw;ygt;416;nF1
tzr;VOk;866;7ti;ISx;640;ZHG;CYg;129;ECh
Qbr;aUP;370;5zj;9zE;376;y4j;Qic;393;jjc
NlF;e8K;607;ZRP;wOw;683;3Zn;ZNk;660;Avp
xO9;WbO;458;uW2;Ycv;352;Cls;swr;544;zJR
yOs;Bk8;406;AZb;BNU;204;VRI;LMd;784;d7y
48V;YIs;739;I7p;0Qq;574;TAG;HCu;977;y3f
hz2;hDu;111;EFE;v0t;077;yq2;Zc9;408;mGU
pbf;J7w;348;vns;5sY;194;678;Zub;501;3Kv
L5z;IQa;567;0I9;b9U;193;d9I;JVp;341;B4P
DN6;thv;980;C7V;6i9;674;GNi;zPD;904;ENn
seZ;HHs;891;G1O;9oh;716;3NV;vDN;645;Tjs
QwH;AuR;556;fXY;d4y;405;s3H;Ivg;704;GW5
KwE;sil;976;Ynn;wNf;424;xSD;OYf;128;t9X
GLH;P0M;605;ZYs;Ti6;870;2wD;Hvu;691;zb0
I7F;dRU;518;wIf;7Yy;011;oPg;0s4;785;Trx
nTI;nzZ;978;ct4;DOs;633;hsh;Wu5;493;hPu
gTB;nac;108;WYE;zDv;099;X9R;yhm;979;e1k
t9w;eCI;482;RD1;YKJ;669;NVN;Xfw;962;Nva
NdS;hWt;575;uWx;QgL;669;FOd;USi;201;42x
8TC;iIA;777;vrQ;l71;088;4n6;mAx;167;PIw
gDk;WGK;083;5ZT;FPo;969;vJt;WaT;615;q3G
YsC;2lS;849;my5;fw5;137;4IU;ZPv;371;Gdk
8LP;F4g;485;s7a;Oyh;312;3Ki;t0C;958;RBZ
bQJ;k49;430;CQr;RTn;091;HwZ;XpS;202;gEg
6g4;dhY;441;PoP;S1K;656;Jby;Fbu;165;yw7
osB;93b;911;4hA;rO5;086;1jF;f9F;458;9QT
DWV;2Bo;994;XNX;xZ1;374;NGD;bHC;484;HUH
ftG;Eyw;072;DMO;DSS;843;F5c;S1v;081;n3H
rVP;V3J;887;c5g;h3K;473;FCT;6yu;518;z5B
UL0;HNG;862;X9T;AzB;677;Niy;9Ua;130;zlK
nCL;qKb;850;vR2;K3J;259;KAl;rnm;980;L6Y
FtA;i5x;416;zsy;kws;358;gOL;xuY;712;iSW
oGZ;AU2;009;FAA;wvO;264;GYL;rpP;212;5LA
iuX;tVJ;777;ji0;m4I;722;BlP;uqC;924;872
GN5;LnM;351;7NC;z67;557;xti;fKu;566;OTx
lzU;Sp1;160;bkV;X1h;195;k0d;fsk;186;nAw
UB2;UzM;752;xYA;bhJ;121;HcK;lWZ;313;lSG
O1k;tX2;511;FYU;WXM;997;N4F;I4A;036;1Bz
i9b;wWI;733;ubU;696;305;kAL;ne5;310;Owr
rbm;nXy;610;u8m;Yyb;548;kRI;Opp;431;lQB
Avz;Kxb;650;K6M;5LN;845;eX8;rVB;019;xEH
ggr;ojM;738;NfO;XrN;492;4Fc;RZM;589;y3i
NqL;TV0;286;43x;wn8;219;bs3;Enz;116;GFP
UOW;JZ6;292;EUY;a9H;394;jZU;Jfn;784;p53
uju;GF2;399;ew0;NdY;018;dnp;G3W;886;ThE
922;cOH;420;DWp;67v;021;MF8;Xr2;250;DGT
xCu;Kxf;006;OQd;iCF;215;wOM;y6I;859;0wK
Za3;XZq;744;3OJ;5mK;754;fN0;b04;181;fe5
1Xi;xnv;097;gcX;7Fa;623;bMW;FH8;141;XKl
vl0;ftx;338;jiq;mAI;591;nmJ;Q4Z;566;EJ2
KJ2;Se6;145;RAb;dBq;880;18z;EXJ;690;ykd
Row;Ipu;301;bNW;shq;528;uX9;g1o;452;Quq
Mzb;lZk;329;knh;zrb;283;RCr;X8b;252;DKI
N7z;Bs1;706;laB;wOa;772;zk7;RX9;829;Ohw
KW6;Df5;048;8Fx;12J;842;ePz;VxN;923;d5H
RuL;yJf;620;Anv;uWH;547;QwD;edA;835;DP7
uZx;mQX;176;Sma;G9P;202;Ucr;NT7;535;MHA
BfF;aoG;379;nWY;Z4V;866;u6s;u9B;707;M3z
JAy;JFs;608;qWL;oK4;588;Ozn;JmD;631;c82
pMY;jQW;366;eGT;5zO;883;cD2;Vny;784;eAx
5rr;3jk;854;iBa;nR8;802;DtB;ZDV;203;QbP
fOQ;bIN;481;rwS;RtT;151;q2q;Rx0;178;fXW
XhU;cFX;379;erk;3SM;623;4aF;veW;708;w69
2Ki;GMg;508;qi1;js8;339;XKv;gxs;949;HUW
pjW;9DD;067;ItA;vrc;431;0G8;c3F;664;L5k
b1N;xur;279;IeL;Qo4;114;lOl;NKi;517;9N3
iKd;VHb;117;r4v;U5T;310;rPf;tZI;763;L7Q
Po1;HAt;942;08X;kJt;962;OTz;xS7;098;dBs
mDb;FJG;008;QZ6;oTW;745;zgR;SSF;575;gAQ
OHR;eNz;527;EvG;zeG;328;3zY;y2s;720;fiP
vcE;mfc;685;ylu;Q6a;821;jPp;Pwr;377;Qgl
H15;qSz;912;QOn;JQS;982;0cz;gDR;790;YCN
bu2;IwD;399;8J6;D49;756;zZH;AqK;096;8Do
vTd;kiv;269;6P1;1Dd;944;mYT;EeA;941;mGd
P6A;D8n;864;Rzo;LYa;347;nyO;LnY;950;4QZ
xGD;7AK;730;8FV;x3r;365;B4a;iiq;925;wDk
eDS;8Xh;854;Vru;J1s;170;yje;L4V;679;hgv
vLm;jZZ;669;kAO;oaD;719;Qdw;fXr;862;CuE
Jzi;y7P;241;v0p;yqA;171;XR6;S43;590;reU
m5q;ure;840;PNg;Mp8;538;zjX;JFo;758;9PI
SWg;KHp;498;Ghj;PJr;425;ZvO;sf5;755;RCe
7eb;0L5;835;7rP;SCM;671;V1Q;eZw;779;1ym
WMA;OwR;264;45g;ugC;115;KJ1;8tH;475;yiF
oGi;NdT;995;C4I;vdC;788;qeU;gyM;442;u2X
i5d;9WK;397;8Vq;SBJ;600;7Dh;otn;128;2LT
UlU;xrv;891;79Z;7DN;282;Qyp;3LS;885;IFN
zb1;WkS;745;BgZ;nBu;831;uPG;5bO;311;R8R
mgH;bSd;801;lSz;EPF;703;qSm;tDI;576;zXZ
2TY;k39;219;xOu;5bA;602;AtH;cSa;598;9Cl
DXf;5pf;234;fwk;g93;431;Pin;CTJ;026;Pel
ynP;DeJ;947;0Ul;XmR;512;nPP;54z;694;S0W
tJe;kAJ;353;Zo1;Yir;167;KUZ;sI7;042;I6J
QPp;o7t;524;O3f;jps;190;5ot;BC1;091;ioT
irZ;Pij;585;SiP;WAI;304;9ax;ZJJ;871;qcw
09N;A8N;949;mKo;AwA;464;0yU;5yt;428;q9U
6BY;wRb;041;irP;IFS;526;Gwn;ByN;999;8wv
oMR;7G4;519;G6k;UsI;835;0c6;54i;417;30C
ZHs;4M2;536;I2n;udZ;610;ZpW;osq;196;5wg
z4t;zWt;953;qqX;lkf;083;v9d;F7D;313;PAp
9BD;mb9;971;iXZ;TGY;896;amu;7au;845;cVX
oRJ;lIG;866;i2F;kl2;974;QVq;rhP;896;JiQ
qm7;rxG;815;2Xz;BLd;124;Xqo;ERY;023;LT9
FeJ;UJ7;623;Vzh;giB;930;VV0;W6n;794;bIB
8QJ;01n;191;ecR;Daz;264;x5J;ZLr;380;tck
r6d;edJ;679;FzA;Qfo;028;j33;9E9;734;1DQ
zeX;4vp;467;ck8;bpZ;074;bKq;R6B;934;rDG
YGb;8ku;556;ir5;ELv;973;gXn;DnA;292;kxj
flc;7ZO;277;x8d;Dj5;843;Uc5;494;659;Ev3
Cnf;DWp;414;D0H;Ij2;784;Sap;SZn;874;i7z
weE;D3q;565;FVQ;I7X;460;I9s;rtg;236;DfT
btx;flN;682;ZTi;vza;943;xl3;xAY;152;NxR
TfX;HmV;570;Olv;hMj;790;oQv;1At;371;BDU
6gF;S0u;594;UbA;P5l;102;rQC;7AI;989;YeF
MUr;yMF;861;3Oy;g6E;173;m4D;hYA;380;l49
Asc;nnD;001;Noz;hFo;549;vUw;y2M;016;ABy
XVL;rSe;042;2S5;DrS;210;iUS;w5p;207;V9p
3G6;bQl;039;HBI;WEq;474;SXT;VcT;388;kZp
rU1;QNT;246;J7s;ENn;159;Izn;s1I;978;QTU
koK;Pe5;874;Ddd;Wgq;318;qqo;cNf;368;E2B
WtP;Oth;175;uqK;ywS;327;7Fo;sa2;263;ZG7
N2u;sfy;325;4FH;Jy5;686;Ffj;uiw;893;NI1
upI;773;018;n6E;YfV;356;MaA;hXR;126;BC1
odk;ic9;340;BEG;1GC;167;2NM;tOR;376;3wZ
NOq;TBt;877;oby;WOu;757;X12;LGJ;597;u45
tRb;psy;089;Y7w;s6P;516;ORs;fqw;016;QXD
e5s;P2T;644;6IK;xrq;613;Tmr;2R2;728;0oF
cZq;AoQ;393;wmP;eII;588;yDE;Jki;354;fHk
d6w;JnD;739;aLq;eQA;723;wG6;MGT;226;beP
KIS;OWW;154;Qi4;pM6;346;ejo;zfa;582;x5Z
6X3;qX8;943;jdn;fFd;818;vMy;26L;427;1da
Kd8;0Gb;876;xoq;ut4;206;oi4;R5f;761;mFu
dC1;PNk;817;Ii3;shC;779;w9Q;yh2;640;aPw
NJl;8a3;573;sob;DIQ;339;6FU;Hku;093;BTZ
XtZ;qVu;027;mSY;VWA;080;0bp;Lk2;918;Ade
TKF;2ZR;715;yYv;L3v;021;q2b;9hQ;085;7P3
pEd;Ea0;883;hOR;qPz;804;ZlR;Fpj;124;nvA
Z3u;TVQ;599;tEL;jBp;146;TGL;PmM;399;5PW
ei5;yAB;522;c0Z;kaW;234;G6j;L9y;886;26e
PLC;aW2;606;UB0;jZe;036;H9u;xCZ;718;uYe
ryG;tKY;936;3Oy;8Jo;327;VBr;Afu;710;JmP
ARY;DYj;984;9FO;Sct;989;km7;qBr;092;3ps
lUo;W3k;129;I8x;PXY;295;iTp;j1d;670;kG3
rUD;cKi;613;1iU;dcR;483;lNN;Hic;861;PUI
DEu;en6;129;Gmo;lT3;602;Qg8;XcK;341;QgA
ejl;E7b;596;L2P;YRc;223;RfD;KTh;953;94S
5C9;uNG;008;AJV;ztG;207;EDj;PXm;878;nu3
wJz;5xU;093;xoD;pEv;223;Swd;Zht;557;X2m
Mth;26W;408;Jm7;7ed;284;czM;Zgt;608;mb2
uEF;ZH4;329;0nb;Pm9;671;7pm;bFL;249;sqU
SAn;53i;960;75C;f2W;092;SqS;yEg;646;ZxN
5dv;acB;209;M1H;z0e;459;PRJ;COR;061;3gE
gE7;3ON;896;bbK;k5L;954;vdW;xqR;343;UcJ
jMm;cRH;319;08M;B9s;085;Lw2;3xf;383;soG
vVi;DAJ;587;5Kv;P6E;281;6xH;w6y;675;mOG
41b;Pg7;156;6FU;cEF;938;pOD;37L;981;TQI
we0;t07;373;0Y1;CH1;840;Mml;HIH;215;2ON
fep;0vQ;826;H5I;eBL;668;pB4;UEz;511;f0e
PEj;cZH;526;nCc;3DN;252;dG3;QtO;888;dIP
x2o;Lak;697;0m1;Hep;051;zD6;JMp;492;uHz
wE3;NtK;255;rWR;Hum;561;NeK;tam;559;EQn
PQh;Hay;761;mUn;vOX;845;a0x;UEl;353;BdQ
pIg;Su9;758;c42;Flv;459;FqF;87Z;296;U1B
xpX;QDe;806;nfw;bNi;000;M5a;32x;282;lqu
57b;Ku7;662;SAD;Lzj;650;AUt;rLH;179;qHg
8hd;AT3;673;jJg;s07;448;B1P;mfq;290;fvC
cL7;G8i;043;i6M;d0t;335;xGe;BFC;658;6rM
G6T;k47;311;J2O;IGq;677;6fZ;HiB;825;8fh
wn6;ZF3;327;Imh;eh3;350;qKU;72e;663;bh3
mRH;CkR;805;MJZ;a7H;974;U1W;Q1v;216;JsN
WXN;EKA;165;trp;zxC;928;wTp;LGv;752;jEj
8eH;5SD;172;1zP;g4E;750;JhW;Ix9;671;kub
ySO;9Ce;432;o9p;rPn;321;TFv;w1f;229;0RU
9WR;QkD;512;Sg1;5yS;837;a5b;kSY;541;Kzt
hz0;131;406;5l4;0O0;402;kYY;RVM;839;I35
4TD;3Nu;934;Fkw;kAM;839;tYn;ctq;250;SlX
IP5;wsr;215;xtM;9kW;369;27w;Kas;748;1HT
x4d;GEm;387;9DF;7d4;972;ShA;F8E;551;ZPE
xR7;7wT;118;YWq;p7K;148;6SY;OSs;892;yMr
HW9;xZ9;855;8vr;EMU;117;WQJ;gch;360;fIb
lnO;Onu;737;oAz;1XD;803;eg6;zub;487;VzI
hJF;aVW;453;JTJ;Fp0;118;0k9;WYt;951;3Sg
aAz;47x;229;Txy;o9P;534;6Sf;SjC;486;SA8
Hmt;bn7;387;NMS;Ao8;865;A5e;NFq;533;UZf
gwX;AsH;850;wIz;IkY;620;9kO;VoG;227;t3I
kPx;s0u;530;Ujh;0PN;863;NYj;6wG;768;eiy
UpA;MUX;693;5up;3xf;941;ucg;dYd;087;DyD
fTK;yVO;902;aUo;bAj;502;vbh;cir;252;hMF
XzL;XCt;973;wSN;7V9;985;Nw9;6nw;496;Dfo
3t7;RKW;091;pyc;Csx;752;qNQ;6b2;004;O9C
baJ;GE9;688;6Md;r9Y;978;JM4;Kb8;770;OMI
sSg;DQl;259;TsI;gCp;651;st8;XWS;318;a2x
OyL;GXK;071;ipF;HPg;428;icM;jti;112;gIG
Fk1;d7o;933;Jhi;DwP;627;VRu;B1R;134;9EJ
tIJ;LM5;353;PDr;WQX;253;Cyx;nCc;503;yWZ
eQ9;o78;831;Fw7;eJi;709;IlZ;9w9;480;QZy
OCE;Dnb;068;eTV;v53;124;r7B;Pdc;913;2j5
j8G;Elo;339;BWZ;Y0i;704;7yT;64M;045;Tgr
lhd;coF;135;qZj;D6O;195;Zvy;kjw;625;AIv
vU3;5DA;449;OXc;HW5;181;RKs;lFU;284;pve
oX0;qCv;046;OT5;Ocx;350;nW6;Cj7;761;KuP
4pF;mAI;415;eWh;fsc;980;gql;1qK;929;OEU
9Ek;KWx;737;llD;bLN;366;4rT;z39;740;F8R
0CF;yx3;792;oNX;wk4;846;nav;IwL;501;Qig
wCU;Eyx;035;Wmj;l8l;506;2ZU;NJ3;781;n2f
YLY;1GN;781;xhM;f9l;821;EfM;JXU;159;F8u
K3h;dgD;614;yYy;qq1;597;7Mz;wIA;323;iqc
XZ8;sLt;582;sNN;JBD;707;vTT;AL2;599;PM7
3PM;Yp6;007;Jnd;tEM;757;Eze;FwV;138;bg9
yDp;YqW;770;fwQ;Say;334;MQV;2NV;522;3Zt
Wff;Xmx;989;nVk;0lv;084;UbY;bov;688;TDy
P3m;FGz;510;0i3;qOF;834;t2s;BSK;054;3Ku
yga;lGf;873;5Lh;LKq;387;qOg;JNS;953;dG9
943;U6A;636;wVE;Q6n;732;u7L;6DU;785;6gz
HIR;WZA;818;8sO;0nq;051;QMv;GK1;187;Zs5
Qfh;9tv;770;oQk;zmu;298;w0M;MT0;007;QdH
Mal;qDp;677;jyG;7JR;323;SRc;pAp;876;pyD
Afg;F3W;543;xQg;jby;456;9Aq;dW6;763;baD
5gH;pkD;361;Ss7;tvP;161;74F;e9O;848;m5d
nEO;7XP;741;58H;4oi;380;XdO;cbp;537;T3A
mZp;SAE;972;0r1;sDJ;362;FXY;LUb;778;9Ko
vra;FBu;809;8A1;ZyT;845;rpG;dNg;501;Tuf
yBL;Mv9;320;aHr;Iq5;213;9oZ;q6Z;195;J59
9dl;Go1;644;bUe;yaL;102;pRs;ZW2;907;Nfh
OfC;Pzd;089;Bw3;qSO;602;V9m;sAz;176;Zt9
GAv;OyL;286;lIK;Mdz;224;Sx0;H8U;856;tJs
iFJ;Dli;228;jlw;8hp;683;sJh;Xyy;469;ywm
vBG;wJK;813;YLF;q27;677;cSD;fGK;706;dhc
dVq;TUq;540;KSE;VeL;754;56d;6I0;234;Yrx
E0b;HvX;225;p72;9my;025;Yh6;Mdz;754;sQY
qks;Pq8;479;tqn;LHu;939;75X;m4x;946;uBN
0Ed;lCP;841;pxJ;Ynq;136;Fxz;pWP;497;HnH
HDq;LzK;867;OPf;pEp;122;ULw;2Ib;025;qHf
yC9;Xag;389;LKw;r0R;491;mnf;ejY;016;5db
5DG;uPB;464;puL;XeJ;699;wSG;o2B;208;VKo
cTa;IxG;432;IMa;KC2;642;wFY;0ZF;930;Ohw
mzj;gef;002;VH5;qIp;857;lKT;Rcj;262;uzv
PXj;f9u;547;gAo;6fA;774;FmK;aVr;456;hcU
tl4;eij;878;0ya;9JW;848;N9x;4m8;261;YaY
MIM;b60;165;3sJ;98M;007;g7u;Z0s;986;DEp
kxx;jpp;102;WHi;cX9;698;IL6;m5y;628;PEn
e8O;aSh;303;yFg;6Et;005;4VW;rbG;503;Q1s
Q76;Fd0;518;QDo;vXX;304;njp;7RI;812;w7i
JWo;JXZ;094;gjR;FRg;078;DVa;VSx;435;1zE
jGv;cRd;183;10A;UMg;529;yg0;LOY;739;CI9
C1l;NFY;019;OO8;YD8;835;F4V;6jN;819;NRn
iuM;vr5;958;b8T;ktd;486;Bc2;Rq8;599;ysA
85g;PXg;129;A6O;7TB;990;HlQ;wDM;938;1J4
biJ;P1T;718;08s;I5e;735;ALW;6Eb;629;9RY
vEX;kGn;067;Wzj;Bps;271;v1U;GWr;719;6wP
5uy;Q5X;298;fdr;lkg;116;dxC;FrV;772;D9Y
Vaw;sZK;195;nMV;Q98;123;3XZ;L6X;934;1fs
3dS;Fiz;292;luY;seM;673;dSN;xcV;204;1m5
daU;gBL;074;kQZ;5pD;460;tuK;Wy0;010;YQM
QaK;yQ6;618;aGK;h7Q;886;oeD;Yvc;554;J6H
uqF;dUp;283;2o5;ayI;263;uCj;OWV;364;GAz
U4i;a9Z;947;oF1;S1L;670;WZJ;Od5;085;c10
Gmz;XUQ;369;bXG;vU2;327;1uw;alw;854;bBd
U0U;yyT;847;6Mn;s8q;870;yhy;Bzp;127;BUJ
2wS;tox;018;ODs;bf7;695;JPW;1Wo;675;BvB
3zb;102;594;dgb;fAU;145;3r9;Pig;760;WfW
K54;ejP;571;XNW;3Py;435;J1r;OIt;481;cC5
bUq;7gL;922;pkF;4qw;264;nSU;euO;772;wVi
8tv;xfc;498;W1I;uzP;425;sdr;fnO;033;6ij
hcG;pLQ;090;DXM;pCL;179;bPP;sFW;898;90l
kDy;56y;687;Nv1;niq;810;Urb;9UL;027;Yh2
WPt;V4g;067;DOt;DlJ;010;iG7;y80;657;5kw
unC;g7W;896;p4J;mES;372;k7d;Zej;675;eaP
LnN;hfV;318;BRi;5MT;659;lIR;VX8;211;rea
OJQ;SR8;530;oAy;Peb;074;RCS;WDE;182;1gj
dHj;Stg;431;eAz;hJp;378;hcN;XLY;411;Yt0
PLp;Gf8;384;dOI;3G6;736;SvN;XN7;103;x91
ubk;iFQ;756;b9C;d9s;675;9MH;96y;493;Lob
6Rd;pzT;099;rsb;G4W;397;1PX;91r;227;dcg
Lpj;buE;076;Srd;VH9;152;x8v;ysa;179;YAz
zbQ;5PF;124;kwO;hoi;536;d1g;6qh;095;IWG
gqH;ycv;056;qxr;Lse;335;55O;GWP;389;fbA
Bed;a8Z;638;Nxh;hcL;966;baE;RCE;910;eRC
ax1;AHg;406;s3O;Qlg;082;YfB;I6A;739;Rfh
Raz;jVj;139;IRx;zow;486;WSg;m7J;784;01k
CB5;INO;151;tfD;Da5;334;8Og;Z7D;185;dOo
vSJ;ShF;708;vET;j1q;823;Bv2;iRZ;015;Du8
x4U;I7j;451;1p5;qe0;568;shg;anX;672;FAf
ih2;D3d;809;x5d;oqk;304;tdX;w1J;027;K4F
NEY;RDX;371;kQU;qIp;244;RKC;msB;462;3Gq
4RY;nOG;497;aFv;g2j;885;eRF;BAa;395;9zd
UL9;AMK;345;9e0;l3Z;704;vvZ;CQD;756;vYv
jTs;iib;677;XnO;4O5;478;bEx;ebj;562;cbS
4KW;7DV;885;sT5;8gE;232;hHc;7LB;898;es2
4RY;sP9;985;xdu;Qnk;010;cst;JgC;098;kou
4jF;qTZ;596;Ytl;RmH;020;LU4;u2W;716;OXP
AQZ;YlH;635;X2v;fqU;648;7cA;BCL;525;ySq
nf9;8JT;024;x5T;69s;215;UGJ;zPo;025;S9t
bBK;Meo;956;Q6F;C8w;025;64D;P1d;838;5sy
mK4;DZy;696;CNU;5IB;793;Nef;oNM;992;nC3
WRK;kgz;988;JuX;hhj;932;XKZ;kXG;890;EjU
B6v;oaa;277;zDJ;DLe;208;pLP;rcu;257;P2b
4tW;DCg;341;asx;H0X;888;kU1;v8m;902;vPK
b5t;8Cr;462;8bG;Ss2;309;s74;Ucq;935;vpB
ktX;tzf;620;Tkz;s6k;905;q0A;txV;163;4xp
Eyz;CUk;486;LK6;k0Y;389;7iy;EFG;128;MMQ
iso;BKc;224;CXX;4BZ;371;A3j;mJ6;298;NC6
fze;n4I;282;YBF;4pD;870;33H;a18;728;fXp
A5B;k8G;175;ud0;qfM;683;iID;RwC;190;2kz
09M;751;185;yW8;725;511;Pyo;5zp;056;4aq
Vko;yQd;928;Zfw;ctw;425;YJt;lQr;437;DjT
tAi;ZZt;067;94X;zg7;128;eI0;FUB;056;wPd
1Fw;tFx;474;RJW;Z3E;732;KbD;4T5;886;lRy
scD;7b1;550;F0q;yje;652;IWI;7WL;466;wu1
udG;rTS;854;aHC;BiD;699;SQC;flo;820;VRW
Znc;qZX;207;vQi;T9B;303;Jqs;xNZ;021;aCy
xPn;09h;718;izp;AM3;053;98b;rzJ;023;STg
wiG;GV8;694;La1;JEr;077;2Tb;LlB;221;cAB
xz7;jZv;756;kBh;Yv2;501;CUc;bmD;086;Z5J
iPi;Stt;800;c60;Dl7;501;OPw;HUz;352;1ar
FLp;61m;368;5Tq;Lih;135;puq;pkp;630;yDW
8rE;qrf;107;qT1;04h;776;x5O;Al6;938;xLn
s71;VfX;013;tsh;Kmg;245;yzJ;JCP;976;v8e
wDB;wQz;910;TDn;ill;883;AGm;l6m;888;MAG
crk;geC;723;Bpz;G7o;782;WFg;bOj;796;gFH
6Cl;qNo;887;sb5;hjY;543;8K9;MrQ;725;e3a
GyM;Bf0;285;lXq;gN5;210;sQz;yg5;540;lAq
qkw;xcu;314;S9F;UpV;056;nhB;nb0;553;LqN
aSx;2qn;433;FvP;A0t;492;tlu;qs1;733;ILt
